,ticker,cik,company,sic,sic_desc,form,filing_date,report_date,acceptance_datetime,accession,doc_url,n_words,n_distinct,text_path,accession_clean,calendar_quarter,acceptance_et,acceptance_effective_date,day0_candidate,day0,day_minus1,price_day_minus1,n_pre_returns,n_post_returns
0,AIR,1750,AAR CORP,3720,Aircraft & Parts,10-Q,2021-03-23,2021-02-28,2021-03-23 21:24:16+00:00,0001104659-21-040394,https://www.sec.gov/Archives/edgar/data/1750/000110465921040394/air-20210228x10q.htm,5753,901,data/interim/text/000110465921040394.txt.gz,000110465921040394,2021Q1,2021-03-23 17:24:16-04:00,2021-03-24,2021-03-24,2021-03-24,2021-03-23,39.97999954223633,139,1259
1,AIR,1750,AAR CORP,3720,Aircraft & Parts,10-K,2021-07-21,2021-05-31,2021-07-21 01:46:22+00:00,0001104659-21-094125,https://www.sec.gov/Archives/edgar/data/1750/000110465921094125/air-20210531x10k.htm,23055,2563,data/interim/text/000110465921094125.txt.gz,000110465921094125,2021Q3,2021-07-20 21:46:22-04:00,2021-07-21,2021-07-21,2021-07-21,2021-07-20,36.29999923706055,221,1177
2,AIR,1750,AAR CORP,3720,Aircraft & Parts,10-Q,2021-12-21,2021-11-30,2021-12-21 22:13:50+00:00,0001104659-21-152249,https://www.sec.gov/Archives/edgar/data/1750/000110465921152249/air-20211130x10q.htm,5668,903,data/interim/text/000110465921152249.txt.gz,000110465921152249,2021Q4,2021-12-21 17:13:50-05:00,2021-12-22,2021-12-22,2021-12-22,2021-12-21,37.150001525878906,329,1069
3,AIR,1750,AAR CORP,3720,Aircraft & Parts,10-Q,2022-03-22,2022-02-28,2022-03-22 21:18:22+00:00,0001104659-22-036639,https://www.sec.gov/Archives/edgar/data/1750/000110465922036639/air-20220322x10q.htm,5958,947,data/interim/text/000110465922036639.txt.gz,000110465922036639,2022Q1,2022-03-22 17:18:22-04:00,2022-03-23,2022-03-23,2022-03-23,2022-03-22,46.88999938964844,391,1007
4,AIR,1750,AAR CORP,3720,Aircraft & Parts,10-K,2022-07-21,2022-05-31,2022-07-21 15:04:06+00:00,0001104659-22-081498,https://www.sec.gov/Archives/edgar/data/1750/000110465922081498/air-20220531x10k.htm,23561,2622,data/interim/text/000110465922081498.txt.gz,000110465922081498,2022Q3,2022-07-21 11:04:06-04:00,2022-07-21,2022-07-21,2022-07-21,2022-07-20,45.02000045776367,473,925
5,AIR,1750,AAR CORP,3720,Aircraft & Parts,10-Q,2022-12-20,2022-11-30,2022-12-20 22:22:43+00:00,0001104659-22-128706,https://www.sec.gov/Archives/edgar/data/1750/000110465922128706/air-20221130x10q.htm,5561,846,data/interim/text/000110465922128706.txt.gz,000110465922128706,2022Q4,2022-12-20 17:22:43-05:00,2022-12-21,2022-12-21,2022-12-21,2022-12-20,45.209999084472656,580,818
6,AIR,1750,AAR CORP,3720,Aircraft & Parts,10-Q,2023-03-21,2023-02-28,2023-03-21 21:17:11+00:00,0001104659-23-035153,https://www.sec.gov/Archives/edgar/data/1750/000110465923035153/air-20221130x10q.htm,5863,916,data/interim/text/000110465923035153.txt.gz,000110465923035153,2023Q1,2023-03-21 17:17:11-04:00,2023-03-22,2023-03-22,2023-03-22,2023-03-21,52.619998931884766,641,757
7,AIR,1750,AAR CORP,3720,Aircraft & Parts,10-K,2023-07-18,2023-05-31,2023-07-18 21:16:55+00:00,0001104659-23-082069,https://www.sec.gov/Archives/edgar/data/1750/000110465923082069/air-20230531x10k.htm,24443,2680,data/interim/text/000110465923082069.txt.gz,000110465923082069,2023Q3,2023-07-18 17:16:55-04:00,2023-07-19,2023-07-19,2023-07-19,2023-07-18,59.81999969482422,722,676
8,AIR,1750,AAR CORP,3720,Aircraft & Parts,10-Q,2023-12-21,2023-11-30,2023-12-21 22:19:59+00:00,0001104659-23-128321,https://www.sec.gov/Archives/edgar/data/1750/000110465923128321/air-20231130x10q.htm,6260,921,data/interim/text/000110465923128321.txt.gz,000110465923128321,2023Q4,2023-12-21 17:19:59-05:00,2023-12-22,2023-12-22,2023-12-22,2023-12-21,70.79000091552734,832,566
9,AIR,1750,AAR CORP,3720,Aircraft & Parts,10-Q,2024-03-21,2024-02-29,2024-03-21 21:26:21+00:00,0001104659-24-037408,https://www.sec.gov/Archives/edgar/data/1750/000110465924037408/air-20240229x10q.htm,8675,1210,data/interim/text/000110465924037408.txt.gz,000110465924037408,2024Q1,2024-03-21 17:26:21-04:00,2024-03-22,2024-03-22,2024-03-22,2024-03-21,63.91999816894531,893,505
10,AIR,1750,AAR CORP,3720,Aircraft & Parts,10-K,2024-07-19,2024-05-31,2024-07-18 21:43:23+00:00,0001104659-24-080890,https://www.sec.gov/Archives/edgar/data/1750/000110465924080890/air-20240531x10k.htm,31045,3124,data/interim/text/000110465924080890.txt.gz,000110465924080890,2024Q3,2024-07-18 17:43:23-04:00,2024-07-19,2024-07-19,2024-07-19,2024-07-18,73.29000091552734,974,424
11,AIR,1750,AAR CORP,3720,Aircraft & Parts,10-Q,2025-01-08,2024-11-30,2025-01-07 22:45:44+00:00,0001410578-25-000003,https://www.sec.gov/Archives/edgar/data/1750/000141057825000003/air-20241130x10q.htm,7671,1199,data/interim/text/000141057825000003.txt.gz,000141057825000003,2025Q1,2025-01-07 17:45:44-05:00,2025-01-08,2025-01-08,2025-01-08,2025-01-07,61.75,1093,305
12,AIR,1750,AAR CORP,3720,Aircraft & Parts,10-K,2025-07-22,2025-05-31,2025-07-22 01:46:43+00:00,0001410578-25-001475,https://www.sec.gov/Archives/edgar/data/1750/000141057825001475/air-20250531x10k.htm,29986,3056,data/interim/text/000141057825001475.txt.gz,000141057825001475,2025Q3,2025-07-21 21:46:43-04:00,2025-07-22,2025-07-22,2025-07-22,2025-07-21,80.55000305175781,1225,173
13,AMD,2488,ADVANCED MICRO DEVICES INC,3674,Semiconductors & Related Devices,10-K,2021-01-29,2020-12-26,2021-01-29 22:24:00+00:00,0001628280-21-001185,https://www.sec.gov/Archives/edgar/data/2488/000162828021001185/amd-20201226.htm,38776,3476,data/interim/text/000162828021001185.txt.gz,000162828021001185,2021Q1,2021-01-29 17:24:00-05:00,2021-01-30,2021-01-30,2021-02-01,2021-01-29,85.63999938964844,103,1295
14,AMD,2488,ADVANCED MICRO DEVICES INC,3674,Semiconductors & Related Devices,10-Q,2021-04-28,2021-03-27,2021-04-28 20:39:55+00:00,0000002488-21-000056,https://www.sec.gov/Archives/edgar/data/2488/000000248821000056/amd-20210327.htm,21318,2365,data/interim/text/000000248821000056.txt.gz,000000248821000056,2021Q2,2021-04-28 16:39:55-04:00,2021-04-29,2021-04-29,2021-04-29,2021-04-28,84.0199966430664,164,1234
15,AMD,2488,ADVANCED MICRO DEVICES INC,3674,Semiconductors & Related Devices,10-Q,2021-07-28,2021-06-26,2021-07-28 20:46:31+00:00,0000002488-21-000116,https://www.sec.gov/Archives/edgar/data/2488/000000248821000116/amd-20210626.htm,22016,2401,data/interim/text/000000248821000116.txt.gz,000000248821000116,2021Q3,2021-07-28 16:46:31-04:00,2021-07-29,2021-07-29,2021-07-29,2021-07-28,97.93000030517578,227,1171
16,AMD,2488,ADVANCED MICRO DEVICES INC,3674,Semiconductors & Related Devices,10-Q,2021-10-27,2021-09-25,2021-10-27 20:37:56+00:00,0000002488-21-000178,https://www.sec.gov/Archives/edgar/data/2488/000000248821000178/amd-20210925.htm,21791,2383,data/interim/text/000000248821000178.txt.gz,000000248821000178,2021Q4,2021-10-27 16:37:56-04:00,2021-10-28,2021-10-28,2021-10-28,2021-10-27,122.27999877929688,291,1107
17,AMD,2488,ADVANCED MICRO DEVICES INC,3674,Semiconductors & Related Devices,10-K,2022-02-03,2021-12-25,2022-02-03 22:22:50+00:00,0000002488-22-000016,https://www.sec.gov/Archives/edgar/data/2488/000000248822000016/amd-20211225.htm,36856,3400,data/interim/text/000000248822000016.txt.gz,000000248822000016,2022Q1,2022-02-03 17:22:50-05:00,2022-02-04,2022-02-04,2022-02-04,2022-02-03,120.08000183105467,359,1039
18,AMD,2488,ADVANCED MICRO DEVICES INC,3674,Semiconductors & Related Devices,10-Q,2022-05-04,2022-03-26,2022-05-04 20:50:40+00:00,0000002488-22-000078,https://www.sec.gov/Archives/edgar/data/2488/000000248822000078/amd-20220326.htm,23924,2548,data/interim/text/000000248822000078.txt.gz,000000248822000078,2022Q2,2022-05-04 16:50:40-04:00,2022-05-05,2022-05-05,2022-05-05,2022-05-04,99.41999816894533,421,977
19,AMD,2488,ADVANCED MICRO DEVICES INC,3674,Semiconductors & Related Devices,10-Q,2022-08-03,2022-06-25,2022-08-03 21:15:57+00:00,0000002488-22-000123,https://www.sec.gov/Archives/edgar/data/2488/000000248822000123/amd-20220625.htm,24727,2554,data/interim/text/000000248822000123.txt.gz,000000248822000123,2022Q3,2022-08-03 17:15:57-04:00,2022-08-04,2022-08-04,2022-08-04,2022-08-03,98.08999633789062,483,915
20,AMD,2488,ADVANCED MICRO DEVICES INC,3674,Semiconductors & Related Devices,10-Q,2022-11-02,2022-09-24,2022-11-02 20:35:10+00:00,0000002488-22-000170,https://www.sec.gov/Archives/edgar/data/2488/000000248822000170/amd-20220924.htm,24655,2527,data/interim/text/000000248822000170.txt.gz,000000248822000170,2022Q4,2022-11-02 16:35:10-04:00,2022-11-03,2022-11-03,2022-11-03,2022-11-02,58.630001068115234,547,851
21,AMD,2488,ADVANCED MICRO DEVICES INC,3674,Semiconductors & Related Devices,10-K,2023-02-27,2022-12-31,2023-02-27 21:20:39+00:00,0000002488-23-000047,https://www.sec.gov/Archives/edgar/data/2488/000000248823000047/amd-20221231.htm,40302,3586,data/interim/text/000000248823000047.txt.gz,000000248823000047,2023Q1,2023-02-27 16:20:39-05:00,2023-02-28,2023-02-28,2023-02-28,2023-02-27,78.7699966430664,625,773
22,AMD,2488,ADVANCED MICRO DEVICES INC,3674,Semiconductors & Related Devices,10-Q,2023-05-03,2023-04-01,2023-05-03 20:28:42+00:00,0000002488-23-000076,https://www.sec.gov/Archives/edgar/data/2488/000000248823000076/amd-20230401.htm,22403,2448,data/interim/text/000000248823000076.txt.gz,000000248823000076,2023Q2,2023-05-03 16:28:42-04:00,2023-05-04,2023-05-04,2023-05-04,2023-05-03,81.62000274658203,671,727
23,AMD,2488,ADVANCED MICRO DEVICES INC,3674,Semiconductors & Related Devices,10-Q,2023-08-02,2023-07-01,2023-08-02 21:12:01+00:00,0000002488-23-000139,https://www.sec.gov/Archives/edgar/data/2488/000000248823000139/amd-20230701.htm,22671,2419,data/interim/text/000000248823000139.txt.gz,000000248823000139,2023Q3,2023-08-02 17:12:01-04:00,2023-08-03,2023-08-03,2023-08-03,2023-08-02,109.3499984741211,733,665
24,AMD,2488,ADVANCED MICRO DEVICES INC,3674,Semiconductors & Related Devices,10-Q,2023-11-01,2023-09-30,2023-11-01 20:20:28+00:00,0000002488-23-000195,https://www.sec.gov/Archives/edgar/data/2488/000000248823000195/amd-20230930.htm,23459,2547,data/interim/text/000000248823000195.txt.gz,000000248823000195,2023Q4,2023-11-01 16:20:28-04:00,2023-11-02,2023-11-02,2023-11-02,2023-11-01,108.04000091552734,797,601
25,AMD,2488,ADVANCED MICRO DEVICES INC,3674,Semiconductors & Related Devices,10-K,2024-01-31,2023-12-30,2024-01-31 22:16:39+00:00,0000002488-24-000012,https://www.sec.gov/Archives/edgar/data/2488/000000248824000012/amd-20231230.htm,43126,3803,data/interim/text/000000248824000012.txt.gz,000000248824000012,2024Q1,2024-01-31 17:16:39-05:00,2024-02-01,2024-02-01,2024-02-01,2024-01-31,167.69000244140625,858,540
26,AMD,2488,ADVANCED MICRO DEVICES INC,3674,Semiconductors & Related Devices,10-Q,2024-05-01,2024-03-30,2024-05-01 20:10:44+00:00,0000002488-24-000056,https://www.sec.gov/Archives/edgar/data/2488/000000248824000056/amd-20240330.htm,23025,2511,data/interim/text/000000248824000056.txt.gz,000000248824000056,2024Q2,2024-05-01 16:10:44-04:00,2024-05-02,2024-05-02,2024-05-02,2024-05-01,144.27000427246094,921,477
27,AMD,2488,ADVANCED MICRO DEVICES INC,3674,Semiconductors & Related Devices,10-Q,2024-07-31,2024-06-29,2024-07-31 20:20:22+00:00,0000002488-24-000123,https://www.sec.gov/Archives/edgar/data/2488/000000248824000123/amd-20240629.htm,23484,2524,data/interim/text/000000248824000123.txt.gz,000000248824000123,2024Q3,2024-07-31 16:20:22-04:00,2024-08-01,2024-08-01,2024-08-01,2024-07-31,144.47999572753906,983,415
28,AMD,2488,ADVANCED MICRO DEVICES INC,3674,Semiconductors & Related Devices,10-Q,2024-10-30,2024-09-28,2024-10-30 20:26:03+00:00,0000002488-24-000163,https://www.sec.gov/Archives/edgar/data/2488/000000248824000163/amd-20240928.htm,24484,2567,data/interim/text/000000248824000163.txt.gz,000000248824000163,2024Q4,2024-10-30 16:26:03-04:00,2024-10-31,2024-10-31,2024-10-31,2024-10-30,148.60000610351562,1047,351
29,AMD,2488,ADVANCED MICRO DEVICES INC,3674,Semiconductors & Related Devices,10-K,2025-02-05,2024-12-28,2025-02-05 21:42:57+00:00,0000002488-25-000012,https://www.sec.gov/Archives/edgar/data/2488/000000248825000012/amd-20241228.htm,40833,3663,data/interim/text/000000248825000012.txt.gz,000000248825000012,2025Q1,2025-02-05 16:42:57-05:00,2025-02-06,2025-02-06,2025-02-06,2025-02-05,112.01000213623048,1112,286
30,AMD,2488,ADVANCED MICRO DEVICES INC,3674,Semiconductors & Related Devices,10-Q,2025-05-07,2025-03-29,2025-05-06 22:04:48+00:00,0000002488-25-000047,https://www.sec.gov/Archives/edgar/data/2488/000000248825000047/amd-20250329.htm,24815,2597,data/interim/text/000000248825000047.txt.gz,000000248825000047,2025Q2,2025-05-06 18:04:48-04:00,2025-05-07,2025-05-07,2025-05-07,2025-05-06,98.62000274658205,1174,224
31,AMD,2488,ADVANCED MICRO DEVICES INC,3674,Semiconductors & Related Devices,10-Q,2025-08-06,2025-06-28,2025-08-05 22:08:21+00:00,0000002488-25-000108,https://www.sec.gov/Archives/edgar/data/2488/000000248825000108/amd-20250628.htm,25763,2620,data/interim/text/000000248825000108.txt.gz,000000248825000108,2025Q3,2025-08-05 18:08:21-04:00,2025-08-06,2025-08-06,2025-08-06,2025-08-05,174.30999755859375,1236,162
32,AMD,2488,ADVANCED MICRO DEVICES INC,3674,Semiconductors & Related Devices,10-Q,2025-11-05,2025-09-27,2025-11-04 23:07:50+00:00,0000002488-25-000166,https://www.sec.gov/Archives/edgar/data/2488/000000248825000166/amd-20250927.htm,25907,2640,data/interim/text/000000248825000166.txt.gz,000000248825000166,2025Q4,2025-11-04 18:07:50-05:00,2025-11-05,2025-11-05,2025-11-05,2025-11-04,250.0500030517578,1300,98
33,CAT,18230,CATERPILLAR INC,3531,Construction Machinery & Equip,10-K,2021-02-17,2020-12-31,2021-02-17 15:41:38+00:00,0000018230-21-000063,https://www.sec.gov/Archives/edgar/data/18230/000001823021000063/cat-20201231.htm,35082,3338,data/interim/text/000001823021000063.txt.gz,000001823021000063,2021Q1,2021-02-17 10:41:38-05:00,2021-02-17,2021-02-17,2021-02-17,2021-02-16,183.8806610107422,114,1284
34,CAT,18230,CATERPILLAR INC,3531,Construction Machinery & Equip,10-Q,2021-05-05,2021-03-31,2021-05-05 14:42:43+00:00,0000018230-21-000151,https://www.sec.gov/Archives/edgar/data/18230/000001823021000151/cat-20210331.htm,10528,1479,data/interim/text/000001823021000151.txt.gz,000001823021000151,2021Q2,2021-05-05 10:42:43-04:00,2021-05-05,2021-05-05,2021-05-05,2021-05-04,213.0328369140625,168,1230
35,CAT,18230,CATERPILLAR INC,3531,Construction Machinery & Equip,10-Q,2021-08-04,2021-06-30,2021-08-04 15:06:39+00:00,0000018230-21-000221,https://www.sec.gov/Archives/edgar/data/18230/000001823021000221/cat-20210630.htm,13009,1477,data/interim/text/000001823021000221.txt.gz,000001823021000221,2021Q3,2021-08-04 11:06:39-04:00,2021-08-04,2021-08-04,2021-08-04,2021-08-03,191.3187713623047,231,1167
36,CAT,18230,CATERPILLAR INC,3531,Construction Machinery & Equip,10-Q,2021-11-03,2021-09-30,2021-11-03 19:55:20+00:00,0000018230-21-000260,https://www.sec.gov/Archives/edgar/data/18230/000001823021000260/cat-20210930.htm,13450,1510,data/interim/text/000001823021000260.txt.gz,000001823021000260,2021Q4,2021-11-03 15:55:20-04:00,2021-11-03,2021-11-03,2021-11-03,2021-11-02,191.1018829345703,295,1103
37,CAT,18230,CATERPILLAR INC,3531,Construction Machinery & Equip,10-K,2022-02-16,2021-12-31,2022-02-16 15:50:47+00:00,0000018230-22-000050,https://www.sec.gov/Archives/edgar/data/18230/000001823022000050/cat-20211231.htm,35226,3381,data/interim/text/000001823022000050.txt.gz,000001823022000050,2022Q1,2022-02-16 10:50:47-05:00,2022-02-16,2022-02-16,2022-02-16,2022-02-15,188.5894927978516,367,1031
38,CAT,18230,CATERPILLAR INC,3531,Construction Machinery & Equip,10-Q,2022-05-04,2022-03-31,2022-05-04 14:47:23+00:00,0000018230-22-000112,https://www.sec.gov/Archives/edgar/data/18230/000001823022000112/cat-20220331.htm,10332,1443,data/interim/text/000001823022000112.txt.gz,000001823022000112,2022Q2,2022-05-04 10:47:23-04:00,2022-05-04,2022-05-04,2022-05-04,2022-05-03,199.00537109375,420,978
39,CAT,18230,CATERPILLAR INC,3531,Construction Machinery & Equip,10-Q,2022-08-03,2022-06-30,2022-08-03 14:25:33+00:00,0000018230-22-000183,https://www.sec.gov/Archives/edgar/data/18230/000001823022000183/cat-20220630.htm,12747,1467,data/interim/text/000001823022000183.txt.gz,000001823022000183,2022Q3,2022-08-03 10:25:33-04:00,2022-08-03,2022-08-03,2022-08-03,2022-08-02,172.1460418701172,482,916
40,CAT,18230,CATERPILLAR INC,3531,Construction Machinery & Equip,10-Q,2022-11-02,2022-09-30,2022-11-02 14:37:08+00:00,0000018230-22-000223,https://www.sec.gov/Archives/edgar/data/18230/000001823022000223/cat-20220930.htm,14376,1554,data/interim/text/000001823022000223.txt.gz,000001823022000223,2022Q4,2022-11-02 10:37:08-04:00,2022-11-02,2022-11-02,2022-11-02,2022-11-01,206.3407440185547,546,852
41,CAT,18230,CATERPILLAR INC,3531,Construction Machinery & Equip,10-K,2023-02-15,2022-12-31,2023-02-15 15:27:56+00:00,0000018230-23-000011,https://www.sec.gov/Archives/edgar/data/18230/000001823023000011/cat-20221231.htm,34562,3425,data/interim/text/000001823023000011.txt.gz,000001823023000011,2023Q1,2023-02-15 10:27:56-05:00,2023-02-15,2023-02-15,2023-02-15,2023-02-14,231.8621826171875,617,781
42,CAT,18230,CATERPILLAR INC,3531,Construction Machinery & Equip,10-Q,2023-05-03,2023-03-31,2023-05-03 14:19:47+00:00,0000018230-23-000022,https://www.sec.gov/Archives/edgar/data/18230/000001823023000022/cat-20230331.htm,10638,1471,data/interim/text/000001823023000022.txt.gz,000001823023000022,2023Q2,2023-05-03 10:19:47-04:00,2023-05-03,2023-05-03,2023-05-03,2023-05-02,205.2542724609375,670,728
43,CAT,18230,CATERPILLAR INC,3531,Construction Machinery & Equip,10-Q,2023-08-02,2023-06-30,2023-08-02 14:16:35+00:00,0000018230-23-000047,https://www.sec.gov/Archives/edgar/data/18230/000001823023000047/cat-20230630.htm,12661,1470,data/interim/text/000001823023000047.txt.gz,000001823023000047,2023Q3,2023-08-02 10:16:35-04:00,2023-08-02,2023-08-02,2023-08-02,2023-08-01,276.7373962402344,732,666
44,CAT,18230,CATERPILLAR INC,3531,Construction Machinery & Equip,10-Q,2023-11-01,2023-09-30,2023-11-01 14:03:02+00:00,0000018230-23-000056,https://www.sec.gov/Archives/edgar/data/18230/000001823023000056/cat-20230930.htm,12917,1474,data/interim/text/000001823023000056.txt.gz,000001823023000056,2023Q4,2023-11-01 10:03:02-04:00,2023-11-01,2023-11-01,2023-11-01,2023-10-31,217.84071350097656,796,602
45,CAT,18230,CATERPILLAR INC,3531,Construction Machinery & Equip,10-K,2024-02-16,2023-12-31,2024-02-16 15:05:13+00:00,0000018230-24-000009,https://www.sec.gov/Archives/edgar/data/18230/000001823024000009/cat-20231231.htm,33932,3381,data/interim/text/000001823024000009.txt.gz,000001823024000009,2024Q1,2024-02-16 10:05:13-05:00,2024-02-16,2024-02-16,2024-02-16,2024-02-15,312.7797546386719,869,529
46,CAT,18230,CATERPILLAR INC,3531,Construction Machinery & Equip,10-Q,2024-05-01,2024-03-31,2024-05-01 14:05:24+00:00,0000018230-24-000020,https://www.sec.gov/Archives/edgar/data/18230/000001823024000020/cat-20240331.htm,10972,1464,data/interim/text/000001823024000020.txt.gz,000001823024000020,2024Q2,2024-05-01 10:05:24-04:00,2024-05-01,2024-05-01,2024-05-01,2024-04-30,325.0942077636719,920,478
47,CAT,18230,CATERPILLAR INC,3531,Construction Machinery & Equip,10-Q,2024-08-07,2024-06-30,2024-08-07 14:40:25+00:00,0000018230-24-000045,https://www.sec.gov/Archives/edgar/data/18230/000001823024000045/cat-20240630.htm,13256,1444,data/interim/text/000001823024000045.txt.gz,000001823024000045,2024Q3,2024-08-07 10:40:25-04:00,2024-08-07,2024-08-07,2024-08-07,2024-08-06,318.4862365722656,987,411
48,CAT,18230,CATERPILLAR INC,3531,Construction Machinery & Equip,10-Q,2024-11-06,2024-09-30,2024-11-06 15:40:15+00:00,0000018230-24-000053,https://www.sec.gov/Archives/edgar/data/18230/000001823024000053/cat-20240930.htm,13610,1474,data/interim/text/000001823024000053.txt.gz,000001823024000053,2024Q4,2024-11-06 10:40:15-05:00,2024-11-06,2024-11-06,2024-11-06,2024-11-05,375.3729248046875,1051,347
49,CAT,18230,CATERPILLAR INC,3531,Construction Machinery & Equip,10-K,2025-02-14,2024-12-31,2025-02-14 14:36:30+00:00,0000018230-25-000008,https://www.sec.gov/Archives/edgar/data/18230/000001823025000008/cat-20241231.htm,33510,3308,data/interim/text/000001823025000008.txt.gz,000001823025000008,2025Q1,2025-02-14 09:36:30-05:00,2025-02-14,2025-02-14,2025-02-14,2025-02-13,347.5914611816406,1118,280
50,CAT,18230,CATERPILLAR INC,3531,Construction Machinery & Equip,10-Q,2025-05-07,2025-03-31,2025-05-07 13:31:50+00:00,0000018230-25-000016,https://www.sec.gov/Archives/edgar/data/18230/000001823025000016/cat-20250331.htm,11227,1485,data/interim/text/000001823025000016.txt.gz,000001823025000016,2025Q2,2025-05-07 09:31:50-04:00,2025-05-07,2025-05-07,2025-05-07,2025-05-06,316.8664855957031,1174,224
51,CAT,18230,CATERPILLAR INC,3531,Construction Machinery & Equip,10-Q,2025-08-06,2025-06-30,2025-08-06 13:35:30+00:00,0000018230-25-000040,https://www.sec.gov/Archives/edgar/data/18230/000001823025000040/cat-20250630.htm,13690,1505,data/interim/text/000001823025000040.txt.gz,000001823025000040,2025Q3,2025-08-06 09:35:30-04:00,2025-08-06,2025-08-06,2025-08-06,2025-08-05,430.3561401367188,1236,162
52,CAT,18230,CATERPILLAR INC,3531,Construction Machinery & Equip,10-Q,2025-11-03,2025-09-30,2025-11-03 16:06:23+00:00,0000018230-25-000048,https://www.sec.gov/Archives/edgar/data/18230/000001823025000048/cat-20250930.htm,13978,1498,data/interim/text/000001823025000048.txt.gz,000001823025000048,2025Q4,2025-11-03 11:06:23-05:00,2025-11-03,2025-11-03,2025-11-03,2025-10-31,573.7537841796875,1298,100
53,HEI,46619,HEICO CORP,3724,Aircraft Engines & Engine Parts,10-Q,2021-02-25,2021-01-31,2021-02-25 20:21:20+00:00,0000046619-21-000021,https://www.sec.gov/Archives/edgar/data/46619/000004661921000021/hei-20210131.htm,4552,800,data/interim/text/000004661921000021.txt.gz,000004661921000021,2021Q1,2021-02-25 15:21:20-05:00,2021-02-25,2021-02-25,2021-02-25,2021-02-24,132.27230834960938,120,1278
54,HEI,46619,HEICO CORP,3724,Aircraft Engines & Engine Parts,10-Q,2021-05-27,2021-04-30,2021-05-27 18:38:40+00:00,0000046619-21-000035,https://www.sec.gov/Archives/edgar/data/46619/000004661921000035/hei-20210430.htm,6031,802,data/interim/text/000004661921000035.txt.gz,000004661921000035,2021Q2,2021-05-27 14:38:40-04:00,2021-05-27,2021-05-27,2021-05-27,2021-05-26,134.7280731201172,184,1214
55,HEI,46619,HEICO CORP,3724,Aircraft Engines & Engine Parts,10-Q,2021-08-26,2021-07-31,2021-08-26 20:04:09+00:00,0000046619-21-000039,https://www.sec.gov/Archives/edgar/data/46619/000004661921000039/hei-20210731.htm,6243,821,data/interim/text/000004661921000039.txt.gz,000004661921000039,2021Q3,2021-08-26 16:04:09-04:00,2021-08-27,2021-08-27,2021-08-27,2021-08-26,126.0203857421875,248,1150
56,HEI,46619,HEICO CORP,3724,Aircraft Engines & Engine Parts,10-K,2021-12-21,2021-10-31,2021-12-21 21:06:41+00:00,0000046619-21-000085,https://www.sec.gov/Archives/edgar/data/46619/000004661921000085/hei-20211031.htm,23553,2764,data/interim/text/000004661921000085.txt.gz,000004661921000085,2021Q4,2021-12-21 16:06:41-05:00,2021-12-22,2021-12-22,2021-12-22,2021-12-21,140.4459991455078,329,1069
57,HEI,46619,HEICO CORP,3724,Aircraft Engines & Engine Parts,10-Q,2022-02-25,2022-01-31,2022-02-25 20:35:33+00:00,0000046619-22-000008,https://www.sec.gov/Archives/edgar/data/46619/000004661922000008/hei-20220131.htm,4425,798,data/interim/text/000004661922000008.txt.gz,000004661922000008,2022Q1,2022-02-25 15:35:33-05:00,2022-02-25,2022-02-25,2022-02-25,2022-02-24,140.55169677734375,373,1025
58,HEI,46619,HEICO CORP,3724,Aircraft Engines & Engine Parts,10-Q,2022-05-25,2022-04-30,2022-05-25 20:21:57+00:00,0000046619-22-000030,https://www.sec.gov/Archives/edgar/data/46619/000004661922000030/hei-20220430.htm,6096,837,data/interim/text/000004661922000030.txt.gz,000004661922000030,2022Q2,2022-05-25 16:21:57-04:00,2022-05-26,2022-05-26,2022-05-26,2022-05-25,136.2412872314453,436,962
59,HEI,46619,HEICO CORP,3724,Aircraft Engines & Engine Parts,10-Q,2022-08-31,2022-07-31,2022-08-31 19:16:31+00:00,0000046619-22-000042,https://www.sec.gov/Archives/edgar/data/46619/000004661922000042/hei-20220731.htm,6323,874,data/interim/text/000004661922000042.txt.gz,000004661922000042,2022Q3,2022-08-31 15:16:31-04:00,2022-08-31,2022-08-31,2022-08-31,2022-08-30,152.23428344726562,502,896
60,HEI,46619,HEICO CORP,3724,Aircraft Engines & Engine Parts,10-K,2022-12-21,2022-10-31,2022-12-21 21:11:10+00:00,0000046619-22-000066,https://www.sec.gov/Archives/edgar/data/46619/000004661922000066/hei-20221031.htm,23882,2762,data/interim/text/000004661922000066.txt.gz,000004661922000066,2022Q4,2022-12-21 16:11:10-05:00,2022-12-22,2022-12-22,2022-12-22,2022-12-21,157.0258331298828,581,817
61,HEI,46619,HEICO CORP,3724,Aircraft Engines & Engine Parts,10-Q,2023-03-01,2023-01-31,2023-03-01 20:26:04+00:00,0000046619-23-000052,https://www.sec.gov/Archives/edgar/data/46619/000004661923000052/hei-20230131.htm,4401,767,data/interim/text/000004661923000052.txt.gz,000004661923000052,2023Q1,2023-03-01 15:26:04-05:00,2023-03-01,2023-03-01,2023-03-01,2023-02-28,165.04396057128906,626,772
62,HEI,46619,HEICO CORP,3724,Aircraft Engines & Engine Parts,10-Q,2023-05-24,2023-04-30,2023-05-24 20:03:18+00:00,0000046619-23-000083,https://www.sec.gov/Archives/edgar/data/46619/000004661923000083/hei-20230430.htm,7407,982,data/interim/text/000004661923000083.txt.gz,000004661923000083,2023Q2,2023-05-24 16:03:18-04:00,2023-05-25,2023-05-25,2023-05-25,2023-05-24,162.7412872314453,686,712
63,HEI,46619,HEICO CORP,3724,Aircraft Engines & Engine Parts,10-Q,2023-08-30,2023-07-31,2023-08-30 20:25:01+00:00,0000046619-23-000125,https://www.sec.gov/Archives/edgar/data/46619/000004661923000125/hei-20230731.htm,7518,976,data/interim/text/000004661923000125.txt.gz,000004661923000125,2023Q3,2023-08-30 16:25:01-04:00,2023-08-31,2023-08-31,2023-08-31,2023-08-30,168.4491424560547,753,645
64,HEI,46619,HEICO CORP,3724,Aircraft Engines & Engine Parts,10-K,2023-12-20,2023-10-31,2023-12-20 21:41:51+00:00,0000046619-23-000163,https://www.sec.gov/Archives/edgar/data/46619/000004661923000163/hei-20231031.htm,25532,2841,data/interim/text/000004661923000163.txt.gz,000004661923000163,2023Q4,2023-12-20 16:41:51-05:00,2023-12-21,2023-12-21,2023-12-21,2023-12-20,173.50592041015625,831,567
65,HEI,46619,HEICO CORP,3724,Aircraft Engines & Engine Parts,10-Q,2024-02-28,2024-01-31,2024-02-28 21:50:41+00:00,0000046619-24-000014,https://www.sec.gov/Archives/edgar/data/46619/000004661924000014/hei-20240131.htm,4850,836,data/interim/text/000004661924000014.txt.gz,000004661924000014,2024Q1,2024-02-28 16:50:41-05:00,2024-02-29,2024-02-29,2024-02-29,2024-02-28,189.67051696777344,877,521
66,HEI,46619,HEICO CORP,3724,Aircraft Engines & Engine Parts,10-Q,2024-05-30,2024-04-30,2024-05-30 20:26:07+00:00,0000046619-24-000039,https://www.sec.gov/Archives/edgar/data/46619/000004661924000039/hei-20240430.htm,6461,882,data/interim/text/000004661924000039.txt.gz,000004661924000039,2024Q2,2024-05-30 16:26:07-04:00,2024-05-31,2024-05-31,2024-05-31,2024-05-30,214.669189453125,941,457
67,HEI,46619,HEICO CORP,3724,Aircraft Engines & Engine Parts,10-Q,2024-08-28,2024-07-31,2024-08-28 20:08:11+00:00,0000046619-24-000059,https://www.sec.gov/Archives/edgar/data/46619/000004661924000059/hei-20240731.htm,6596,895,data/interim/text/000004661924000059.txt.gz,000004661924000059,2024Q3,2024-08-28 16:08:11-04:00,2024-08-29,2024-08-29,2024-08-29,2024-08-28,249.95993041992188,1003,395
68,HEI,46619,HEICO CORP,3724,Aircraft Engines & Engine Parts,10-K,2024-12-19,2024-10-31,2024-12-19 21:55:54+00:00,0000046619-24-000111,https://www.sec.gov/Archives/edgar/data/46619/000004661924000111/hei-20241031.htm,24952,2889,data/interim/text/000004661924000111.txt.gz,000004661924000111,2024Q4,2024-12-19 16:55:54-05:00,2024-12-20,2024-12-20,2024-12-20,2024-12-19,237.3196563720703,1082,316
69,HEI,46619,HEICO CORP,3724,Aircraft Engines & Engine Parts,10-Q,2025-02-28,2025-01-31,2025-02-28 21:37:25+00:00,0000046619-25-000015,https://www.sec.gov/Archives/edgar/data/46619/000004661925000015/hei-20250131.htm,5031,877,data/interim/text/000004661925000015.txt.gz,000004661925000015,2025Q1,2025-02-28 16:37:25-05:00,2025-03-01,2025-03-01,2025-03-03,2025-02-28,264.39019775390625,1128,270
70,HEI,46619,HEICO CORP,3724,Aircraft Engines & Engine Parts,10-Q,2025-05-29,2025-04-30,2025-05-29 21:18:02+00:00,0000046619-25-000046,https://www.sec.gov/Archives/edgar/data/46619/000004661925000046/hei-20250430.htm,6266,868,data/interim/text/000004661925000046.txt.gz,000004661925000046,2025Q2,2025-05-29 17:18:02-04:00,2025-05-30,2025-05-30,2025-05-30,2025-05-29,299.8414001464844,1190,208
71,HEI,46619,HEICO CORP,3724,Aircraft Engines & Engine Parts,10-Q,2025-08-27,2025-07-31,2025-08-27 20:31:46+00:00,0000046619-25-000062,https://www.sec.gov/Archives/edgar/data/46619/000004661925000062/hei-20250731.htm,6295,870,data/interim/text/000004661925000062.txt.gz,000004661925000062,2025Q3,2025-08-27 16:31:46-04:00,2025-08-28,2025-08-28,2025-08-28,2025-08-27,316.32916259765625,1252,146
72,HEI,46619,HEICO CORP,3724,Aircraft Engines & Engine Parts,10-K,2025-12-22,2025-10-31,2025-12-22 21:44:58+00:00,0000046619-25-000082,https://www.sec.gov/Archives/edgar/data/46619/000004661925000082/hei-20251031.htm,24690,2836,data/interim/text/000004661925000082.txt.gz,000004661925000082,2025Q4,2025-12-22 16:44:58-05:00,2025-12-23,2025-12-23,2025-12-23,2025-12-22,334.33599853515625,1333,65
73,LLY,59478,ELI LILLY & Co,2834,Pharmaceutical Preparations,10-K,2021-02-17,2020-12-31,2021-02-17 15:59:12+00:00,0000059478-21-000083,https://www.sec.gov/Archives/edgar/data/59478/000005947821000083/lly-20201231.htm,34334,3488,data/interim/text/000005947821000083.txt.gz,000005947821000083,2021Q1,2021-02-17 10:59:12-05:00,2021-02-17,2021-02-17,2021-02-17,2021-02-16,195.1345977783203,114,1284
74,LLY,59478,ELI LILLY & Co,2834,Pharmaceutical Preparations,10-Q,2021-04-30,2021-03-31,2021-04-30 13:23:35+00:00,0000059478-21-000122,https://www.sec.gov/Archives/edgar/data/59478/000005947821000122/lly-20210331.htm,10186,1713,data/interim/text/000005947821000122.txt.gz,000005947821000122,2021Q2,2021-04-30 09:23:35-04:00,2021-04-30,2021-04-30,2021-04-30,2021-04-29,172.7911834716797,165,1233
75,LLY,59478,ELI LILLY & Co,2834,Pharmaceutical Preparations,10-Q,2021-08-03,2021-06-30,2021-08-03 16:04:04+00:00,0000059478-21-000171,https://www.sec.gov/Archives/edgar/data/59478/000005947821000171/lly-20210630.htm,11367,1721,data/interim/text/000005947821000171.txt.gz,000005947821000171,2021Q3,2021-08-03 12:04:04-04:00,2021-08-03,2021-08-03,2021-08-03,2021-08-02,234.8991241455078,230,1168
76,LLY,59478,ELI LILLY & Co,2834,Pharmaceutical Preparations,10-Q,2021-10-27,2021-09-30,2021-10-27 13:06:59+00:00,0000059478-21-000216,https://www.sec.gov/Archives/edgar/data/59478/000005947821000216/lly-20210930.htm,10496,1522,data/interim/text/000005947821000216.txt.gz,000005947821000216,2021Q4,2021-10-27 09:06:59-04:00,2021-10-27,2021-10-27,2021-10-27,2021-10-26,237.4158935546875,290,1108
77,LLY,59478,ELI LILLY & Co,2834,Pharmaceutical Preparations,10-K,2022-02-23,2021-12-31,2022-02-23 16:00:57+00:00,0000059478-22-000068,https://www.sec.gov/Archives/edgar/data/59478/000005947822000068/lly-20211231.htm,34344,3495,data/interim/text/000005947822000068.txt.gz,000005947822000068,2022Q1,2022-02-23 11:00:57-05:00,2022-02-23,2022-02-23,2022-02-23,2022-02-22,230.21804809570312,371,1027
78,LLY,59478,ELI LILLY & Co,2834,Pharmaceutical Preparations,10-Q,2022-04-29,2022-03-31,2022-04-29 15:57:54+00:00,0000059478-22-000133,https://www.sec.gov/Archives/edgar/data/59478/000005947822000133/lly-20220331.htm,7408,1354,data/interim/text/000005947822000133.txt.gz,000005947822000133,2022Q2,2022-04-29 11:57:54-04:00,2022-04-29,2022-04-29,2022-04-29,2022-04-28,286.19122314453125,417,981
79,LLY,59478,ELI LILLY & Co,2834,Pharmaceutical Preparations,10-Q,2022-08-04,2022-06-30,2022-08-04 15:31:24+00:00,0000059478-22-000196,https://www.sec.gov/Archives/edgar/data/59478/000005947822000196/lly-20220630.htm,8538,1407,data/interim/text/000005947822000196.txt.gz,000005947822000196,2022Q3,2022-08-04 11:31:24-04:00,2022-08-04,2022-08-04,2022-08-04,2022-08-03,303.1522827148437,483,915
80,LLY,59478,ELI LILLY & Co,2834,Pharmaceutical Preparations,10-Q,2022-11-01,2022-09-30,2022-11-01 15:16:21+00:00,0000059478-22-000250,https://www.sec.gov/Archives/edgar/data/59478/000005947822000250/lly-20220930.htm,9466,1483,data/interim/text/000005947822000250.txt.gz,000005947822000250,2022Q4,2022-11-01 11:16:21-04:00,2022-11-01,2022-11-01,2022-11-01,2022-10-31,350.9121398925781,545,853
81,LLY,59478,ELI LILLY & Co,2834,Pharmaceutical Preparations,10-K,2023-02-22,2022-12-31,2023-02-22 15:26:53+00:00,0000059478-23-000082,https://www.sec.gov/Archives/edgar/data/59478/000005947823000082/lly-20221231.htm,35640,3563,data/interim/text/000005947823000082.txt.gz,000005947823000082,2023Q1,2023-02-22 10:26:53-05:00,2023-02-22,2023-02-22,2023-02-22,2023-02-21,319.3147888183594,621,777
82,LLY,59478,ELI LILLY & Co,2834,Pharmaceutical Preparations,10-Q,2023-04-27,2023-03-31,2023-04-27 15:56:56+00:00,0000059478-23-000162,https://www.sec.gov/Archives/edgar/data/59478/000005947823000162/lly-20230331.htm,6951,1395,data/interim/text/000005947823000162.txt.gz,000005947823000162,2023Q2,2023-04-27 11:56:56-04:00,2023-04-27,2023-04-27,2023-04-27,2023-04-26,366.8546447753906,666,732
83,LLY,59478,ELI LILLY & Co,2834,Pharmaceutical Preparations,10-Q,2023-08-08,2023-06-30,2023-08-08 17:23:19+00:00,0000059478-23-000221,https://www.sec.gov/Archives/edgar/data/59478/000005947823000221/lly-20230630.htm,7993,1446,data/interim/text/000005947823000221.txt.gz,000005947823000221,2023Q3,2023-08-08 13:23:19-04:00,2023-08-08,2023-08-08,2023-08-08,2023-08-07,443.8692321777344,736,662
84,LLY,59478,ELI LILLY & Co,2834,Pharmaceutical Preparations,10-Q,2023-11-02,2023-09-30,2023-11-02 15:21:53+00:00,0000059478-23-000284,https://www.sec.gov/Archives/edgar/data/59478/000005947823000284/lly-20230930.htm,8530,1498,data/interim/text/000005947823000284.txt.gz,000005947823000284,2023Q4,2023-11-02 11:21:53-04:00,2023-11-02,2023-11-02,2023-11-02,2023-11-01,543.1536865234375,797,601
85,LLY,59478,ELI LILLY & Co,2834,Pharmaceutical Preparations,10-K,2024-02-21,2023-12-31,2024-02-21 16:44:37+00:00,0000059478-24-000065,https://www.sec.gov/Archives/edgar/data/59478/000005947824000065/lly-20231231.htm,36443,3652,data/interim/text/000005947824000065.txt.gz,000005947824000065,2024Q1,2024-02-21 11:44:37-05:00,2024-02-21,2024-02-21,2024-02-21,2024-02-20,742.9186401367188,871,527
86,LLY,59478,ELI LILLY & Co,2834,Pharmaceutical Preparations,10-Q,2024-04-30,2024-03-31,2024-04-30 16:04:51+00:00,0000059478-24-000118,https://www.sec.gov/Archives/edgar/data/59478/000005947824000118/lly-20240331.htm,6993,1438,data/interim/text/000005947824000118.txt.gz,000005947824000118,2024Q2,2024-04-30 12:04:51-04:00,2024-04-30,2024-04-30,2024-04-30,2024-04-29,724.7699584960938,919,479
87,LLY,59478,ELI LILLY & Co,2834,Pharmaceutical Preparations,10-Q,2024-08-08,2024-06-30,2024-08-08 15:28:54+00:00,0000059478-24-000187,https://www.sec.gov/Archives/edgar/data/59478/000005947824000187/lly-20240630.htm,7437,1440,data/interim/text/000005947824000187.txt.gz,000005947824000187,2024Q3,2024-08-08 11:28:54-04:00,2024-08-08,2024-08-08,2024-08-08,2024-08-07,760.414794921875,988,410
88,LLY,59478,ELI LILLY & Co,2834,Pharmaceutical Preparations,10-Q,2024-10-30,2024-09-30,2024-10-30 15:54:10+00:00,0000059478-24-000245,https://www.sec.gov/Archives/edgar/data/59478/000005947824000245/lly-20240930.htm,7750,1443,data/interim/text/000005947824000245.txt.gz,000005947824000245,2024Q4,2024-10-30 11:54:10-04:00,2024-10-30,2024-10-30,2024-10-30,2024-10-29,891.1022338867188,1046,352
89,LLY,59478,ELI LILLY & Co,2834,Pharmaceutical Preparations,10-K,2025-02-19,2024-12-31,2025-02-19 15:10:59+00:00,0000059478-25-000067,https://www.sec.gov/Archives/edgar/data/59478/000005947825000067/lly-20241231.htm,35425,3514,data/interim/text/000005947825000067.txt.gz,000005947825000067,2025Q1,2025-02-19 10:10:59-05:00,2025-02-19,2025-02-19,2025-02-19,2025-02-18,848.22216796875,1120,278
90,LLY,59478,ELI LILLY & Co,2834,Pharmaceutical Preparations,10-Q,2025-05-01,2025-03-31,2025-05-01 15:30:18+00:00,0000059478-25-000132,https://www.sec.gov/Archives/edgar/data/59478/000005947825000132/lly-20250331.htm,5856,1239,data/interim/text/000005947825000132.txt.gz,000005947825000132,2025Q2,2025-05-01 11:30:18-04:00,2025-05-01,2025-05-01,2025-05-01,2025-04-30,889.5348510742188,1170,228
91,LLY,59478,ELI LILLY & Co,2834,Pharmaceutical Preparations,10-Q,2025-08-07,2025-06-30,2025-08-07 13:59:55+00:00,0000059478-25-000204,https://www.sec.gov/Archives/edgar/data/59478/000005947825000204/lly-20250630.htm,6819,1335,data/interim/text/000005947825000204.txt.gz,000005947825000204,2025Q3,2025-08-07 09:59:55-04:00,2025-08-07,2025-08-07,2025-08-07,2025-08-06,740.0667114257812,1237,161
92,LLY,59478,ELI LILLY & Co,2834,Pharmaceutical Preparations,10-Q,2025-10-30,2025-09-30,2025-10-30 15:15:28+00:00,0000059478-25-000254,https://www.sec.gov/Archives/edgar/data/59478/000005947825000254/lly-20250930.htm,6865,1339,data/interim/text/000005947825000254.txt.gz,000005947825000254,2025Q4,2025-10-30 11:15:28-04:00,2025-10-30,2025-10-30,2025-10-30,2025-10-29,808.4313354492188,1296,102
93,TER,97210,"TERADYNE, INC",3825,Instruments For Meas & Testing of Electricity & Elec Signals,10-K,2021-02-22,2020-12-31,2021-02-22 21:04:39+00:00,0001193125-21-050735,https://www.sec.gov/Archives/edgar/data/97210/000119312521050735/d69963d10k.htm,28412,3012,data/interim/text/000119312521050735.txt.gz,000119312521050735,2021Q1,2021-02-22 16:04:39-05:00,2021-02-23,2021-02-23,2021-02-23,2021-02-22,129.68218994140625,118,1280
94,TER,97210,"TERADYNE, INC",3825,Instruments For Meas & Testing of Electricity & Elec Signals,10-Q,2021-05-07,2021-04-04,2021-05-07 18:19:39+00:00,0001193125-21-154707,https://www.sec.gov/Archives/edgar/data/97210/000119312521154707/d122241d10q.htm,6702,1133,data/interim/text/000119312521154707.txt.gz,000119312521154707,2021Q2,2021-05-07 14:19:39-04:00,2021-05-07,2021-05-07,2021-05-07,2021-05-06,123.3641128540039,170,1228
95,TER,97210,"TERADYNE, INC",3825,Instruments For Meas & Testing of Electricity & Elec Signals,10-Q,2021-08-06,2021-07-04,2021-08-06 15:31:44+00:00,0001193125-21-238886,https://www.sec.gov/Archives/edgar/data/97210/000119312521238886/d93533d10q.htm,7400,1140,data/interim/text/000119312521238886.txt.gz,000119312521238886,2021Q3,2021-08-06 11:31:44-04:00,2021-08-06,2021-08-06,2021-08-06,2021-08-05,124.08816528320312,233,1165
96,TER,97210,"TERADYNE, INC",3825,Instruments For Meas & Testing of Electricity & Elec Signals,10-Q,2021-11-05,2021-10-03,2021-11-05 19:48:02+00:00,0001193125-21-321554,https://www.sec.gov/Archives/edgar/data/97210/000119312521321554/d207854d10q.htm,8004,1189,data/interim/text/000119312521321554.txt.gz,000119312521321554,2021Q4,2021-11-05 15:48:02-04:00,2021-11-05,2021-11-05,2021-11-05,2021-11-04,141.8588104248047,297,1101
97,TER,97210,"TERADYNE, INC",3825,Instruments For Meas & Testing of Electricity & Elec Signals,10-K,2022-02-23,2021-12-31,2022-02-23 20:19:17+00:00,0001193125-22-049828,https://www.sec.gov/Archives/edgar/data/97210/000119312522049828/d213661d10k.htm,27528,2985,data/interim/text/000119312522049828.txt.gz,000119312522049828,2022Q1,2022-02-23 15:19:17-05:00,2022-02-23,2022-02-23,2022-02-23,2022-02-22,111.83827209472656,371,1027
98,TER,97210,"TERADYNE, INC",3825,Instruments For Meas & Testing of Electricity & Elec Signals,10-Q,2022-05-06,2022-04-03,2022-05-06 18:57:27+00:00,0001193125-22-143504,https://www.sec.gov/Archives/edgar/data/97210/000119312522143504/d300073d10q.htm,6808,1127,data/interim/text/000119312522143504.txt.gz,000119312522143504,2022Q2,2022-05-06 14:57:27-04:00,2022-05-06,2022-05-06,2022-05-06,2022-05-05,106.63008880615234,422,976
99,TER,97210,"TERADYNE, INC",3825,Instruments For Meas & Testing of Electricity & Elec Signals,10-Q,2022-08-05,2022-07-03,2022-08-05 18:29:02+00:00,0001193125-22-213485,https://www.sec.gov/Archives/edgar/data/97210/000119312522213485/d297974d10q.htm,7902,1155,data/interim/text/000119312522213485.txt.gz,000119312522213485,2022Q3,2022-08-05 14:29:02-04:00,2022-08-05,2022-08-05,2022-08-05,2022-08-04,100.05487823486328,484,914
100,TER,97210,"TERADYNE, INC",3825,Instruments For Meas & Testing of Electricity & Elec Signals,10-Q,2022-11-04,2022-10-02,2022-11-04 19:08:47+00:00,0001193125-22-277821,https://www.sec.gov/Archives/edgar/data/97210/000119312522277821/d386683d10q.htm,9645,1283,data/interim/text/000119312522277821.txt.gz,000119312522277821,2022Q4,2022-11-04 15:08:47-04:00,2022-11-04,2022-11-04,2022-11-04,2022-11-03,78.88573455810547,548,850
101,TER,97210,"TERADYNE, INC",3825,Instruments For Meas & Testing of Electricity & Elec Signals,10-K,2023-02-22,2022-12-31,2023-02-22 20:12:27+00:00,0001193125-23-044711,https://www.sec.gov/Archives/edgar/data/97210/000119312523044711/d414778d10k.htm,28513,2987,data/interim/text/000119312523044711.txt.gz,000119312523044711,2023Q1,2023-02-22 15:12:27-05:00,2023-02-22,2023-02-22,2023-02-22,2023-02-21,99.85685729980467,621,777
102,TER,97210,"TERADYNE, INC",3825,Instruments For Meas & Testing of Electricity & Elec Signals,10-Q,2023-05-05,2023-04-02,2023-05-05 19:14:46+00:00,0001193125-23-136994,https://www.sec.gov/Archives/edgar/data/97210/000119312523136994/d489720d10q.htm,6242,1079,data/interim/text/000119312523136994.txt.gz,000119312523136994,2023Q2,2023-05-05 15:14:46-04:00,2023-05-05,2023-05-05,2023-05-05,2023-05-04,88.8208999633789,672,726
103,TER,97210,"TERADYNE, INC",3825,Instruments For Meas & Testing of Electricity & Elec Signals,10-Q,2023-08-04,2023-07-02,2023-08-04 19:11:43+00:00,0001193125-23-203780,https://www.sec.gov/Archives/edgar/data/97210/000119312523203780/d417157d10q.htm,7222,1115,data/interim/text/000119312523203780.txt.gz,000119312523203780,2023Q3,2023-08-04 15:11:43-04:00,2023-08-04,2023-08-04,2023-08-04,2023-08-03,106.29395294189452,734,664
104,TER,97210,"TERADYNE, INC",3825,Instruments For Meas & Testing of Electricity & Elec Signals,10-Q,2023-11-03,2023-10-01,2023-11-03 17:25:17+00:00,0000950170-23-058679,https://www.sec.gov/Archives/edgar/data/97210/000095017023058679/ter-20231001.htm,7857,1180,data/interim/text/000095017023058679.txt.gz,000095017023058679,2023Q4,2023-11-03 13:25:17-04:00,2023-11-03,2023-11-03,2023-11-03,2023-11-02,84.9759750366211,798,600
105,TER,97210,"TERADYNE, INC",3825,Instruments For Meas & Testing of Electricity & Elec Signals,10-K,2024-02-22,2023-12-31,2024-02-22 20:34:26+00:00,0000950170-24-018701,https://www.sec.gov/Archives/edgar/data/97210/000095017024018701/ter-20231231.htm,28092,3144,data/interim/text/000095017024018701.txt.gz,000095017024018701,2024Q1,2024-02-22 15:34:26-05:00,2024-02-22,2024-02-22,2024-02-22,2024-02-21,98.74282836914062,872,526
106,TER,97210,"TERADYNE, INC",3825,Instruments For Meas & Testing of Electricity & Elec Signals,10-Q,2024-05-03,2024-03-31,2024-05-03 19:00:46+00:00,0000950170-24-052761,https://www.sec.gov/Archives/edgar/data/97210/000095017024052761/ter-20240331.htm,5213,941,data/interim/text/000095017024052761.txt.gz,000095017024052761,2024Q2,2024-05-03 15:00:46-04:00,2024-05-03,2024-05-03,2024-05-03,2024-05-02,116.4030990600586,922,476
107,TER,97210,"TERADYNE, INC",3825,Instruments For Meas & Testing of Electricity & Elec Signals,10-Q,2024-08-02,2024-06-30,2024-08-02 19:06:00+00:00,0000950170-24-089858,https://www.sec.gov/Archives/edgar/data/97210/000095017024089858/ter-20240630.htm,6261,978,data/interim/text/000095017024089858.txt.gz,000095017024089858,2024Q3,2024-08-02 15:06:00-04:00,2024-08-02,2024-08-02,2024-08-02,2024-08-01,120.8204574584961,984,414
108,TER,97210,"TERADYNE, INC",3825,Instruments For Meas & Testing of Electricity & Elec Signals,10-Q,2024-11-01,2024-09-29,2024-11-01 17:00:38+00:00,0000950170-24-119923,https://www.sec.gov/Archives/edgar/data/97210/000095017024119923/ter-20240929.htm,6439,990,data/interim/text/000095017024119923.txt.gz,000095017024119923,2024Q4,2024-11-01 13:00:38-04:00,2024-11-01,2024-11-01,2024-11-01,2024-10-31,105.50765228271484,1048,350
109,TER,97210,"TERADYNE, INC",3825,Instruments For Meas & Testing of Electricity & Elec Signals,10-K,2025-02-20,2024-12-31,2025-02-20 14:55:54+00:00,0000950170-25-023784,https://www.sec.gov/Archives/edgar/data/97210/000095017025023784/ter-20241231.htm,26041,2993,data/interim/text/000095017025023784.txt.gz,000095017025023784,2025Q1,2025-02-20 09:55:54-05:00,2025-02-20,2025-02-20,2025-02-20,2025-02-19,115.38408660888672,1121,277
110,TER,97210,"TERADYNE, INC",3825,Instruments For Meas & Testing of Electricity & Elec Signals,10-Q,2025-05-02,2025-03-30,2025-05-02 17:00:25+00:00,0000950170-25-062503,https://www.sec.gov/Archives/edgar/data/97210/000095017025062503/ter-20250330.htm,5322,934,data/interim/text/000095017025062503.txt.gz,000095017025062503,2025Q2,2025-05-02 13:00:25-04:00,2025-05-02,2025-05-02,2025-05-02,2025-05-01,73.45158386230469,1171,227
111,TER,97210,"TERADYNE, INC",3825,Instruments For Meas & Testing of Electricity & Elec Signals,10-Q,2025-08-01,2025-06-29,2025-08-01 16:48:25+00:00,0000950170-25-101248,https://www.sec.gov/Archives/edgar/data/97210/000095017025101248/ter-20250629.htm,5960,963,data/interim/text/000095017025101248.txt.gz,000095017025101248,2025Q3,2025-08-01 12:48:25-04:00,2025-08-01,2025-08-01,2025-08-01,2025-07-31,107.1145477294922,1233,165
112,TER,97210,"TERADYNE, INC",3825,Instruments For Meas & Testing of Electricity & Elec Signals,10-Q,2025-10-30,2025-09-28,2025-10-30 20:01:16+00:00,0001193125-25-258477,https://www.sec.gov/Archives/edgar/data/97210/000119312525258477/ter-20250928.htm,6297,1010,data/interim/text/000119312525258477.txt.gz,000119312525258477,2025Q4,2025-10-30 16:01:16-04:00,2025-10-31,2025-10-31,2025-10-31,2025-10-30,176.5380401611328,1297,101
113,LHX,202058,"L3HARRIS TECHNOLOGIES, INC. /DE/",3812,"Search, Detection, Navigation, Guidance, Aeronautical Sys",10-K,2021-03-01,2021-01-01,2021-03-01 21:58:49+00:00,0000202058-21-000008,https://www.sec.gov/Archives/edgar/data/202058/000020205821000008/hrs-20210101.htm,55693,3702,data/interim/text/000020205821000008.txt.gz,000020205821000008,2021Q1,2021-03-01 16:58:49-05:00,2021-03-02,2021-03-02,2021-03-02,2021-03-01,164.71180725097656,123,1275
114,LHX,202058,"L3HARRIS TECHNOLOGIES, INC. /DE/",3812,"Search, Detection, Navigation, Guidance, Aeronautical Sys",10-Q,2021-05-03,2021-04-02,2021-05-03 19:00:29+00:00,0000202058-21-000020,https://www.sec.gov/Archives/edgar/data/202058/000020205821000020/hrs-20210402.htm,11816,1623,data/interim/text/000020205821000020.txt.gz,000020205821000020,2021Q2,2021-05-03 15:00:29-04:00,2021-05-03,2021-05-03,2021-05-03,2021-04-30,187.67022705078125,166,1232
115,LHX,202058,"L3HARRIS TECHNOLOGIES, INC. /DE/",3812,"Search, Detection, Navigation, Guidance, Aeronautical Sys",10-Q,2021-08-04,2021-07-02,2021-08-04 20:12:04+00:00,0000202058-21-000046,https://www.sec.gov/Archives/edgar/data/202058/000020205821000046/hrs-20210702.htm,13015,1567,data/interim/text/000020205821000046.txt.gz,000020205821000046,2021Q3,2021-08-04 16:12:04-04:00,2021-08-05,2021-08-05,2021-08-05,2021-08-04,206.73410034179688,232,1166
116,LHX,202058,"L3HARRIS TECHNOLOGIES, INC. /DE/",3812,"Search, Detection, Navigation, Guidance, Aeronautical Sys",10-Q,2021-10-29,2021-10-01,2021-10-29 20:48:59+00:00,0000202058-21-000054,https://www.sec.gov/Archives/edgar/data/202058/000020205821000054/hrs-20211001.htm,14081,1632,data/interim/text/000020205821000054.txt.gz,000020205821000054,2021Q4,2021-10-29 16:48:59-04:00,2021-10-30,2021-10-30,2021-11-01,2021-10-29,208.6670837402344,293,1105
117,LHX,202058,"L3HARRIS TECHNOLOGIES, INC. /DE/",3812,"Search, Detection, Navigation, Guidance, Aeronautical Sys",10-K,2022-02-25,2021-12-31,2022-02-25 21:08:24+00:00,0000202058-22-000015,https://www.sec.gov/Archives/edgar/data/202058/000020205822000015/hrs-20211231.htm,51600,3726,data/interim/text/000020205822000015.txt.gz,000020205822000015,2022Q1,2022-02-25 16:08:24-05:00,2022-02-26,2022-02-26,2022-02-28,2022-02-25,212.3344573974609,374,1024
118,LHX,202058,"L3HARRIS TECHNOLOGIES, INC. /DE/",3812,"Search, Detection, Navigation, Guidance, Aeronautical Sys",10-Q,2022-04-29,2022-04-01,2022-04-29 17:51:27+00:00,0000202058-22-000029,https://www.sec.gov/Archives/edgar/data/202058/000020205822000029/hrs-20220401.htm,9185,1434,data/interim/text/000020205822000029.txt.gz,000020205822000029,2022Q2,2022-04-29 13:51:27-04:00,2022-04-29,2022-04-29,2022-04-29,2022-04-28,218.3654937744141,417,981
119,LHX,202058,"L3HARRIS TECHNOLOGIES, INC. /DE/",3812,"Search, Detection, Navigation, Guidance, Aeronautical Sys",10-Q,2022-07-29,2022-07-01,2022-07-29 17:17:10+00:00,0000202058-22-000051,https://www.sec.gov/Archives/edgar/data/202058/000020205822000051/hrs-20220701.htm,11238,1510,data/interim/text/000020205822000051.txt.gz,000020205822000051,2022Q3,2022-07-29 13:17:10-04:00,2022-07-29,2022-07-29,2022-07-29,2022-07-28,212.6846618652344,479,919
120,LHX,202058,"L3HARRIS TECHNOLOGIES, INC. /DE/",3812,"Search, Detection, Navigation, Guidance, Aeronautical Sys",10-Q,2022-10-31,2022-09-30,2022-10-31 21:00:12+00:00,0000202058-22-000063,https://www.sec.gov/Archives/edgar/data/202058/000020205822000063/hrs-20220930.htm,13153,1692,data/interim/text/000020205822000063.txt.gz,000020205822000063,2022Q4,2022-10-31 17:00:12-04:00,2022-11-01,2022-11-01,2022-11-01,2022-10-31,227.2701873779297,545,853
121,LHX,202058,"L3HARRIS TECHNOLOGIES, INC. /DE/",3812,"Search, Detection, Navigation, Guidance, Aeronautical Sys",10-K,2023-02-24,2022-12-30,2023-02-24 20:40:58+00:00,0000202058-23-000014,https://www.sec.gov/Archives/edgar/data/202058/000020205823000014/hrs-20221230.htm,43379,3524,data/interim/text/000020205823000014.txt.gz,000020205823000014,2023Q1,2023-02-24 15:40:58-05:00,2023-02-24,2023-02-24,2023-02-24,2023-02-23,194.20823669433597,623,775
122,LHX,202058,"L3HARRIS TECHNOLOGIES, INC. /DE/",3812,"Search, Detection, Navigation, Guidance, Aeronautical Sys",10-Q,2023-04-28,2023-03-31,2023-04-28 17:22:59+00:00,0000202058-23-000028,https://www.sec.gov/Archives/edgar/data/202058/000020205823000028/hrs-20230331.htm,8541,1377,data/interim/text/000020205823000028.txt.gz,000020205823000028,2023Q2,2023-04-28 13:22:59-04:00,2023-04-28,2023-04-28,2023-04-28,2023-04-27,184.51547241210935,667,731
123,LHX,202058,"L3HARRIS TECHNOLOGIES, INC. /DE/",3812,"Search, Detection, Navigation, Guidance, Aeronautical Sys",10-Q,2023-07-26,2023-06-30,2023-07-26 21:02:49+00:00,0000202058-23-000047,https://www.sec.gov/Archives/edgar/data/202058/000020205823000047/hrs-20230630.htm,9517,1401,data/interim/text/000020205823000047.txt.gz,000020205823000047,2023Q3,2023-07-26 17:02:49-04:00,2023-07-27,2023-07-27,2023-07-27,2023-07-26,189.99612426757807,728,670
124,LHX,202058,"L3HARRIS TECHNOLOGIES, INC. /DE/",3812,"Search, Detection, Navigation, Guidance, Aeronautical Sys",10-Q,2023-10-27,2023-09-29,2023-10-27 17:56:33+00:00,0000202058-23-000057,https://www.sec.gov/Archives/edgar/data/202058/000020205823000057/hrs-20230929.htm,11130,1512,data/interim/text/000020205823000057.txt.gz,000020205823000057,2023Q4,2023-10-27 13:56:33-04:00,2023-10-27,2023-10-27,2023-10-27,2023-10-26,165.40130615234375,793,605
125,LHX,202058,"L3HARRIS TECHNOLOGIES, INC. /DE/",3812,"Search, Detection, Navigation, Guidance, Aeronautical Sys",10-K,2024-02-20,2023-12-29,2024-02-17 02:46:41+00:00,0000202058-24-000029,https://www.sec.gov/Archives/edgar/data/202058/000020205824000029/hrs-20231229.htm,38611,3353,data/interim/text/000020205824000029.txt.gz,000020205824000029,2024Q1,2024-02-16 21:46:41-05:00,2024-02-17,2024-02-20,2024-02-20,2024-02-16,201.33734130859372,870,528
126,LHX,202058,"L3HARRIS TECHNOLOGIES, INC. /DE/",3812,"Search, Detection, Navigation, Guidance, Aeronautical Sys",10-Q,2024-04-26,2024-03-29,2024-04-26 16:16:30+00:00,0000202058-24-000103,https://www.sec.gov/Archives/edgar/data/202058/000020205824000103/hrs-20240329.htm,7995,1293,data/interim/text/000020205824000103.txt.gz,000020205824000103,2024Q2,2024-04-26 12:16:30-04:00,2024-04-26,2024-04-26,2024-04-26,2024-04-25,198.01467895507807,917,481
127,LHX,202058,"L3HARRIS TECHNOLOGIES, INC. /DE/",3812,"Search, Detection, Navigation, Guidance, Aeronautical Sys",10-Q,2024-07-26,2024-06-28,2024-07-26 13:18:31+00:00,0000202058-24-000140,https://www.sec.gov/Archives/edgar/data/202058/000020205824000140/hrs-20240628.htm,10004,1412,data/interim/text/000020205824000140.txt.gz,000020205824000140,2024Q3,2024-07-26 09:18:31-04:00,2024-07-26,2024-07-26,2024-07-26,2024-07-25,233.50135803222656,979,419
128,LHX,202058,"L3HARRIS TECHNOLOGIES, INC. /DE/",3812,"Search, Detection, Navigation, Guidance, Aeronautical Sys",10-Q,2024-10-25,2024-09-27,2024-10-25 13:20:11+00:00,0000202058-24-000168,https://www.sec.gov/Archives/edgar/data/202058/000020205824000168/hrs-20240927.htm,8208,1188,data/interim/text/000020205824000168.txt.gz,000020205824000168,2024Q4,2024-10-25 09:20:11-04:00,2024-10-25,2024-10-25,2024-10-25,2024-10-24,235.54026794433597,1043,355
129,LHX,202058,"L3HARRIS TECHNOLOGIES, INC. /DE/",3812,"Search, Detection, Navigation, Guidance, Aeronautical Sys",10-K,2025-02-14,2025-01-03,2025-02-14 21:25:17+00:00,0000202058-25-000023,https://www.sec.gov/Archives/edgar/data/202058/000020205825000023/hrs-20250103.htm,28923,3024,data/interim/text/000020205825000023.txt.gz,000020205825000023,2025Q1,2025-02-14 16:25:17-05:00,2025-02-15,2025-02-15,2025-02-18,2025-02-14,191.5253448486328,1119,279
130,LHX,202058,"L3HARRIS TECHNOLOGIES, INC. /DE/",3812,"Search, Detection, Navigation, Guidance, Aeronautical Sys",10-Q,2025-04-24,2025-03-28,2025-04-24 13:15:25+00:00,0000202058-25-000101,https://www.sec.gov/Archives/edgar/data/202058/000020205825000101/hrs-20250328.htm,7274,1227,data/interim/text/000020205825000101.txt.gz,000020205825000101,2025Q2,2025-04-24 09:15:25-04:00,2025-04-24,2025-04-24,2025-04-24,2025-04-23,210.798828125,1165,233
131,LHX,202058,"L3HARRIS TECHNOLOGIES, INC. /DE/",3812,"Search, Detection, Navigation, Guidance, Aeronautical Sys",10-Q,2025-07-24,2025-06-27,2025-07-24 16:00:21+00:00,0000202058-25-000151,https://www.sec.gov/Archives/edgar/data/202058/000020205825000151/hrs-20250627.htm,7565,1210,data/interim/text/000020205825000151.txt.gz,000020205825000151,2025Q3,2025-07-24 12:00:21-04:00,2025-07-24,2025-07-24,2025-07-24,2025-07-23,264.0340881347656,1227,171
132,LHX,202058,"L3HARRIS TECHNOLOGIES, INC. /DE/",3812,"Search, Detection, Navigation, Guidance, Aeronautical Sys",10-Q,2025-10-30,2025-10-03,2025-10-30 16:18:52+00:00,0000202058-25-000173,https://www.sec.gov/Archives/edgar/data/202058/000020205825000173/hrs-20251003.htm,7738,1279,data/interim/text/000020205825000173.txt.gz,000020205825000173,2025Q4,2025-10-30 12:18:52-04:00,2025-10-30,2025-10-30,2025-10-30,2025-10-29,282.18798828125,1296,102
133,DE,315189,DEERE & CO,3523,Farm Machinery & Equipment,10-Q,2021-02-25,2021-01-31,2021-02-25 19:07:21+00:00,0001558370-21-001774,https://www.sec.gov/Archives/edgar/data/315189/000155837021001774/de-20210131x10q.htm,8322,1363,data/interim/text/000155837021001774.txt.gz,000155837021001774,2021Q1,2021-02-25 14:07:21-05:00,2021-02-25,2021-02-25,2021-02-25,2021-02-24,322.04766845703125,120,1278
134,DE,315189,DEERE & CO,3523,Farm Machinery & Equipment,10-Q,2021-05-27,2021-05-02,2021-05-27 17:21:43+00:00,0001558370-21-007781,https://www.sec.gov/Archives/edgar/data/315189/000155837021007781/de-20210502x10q.htm,9339,1399,data/interim/text/000155837021007781.txt.gz,000155837021007781,2021Q2,2021-05-27 13:21:43-04:00,2021-05-27,2021-05-27,2021-05-27,2021-05-26,334.1196594238281,184,1214
135,DE,315189,DEERE & CO,3523,Farm Machinery & Equipment,10-Q,2021-08-26,2021-08-01,2021-08-26 17:31:28+00:00,0001558370-21-012088,https://www.sec.gov/Archives/edgar/data/315189/000155837021012088/de-20210801x10q.htm,9610,1471,data/interim/text/000155837021012088.txt.gz,000155837021012088,2021Q3,2021-08-26 13:31:28-04:00,2021-08-26,2021-08-26,2021-08-26,2021-08-25,352.4261779785156,247,1151
136,DE,315189,DEERE & CO,3523,Farm Machinery & Equipment,10-K,2021-12-16,2021-10-31,2021-12-16 16:39:34+00:00,0001558370-21-016864,https://www.sec.gov/Archives/edgar/data/315189/000155837021016864/de-20211031x10k.htm,34439,3249,data/interim/text/000155837021016864.txt.gz,000155837021016864,2021Q4,2021-12-16 11:39:34-05:00,2021-12-16,2021-12-16,2021-12-16,2021-12-15,323.0175476074219,325,1073
137,DE,315189,DEERE & CO,3523,Farm Machinery & Equipment,10-Q,2022-02-24,2022-01-30,2022-02-24 19:35:21+00:00,0001558370-22-001900,https://www.sec.gov/Archives/edgar/data/315189/000155837022001900/de-20220130x10q.htm,7154,1319,data/interim/text/000155837022001900.txt.gz,000155837022001900,2022Q1,2022-02-24 14:35:21-05:00,2022-02-24,2022-02-24,2022-02-24,2022-02-23,317.9537353515625,372,1026
138,DE,315189,DEERE & CO,3523,Farm Machinery & Equipment,10-Q,2022-05-26,2022-05-01,2022-05-26 16:59:03+00:00,0001558370-22-009375,https://www.sec.gov/Archives/edgar/data/315189/000155837022009375/de-20220501x10q.htm,7717,1283,data/interim/text/000155837022009375.txt.gz,000155837022009375,2022Q2,2022-05-26 12:59:03-04:00,2022-05-26,2022-05-26,2022-05-26,2022-05-25,323.9115295410156,436,962
139,DE,315189,DEERE & CO,3523,Farm Machinery & Equipment,10-Q,2022-09-01,2022-07-31,2022-09-01 17:53:57+00:00,0001558370-22-014113,https://www.sec.gov/Archives/edgar/data/315189/000155837022014113/de-20220731x10q.htm,6130,1155,data/interim/text/000155837022014113.txt.gz,000155837022014113,2022Q3,2022-09-01 13:53:57-04:00,2022-09-01,2022-09-01,2022-09-01,2022-08-31,346.2188720703125,503,895
140,DE,315189,DEERE & CO,3523,Farm Machinery & Equipment,10-K,2022-12-15,2022-10-30,2022-12-15 16:32:02+00:00,0001558370-22-018703,https://www.sec.gov/Archives/edgar/data/315189/000155837022018703/de-20221030x10k.htm,32510,3354,data/interim/text/000155837022018703.txt.gz,000155837022018703,2022Q4,2022-12-15 11:32:02-05:00,2022-12-15,2022-12-15,2022-12-15,2022-12-14,416.95745849609375,576,822
141,DE,315189,DEERE & CO,3523,Farm Machinery & Equipment,10-Q,2023-02-23,2023-01-29,2023-02-23 20:21:25+00:00,0001558370-23-001877,https://www.sec.gov/Archives/edgar/data/315189/000155837023001877/de-20230129x10q.htm,5851,1166,data/interim/text/000155837023001877.txt.gz,000155837023001877,2023Q1,2023-02-23 15:21:25-05:00,2023-02-23,2023-02-23,2023-02-23,2023-02-22,406.6512756347656,622,776
142,DE,315189,DEERE & CO,3523,Farm Machinery & Equipment,10-Q,2023-06-01,2023-04-30,2023-06-01 20:02:31+00:00,0001558370-23-010713,https://www.sec.gov/Archives/edgar/data/315189/000155837023010713/de-20230430x10q.htm,6606,1230,data/interim/text/000155837023010713.txt.gz,000155837023010713,2023Q2,2023-06-01 16:02:31-04:00,2023-06-02,2023-06-02,2023-06-02,2023-06-01,337.2847595214844,691,707
143,DE,315189,DEERE & CO,3523,Farm Machinery & Equipment,10-Q,2023-08-31,2023-07-30,2023-08-31 18:27:24+00:00,0001558370-23-015380,https://www.sec.gov/Archives/edgar/data/315189/000155837023015380/de-20230730x10q.htm,6363,1190,data/interim/text/000155837023015380.txt.gz,000155837023015380,2023Q3,2023-08-31 14:27:24-04:00,2023-08-31,2023-08-31,2023-08-31,2023-08-30,396.57659912109375,753,645
144,DE,315189,DEERE & CO,3523,Farm Machinery & Equipment,10-K,2023-12-15,2023-10-29,2023-12-15 15:27:39+00:00,0001558370-23-019812,https://www.sec.gov/Archives/edgar/data/315189/000155837023019812/de-20231029x10k.htm,29144,3297,data/interim/text/000155837023019812.txt.gz,000155837023019812,2023Q4,2023-12-15 10:27:39-05:00,2023-12-15,2023-12-15,2023-12-15,2023-12-14,374.0441284179688,827,571
145,DE,315189,DEERE & CO,3523,Farm Machinery & Equipment,10-Q,2024-02-29,2024-01-28,2024-02-29 18:31:35+00:00,0001558370-24-002149,https://www.sec.gov/Archives/edgar/data/315189/000155837024002149/de-20240128x10q.htm,5683,1151,data/interim/text/000155837024002149.txt.gz,000155837024002149,2024Q1,2024-02-29 13:31:35-05:00,2024-02-29,2024-02-29,2024-02-29,2024-02-28,352.5984802246094,877,521
146,DE,315189,DEERE & CO,3523,Farm Machinery & Equipment,10-Q,2024-05-30,2024-04-28,2024-05-30 19:57:36+00:00,0001558370-24-008770,https://www.sec.gov/Archives/edgar/data/315189/000155837024008770/de-20240428x10q.htm,6272,1181,data/interim/text/000155837024008770.txt.gz,000155837024008770,2024Q2,2024-05-30 15:57:36-04:00,2024-05-30,2024-05-30,2024-05-30,2024-05-29,354.06884765625,940,458
147,DE,315189,DEERE & CO,3523,Farm Machinery & Equipment,10-Q,2024-08-29,2024-07-28,2024-08-29 14:39:16+00:00,0001558370-24-012529,https://www.sec.gov/Archives/edgar/data/315189/000155837024012529/de-20240728x10q.htm,6214,1172,data/interim/text/000155837024012529.txt.gz,000155837024012529,2024Q3,2024-08-29 10:39:16-04:00,2024-08-29,2024-08-29,2024-08-29,2024-08-28,368.0871276855469,1003,395
148,DE,315189,DEERE & CO,3523,Farm Machinery & Equipment,10-K,2024-12-12,2024-10-27,2024-12-12 16:37:47+00:00,0001558370-24-016169,https://www.sec.gov/Archives/edgar/data/315189/000155837024016169/de-20241027x10k.htm,29152,3273,data/interim/text/000155837024016169.txt.gz,000155837024016169,2024Q4,2024-12-12 11:37:47-05:00,2024-12-12,2024-12-12,2024-12-12,2024-12-11,437.8782043457031,1076,322
149,DE,315189,DEERE & CO,3523,Farm Machinery & Equipment,10-Q,2025-02-27,2025-01-26,2025-02-27 15:18:48+00:00,0001558370-25-001714,https://www.sec.gov/Archives/edgar/data/315189/000155837025001714/de-20250126x10q.htm,6451,1271,data/interim/text/000155837025001714.txt.gz,000155837025001714,2025Q1,2025-02-27 10:18:48-05:00,2025-02-27,2025-02-27,2025-02-27,2025-02-26,469.4683532714844,1126,272
150,DE,315189,DEERE & CO,3523,Farm Machinery & Equipment,10-Q,2025-05-29,2025-04-27,2025-05-29 15:45:11+00:00,0001558370-25-008218,https://www.sec.gov/Archives/edgar/data/315189/000155837025008218/de-20250427x10q.htm,7261,1305,data/interim/text/000155837025008218.txt.gz,000155837025008218,2025Q2,2025-05-29 11:45:11-04:00,2025-05-29,2025-05-29,2025-05-29,2025-05-28,500.12213134765625,1189,209
151,DE,315189,DEERE & CO,3523,Farm Machinery & Equipment,10-Q,2025-08-28,2025-07-27,2025-08-28 15:39:17+00:00,0001558370-25-011789,https://www.sec.gov/Archives/edgar/data/315189/000155837025011789/de-20250727x10q.htm,7058,1306,data/interim/text/000155837025011789.txt.gz,000155837025011789,2025Q3,2025-08-28 11:39:17-04:00,2025-08-28,2025-08-28,2025-08-28,2025-08-27,486.9798889160156,1252,146
152,DE,315189,DEERE & CO,3523,Farm Machinery & Equipment,10-K,2025-12-18,2025-11-02,2025-12-18 13:15:12+00:00,0001104659-25-122321,https://www.sec.gov/Archives/edgar/data/315189/000110465925122321/de-20251102x10k.htm,29396,3299,data/interim/text/000110465925122321.txt.gz,000110465925122321,2025Q4,2025-12-18 08:15:12-05:00,2025-12-18,2025-12-18,2025-12-18,2025-12-17,476.7083740234375,1330,68
153,HON,773840,HONEYWELL INTERNATIONAL INC,3724,Aircraft Engines & Engine Parts,10-K,2021-02-12,2020-12-31,2021-02-12 19:31:39+00:00,0000773840-21-000015,https://www.sec.gov/Archives/edgar/data/773840/000077384021000015/hon-20201231.htm,28162,3003,data/interim/text/000077384021000015.txt.gz,000077384021000015,2021Q1,2021-02-12 14:31:39-05:00,2021-02-12,2021-02-12,2021-02-12,2021-02-11,178.06478881835938,112,1286
154,HON,773840,HONEYWELL INTERNATIONAL INC,3724,Aircraft Engines & Engine Parts,10-Q,2021-04-23,2021-03-31,2021-04-23 13:10:16+00:00,0000773840-21-000032,https://www.sec.gov/Archives/edgar/data/773840/000077384021000032/hon-20210331.htm,6707,1069,data/interim/text/000077384021000032.txt.gz,000077384021000032,2021Q2,2021-04-23 09:10:16-04:00,2021-04-23,2021-04-23,2021-04-23,2021-04-22,202.8085479736328,160,1238
155,HON,773840,HONEYWELL INTERNATIONAL INC,3724,Aircraft Engines & Engine Parts,10-Q,2021-07-23,2021-06-30,2021-07-23 13:09:25+00:00,0000773840-21-000057,https://www.sec.gov/Archives/edgar/data/773840/000077384021000057/hon-20210630.htm,7996,1060,data/interim/text/000077384021000057.txt.gz,000077384021000057,2021Q3,2021-07-23 09:09:25-04:00,2021-07-23,2021-07-23,2021-07-23,2021-07-22,206.7608795166016,223,1175
156,HON,773840,HONEYWELL INTERNATIONAL INC,3724,Aircraft Engines & Engine Parts,10-Q,2021-10-22,2021-09-30,2021-10-22 12:31:29+00:00,0000773840-21-000065,https://www.sec.gov/Archives/edgar/data/773840/000077384021000065/hon-20210930.htm,8421,1147,data/interim/text/000077384021000065.txt.gz,000077384021000065,2021Q4,2021-10-22 08:31:29-04:00,2021-10-22,2021-10-22,2021-10-22,2021-10-21,200.25372314453125,287,1111
157,HON,773840,HONEYWELL INTERNATIONAL INC,3724,Aircraft Engines & Engine Parts,10-K,2022-02-11,2021-12-31,2022-02-11 17:37:32+00:00,0000773840-22-000018,https://www.sec.gov/Archives/edgar/data/773840/000077384022000018/hon-20211231.htm,28706,3009,data/interim/text/000077384022000018.txt.gz,000077384022000018,2022Q1,2022-02-11 12:37:32-05:00,2022-02-11,2022-02-11,2022-02-11,2022-02-10,171.7646026611328,364,1034
158,HON,773840,HONEYWELL INTERNATIONAL INC,3724,Aircraft Engines & Engine Parts,10-Q,2022-04-29,2022-03-31,2022-04-29 13:03:57+00:00,0000773840-22-000037,https://www.sec.gov/Archives/edgar/data/773840/000077384022000037/hon-20220331.htm,7763,1262,data/interim/text/000077384022000037.txt.gz,000077384022000037,2022Q2,2022-04-29 09:03:57-04:00,2022-04-29,2022-04-29,2022-04-29,2022-04-28,171.0620880126953,417,981
159,HON,773840,HONEYWELL INTERNATIONAL INC,3724,Aircraft Engines & Engine Parts,10-Q,2022-07-28,2022-06-30,2022-07-28 13:16:12+00:00,0000773840-22-000054,https://www.sec.gov/Archives/edgar/data/773840/000077384022000054/hon-20220630.htm,9275,1279,data/interim/text/000077384022000054.txt.gz,000077384022000054,2022Q3,2022-07-28 09:16:12-04:00,2022-07-28,2022-07-28,2022-07-28,2022-07-27,166.27227783203125,478,920
160,HON,773840,HONEYWELL INTERNATIONAL INC,3724,Aircraft Engines & Engine Parts,10-Q,2022-10-27,2022-09-30,2022-10-27 13:09:11+00:00,0000773840-22-000071,https://www.sec.gov/Archives/edgar/data/773840/000077384022000071/hon-20220930.htm,9603,1329,data/interim/text/000077384022000071.txt.gz,000077384022000071,2022Q4,2022-10-27 09:09:11-04:00,2022-10-27,2022-10-27,2022-10-27,2022-10-26,173.1166534423828,542,856
161,HON,773840,HONEYWELL INTERNATIONAL INC,3724,Aircraft Engines & Engine Parts,10-K,2023-02-10,2022-12-31,2023-02-10 19:09:31+00:00,0000773840-23-000013,https://www.sec.gov/Archives/edgar/data/773840/000077384023000013/hon-20221231.htm,29141,3032,data/interim/text/000077384023000013.txt.gz,000077384023000013,2023Q1,2023-02-10 14:09:31-05:00,2023-02-10,2023-02-10,2023-02-10,2023-02-09,182.1474456787109,614,784
162,HON,773840,HONEYWELL INTERNATIONAL INC,3724,Aircraft Engines & Engine Parts,10-Q,2023-04-27,2023-03-31,2023-04-27 13:09:13+00:00,0000773840-23-000038,https://www.sec.gov/Archives/edgar/data/773840/000077384023000038/hon-20230331.htm,6733,1133,data/interim/text/000077384023000038.txt.gz,000077384023000038,2023Q2,2023-04-27 09:09:13-04:00,2023-04-27,2023-04-27,2023-04-27,2023-04-26,175.4649658203125,666,732
163,HON,773840,HONEYWELL INTERNATIONAL INC,3724,Aircraft Engines & Engine Parts,10-Q,2023-07-27,2023-06-30,2023-07-27 13:02:54+00:00,0000773840-23-000073,https://www.sec.gov/Archives/edgar/data/773840/000077384023000073/hon-20230630.htm,7317,1117,data/interim/text/000077384023000073.txt.gz,000077384023000073,2023Q3,2023-07-27 09:02:54-04:00,2023-07-27,2023-07-27,2023-07-27,2023-07-26,192.42564392089844,728,670
164,HON,773840,HONEYWELL INTERNATIONAL INC,3724,Aircraft Engines & Engine Parts,10-Q,2023-10-26,2023-09-30,2023-10-26 13:15:45+00:00,0000773840-23-000085,https://www.sec.gov/Archives/edgar/data/773840/000077384023000085/hon-20230930.htm,7590,1129,data/interim/text/000077384023000085.txt.gz,000077384023000085,2023Q4,2023-10-26 09:15:45-04:00,2023-10-26,2023-10-26,2023-10-26,2023-10-25,165.4500274658203,792,606
165,HON,773840,HONEYWELL INTERNATIONAL INC,3724,Aircraft Engines & Engine Parts,10-K,2024-02-16,2023-12-31,2024-02-16 18:40:36+00:00,0000773840-24-000014,https://www.sec.gov/Archives/edgar/data/773840/000077384024000014/hon-20231231.htm,30846,3192,data/interim/text/000077384024000014.txt.gz,000077384024000014,2024Q1,2024-02-16 13:40:36-05:00,2024-02-16,2024-02-16,2024-02-16,2024-02-15,184.9825592041016,869,529
166,HON,773840,HONEYWELL INTERNATIONAL INC,3724,Aircraft Engines & Engine Parts,10-Q,2024-04-25,2024-03-31,2024-04-25 13:42:46+00:00,0000773840-24-000051,https://www.sec.gov/Archives/edgar/data/773840/000077384024000051/hon-20240331.htm,6680,1126,data/interim/text/000077384024000051.txt.gz,000077384024000051,2024Q2,2024-04-25 09:42:46-04:00,2024-04-25,2024-04-25,2024-04-25,2024-04-24,183.03012084960935,916,482
167,HON,773840,HONEYWELL INTERNATIONAL INC,3724,Aircraft Engines & Engine Parts,10-Q,2024-07-25,2024-06-30,2024-07-25 13:38:50+00:00,0000773840-24-000082,https://www.sec.gov/Archives/edgar/data/773840/000077384024000082/hon-20240630.htm,8167,1209,data/interim/text/000077384024000082.txt.gz,000077384024000082,2024Q3,2024-07-25 09:38:50-04:00,2024-07-25,2024-07-25,2024-07-25,2024-07-24,201.81439208984372,978,420
168,HON,773840,HONEYWELL INTERNATIONAL INC,3724,Aircraft Engines & Engine Parts,10-Q,2024-10-24,2024-09-30,2024-10-24 13:37:57+00:00,0000773840-24-000099,https://www.sec.gov/Archives/edgar/data/773840/000077384024000099/hon-20240930.htm,8834,1248,data/interim/text/000077384024000099.txt.gz,000077384024000099,2024Q4,2024-10-24 09:37:57-04:00,2024-10-24,2024-10-24,2024-10-24,2024-10-23,209.27264404296875,1042,356
169,HON,773840,HONEYWELL INTERNATIONAL INC,3724,Aircraft Engines & Engine Parts,10-K,2025-02-14,2024-12-31,2025-02-14 19:50:25+00:00,0000773840-25-000010,https://www.sec.gov/Archives/edgar/data/773840/000077384025000010/hon-20241231.htm,30489,3066,data/interim/text/000077384025000010.txt.gz,000077384025000010,2025Q1,2025-02-14 14:50:25-05:00,2025-02-14,2025-02-14,2025-02-14,2025-02-13,195.9193572998047,1118,280
170,HON,773840,HONEYWELL INTERNATIONAL INC,3724,Aircraft Engines & Engine Parts,10-Q,2025-04-29,2025-03-31,2025-04-29 13:46:21+00:00,0000773840-25-000037,https://www.sec.gov/Archives/edgar/data/773840/000077384025000037/hon-20250331.htm,8084,1292,data/interim/text/000077384025000037.txt.gz,000077384025000037,2025Q2,2025-04-29 09:46:21-04:00,2025-04-29,2025-04-29,2025-04-29,2025-04-28,192.5443572998047,1168,230
171,HON,773840,HONEYWELL INTERNATIONAL INC,3724,Aircraft Engines & Engine Parts,10-Q,2025-07-24,2025-06-30,2025-07-24 13:38:39+00:00,0000773840-25-000064,https://www.sec.gov/Archives/edgar/data/773840/000077384025000064/hon-20250630.htm,8698,1251,data/interim/text/000077384025000064.txt.gz,000077384025000064,2025Q3,2025-07-24 09:38:39-04:00,2025-07-24,2025-07-24,2025-07-24,2025-07-23,230.76583862304688,1227,171
172,HON,773840,HONEYWELL INTERNATIONAL INC,3724,Aircraft Engines & Engine Parts,10-Q,2025-10-23,2025-09-30,2025-10-23 13:35:09+00:00,0000773840-25-000105,https://www.sec.gov/Archives/edgar/data/773840/000077384025000105/hon-20250930.htm,9513,1345,data/interim/text/000077384025000105.txt.gz,000077384025000105,2025Q4,2025-10-23 09:35:09-04:00,2025-10-23,2025-10-23,2025-10-23,2025-10-22,200.3039703369141,1291,107
173,TRMB,864749,TRIMBLE INC.,3829,"Measuring & Controlling Devices, NEC",10-K,2021-02-26,2021-01-01,2021-02-26 21:47:39+00:00,0000864749-21-000029,https://www.sec.gov/Archives/edgar/data/864749/000086474921000029/trmb-20210101.htm,30684,3387,data/interim/text/000086474921000029.txt.gz,000086474921000029,2021Q1,2021-02-26 16:47:39-05:00,2021-02-27,2021-02-27,2021-03-01,2021-02-26,74.13999938964844,122,1276
174,TRMB,864749,TRIMBLE INC.,3829,"Measuring & Controlling Devices, NEC",10-Q,2021-05-07,2021-04-02,2021-05-07 20:39:07+00:00,0000864749-21-000050,https://www.sec.gov/Archives/edgar/data/864749/000086474921000050/trmb-20210402.htm,7533,1162,data/interim/text/000086474921000050.txt.gz,000086474921000050,2021Q2,2021-05-07 16:39:07-04:00,2021-05-08,2021-05-08,2021-05-10,2021-05-07,79.33000183105469,171,1227
175,TRMB,864749,TRIMBLE INC.,3829,"Measuring & Controlling Devices, NEC",10-Q,2021-08-09,2021-07-02,2021-08-06 22:28:20+00:00,0000864749-21-000109,https://www.sec.gov/Archives/edgar/data/864749/000086474921000109/trmb-20210702.htm,7580,1186,data/interim/text/000086474921000109.txt.gz,000086474921000109,2021Q3,2021-08-06 18:28:20-04:00,2021-08-07,2021-08-09,2021-08-09,2021-08-06,89.36000061035156,234,1164
176,TRMB,864749,TRIMBLE INC.,3829,"Measuring & Controlling Devices, NEC",10-Q,2021-11-04,2021-10-01,2021-11-03 22:23:50+00:00,0000864749-21-000137,https://www.sec.gov/Archives/edgar/data/864749/000086474921000137/trmb-20211001.htm,7510,1198,data/interim/text/000086474921000137.txt.gz,000086474921000137,2021Q4,2021-11-03 18:23:50-04:00,2021-11-04,2021-11-04,2021-11-04,2021-11-03,88.12999725341797,296,1102
177,TRMB,864749,TRIMBLE INC.,3829,"Measuring & Controlling Devices, NEC",10-K,2022-02-23,2021-12-31,2022-02-23 01:13:12+00:00,0000864749-22-000044,https://www.sec.gov/Archives/edgar/data/864749/000086474922000044/trmb-20211231.htm,30908,3585,data/interim/text/000086474922000044.txt.gz,000086474922000044,2022Q1,2022-02-22 20:13:12-05:00,2022-02-23,2022-02-23,2022-02-23,2022-02-22,67.06999969482422,371,1027
178,TRMB,864749,TRIMBLE INC.,3829,"Measuring & Controlling Devices, NEC",10-Q,2022-05-05,2022-04-01,2022-05-05 20:33:19+00:00,0000864749-22-000088,https://www.sec.gov/Archives/edgar/data/864749/000086474922000088/trmb-20220401.htm,6920,1219,data/interim/text/000086474922000088.txt.gz,000086474922000088,2022Q2,2022-05-05 16:33:19-04:00,2022-05-06,2022-05-06,2022-05-06,2022-05-05,63.27000045776367,422,976
179,TRMB,864749,TRIMBLE INC.,3829,"Measuring & Controlling Devices, NEC",10-Q,2022-08-05,2022-07-01,2022-08-05 20:47:47+00:00,0000864749-22-000162,https://www.sec.gov/Archives/edgar/data/864749/000086474922000162/trmb-20220701.htm,7124,1150,data/interim/text/000086474922000162.txt.gz,000086474922000162,2022Q3,2022-08-05 16:47:47-04:00,2022-08-06,2022-08-06,2022-08-08,2022-08-05,68.0999984741211,485,913
180,TRMB,864749,TRIMBLE INC.,3829,"Measuring & Controlling Devices, NEC",10-Q,2022-11-02,2022-09-30,2022-11-02 21:06:34+00:00,0000864749-22-000187,https://www.sec.gov/Archives/edgar/data/864749/000086474922000187/trmb-20220930.htm,7596,1198,data/interim/text/000086474922000187.txt.gz,000086474922000187,2022Q4,2022-11-02 17:06:34-04:00,2022-11-03,2022-11-03,2022-11-03,2022-11-02,53.650001525878906,547,851
181,TRMB,864749,TRIMBLE INC.,3829,"Measuring & Controlling Devices, NEC",10-K,2023-02-17,2022-12-30,2023-02-17 21:55:04+00:00,0000864749-23-000012,https://www.sec.gov/Archives/edgar/data/864749/000086474923000012/trmb-20221230.htm,33434,3699,data/interim/text/000086474923000012.txt.gz,000086474923000012,2023Q1,2023-02-17 16:55:04-05:00,2023-02-18,2023-02-18,2023-02-21,2023-02-17,55.20000076293945,620,778
182,TRMB,864749,TRIMBLE INC.,3829,"Measuring & Controlling Devices, NEC",10-Q,2023-05-03,2023-03-31,2023-05-03 20:39:35+00:00,0000864749-23-000077,https://www.sec.gov/Archives/edgar/data/864749/000086474923000077/trmb-20230331.htm,6828,1195,data/interim/text/000086474923000077.txt.gz,000086474923000077,2023Q2,2023-05-03 16:39:35-04:00,2023-05-04,2023-05-04,2023-05-04,2023-05-03,47.40999984741211,671,727
183,TRMB,864749,TRIMBLE INC.,3829,"Measuring & Controlling Devices, NEC",10-Q,2023-08-04,2023-06-30,2023-08-04 20:45:46+00:00,0000864749-23-000173,https://www.sec.gov/Archives/edgar/data/864749/000086474923000173/trmb-20230630.htm,6887,1167,data/interim/text/000086474923000173.txt.gz,000086474923000173,2023Q3,2023-08-04 16:45:46-04:00,2023-08-05,2023-08-05,2023-08-07,2023-08-04,55.77000045776367,735,663
184,TRMB,864749,TRIMBLE INC.,3829,"Measuring & Controlling Devices, NEC",10-Q,2023-11-03,2023-09-29,2023-11-03 20:14:30+00:00,0000864749-23-000191,https://www.sec.gov/Archives/edgar/data/864749/000086474923000191/trmb-20230929.htm,7851,1282,data/interim/text/000086474923000191.txt.gz,000086474923000191,2023Q4,2023-11-03 16:14:30-04:00,2023-11-04,2023-11-04,2023-11-06,2023-11-03,42.40999984741211,799,599
185,TRMB,864749,TRIMBLE INC.,3829,"Measuring & Controlling Devices, NEC",10-K,2024-02-26,2023-12-29,2024-02-26 21:35:46+00:00,0000864749-24-000047,https://www.sec.gov/Archives/edgar/data/864749/000086474924000047/trmb-20231229.htm,32429,3583,data/interim/text/000086474924000047.txt.gz,000086474924000047,2024Q1,2024-02-26 16:35:46-05:00,2024-02-27,2024-02-27,2024-02-27,2024-02-26,61.810001373291016,875,523
186,TRMB,864749,TRIMBLE INC.,3829,"Measuring & Controlling Devices, NEC",10-Q,2025-01-16,2024-03-29,2025-01-16 02:47:14+00:00,0000864749-25-000012,https://www.sec.gov/Archives/edgar/data/864749/000086474925000012/trmb-20240329.htm,7205,1225,data/interim/text/000086474925000012.txt.gz,000086474925000012,2025Q1,2025-01-15 21:47:14-05:00,2025-01-16,2025-01-16,2025-01-16,2025-01-15,72.72000122070312,1098,300
187,TRMB,864749,TRIMBLE INC.,3829,"Measuring & Controlling Devices, NEC",10-K,2025-04-25,2025-01-03,2025-04-25 19:04:22+00:00,0000864749-25-000090,https://www.sec.gov/Archives/edgar/data/864749/000086474925000090/trmb-20250103.htm,31583,3424,data/interim/text/000086474925000090.txt.gz,000086474925000090,2025Q2,2025-04-25 15:04:22-04:00,2025-04-25,2025-04-25,2025-04-25,2025-04-24,61.650001525878906,1166,232
188,TRMB,864749,TRIMBLE INC.,3829,"Measuring & Controlling Devices, NEC",10-Q,2025-08-06,2025-07-04,2025-08-06 20:37:19+00:00,0000864749-25-000245,https://www.sec.gov/Archives/edgar/data/864749/000086474925000245/trmb-20250704.htm,7604,1240,data/interim/text/000086474925000245.txt.gz,000086474925000245,2025Q3,2025-08-06 16:37:19-04:00,2025-08-07,2025-08-07,2025-08-07,2025-08-06,84.12999725341797,1237,161
189,TRMB,864749,TRIMBLE INC.,3829,"Measuring & Controlling Devices, NEC",10-Q,2025-11-05,2025-10-03,2025-11-05 22:26:26+00:00,0000864749-25-000286,https://www.sec.gov/Archives/edgar/data/864749/000086474925000286/trmb-20251003.htm,7642,1239,data/interim/text/000086474925000286.txt.gz,000086474925000286,2025Q4,2025-11-05 17:26:26-05:00,2025-11-06,2025-11-06,2025-11-06,2025-11-05,80.56999969482422,1301,97
190,IONS,874015,IONIS PHARMACEUTICALS INC,2834,Pharmaceutical Preparations,10-K,2021-02-24,2020-12-31,2021-02-24 20:34:10+00:00,0000874015-21-000056,https://www.sec.gov/Archives/edgar/data/874015/000087401521000056/form10k.htm,53280,4302,data/interim/text/000087401521000056.txt.gz,000087401521000056,2021Q1,2021-02-24 15:34:10-05:00,2021-02-24,2021-02-24,2021-02-24,2021-02-23,56.04999923706055,119,1279
191,IONS,874015,IONIS PHARMACEUTICALS INC,2834,Pharmaceutical Preparations,10-Q,2021-05-05,2021-03-31,2021-05-05 18:58:30+00:00,0000874015-21-000074,https://www.sec.gov/Archives/edgar/data/874015/000087401521000074/form10q.htm,20315,2489,data/interim/text/000087401521000074.txt.gz,000087401521000074,2021Q2,2021-05-05 14:58:30-04:00,2021-05-05,2021-05-05,2021-05-05,2021-05-04,41.97999954223633,168,1230
192,IONS,874015,IONIS PHARMACEUTICALS INC,2834,Pharmaceutical Preparations,10-Q,2021-08-04,2021-06-30,2021-08-04 19:20:09+00:00,0000874015-21-000144,https://www.sec.gov/Archives/edgar/data/874015/000087401521000144/form10q.htm,20799,2493,data/interim/text/000087401521000144.txt.gz,000087401521000144,2021Q3,2021-08-04 15:20:09-04:00,2021-08-04,2021-08-04,2021-08-04,2021-08-03,37.810001373291016,231,1167
193,IONS,874015,IONIS PHARMACEUTICALS INC,2834,Pharmaceutical Preparations,10-Q,2021-11-03,2021-09-30,2021-11-03 19:37:03+00:00,0000874015-21-000166,https://www.sec.gov/Archives/edgar/data/874015/000087401521000166/form10q.htm,21234,2553,data/interim/text/000087401521000166.txt.gz,000087401521000166,2021Q4,2021-11-03 15:37:03-04:00,2021-11-03,2021-11-03,2021-11-03,2021-11-02,32.970001220703125,295,1103
194,IONS,874015,IONIS PHARMACEUTICALS INC,2834,Pharmaceutical Preparations,10-K,2022-02-25,2021-12-31,2022-02-24 22:38:52+00:00,0000874015-22-000079,https://www.sec.gov/Archives/edgar/data/874015/000087401522000079/form10k.htm,53377,4368,data/interim/text/000087401522000079.txt.gz,000087401522000079,2022Q1,2022-02-24 17:38:52-05:00,2022-02-25,2022-02-25,2022-02-25,2022-02-24,32.4900016784668,373,1025
195,IONS,874015,IONIS PHARMACEUTICALS INC,2834,Pharmaceutical Preparations,10-Q,2022-05-04,2022-03-31,2022-05-04 21:11:19+00:00,0000874015-22-000104,https://www.sec.gov/Archives/edgar/data/874015/000087401522000104/form10q.htm,20930,2574,data/interim/text/000087401522000104.txt.gz,000087401522000104,2022Q2,2022-05-04 17:11:19-04:00,2022-05-05,2022-05-05,2022-05-05,2022-05-04,39.58000183105469,421,977
196,IONS,874015,IONIS PHARMACEUTICALS INC,2834,Pharmaceutical Preparations,10-Q,2022-08-09,2022-06-30,2022-08-09 19:56:06+00:00,0000874015-22-000148,https://www.sec.gov/Archives/edgar/data/874015/000087401522000148/form10q.htm,21840,2616,data/interim/text/000087401522000148.txt.gz,000087401522000148,2022Q3,2022-08-09 15:56:06-04:00,2022-08-09,2022-08-09,2022-08-09,2022-08-08,45.709999084472656,486,912
197,IONS,874015,IONIS PHARMACEUTICALS INC,2834,Pharmaceutical Preparations,10-Q,2022-11-09,2022-09-30,2022-11-09 19:38:31+00:00,0000874015-22-000168,https://www.sec.gov/Archives/edgar/data/874015/000087401522000168/form10q.htm,21914,2652,data/interim/text/000087401522000168.txt.gz,000087401522000168,2022Q4,2022-11-09 14:38:31-05:00,2022-11-09,2022-11-09,2022-11-09,2022-11-08,42.25,551,847
198,IONS,874015,IONIS PHARMACEUTICALS INC,2834,Pharmaceutical Preparations,10-K,2023-02-22,2022-12-31,2023-02-22 21:39:54+00:00,0000874015-23-000105,https://www.sec.gov/Archives/edgar/data/874015/000087401523000105/form10k.htm,50149,4150,data/interim/text/000087401523000105.txt.gz,000087401523000105,2023Q1,2023-02-22 16:39:54-05:00,2023-02-23,2023-02-23,2023-02-23,2023-02-22,36.79999923706055,622,776
199,IONS,874015,IONIS PHARMACEUTICALS INC,2834,Pharmaceutical Preparations,10-Q,2023-05-03,2023-03-31,2023-05-03 20:28:20+00:00,0000874015-23-000136,https://www.sec.gov/Archives/edgar/data/874015/000087401523000136/form10q.htm,19027,2389,data/interim/text/000087401523000136.txt.gz,000087401523000136,2023Q2,2023-05-03 16:28:20-04:00,2023-05-04,2023-05-04,2023-05-04,2023-05-03,34.72999954223633,671,727
200,IONS,874015,IONIS PHARMACEUTICALS INC,2834,Pharmaceutical Preparations,10-Q,2023-08-09,2023-06-30,2023-08-09 17:50:14+00:00,0000874015-23-000186,https://www.sec.gov/Archives/edgar/data/874015/000087401523000186/form10q.htm,19725,2431,data/interim/text/000087401523000186.txt.gz,000087401523000186,2023Q3,2023-08-09 13:50:14-04:00,2023-08-09,2023-08-09,2023-08-09,2023-08-08,39.54999923706055,737,661
201,IONS,874015,IONIS PHARMACEUTICALS INC,2834,Pharmaceutical Preparations,10-Q,2023-11-02,2023-09-30,2023-11-02 18:43:27+00:00,0000874015-23-000209,https://www.sec.gov/Archives/edgar/data/874015/000087401523000209/form10q.htm,19933,2427,data/interim/text/000087401523000209.txt.gz,000087401523000209,2023Q4,2023-11-02 14:43:27-04:00,2023-11-02,2023-11-02,2023-11-02,2023-11-01,45.2599983215332,797,601
202,IONS,874015,IONIS PHARMACEUTICALS INC,2834,Pharmaceutical Preparations,10-K,2024-02-21,2023-12-31,2024-02-21 21:38:27+00:00,0000874015-24-000116,https://www.sec.gov/Archives/edgar/data/874015/000087401524000116/form10k.htm,54050,4329,data/interim/text/000087401524000116.txt.gz,000087401524000116,2024Q1,2024-02-21 16:38:27-05:00,2024-02-22,2024-02-22,2024-02-22,2024-02-21,43.52999877929688,872,526
203,IONS,874015,IONIS PHARMACEUTICALS INC,2834,Pharmaceutical Preparations,10-Q,2024-05-07,2024-03-31,2024-05-07 19:55:10+00:00,0000874015-24-000142,https://www.sec.gov/Archives/edgar/data/874015/000087401524000142/form10q.htm,19348,2484,data/interim/text/000087401524000142.txt.gz,000087401524000142,2024Q2,2024-05-07 15:55:10-04:00,2024-05-07,2024-05-07,2024-05-07,2024-05-06,42.27999877929688,924,474
204,IONS,874015,IONIS PHARMACEUTICALS INC,2834,Pharmaceutical Preparations,10-Q,2024-08-01,2024-06-30,2024-08-01 20:57:19+00:00,0000874015-24-000187,https://www.sec.gov/Archives/edgar/data/874015/000087401524000187/form10q.htm,19583,2502,data/interim/text/000087401524000187.txt.gz,000087401524000187,2024Q3,2024-08-01 16:57:19-04:00,2024-08-02,2024-08-02,2024-08-02,2024-08-01,51.31999969482422,984,414
205,IONS,874015,IONIS PHARMACEUTICALS INC,2834,Pharmaceutical Preparations,10-Q,2024-11-06,2024-09-30,2024-11-06 21:06:54+00:00,0000874015-24-000232,https://www.sec.gov/Archives/edgar/data/874015/000087401524000232/form10q.htm,19937,2514,data/interim/text/000087401524000232.txt.gz,000087401524000232,2024Q4,2024-11-06 16:06:54-05:00,2024-11-07,2024-11-07,2024-11-07,2024-11-06,39.040000915527344,1052,346
206,IONS,874015,IONIS PHARMACEUTICALS INC,2834,Pharmaceutical Preparations,10-K,2025-02-19,2024-12-31,2025-02-19 21:06:39+00:00,0000874015-25-000089,https://www.sec.gov/Archives/edgar/data/874015/000087401525000089/form10k.htm,48185,4028,data/interim/text/000087401525000089.txt.gz,000087401525000089,2025Q1,2025-02-19 16:06:39-05:00,2025-02-20,2025-02-20,2025-02-20,2025-02-19,31.809999465942383,1121,277
207,IONS,874015,IONIS PHARMACEUTICALS INC,2834,Pharmaceutical Preparations,10-Q,2025-04-30,2025-03-31,2025-04-30 19:56:17+00:00,0000874015-25-000123,https://www.sec.gov/Archives/edgar/data/874015/000087401525000123/form10q.htm,20179,2557,data/interim/text/000087401525000123.txt.gz,000087401525000123,2025Q2,2025-04-30 15:56:17-04:00,2025-04-30,2025-04-30,2025-04-30,2025-04-29,29.809999465942383,1169,229
208,IONS,874015,IONIS PHARMACEUTICALS INC,2834,Pharmaceutical Preparations,10-Q,2025-07-30,2025-06-30,2025-07-30 19:56:18+00:00,0000874015-25-000167,https://www.sec.gov/Archives/edgar/data/874015/000087401525000167/form10q.htm,20360,2573,data/interim/text/000087401525000167.txt.gz,000087401525000167,2025Q3,2025-07-30 15:56:18-04:00,2025-07-30,2025-07-30,2025-07-30,2025-07-29,41.47999954223633,1231,167
209,IONS,874015,IONIS PHARMACEUTICALS INC,2834,Pharmaceutical Preparations,10-Q,2025-10-29,2025-09-30,2025-10-29 20:43:55+00:00,0000874015-25-000266,https://www.sec.gov/Archives/edgar/data/874015/000087401525000266/form10q.htm,20306,2577,data/interim/text/000087401525000266.txt.gz,000087401525000266,2025Q4,2025-10-29 16:43:55-04:00,2025-10-30,2025-10-30,2025-10-30,2025-10-29,71.87999725341797,1296,102
210,SNPS,883241,SYNOPSYS INC,7372,Services-Prepackaged Software,10-Q,2021-02-19,2021-01-31,2021-02-19 21:32:17+00:00,0000883241-21-000009,https://www.sec.gov/Archives/edgar/data/883241/000088324121000009/snps-20210131.htm,16370,2108,data/interim/text/000088324121000009.txt.gz,000088324121000009,2021Q1,2021-02-19 16:32:17-05:00,2021-02-20,2021-02-20,2021-02-22,2021-02-19,268.07000732421875,117,1281
211,SNPS,883241,SYNOPSYS INC,7372,Services-Prepackaged Software,10-Q,2021-05-21,2021-04-30,2021-05-21 20:37:13+00:00,0000883241-21-000012,https://www.sec.gov/Archives/edgar/data/883241/000088324121000012/snps-20210430.htm,17024,2125,data/interim/text/000088324121000012.txt.gz,000088324121000012,2021Q2,2021-05-21 16:37:13-04:00,2021-05-22,2021-05-22,2021-05-24,2021-05-21,242.0,181,1217
212,SNPS,883241,SYNOPSYS INC,7372,Services-Prepackaged Software,10-Q,2021-08-20,2021-07-31,2021-08-20 20:57:33+00:00,0000883241-21-000017,https://www.sec.gov/Archives/edgar/data/883241/000088324121000017/snps-20210731.htm,17213,2138,data/interim/text/000088324121000017.txt.gz,000088324121000017,2021Q3,2021-08-20 16:57:33-04:00,2021-08-21,2021-08-21,2021-08-23,2021-08-20,316.8800048828125,244,1154
213,SNPS,883241,SYNOPSYS INC,7372,Services-Prepackaged Software,10-K,2021-12-13,2021-10-31,2021-12-13 22:22:49+00:00,0000883241-21-000022,https://www.sec.gov/Archives/edgar/data/883241/000088324121000022/snps-20211031.htm,29831,3375,data/interim/text/000088324121000022.txt.gz,000088324121000022,2021Q4,2021-12-13 17:22:49-05:00,2021-12-14,2021-12-14,2021-12-14,2021-12-13,362.2300109863281,323,1075
214,SNPS,883241,SYNOPSYS INC,7372,Services-Prepackaged Software,10-Q,2022-02-18,2022-01-31,2022-02-18 21:34:08+00:00,0000883241-22-000003,https://www.sec.gov/Archives/edgar/data/883241/000088324122000003/snps-20220131.htm,17002,2189,data/interim/text/000088324122000003.txt.gz,000088324122000003,2022Q1,2022-02-18 16:34:08-05:00,2022-02-19,2022-02-19,2022-02-22,2022-02-18,287.6300048828125,370,1028
215,SNPS,883241,SYNOPSYS INC,7372,Services-Prepackaged Software,10-Q,2022-05-20,2022-04-30,2022-05-20 20:31:49+00:00,0000883241-22-000011,https://www.sec.gov/Archives/edgar/data/883241/000088324122000011/snps-20220430.htm,17684,2170,data/interim/text/000088324122000011.txt.gz,000088324122000011,2022Q2,2022-05-20 16:31:49-04:00,2022-05-21,2022-05-21,2022-05-23,2022-05-20,306.7200012207031,433,965
216,SNPS,883241,SYNOPSYS INC,7372,Services-Prepackaged Software,10-Q,2022-08-19,2022-07-31,2022-08-19 20:39:35+00:00,0000883241-22-000014,https://www.sec.gov/Archives/edgar/data/883241/000088324122000014/snps-20220731.htm,18149,2216,data/interim/text/000088324122000014.txt.gz,000088324122000014,2022Q3,2022-08-19 16:39:35-04:00,2022-08-20,2022-08-20,2022-08-22,2022-08-19,363.0,495,903
217,SNPS,883241,SYNOPSYS INC,7372,Services-Prepackaged Software,10-K,2022-12-12,2022-10-31,2022-12-12 22:28:23+00:00,0000883241-22-000017,https://www.sec.gov/Archives/edgar/data/883241/000088324122000017/snps-20221031.htm,30763,3431,data/interim/text/000088324122000017.txt.gz,000088324122000017,2022Q4,2022-12-12 17:28:23-05:00,2022-12-13,2022-12-13,2022-12-13,2022-12-12,334.3399963378906,574,824
218,SNPS,883241,SYNOPSYS INC,7372,Services-Prepackaged Software,10-Q,2023-02-17,2023-01-31,2023-02-17 21:36:40+00:00,0000883241-23-000005,https://www.sec.gov/Archives/edgar/data/883241/000088324123000005/snps-20230131.htm,18114,2266,data/interim/text/000088324123000005.txt.gz,000088324123000005,2023Q1,2023-02-17 16:36:40-05:00,2023-02-18,2023-02-18,2023-02-21,2023-02-17,354.45001220703125,620,778
219,SNPS,883241,SYNOPSYS INC,7372,Services-Prepackaged Software,10-Q,2023-05-19,2023-04-30,2023-05-19 20:28:32+00:00,0000883241-23-000012,https://www.sec.gov/Archives/edgar/data/883241/000088324123000012/snps-20230430.htm,18649,2260,data/interim/text/000088324123000012.txt.gz,000088324123000012,2023Q2,2023-05-19 16:28:32-04:00,2023-05-20,2023-05-20,2023-05-22,2023-05-19,408.5,683,715
220,SNPS,883241,SYNOPSYS INC,7372,Services-Prepackaged Software,10-Q,2023-08-18,2023-07-31,2023-08-18 20:32:11+00:00,0000883241-23-000016,https://www.sec.gov/Archives/edgar/data/883241/000088324123000016/snps-20230731.htm,18735,2274,data/interim/text/000088324123000016.txt.gz,000088324123000016,2023Q3,2023-08-18 16:32:11-04:00,2023-08-19,2023-08-19,2023-08-21,2023-08-18,426.0199890136719,745,653
221,SNPS,883241,SYNOPSYS INC,7372,Services-Prepackaged Software,10-K,2023-12-12,2023-10-31,2023-12-12 22:22:32+00:00,0000883241-23-000019,https://www.sec.gov/Archives/edgar/data/883241/000088324123000019/snps-20231031.htm,31902,3458,data/interim/text/000088324123000019.txt.gz,000088324123000019,2023Q4,2023-12-12 17:22:32-05:00,2023-12-13,2023-12-13,2023-12-13,2023-12-12,567.0599975585938,825,573
222,SNPS,883241,SYNOPSYS INC,7372,Services-Prepackaged Software,10-Q,2024-02-23,2024-01-31,2024-02-23 21:27:58+00:00,0000883241-24-000013,https://www.sec.gov/Archives/edgar/data/883241/000088324124000013/snps-20240131.htm,23042,2416,data/interim/text/000088324124000013.txt.gz,000088324124000013,2024Q1,2024-02-23 16:27:58-05:00,2024-02-24,2024-02-24,2024-02-26,2024-02-23,575.6500244140625,874,524
223,SNPS,883241,SYNOPSYS INC,7372,Services-Prepackaged Software,10-Q,2024-05-24,2024-04-30,2024-05-24 20:31:20+00:00,0000883241-24-000016,https://www.sec.gov/Archives/edgar/data/883241/000088324124000016/snps-20240430.htm,23477,2410,data/interim/text/000088324124000016.txt.gz,000088324124000016,2024Q2,2024-05-24 16:31:20-04:00,2024-05-25,2024-05-25,2024-05-28,2024-05-24,587.4000244140625,938,460
224,SNPS,883241,SYNOPSYS INC,7372,Services-Prepackaged Software,10-Q,2024-08-23,2024-07-31,2024-08-23 20:50:41+00:00,0000883241-24-000021,https://www.sec.gov/Archives/edgar/data/883241/000088324124000021/snps-20240731.htm,23534,2407,data/interim/text/000088324124000021.txt.gz,000088324124000021,2024Q3,2024-08-23 16:50:41-04:00,2024-08-24,2024-08-24,2024-08-26,2024-08-23,539.3900146484375,1000,398
225,SNPS,883241,SYNOPSYS INC,7372,Services-Prepackaged Software,10-K,2024-12-19,2024-10-31,2024-12-19 02:23:35+00:00,0000883241-24-000024,https://www.sec.gov/Archives/edgar/data/883241/000088324124000024/snps-20241031.htm,34120,3361,data/interim/text/000088324124000024.txt.gz,000088324124000024,2024Q4,2024-12-18 21:23:35-05:00,2024-12-19,2024-12-19,2024-12-19,2024-12-18,494.4299926757813,1081,317
226,SNPS,883241,SYNOPSYS INC,7372,Services-Prepackaged Software,10-Q,2025-02-26,2025-01-31,2025-02-26 21:43:03+00:00,0000883241-25-000014,https://www.sec.gov/Archives/edgar/data/883241/000088324125000014/snps-20250131.htm,22020,2325,data/interim/text/000088324125000014.txt.gz,000088324125000014,2025Q1,2025-02-26 16:43:03-05:00,2025-02-27,2025-02-27,2025-02-27,2025-02-26,470.4599914550781,1126,272
227,SNPS,883241,SYNOPSYS INC,7372,Services-Prepackaged Software,10-Q,2025-05-28,2025-04-30,2025-05-28 20:41:11+00:00,0000883241-25-000017,https://www.sec.gov/Archives/edgar/data/883241/000088324125000017/snps-20250430.htm,23229,2340,data/interim/text/000088324125000017.txt.gz,000088324125000017,2025Q2,2025-05-28 16:41:11-04:00,2025-05-29,2025-05-29,2025-05-29,2025-05-28,462.4299926757813,1189,209
228,SNPS,883241,SYNOPSYS INC,7372,Services-Prepackaged Software,10-Q,2025-09-09,2025-07-31,2025-09-09 20:33:44+00:00,0000883241-25-000024,https://www.sec.gov/Archives/edgar/data/883241/000088324125000024/snps-20250731.htm,23307,2412,data/interim/text/000088324125000024.txt.gz,000088324125000024,2025Q3,2025-09-09 16:33:44-04:00,2025-09-10,2025-09-10,2025-09-10,2025-09-09,604.3699951171875,1260,138
229,SNPS,883241,SYNOPSYS INC,7372,Services-Prepackaged Software,10-K,2025-12-22,2025-10-31,2025-12-20 02:37:00+00:00,0000883241-25-000028,https://www.sec.gov/Archives/edgar/data/883241/000088324125000028/snps-20251031.htm,34493,3494,data/interim/text/000088324125000028.txt.gz,000088324125000028,2025Q4,2025-12-19 21:37:00-05:00,2025-12-20,2025-12-22,2025-12-22,2025-12-19,463.7300109863281,1332,66
230,INTU,896878,INTUIT INC.,7372,Services-Prepackaged Software,10-Q,2021-02-23,2021-01-31,2021-02-23 21:09:29+00:00,0000896878-21-000059,https://www.sec.gov/Archives/edgar/data/896878/000089687821000059/intu-20210131.htm,24233,2479,data/interim/text/000089687821000059.txt.gz,000089687821000059,2021Q1,2021-02-23 16:09:29-05:00,2021-02-24,2021-02-24,2021-02-24,2021-02-23,383.78167724609375,119,1279
231,INTU,896878,INTUIT INC.,7372,Services-Prepackaged Software,10-Q,2021-05-25,2021-04-30,2021-05-25 20:06:47+00:00,0000896878-21-000115,https://www.sec.gov/Archives/edgar/data/896878/000089687821000115/intu-20210430.htm,24107,2473,data/interim/text/000089687821000115.txt.gz,000089687821000115,2021Q2,2021-05-25 16:06:47-04:00,2021-05-26,2021-05-26,2021-05-26,2021-05-25,422.757568359375,183,1215
232,INTU,896878,INTUIT INC.,7372,Services-Prepackaged Software,10-K,2021-09-08,2021-07-31,2021-09-08 20:09:57+00:00,0000896878-21-000233,https://www.sec.gov/Archives/edgar/data/896878/000089687821000233/intu-20210731.htm,38702,3541,data/interim/text/000089687821000233.txt.gz,000089687821000233,2021Q3,2021-09-08 16:09:57-04:00,2021-09-09,2021-09-09,2021-09-09,2021-09-08,547.2405395507812,256,1142
233,INTU,896878,INTUIT INC.,7372,Services-Prepackaged Software,10-Q,2021-11-18,2021-10-31,2021-11-18 21:36:00+00:00,0000896878-21-000260,https://www.sec.gov/Archives/edgar/data/896878/000089687821000260/intu-20211031.htm,22412,2462,data/interim/text/000089687821000260.txt.gz,000089687821000260,2021Q4,2021-11-18 16:36:00-05:00,2021-11-19,2021-11-19,2021-11-19,2021-11-18,607.1630859375,307,1091
234,INTU,896878,INTUIT INC.,7372,Services-Prepackaged Software,10-Q,2022-03-02,2022-01-31,2022-03-02 20:03:42+00:00,0000896878-22-000010,https://www.sec.gov/Archives/edgar/data/896878/000089687822000010/intu-20220131.htm,23602,2481,data/interim/text/000089687822000010.txt.gz,000089687822000010,2022Q1,2022-03-02 15:03:42-05:00,2022-03-02,2022-03-02,2022-03-02,2022-03-01,452.8807678222656,376,1022
235,INTU,896878,INTUIT INC.,7372,Services-Prepackaged Software,10-Q,2022-05-24,2022-04-30,2022-05-24 20:04:31+00:00,0000896878-22-000021,https://www.sec.gov/Archives/edgar/data/896878/000089687822000021/intu-20220430.htm,23594,2478,data/interim/text/000089687822000021.txt.gz,000089687822000021,2022Q2,2022-05-24 16:04:31-04:00,2022-05-25,2022-05-25,2022-05-25,2022-05-24,347.4203796386719,435,963
236,INTU,896878,INTUIT INC.,7372,Services-Prepackaged Software,10-K,2022-09-02,2022-07-31,2022-09-02 21:09:05+00:00,0000896878-22-000028,https://www.sec.gov/Archives/edgar/data/896878/000089687822000028/intu-20220731.htm,37461,3523,data/interim/text/000089687822000028.txt.gz,000089687822000028,2022Q3,2022-09-02 17:09:05-04:00,2022-09-03,2022-09-03,2022-09-06,2022-09-02,407.21881103515625,505,893
237,INTU,896878,INTUIT INC.,7372,Services-Prepackaged Software,10-Q,2022-11-29,2022-10-31,2022-11-29 21:02:57+00:00,0000896878-22-000036,https://www.sec.gov/Archives/edgar/data/896878/000089687822000036/intu-20221031.htm,21816,2455,data/interim/text/000089687822000036.txt.gz,000089687822000036,2022Q4,2022-11-29 16:02:57-05:00,2022-11-30,2022-11-30,2022-11-30,2022-11-29,368.7978820800781,565,833
238,INTU,896878,INTUIT INC.,7372,Services-Prepackaged Software,10-Q,2023-02-23,2023-01-31,2023-02-23 21:19:24+00:00,0000896878-23-000010,https://www.sec.gov/Archives/edgar/data/896878/000089687823000010/intu-20230131.htm,22697,2459,data/interim/text/000089687823000010.txt.gz,000089687823000010,2023Q1,2023-02-23 16:19:24-05:00,2023-02-24,2023-02-24,2023-02-24,2023-02-23,400.852294921875,623,775
239,INTU,896878,INTUIT INC.,7372,Services-Prepackaged Software,10-Q,2023-05-23,2023-04-30,2023-05-23 20:03:14+00:00,0000896878-23-000020,https://www.sec.gov/Archives/edgar/data/896878/000089687823000020/intu-20230430.htm,22915,2468,data/interim/text/000089687823000020.txt.gz,000089687823000020,2023Q2,2023-05-23 16:03:14-04:00,2023-05-24,2023-05-24,2023-05-24,2023-05-23,438.535888671875,685,713
240,INTU,896878,INTUIT INC.,7372,Services-Prepackaged Software,10-K,2023-09-01,2023-07-31,2023-09-01 20:08:03+00:00,0000896878-23-000034,https://www.sec.gov/Archives/edgar/data/896878/000089687823000034/intu-20230731.htm,38145,3546,data/interim/text/000089687823000034.txt.gz,000089687823000034,2023Q3,2023-09-01 16:08:03-04:00,2023-09-02,2023-09-02,2023-09-05,2023-09-01,536.7639770507812,755,643
241,INTU,896878,INTUIT INC.,7372,Services-Prepackaged Software,10-Q,2023-11-28,2023-10-31,2023-11-28 21:17:02+00:00,0000896878-23-000041,https://www.sec.gov/Archives/edgar/data/896878/000089687823000041/intu-20231031.htm,23267,2520,data/interim/text/000089687823000041.txt.gz,000089687823000041,2023Q4,2023-11-28 16:17:02-05:00,2023-11-29,2023-11-29,2023-11-29,2023-11-28,552.834228515625,815,583
242,INTU,896878,INTUIT INC.,7372,Services-Prepackaged Software,10-Q,2024-02-22,2024-01-31,2024-02-22 21:09:42+00:00,0000896878-24-000011,https://www.sec.gov/Archives/edgar/data/896878/000089687824000011/intu-20240131.htm,24100,2509,data/interim/text/000089687824000011.txt.gz,000089687824000011,2024Q1,2024-02-22 16:09:42-05:00,2024-02-23,2024-02-23,2024-02-23,2024-02-22,644.6432495117188,873,525
243,INTU,896878,INTUIT INC.,7372,Services-Prepackaged Software,10-Q,2024-05-23,2024-04-30,2024-05-23 20:14:03+00:00,0000896878-24-000026,https://www.sec.gov/Archives/edgar/data/896878/000089687824000026/intu-20240430.htm,24213,2511,data/interim/text/000089687824000026.txt.gz,000089687824000026,2024Q2,2024-05-23 16:14:03-04:00,2024-05-24,2024-05-24,2024-05-24,2024-05-23,649.802001953125,937,461
244,INTU,896878,INTUIT INC.,7372,Services-Prepackaged Software,10-K,2024-09-04,2024-07-31,2024-09-04 22:26:27+00:00,0000896878-24-000039,https://www.sec.gov/Archives/edgar/data/896878/000089687824000039/intu-20240731.htm,39065,3528,data/interim/text/000089687824000039.txt.gz,000089687824000039,2024Q3,2024-09-04 18:26:27-04:00,2024-09-05,2024-09-05,2024-09-05,2024-09-04,612.2257080078125,1007,391
245,INTU,896878,INTUIT INC.,7372,Services-Prepackaged Software,10-Q,2024-11-21,2024-10-31,2024-11-21 21:17:51+00:00,0000896878-24-000053,https://www.sec.gov/Archives/edgar/data/896878/000089687824000053/intu-20241031.htm,23360,2527,data/interim/text/000089687824000053.txt.gz,000089687824000053,2024Q4,2024-11-21 16:17:51-05:00,2024-11-22,2024-11-22,2024-11-22,2024-11-21,667.9730834960938,1063,335
246,INTU,896878,INTUIT INC.,7372,Services-Prepackaged Software,10-Q,2025-02-25,2025-01-31,2025-02-25 21:11:24+00:00,0000896878-25-000015,https://www.sec.gov/Archives/edgar/data/896878/000089687825000015/intu-20250131.htm,24987,2533,data/interim/text/000089687825000015.txt.gz,000089687825000015,2025Q1,2025-02-25 16:11:24-05:00,2025-02-26,2025-02-26,2025-02-26,2025-02-25,547.7581176757812,1125,273
247,INTU,896878,INTUIT INC.,7372,Services-Prepackaged Software,10-Q,2025-05-22,2025-04-30,2025-05-22 20:17:32+00:00,0000896878-25-000022,https://www.sec.gov/Archives/edgar/data/896878/000089687825000022/intu-20250430.htm,24716,2522,data/interim/text/000089687825000022.txt.gz,000089687825000022,2025Q2,2025-05-22 16:17:32-04:00,2025-05-23,2025-05-23,2025-05-23,2025-05-22,657.7803955078125,1186,212
248,INTU,896878,INTUIT INC.,7372,Services-Prepackaged Software,10-K,2025-09-03,2025-07-31,2025-09-03 20:16:09+00:00,0000896878-25-000035,https://www.sec.gov/Archives/edgar/data/896878/000089687825000035/intu-20250731.htm,36991,3432,data/interim/text/000089687825000035.txt.gz,000089687825000035,2025Q3,2025-09-03 16:16:09-04:00,2025-09-04,2025-09-04,2025-09-04,2025-09-03,661.2514038085938,1256,142
249,INTU,896878,INTUIT INC.,7372,Services-Prepackaged Software,10-Q,2025-11-20,2025-10-31,2025-11-20 21:16:24+00:00,0000896878-25-000048,https://www.sec.gov/Archives/edgar/data/896878/000089687825000048/intu-20251031.htm,23311,2528,data/interim/text/000089687825000048.txt.gz,000089687825000048,2025Q4,2025-11-20 16:16:24-05:00,2025-11-21,2025-11-21,2025-11-21,2025-11-20,631.5105590820312,1312,86
250,LMT,936468,LOCKHEED MARTIN CORP,3760,Guided Missiles & Space Vehicles & Parts,10-K,2021-01-28,2020-12-31,2021-01-28 22:08:55+00:00,0000936468-21-000013,https://www.sec.gov/Archives/edgar/data/936468/000093646821000013/lmt-20201231.htm,48687,3528,data/interim/text/000093646821000013.txt.gz,000093646821000013,2021Q1,2021-01-28 17:08:55-05:00,2021-01-29,2021-01-29,2021-01-29,2021-01-28,280.7504272460937,102,1296
251,LMT,936468,LOCKHEED MARTIN CORP,3760,Guided Missiles & Space Vehicles & Parts,10-Q,2021-04-21,2021-03-28,2021-04-21 20:38:21+00:00,0000936468-21-000044,https://www.sec.gov/Archives/edgar/data/936468/000093646821000044/lmt-20210328.htm,12906,1711,data/interim/text/000093646821000044.txt.gz,000093646821000044,2021Q2,2021-04-21 16:38:21-04:00,2021-04-22,2021-04-22,2021-04-22,2021-04-21,334.0694885253906,159,1239
252,LMT,936468,LOCKHEED MARTIN CORP,3760,Guided Missiles & Space Vehicles & Parts,10-Q,2021-07-26,2021-06-27,2021-07-26 20:15:03+00:00,0000936468-21-000072,https://www.sec.gov/Archives/edgar/data/936468/000093646821000072/lmt-20210627.htm,15090,1793,data/interim/text/000093646821000072.txt.gz,000093646821000072,2021Q3,2021-07-26 16:15:03-04:00,2021-07-27,2021-07-27,2021-07-27,2021-07-26,319.6598205566406,225,1173
253,LMT,936468,LOCKHEED MARTIN CORP,3760,Guided Missiles & Space Vehicles & Parts,10-Q,2021-10-26,2021-09-26,2021-10-26 20:33:36+00:00,0000936468-21-000101,https://www.sec.gov/Archives/edgar/data/936468/000093646821000101/lmt-20210926.htm,17633,1926,data/interim/text/000093646821000101.txt.gz,000093646821000101,2021Q4,2021-10-26 16:33:36-04:00,2021-10-27,2021-10-27,2021-10-27,2021-10-26,290.3565673828125,290,1108
254,LMT,936468,LOCKHEED MARTIN CORP,3760,Guided Missiles & Space Vehicles & Parts,10-K,2022-01-25,2021-12-31,2022-01-25 12:58:39+00:00,0000936468-22-000008,https://www.sec.gov/Archives/edgar/data/936468/000093646822000008/lmt-20211231.htm,47634,3575,data/interim/text/000093646822000008.txt.gz,000093646822000008,2022Q1,2022-01-25 07:58:39-05:00,2022-01-25,2022-01-25,2022-01-25,2022-01-24,329.2929992675781,351,1047
255,LMT,936468,LOCKHEED MARTIN CORP,3760,Guided Missiles & Space Vehicles & Parts,10-Q,2022-04-20,2022-03-27,2022-04-20 20:31:57+00:00,0000936468-22-000048,https://www.sec.gov/Archives/edgar/data/936468/000093646822000048/lmt-20220327.htm,11778,1705,data/interim/text/000093646822000048.txt.gz,000093646822000048,2022Q2,2022-04-20 16:31:57-04:00,2022-04-21,2022-04-21,2022-04-21,2022-04-20,403.0889587402344,411,987
256,LMT,936468,LOCKHEED MARTIN CORP,3760,Guided Missiles & Space Vehicles & Parts,10-Q,2022-07-19,2022-06-26,2022-07-19 20:25:15+00:00,0000936468-22-000096,https://www.sec.gov/Archives/edgar/data/936468/000093646822000096/lmt-20220626.htm,16118,1860,data/interim/text/000093646822000096.txt.gz,000093646822000096,2022Q3,2022-07-19 16:25:15-04:00,2022-07-20,2022-07-20,2022-07-20,2022-07-19,348.8705749511719,472,926
257,LMT,936468,LOCKHEED MARTIN CORP,3760,Guided Missiles & Space Vehicles & Parts,10-Q,2022-10-18,2022-09-25,2022-10-18 20:19:45+00:00,0000936468-22-000120,https://www.sec.gov/Archives/edgar/data/936468/000093646822000120/lmt-20220925.htm,15362,1851,data/interim/text/000093646822000120.txt.gz,000093646822000120,2022Q4,2022-10-18 16:19:45-04:00,2022-10-19,2022-10-19,2022-10-19,2022-10-18,388.48089599609375,536,862
258,LMT,936468,LOCKHEED MARTIN CORP,3760,Guided Missiles & Space Vehicles & Parts,10-K,2023-01-26,2022-12-31,2023-01-26 21:29:45+00:00,0000936468-23-000009,https://www.sec.gov/Archives/edgar/data/936468/000093646823000009/lmt-20221231.htm,45630,3545,data/interim/text/000093646823000009.txt.gz,000093646823000009,2023Q1,2023-01-26 16:29:45-05:00,2023-01-27,2023-01-27,2023-01-27,2023-01-26,416.221923828125,604,794
259,LMT,936468,LOCKHEED MARTIN CORP,3760,Guided Missiles & Space Vehicles & Parts,10-Q,2023-04-18,2023-03-26,2023-04-18 20:19:29+00:00,0000936468-23-000051,https://www.sec.gov/Archives/edgar/data/936468/000093646823000051/lmt-20230326.htm,11648,1674,data/interim/text/000093646823000051.txt.gz,000093646823000051,2023Q2,2023-04-18 16:19:29-04:00,2023-04-19,2023-04-19,2023-04-19,2023-04-18,456.7360229492188,660,738
260,LMT,936468,LOCKHEED MARTIN CORP,3760,Guided Missiles & Space Vehicles & Parts,10-Q,2023-07-19,2023-06-25,2023-07-18 22:43:40+00:00,0000936468-23-000099,https://www.sec.gov/Archives/edgar/data/936468/000093646823000099/lmt-20230625.htm,12791,1686,data/interim/text/000093646823000099.txt.gz,000093646823000099,2023Q3,2023-07-18 18:43:40-04:00,2023-07-19,2023-07-19,2023-07-19,2023-07-18,417.8972473144531,722,676
261,LMT,936468,LOCKHEED MARTIN CORP,3760,Guided Missiles & Space Vehicles & Parts,10-Q,2023-10-17,2023-09-24,2023-10-17 20:11:06+00:00,0000936468-23-000123,https://www.sec.gov/Archives/edgar/data/936468/000093646823000123/lmt-20230924.htm,13277,1746,data/interim/text/000093646823000123.txt.gz,000093646823000123,2023Q4,2023-10-17 16:11:06-04:00,2023-10-18,2023-10-18,2023-10-18,2023-10-17,407.2363586425781,786,612
262,LMT,936468,LOCKHEED MARTIN CORP,3760,Guided Missiles & Space Vehicles & Parts,10-K,2024-01-23,2023-12-31,2024-01-23 21:17:08+00:00,0000936468-24-000010,https://www.sec.gov/Archives/edgar/data/936468/000093646824000010/lmt-20231231.htm,41113,3463,data/interim/text/000093646824000010.txt.gz,000093646824000010,2024Q1,2024-01-23 16:17:08-05:00,2024-01-24,2024-01-24,2024-01-24,2024-01-23,408.7820434570313,852,546
263,LMT,936468,LOCKHEED MARTIN CORP,3760,Guided Missiles & Space Vehicles & Parts,10-Q,2024-04-23,2024-03-31,2024-04-23 20:15:51+00:00,0000936468-24-000052,https://www.sec.gov/Archives/edgar/data/936468/000093646824000052/lmt-20240331.htm,10749,1655,data/interim/text/000093646824000052.txt.gz,000093646824000052,2024Q2,2024-04-23 16:15:51-04:00,2024-04-24,2024-04-24,2024-04-24,2024-04-23,430.8966369628906,915,483
264,LMT,936468,LOCKHEED MARTIN CORP,3760,Guided Missiles & Space Vehicles & Parts,10-Q,2024-07-23,2024-06-30,2024-07-23 20:14:20+00:00,0000936468-24-000095,https://www.sec.gov/Archives/edgar/data/936468/000093646824000095/lmt-20240630.htm,12485,1686,data/interim/text/000093646824000095.txt.gz,000093646824000095,2024Q3,2024-07-23 16:14:20-04:00,2024-07-24,2024-07-24,2024-07-24,2024-07-23,472.658203125,977,421
265,LMT,936468,LOCKHEED MARTIN CORP,3760,Guided Missiles & Space Vehicles & Parts,10-Q,2024-10-22,2024-09-29,2024-10-22 20:28:35+00:00,0000936468-24-000110,https://www.sec.gov/Archives/edgar/data/936468/000093646824000110/lmt-20240929.htm,12579,1725,data/interim/text/000093646824000110.txt.gz,000093646824000110,2024Q4,2024-10-22 16:28:35-04:00,2024-10-23,2024-10-23,2024-10-23,2024-10-22,547.0582885742188,1041,357
266,LMT,936468,LOCKHEED MARTIN CORP,3760,Guided Missiles & Space Vehicles & Parts,10-K,2025-01-28,2024-12-31,2025-01-28 21:12:50+00:00,0000936468-25-000009,https://www.sec.gov/Archives/edgar/data/936468/000093646825000009/lmt-20241231.htm,40075,3405,data/interim/text/000093646825000009.txt.gz,000093646825000009,2025Q1,2025-01-28 16:12:50-05:00,2025-01-29,2025-01-29,2025-01-29,2025-01-28,436.4476013183594,1106,292
267,LMT,936468,LOCKHEED MARTIN CORP,3760,Guided Missiles & Space Vehicles & Parts,10-Q,2025-04-22,2025-03-30,2025-04-22 21:03:01+00:00,0000936468-25-000035,https://www.sec.gov/Archives/edgar/data/936468/000093646825000035/lmt-20250330.htm,11035,1706,data/interim/text/000093646825000035.txt.gz,000093646825000035,2025Q2,2025-04-22 17:03:01-04:00,2025-04-23,2025-04-23,2025-04-23,2025-04-22,444.1192626953125,1164,234
268,LMT,936468,LOCKHEED MARTIN CORP,3760,Guided Missiles & Space Vehicles & Parts,10-Q,2025-07-22,2025-06-29,2025-07-22 20:21:03+00:00,0001628280-25-035565,https://www.sec.gov/Archives/edgar/data/936468/000162828025035565/lmt-20250629.htm,13172,1764,data/interim/text/000162828025035565.txt.gz,000162828025035565,2025Q3,2025-07-22 16:21:03-04:00,2025-07-23,2025-07-23,2025-07-23,2025-07-22,397.4941101074219,1226,172
269,LMT,936468,LOCKHEED MARTIN CORP,3760,Guided Missiles & Space Vehicles & Parts,10-Q,2025-10-21,2025-09-28,2025-10-21 20:14:32+00:00,0001628280-25-045693,https://www.sec.gov/Archives/edgar/data/936468/000162828025045693/lmt-20250928.htm,12175,1734,data/interim/text/000162828025045693.txt.gz,000162828025045693,2025Q4,2025-10-21 16:14:32-04:00,2025-10-22,2025-10-22,2025-10-22,2025-10-21,477.1701965332031,1290,108
270,AMZN,1018724,AMAZON COM INC,5961,Retail-Catalog & Mail-Order Houses,10-K,2021-02-03,2020-12-31,2021-02-03 00:44:10+00:00,0001018724-21-000004,https://www.sec.gov/Archives/edgar/data/1018724/000101872421000004/amzn-20201231.htm,21546,2363,data/interim/text/000101872421000004.txt.gz,000101872421000004,2021Q1,2021-02-02 19:44:10-05:00,2021-02-03,2021-02-03,2021-02-03,2021-02-02,169.0,105,1293
271,AMZN,1018724,AMAZON COM INC,5961,Retail-Catalog & Mail-Order Houses,10-Q,2021-04-30,2021-03-31,2021-04-29 22:48:35+00:00,0001018724-21-000010,https://www.sec.gov/Archives/edgar/data/1018724/000101872421000010/amzn-20210331.htm,15001,1905,data/interim/text/000101872421000010.txt.gz,000101872421000010,2021Q2,2021-04-29 18:48:35-04:00,2021-04-30,2021-04-30,2021-04-30,2021-04-29,173.5655059814453,165,1233
272,AMZN,1018724,AMAZON COM INC,5961,Retail-Catalog & Mail-Order Houses,10-Q,2021-07-30,2021-06-30,2021-07-29 23:02:39+00:00,0001018724-21-000020,https://www.sec.gov/Archives/edgar/data/1018724/000101872421000020/amzn-20210630.htm,15452,1906,data/interim/text/000101872421000020.txt.gz,000101872421000020,2021Q3,2021-07-29 19:02:39-04:00,2021-07-30,2021-07-30,2021-07-30,2021-07-29,179.99600219726562,228,1170
273,AMZN,1018724,AMAZON COM INC,5961,Retail-Catalog & Mail-Order Houses,10-Q,2021-10-29,2021-09-30,2021-10-28 22:29:31+00:00,0001018724-21-000028,https://www.sec.gov/Archives/edgar/data/1018724/000101872421000028/amzn-20210930.htm,15335,1898,data/interim/text/000101872421000028.txt.gz,000101872421000028,2021Q4,2021-10-28 18:29:31-04:00,2021-10-29,2021-10-29,2021-10-29,2021-10-28,172.32850646972656,292,1106
274,AMZN,1018724,AMAZON COM INC,5961,Retail-Catalog & Mail-Order Houses,10-K,2022-02-04,2021-12-31,2022-02-03 23:46:51+00:00,0001018724-22-000005,https://www.sec.gov/Archives/edgar/data/1018724/000101872422000005/amzn-20211231.htm,21523,2355,data/interim/text/000101872422000005.txt.gz,000101872422000005,2022Q1,2022-02-03 18:46:51-05:00,2022-02-04,2022-02-04,2022-02-04,2022-02-03,138.8455047607422,359,1039
275,AMZN,1018724,AMAZON COM INC,5961,Retail-Catalog & Mail-Order Houses,10-Q,2022-04-29,2022-03-31,2022-04-28 22:29:24+00:00,0001018724-22-000013,https://www.sec.gov/Archives/edgar/data/1018724/000101872422000013/amzn-20220331.htm,15302,1936,data/interim/text/000101872422000013.txt.gz,000101872422000013,2022Q2,2022-04-28 18:29:24-04:00,2022-04-29,2022-04-29,2022-04-29,2022-04-28,144.59649658203125,417,981
276,AMZN,1018724,AMAZON COM INC,5961,Retail-Catalog & Mail-Order Houses,10-Q,2022-07-29,2022-06-30,2022-07-28 22:24:06+00:00,0001018724-22-000019,https://www.sec.gov/Archives/edgar/data/1018724/000101872422000019/amzn-20220630.htm,15856,1949,data/interim/text/000101872422000019.txt.gz,000101872422000019,2022Q3,2022-07-28 18:24:06-04:00,2022-07-29,2022-07-29,2022-07-29,2022-07-28,122.27999877929688,479,919
277,AMZN,1018724,AMAZON COM INC,5961,Retail-Catalog & Mail-Order Houses,10-Q,2022-10-28,2022-09-30,2022-10-27 22:23:57+00:00,0001018724-22-000023,https://www.sec.gov/Archives/edgar/data/1018724/000101872422000023/amzn-20220930.htm,15775,1924,data/interim/text/000101872422000023.txt.gz,000101872422000023,2022Q4,2022-10-27 18:23:57-04:00,2022-10-28,2022-10-28,2022-10-28,2022-10-27,110.95999908447266,543,855
278,AMZN,1018724,AMAZON COM INC,5961,Retail-Catalog & Mail-Order Houses,10-K,2023-02-03,2022-12-31,2023-02-02 23:27:34+00:00,0001018724-23-000004,https://www.sec.gov/Archives/edgar/data/1018724/000101872423000004/amzn-20221231.htm,22204,2409,data/interim/text/000101872423000004.txt.gz,000101872423000004,2023Q1,2023-02-02 18:27:34-05:00,2023-02-03,2023-02-03,2023-02-03,2023-02-02,112.91000366210938,609,789
279,AMZN,1018724,AMAZON COM INC,5961,Retail-Catalog & Mail-Order Houses,10-Q,2023-04-28,2023-03-31,2023-04-27 22:24:51+00:00,0001018724-23-000008,https://www.sec.gov/Archives/edgar/data/1018724/000101872423000008/amzn-20230331.htm,15478,1960,data/interim/text/000101872423000008.txt.gz,000101872423000008,2023Q2,2023-04-27 18:24:51-04:00,2023-04-28,2023-04-28,2023-04-28,2023-04-27,109.81999969482422,667,731
280,AMZN,1018724,AMAZON COM INC,5961,Retail-Catalog & Mail-Order Houses,10-Q,2023-08-04,2023-06-30,2023-08-03 22:24:35+00:00,0001018724-23-000012,https://www.sec.gov/Archives/edgar/data/1018724/000101872423000012/amzn-20230630.htm,15791,1954,data/interim/text/000101872423000012.txt.gz,000101872423000012,2023Q3,2023-08-03 18:24:35-04:00,2023-08-04,2023-08-04,2023-08-04,2023-08-03,128.91000366210938,734,664
281,AMZN,1018724,AMAZON COM INC,5961,Retail-Catalog & Mail-Order Houses,10-Q,2023-10-27,2023-09-30,2023-10-26 22:36:51+00:00,0001018724-23-000018,https://www.sec.gov/Archives/edgar/data/1018724/000101872423000018/amzn-20230930.htm,16040,1957,data/interim/text/000101872423000018.txt.gz,000101872423000018,2023Q4,2023-10-26 18:36:51-04:00,2023-10-27,2023-10-27,2023-10-27,2023-10-26,119.56999969482422,793,605
282,AMZN,1018724,AMAZON COM INC,5961,Retail-Catalog & Mail-Order Houses,10-K,2024-02-02,2023-12-31,2024-02-01 23:48:30+00:00,0001018724-24-000008,https://www.sec.gov/Archives/edgar/data/1018724/000101872424000008/amzn-20231231.htm,23305,2506,data/interim/text/000101872424000008.txt.gz,000101872424000008,2024Q1,2024-02-01 18:48:30-05:00,2024-02-02,2024-02-02,2024-02-02,2024-02-01,159.27999877929688,859,539
283,AMZN,1018724,AMAZON COM INC,5961,Retail-Catalog & Mail-Order Houses,10-Q,2024-05-01,2024-03-31,2024-04-30 22:38:29+00:00,0001018724-24-000083,https://www.sec.gov/Archives/edgar/data/1018724/000101872424000083/amzn-20240331.htm,15789,1990,data/interim/text/000101872424000083.txt.gz,000101872424000083,2024Q2,2024-04-30 18:38:29-04:00,2024-05-01,2024-05-01,2024-05-01,2024-04-30,175.0,920,478
284,AMZN,1018724,AMAZON COM INC,5961,Retail-Catalog & Mail-Order Houses,10-Q,2024-08-02,2024-06-30,2024-08-01 22:39:50+00:00,0001018724-24-000130,https://www.sec.gov/Archives/edgar/data/1018724/000101872424000130/amzn-20240630.htm,16131,1989,data/interim/text/000101872424000130.txt.gz,000101872424000130,2024Q3,2024-08-01 18:39:50-04:00,2024-08-02,2024-08-02,2024-08-02,2024-08-01,184.07000732421875,984,414
285,AMZN,1018724,AMAZON COM INC,5961,Retail-Catalog & Mail-Order Houses,10-Q,2024-11-01,2024-09-30,2024-10-31 22:44:54+00:00,0001018724-24-000161,https://www.sec.gov/Archives/edgar/data/1018724/000101872424000161/amzn-20240930.htm,16660,2043,data/interim/text/000101872424000161.txt.gz,000101872424000161,2024Q4,2024-10-31 18:44:54-04:00,2024-11-01,2024-11-01,2024-11-01,2024-10-31,186.3999938964844,1048,350
286,AMZN,1018724,AMAZON COM INC,5961,Retail-Catalog & Mail-Order Houses,10-K,2025-02-07,2024-12-31,2025-02-06 23:40:29+00:00,0001018724-25-000004,https://www.sec.gov/Archives/edgar/data/1018724/000101872425000004/amzn-20241231.htm,22639,2465,data/interim/text/000101872425000004.txt.gz,000101872425000004,2025Q1,2025-02-06 18:40:29-05:00,2025-02-07,2025-02-07,2025-02-07,2025-02-06,238.8300018310547,1113,285
287,AMZN,1018724,AMAZON COM INC,5961,Retail-Catalog & Mail-Order Houses,10-Q,2025-05-02,2025-03-31,2025-05-01 22:14:53+00:00,0001018724-25-000036,https://www.sec.gov/Archives/edgar/data/1018724/000101872425000036/amzn-20250331.htm,15609,1988,data/interim/text/000101872425000036.txt.gz,000101872425000036,2025Q2,2025-05-01 18:14:53-04:00,2025-05-02,2025-05-02,2025-05-02,2025-05-01,190.1999969482422,1171,227
288,AMZN,1018724,AMAZON COM INC,5961,Retail-Catalog & Mail-Order Houses,10-Q,2025-08-01,2025-06-30,2025-07-31 22:13:08+00:00,0001018724-25-000086,https://www.sec.gov/Archives/edgar/data/1018724/000101872425000086/amzn-20250630.htm,16073,1995,data/interim/text/000101872425000086.txt.gz,000101872425000086,2025Q3,2025-07-31 18:13:08-04:00,2025-08-01,2025-08-01,2025-08-01,2025-07-31,234.1100006103516,1233,165
289,AMZN,1018724,AMAZON COM INC,5961,Retail-Catalog & Mail-Order Houses,10-Q,2025-10-31,2025-09-30,2025-10-30 22:18:21+00:00,0001018724-25-000123,https://www.sec.gov/Archives/edgar/data/1018724/000101872425000123/amzn-20250930.htm,16609,2047,data/interim/text/000101872425000123.txt.gz,000101872425000123,2025Q4,2025-10-30 18:18:21-04:00,2025-10-31,2025-10-31,2025-10-31,2025-10-30,222.8600006103516,1297,101
290,CERS,1020214,CERUS CORP,3841,Surgical & Medical Instruments & Apparatus,10-K,2021-02-25,2020-12-31,2021-02-25 22:20:41+00:00,0001564590-21-008958,https://www.sec.gov/Archives/edgar/data/1020214/000156459021008958/cers-10k_20201231.htm,69400,4126,data/interim/text/000156459021008958.txt.gz,000156459021008958,2021Q1,2021-02-25 17:20:41-05:00,2021-02-26,2021-02-26,2021-02-26,2021-02-25,6.449999809265137,121,1277
291,CERS,1020214,CERUS CORP,3841,Surgical & Medical Instruments & Apparatus,10-Q,2021-05-04,2021-03-31,2021-05-04 21:16:24+00:00,0001564590-21-023418,https://www.sec.gov/Archives/edgar/data/1020214/000156459021023418/cers-10q_20210331.htm,50166,3577,data/interim/text/000156459021023418.txt.gz,000156459021023418,2021Q2,2021-05-04 17:16:24-04:00,2021-05-05,2021-05-05,2021-05-05,2021-05-04,5.599999904632568,168,1230
292,CERS,1020214,CERUS CORP,3841,Surgical & Medical Instruments & Apparatus,10-Q,2021-08-03,2021-06-30,2021-08-03 21:01:42+00:00,0001564590-21-040301,https://www.sec.gov/Archives/edgar/data/1020214/000156459021040301/cers-10q_20210630.htm,51766,3644,data/interim/text/000156459021040301.txt.gz,000156459021040301,2021Q3,2021-08-03 17:01:42-04:00,2021-08-04,2021-08-04,2021-08-04,2021-08-03,5.130000114440918,231,1167
293,CERS,1020214,CERUS CORP,3841,Surgical & Medical Instruments & Apparatus,10-Q,2021-11-02,2021-09-30,2021-11-02 21:16:08+00:00,0001564590-21-053617,https://www.sec.gov/Archives/edgar/data/1020214/000156459021053617/cers-10q_20210930.htm,50652,3600,data/interim/text/000156459021053617.txt.gz,000156459021053617,2021Q4,2021-11-02 17:16:08-04:00,2021-11-03,2021-11-03,2021-11-03,2021-11-02,6.690000057220459,295,1103
294,CERS,1020214,CERUS CORP,3841,Surgical & Medical Instruments & Apparatus,10-K,2022-02-22,2021-12-31,2022-02-22 22:14:46+00:00,0000950170-22-001641,https://www.sec.gov/Archives/edgar/data/1020214/000095017022001641/cers-20211231.htm,63554,4076,data/interim/text/000095017022001641.txt.gz,000095017022001641,2022Q1,2022-02-22 17:14:46-05:00,2022-02-23,2022-02-23,2022-02-23,2022-02-22,5.25,371,1027
295,CERS,1020214,CERUS CORP,3841,Surgical & Medical Instruments & Apparatus,10-Q,2022-05-05,2022-03-31,2022-05-05 21:02:21+00:00,0000950170-22-007920,https://www.sec.gov/Archives/edgar/data/1020214/000095017022007920/cers-20220331.htm,41674,3351,data/interim/text/000095017022007920.txt.gz,000095017022007920,2022Q2,2022-05-05 17:02:21-04:00,2022-05-06,2022-05-06,2022-05-06,2022-05-05,4.800000190734863,422,976
296,CERS,1020214,CERUS CORP,3841,Surgical & Medical Instruments & Apparatus,10-Q,2022-08-04,2022-06-30,2022-08-04 21:02:26+00:00,0000950170-22-014855,https://www.sec.gov/Archives/edgar/data/1020214/000095017022014855/cers-20220630.htm,43331,3429,data/interim/text/000095017022014855.txt.gz,000095017022014855,2022Q3,2022-08-04 17:02:26-04:00,2022-08-05,2022-08-05,2022-08-05,2022-08-04,5.820000171661377,484,914
297,CERS,1020214,CERUS CORP,3841,Surgical & Medical Instruments & Apparatus,10-Q,2022-11-03,2022-09-30,2022-11-03 21:05:19+00:00,0000950170-22-021968,https://www.sec.gov/Archives/edgar/data/1020214/000095017022021968/cers-20220930.htm,43838,3438,data/interim/text/000095017022021968.txt.gz,000095017022021968,2022Q4,2022-11-03 17:05:19-04:00,2022-11-04,2022-11-04,2022-11-04,2022-11-03,3.380000114440918,548,850
298,ISRG,1035267,INTUITIVE SURGICAL INC,3842,"Orthopedic, Prosthetic & Surgical Appliances & Supplies",10-K,2021-02-10,2020-12-31,2021-02-10 02:47:57+00:00,0001035267-21-000028,https://www.sec.gov/Archives/edgar/data/1035267/000103526721000028/isrg-20201231.htm,59938,4520,data/interim/text/000103526721000028.txt.gz,000103526721000028,2021Q1,2021-02-09 21:47:57-05:00,2021-02-10,2021-02-10,2021-02-10,2021-02-09,259.7833251953125,110,1288
299,ISRG,1035267,INTUITIVE SURGICAL INC,3842,"Orthopedic, Prosthetic & Surgical Appliances & Supplies",10-Q,2021-04-21,2021-03-31,2021-04-21 20:25:33+00:00,0001035267-21-000067,https://www.sec.gov/Archives/edgar/data/1035267/000103526721000067/isrg-20210331.htm,14825,2000,data/interim/text/000103526721000067.txt.gz,000103526721000067,2021Q2,2021-04-21 16:25:33-04:00,2021-04-22,2021-04-22,2021-04-22,2021-04-21,297.1266784667969,159,1239
300,ISRG,1035267,INTUITIVE SURGICAL INC,3842,"Orthopedic, Prosthetic & Surgical Appliances & Supplies",10-Q,2021-07-21,2021-06-30,2021-07-21 21:14:15+00:00,0001035267-21-000119,https://www.sec.gov/Archives/edgar/data/1035267/000103526721000119/isrg-20210630.htm,17725,2139,data/interim/text/000103526721000119.txt.gz,000103526721000119,2021Q3,2021-07-21 17:14:15-04:00,2021-07-22,2021-07-22,2021-07-22,2021-07-21,314.9800109863281,222,1176
301,ISRG,1035267,INTUITIVE SURGICAL INC,3842,"Orthopedic, Prosthetic & Surgical Appliances & Supplies",10-Q,2021-10-20,2021-09-30,2021-10-20 21:01:06+00:00,0001035267-21-000178,https://www.sec.gov/Archives/edgar/data/1035267/000103526721000178/isrg-20210930.htm,18411,2192,data/interim/text/000103526721000178.txt.gz,000103526721000178,2021Q4,2021-10-20 17:01:06-04:00,2021-10-21,2021-10-21,2021-10-21,2021-10-20,339.79998779296875,286,1112
302,ISRG,1035267,INTUITIVE SURGICAL INC,3842,"Orthopedic, Prosthetic & Surgical Appliances & Supplies",10-K,2022-02-03,2021-12-31,2022-02-03 21:59:03+00:00,0001035267-22-000014,https://www.sec.gov/Archives/edgar/data/1035267/000103526722000014/isrg-20211231.htm,64060,4765,data/interim/text/000103526722000014.txt.gz,000103526722000014,2022Q1,2022-02-03 16:59:03-05:00,2022-02-04,2022-02-04,2022-02-04,2022-02-03,285.6000061035156,359,1039
303,ISRG,1035267,INTUITIVE SURGICAL INC,3842,"Orthopedic, Prosthetic & Surgical Appliances & Supplies",10-Q,2022-04-22,2022-03-31,2022-04-22 21:26:40+00:00,0001035267-22-000085,https://www.sec.gov/Archives/edgar/data/1035267/000103526722000085/isrg-20220331.htm,15839,2126,data/interim/text/000103526722000085.txt.gz,000103526722000085,2022Q2,2022-04-22 17:26:40-04:00,2022-04-23,2022-04-23,2022-04-25,2022-04-22,252.33999633789065,413,985
304,ISRG,1035267,INTUITIVE SURGICAL INC,3842,"Orthopedic, Prosthetic & Surgical Appliances & Supplies",10-Q,2022-07-22,2022-06-30,2022-07-22 21:24:57+00:00,0001035267-22-000128,https://www.sec.gov/Archives/edgar/data/1035267/000103526722000128/isrg-20220630.htm,17902,2167,data/interim/text/000103526722000128.txt.gz,000103526722000128,2022Q3,2022-07-22 17:24:57-04:00,2022-07-23,2022-07-23,2022-07-25,2022-07-22,211.8500061035156,475,923
305,ISRG,1035267,INTUITIVE SURGICAL INC,3842,"Orthopedic, Prosthetic & Surgical Appliances & Supplies",10-Q,2022-10-21,2022-09-30,2022-10-21 21:03:02+00:00,0001035267-22-000169,https://www.sec.gov/Archives/edgar/data/1035267/000103526722000169/isrg-20220930.htm,18704,2322,data/interim/text/000103526722000169.txt.gz,000103526722000169,2022Q4,2022-10-21 17:03:02-04:00,2022-10-22,2022-10-22,2022-10-24,2022-10-21,218.4900054931641,539,859
306,ISRG,1035267,INTUITIVE SURGICAL INC,3842,"Orthopedic, Prosthetic & Surgical Appliances & Supplies",10-K,2023-02-10,2022-12-31,2023-02-10 22:11:19+00:00,0001035267-23-000019,https://www.sec.gov/Archives/edgar/data/1035267/000103526723000019/isrg-20221231.htm,66639,4817,data/interim/text/000103526723000019.txt.gz,000103526723000019,2023Q1,2023-02-10 17:11:19-05:00,2023-02-11,2023-02-11,2023-02-13,2023-02-10,245.2700042724609,615,783
307,ISRG,1035267,INTUITIVE SURGICAL INC,3842,"Orthopedic, Prosthetic & Surgical Appliances & Supplies",10-Q,2023-04-20,2023-03-31,2023-04-20 20:45:19+00:00,0001035267-23-000092,https://www.sec.gov/Archives/edgar/data/1035267/000103526723000092/isrg-20230331.htm,17803,2296,data/interim/text/000103526723000092.txt.gz,000103526723000092,2023Q2,2023-04-20 16:45:19-04:00,2023-04-21,2023-04-21,2023-04-21,2023-04-20,297.4100036621094,662,736
308,ISRG,1035267,INTUITIVE SURGICAL INC,3842,"Orthopedic, Prosthetic & Surgical Appliances & Supplies",10-Q,2023-07-24,2023-06-30,2023-07-21 23:22:59+00:00,0001035267-23-000159,https://www.sec.gov/Archives/edgar/data/1035267/000103526723000159/isrg-20230630.htm,20131,2337,data/interim/text/000103526723000159.txt.gz,000103526723000159,2023Q3,2023-07-21 19:22:59-04:00,2023-07-22,2023-07-24,2023-07-24,2023-07-21,336.6600036621094,725,673
309,ISRG,1035267,INTUITIVE SURGICAL INC,3842,"Orthopedic, Prosthetic & Surgical Appliances & Supplies",10-Q,2023-10-20,2023-09-30,2023-10-20 21:04:46+00:00,0001035267-23-000196,https://www.sec.gov/Archives/edgar/data/1035267/000103526723000196/isrg-20230930.htm,21336,2462,data/interim/text/000103526723000196.txt.gz,000103526723000196,2023Q4,2023-10-20 17:04:46-04:00,2023-10-21,2023-10-21,2023-10-23,2023-10-20,266.9100036621094,789,609
310,ISRG,1035267,INTUITIVE SURGICAL INC,3842,"Orthopedic, Prosthetic & Surgical Appliances & Supplies",10-K,2024-01-31,2023-12-31,2024-01-31 22:16:45+00:00,0001035267-24-000021,https://www.sec.gov/Archives/edgar/data/1035267/000103526724000021/isrg-20231231.htm,70174,4934,data/interim/text/000103526724000021.txt.gz,000103526724000021,2024Q1,2024-01-31 17:16:45-05:00,2024-02-01,2024-02-01,2024-02-01,2024-01-31,378.2200012207031,858,540
311,ISRG,1035267,INTUITIVE SURGICAL INC,3842,"Orthopedic, Prosthetic & Surgical Appliances & Supplies",10-Q,2024-04-19,2024-03-31,2024-04-19 13:00:40+00:00,0001035267-24-000137,https://www.sec.gov/Archives/edgar/data/1035267/000103526724000137/isrg-20240331.htm,15476,2083,data/interim/text/000103526724000137.txt.gz,000103526724000137,2024Q2,2024-04-19 09:00:40-04:00,2024-04-19,2024-04-19,2024-04-19,2024-04-18,372.6300048828125,912,486
312,ISRG,1035267,INTUITIVE SURGICAL INC,3842,"Orthopedic, Prosthetic & Surgical Appliances & Supplies",10-Q,2024-07-19,2024-06-30,2024-07-19 21:03:43+00:00,0001035267-24-000207,https://www.sec.gov/Archives/edgar/data/1035267/000103526724000207/isrg-20240630.htm,16775,2059,data/interim/text/000103526724000207.txt.gz,000103526724000207,2024Q3,2024-07-19 17:03:43-04:00,2024-07-20,2024-07-20,2024-07-22,2024-07-19,455.010009765625,975,423
313,ISRG,1035267,INTUITIVE SURGICAL INC,3842,"Orthopedic, Prosthetic & Surgical Appliances & Supplies",10-Q,2024-10-18,2024-09-30,2024-10-18 20:45:39+00:00,0001035267-24-000247,https://www.sec.gov/Archives/edgar/data/1035267/000103526724000247/isrg-20240930.htm,16475,2037,data/interim/text/000103526724000247.txt.gz,000103526724000247,2024Q4,2024-10-18 16:45:39-04:00,2024-10-19,2024-10-19,2024-10-21,2024-10-18,521.1500244140625,1039,359
314,ISRG,1035267,INTUITIVE SURGICAL INC,3842,"Orthopedic, Prosthetic & Surgical Appliances & Supplies",10-K,2025-01-31,2024-12-31,2025-01-31 22:20:49+00:00,0001035267-25-000017,https://www.sec.gov/Archives/edgar/data/1035267/000103526725000017/isrg-20241231.htm,68827,4886,data/interim/text/000103526725000017.txt.gz,000103526725000017,2025Q1,2025-01-31 17:20:49-05:00,2025-02-01,2025-02-01,2025-02-03,2025-01-31,571.8800048828125,1109,289
315,ISRG,1035267,INTUITIVE SURGICAL INC,3842,"Orthopedic, Prosthetic & Surgical Appliances & Supplies",10-Q,2025-04-23,2025-03-31,2025-04-23 21:13:16+00:00,0001035267-25-000109,https://www.sec.gov/Archives/edgar/data/1035267/000103526725000109/isrg-20250331.htm,15378,2106,data/interim/text/000103526725000109.txt.gz,000103526725000109,2025Q2,2025-04-23 17:13:16-04:00,2025-04-24,2025-04-24,2025-04-24,2025-04-23,487.9299926757813,1165,233
316,ISRG,1035267,INTUITIVE SURGICAL INC,3842,"Orthopedic, Prosthetic & Surgical Appliances & Supplies",10-Q,2025-07-23,2025-06-30,2025-07-23 20:53:33+00:00,0001035267-25-000192,https://www.sec.gov/Archives/edgar/data/1035267/000103526725000192/isrg-20250630.htm,18132,2187,data/interim/text/000103526725000192.txt.gz,000103526725000192,2025Q3,2025-07-23 16:53:33-04:00,2025-07-24,2025-07-24,2025-07-24,2025-07-23,501.9500122070313,1227,171
317,ISRG,1035267,INTUITIVE SURGICAL INC,3842,"Orthopedic, Prosthetic & Surgical Appliances & Supplies",10-Q,2025-10-22,2025-09-30,2025-10-22 21:18:20+00:00,0001035267-25-000209,https://www.sec.gov/Archives/edgar/data/1035267/000103526725000209/isrg-20250930.htm,17556,2174,data/interim/text/000103526725000209.txt.gz,000103526725000209,2025Q4,2025-10-22 17:18:20-04:00,2025-10-23,2025-10-23,2025-10-23,2025-10-22,527.030029296875,1291,107
318,NVDA,1045810,NVIDIA CORP,3674,Semiconductors & Related Devices,10-K,2021-02-26,2021-01-31,2021-02-26 22:03:14+00:00,0001045810-21-000010,https://www.sec.gov/Archives/edgar/data/1045810/000104581021000010/nvda-20210131.htm,30251,3413,data/interim/text/000104581021000010.txt.gz,000104581021000010,2021Q1,2021-02-26 17:03:14-05:00,2021-02-27,2021-02-27,2021-03-01,2021-02-26,13.644112586975098,122,1276
319,NVDA,1045810,NVIDIA CORP,3674,Semiconductors & Related Devices,10-Q,2021-05-26,2021-05-02,2021-05-26 20:35:56+00:00,0001045810-21-000064,https://www.sec.gov/Archives/edgar/data/1045810/000104581021000064/nvda-20210502.htm,7987,1386,data/interim/text/000104581021000064.txt.gz,000104581021000064,2021Q2,2021-05-26 16:35:56-04:00,2021-05-27,2021-05-27,2021-05-27,2021-05-26,15.624814987182615,184,1214
320,NVDA,1045810,NVIDIA CORP,3674,Semiconductors & Related Devices,10-Q,2021-08-20,2021-08-01,2021-08-20 20:32:40+00:00,0001045810-21-000131,https://www.sec.gov/Archives/edgar/data/1045810/000104581021000131/nvda-20210801.htm,9711,1562,data/interim/text/000104581021000131.txt.gz,000104581021000131,2021Q3,2021-08-20 16:32:40-04:00,2021-08-21,2021-08-21,2021-08-23,2021-08-20,20.721059799194336,244,1154
321,NVDA,1045810,NVIDIA CORP,3674,Semiconductors & Related Devices,10-Q,2021-11-22,2021-10-31,2021-11-20 02:16:20+00:00,0001045810-21-000163,https://www.sec.gov/Archives/edgar/data/1045810/000104581021000163/nvda-20211031.htm,12650,1853,data/interim/text/000104581021000163.txt.gz,000104581021000163,2021Q4,2021-11-19 21:16:20-05:00,2021-11-20,2021-11-22,2021-11-22,2021-11-19,32.84035873413086,308,1090
322,NVDA,1045810,NVIDIA CORP,3674,Semiconductors & Related Devices,10-K,2022-03-18,2022-01-30,2022-03-18 00:33:34+00:00,0001045810-22-000036,https://www.sec.gov/Archives/edgar/data/1045810/000104581022000036/nvda-20220130.htm,30778,3511,data/interim/text/000104581022000036.txt.gz,000104581022000036,2022Q1,2022-03-17 20:33:34-04:00,2022-03-18,2022-03-18,2022-03-18,2022-03-17,24.664623260498047,388,1010
323,NVDA,1045810,NVIDIA CORP,3674,Semiconductors & Related Devices,10-Q,2022-05-27,2022-05-01,2022-05-27 20:21:55+00:00,0001045810-22-000079,https://www.sec.gov/Archives/edgar/data/1045810/000104581022000079/nvda-20220501.htm,11278,1687,data/interim/text/000104581022000079.txt.gz,000104581022000079,2022Q2,2022-05-27 16:21:55-04:00,2022-05-28,2022-05-28,2022-05-31,2022-05-27,18.733997344970703,438,960
324,NVDA,1045810,NVIDIA CORP,3674,Semiconductors & Related Devices,10-Q,2022-08-31,2022-07-31,2022-08-31 21:01:35+00:00,0001045810-22-000147,https://www.sec.gov/Archives/edgar/data/1045810/000104581022000147/nvda-20220731.htm,16163,2016,data/interim/text/000104581022000147.txt.gz,000104581022000147,2022Q3,2022-08-31 17:01:35-04:00,2022-09-01,2022-09-01,2022-09-01,2022-08-31,15.035386085510254,503,895
325,NVDA,1045810,NVIDIA CORP,3674,Semiconductors & Related Devices,10-Q,2022-11-18,2022-10-30,2022-11-18 21:35:31+00:00,0001045810-22-000166,https://www.sec.gov/Archives/edgar/data/1045810/000104581022000166/nvda-20221030.htm,13397,1802,data/interim/text/000104581022000166.txt.gz,000104581022000166,2022Q4,2022-11-18 16:35:31-05:00,2022-11-19,2022-11-19,2022-11-21,2022-11-18,15.353723526000977,559,839
326,NVDA,1045810,NVIDIA CORP,3674,Semiconductors & Related Devices,10-K,2023-02-24,2023-01-29,2023-02-24 22:23:43+00:00,0001045810-23-000017,https://www.sec.gov/Archives/edgar/data/1045810/000104581023000017/nvda-20230129.htm,32597,3538,data/interim/text/000104581023000017.txt.gz,000104581023000017,2023Q1,2023-02-24 17:23:43-05:00,2023-02-25,2023-02-25,2023-02-27,2023-02-24,23.208404541015625,624,774
327,NVDA,1045810,NVIDIA CORP,3674,Semiconductors & Related Devices,10-Q,2023-05-26,2023-04-30,2023-05-26 20:17:32+00:00,0001045810-23-000093,https://www.sec.gov/Archives/edgar/data/1045810/000104581023000093/nvda-20230430.htm,14201,1988,data/interim/text/000104581023000093.txt.gz,000104581023000093,2023Q2,2023-05-26 16:17:32-04:00,2023-05-27,2023-05-27,2023-05-30,2023-05-26,38.82280731201172,688,710
328,NVDA,1045810,NVIDIA CORP,3674,Semiconductors & Related Devices,10-Q,2023-08-28,2023-07-30,2023-08-25 23:36:34+00:00,0001045810-23-000175,https://www.sec.gov/Archives/edgar/data/1045810/000104581023000175/nvda-20230730.htm,14347,1883,data/interim/text/000104581023000175.txt.gz,000104581023000175,2023Q3,2023-08-25 19:36:34-04:00,2023-08-26,2023-08-28,2023-08-28,2023-08-25,45.87719345092773,750,648
329,NVDA,1045810,NVIDIA CORP,3674,Semiconductors & Related Devices,10-Q,2023-11-21,2023-10-29,2023-11-21 21:36:29+00:00,0001045810-23-000227,https://www.sec.gov/Archives/edgar/data/1045810/000104581023000227/nvda-20231029.htm,15249,1894,data/interim/text/000104581023000227.txt.gz,000104581023000227,2023Q4,2023-11-21 16:36:29-05:00,2023-11-22,2023-11-22,2023-11-22,2023-11-21,49.7952766418457,811,587
330,NVDA,1045810,NVIDIA CORP,3674,Semiconductors & Related Devices,10-K,2024-02-21,2024-01-28,2024-02-21 21:36:57+00:00,0001045810-24-000029,https://www.sec.gov/Archives/edgar/data/1045810/000104581024000029/nvda-20240128.htm,35783,3617,data/interim/text/000104581024000029.txt.gz,000104581024000029,2024Q1,2024-02-21 16:36:57-05:00,2024-02-22,2024-02-22,2024-02-22,2024-02-21,67.27702331542969,872,526
331,NVDA,1045810,NVIDIA CORP,3674,Semiconductors & Related Devices,10-Q,2024-05-29,2024-04-28,2024-05-29 20:36:32+00:00,0001045810-24-000124,https://www.sec.gov/Archives/edgar/data/1045810/000104581024000124/nvda-20240428.htm,12835,1762,data/interim/text/000104581024000124.txt.gz,000104581024000124,2024Q2,2024-05-29 16:36:32-04:00,2024-05-30,2024-05-30,2024-05-30,2024-05-29,114.49851989746094,940,458
332,NVDA,1045810,NVIDIA CORP,3674,Semiconductors & Related Devices,10-Q,2024-08-28,2024-07-28,2024-08-28 21:05:08+00:00,0001045810-24-000264,https://www.sec.gov/Archives/edgar/data/1045810/000104581024000264/nvda-20240728.htm,13813,1795,data/interim/text/000104581024000264.txt.gz,000104581024000264,2024Q3,2024-08-28 17:05:08-04:00,2024-08-29,2024-08-29,2024-08-29,2024-08-28,125.26314544677734,1003,395
333,NVDA,1045810,NVIDIA CORP,3674,Semiconductors & Related Devices,10-Q,2024-11-20,2024-10-27,2024-11-20 21:31:22+00:00,0001045810-24-000316,https://www.sec.gov/Archives/edgar/data/1045810/000104581024000316/nvda-20241027.htm,12908,1717,data/interim/text/000104581024000316.txt.gz,000104581024000316,2024Q4,2024-11-20 16:31:22-05:00,2024-11-21,2024-11-21,2024-11-21,2024-11-20,145.4995880126953,1062,336
334,NVDA,1045810,NVIDIA CORP,3674,Semiconductors & Related Devices,10-K,2025-02-26,2025-01-26,2025-02-26 21:48:33+00:00,0001045810-25-000023,https://www.sec.gov/Archives/edgar/data/1045810/000104581025000023/nvda-20250126.htm,36247,3615,data/interim/text/000104581025000023.txt.gz,000104581025000023,2025Q1,2025-02-26 16:48:33-05:00,2025-02-27,2025-02-27,2025-02-27,2025-02-26,130.9376983642578,1126,272
335,NVDA,1045810,NVIDIA CORP,3674,Semiconductors & Related Devices,10-Q,2025-05-28,2025-04-27,2025-05-28 20:32:57+00:00,0001045810-25-000116,https://www.sec.gov/Archives/edgar/data/1045810/000104581025000116/nvda-20250427.htm,12228,1757,data/interim/text/000104581025000116.txt.gz,000104581025000116,2025Q2,2025-05-28 16:32:57-04:00,2025-05-29,2025-05-29,2025-05-29,2025-05-28,134.4708709716797,1189,209
336,NVDA,1045810,NVIDIA CORP,3674,Semiconductors & Related Devices,10-Q,2025-08-27,2025-07-27,2025-08-27 20:52:07+00:00,0001045810-25-000209,https://www.sec.gov/Archives/edgar/data/1045810/000104581025000209/nvda-20250727.htm,11897,1708,data/interim/text/000104581025000209.txt.gz,000104581025000209,2025Q3,2025-08-27 16:52:07-04:00,2025-08-28,2025-08-28,2025-08-28,2025-08-27,181.1557464599609,1252,146
337,NVDA,1045810,NVIDIA CORP,3674,Semiconductors & Related Devices,10-Q,2025-11-19,2025-10-26,2025-11-19 21:36:17+00:00,0001045810-25-000230,https://www.sec.gov/Archives/edgar/data/1045810/000104581025000230/nvda-20251026.htm,14220,1907,data/interim/text/000104581025000230.txt.gz,000104581025000230,2025Q4,2025-11-19 16:36:17-05:00,2025-11-20,2025-11-20,2025-11-20,2025-11-19,186.0742034912109,1311,87
338,NFLX,1065280,NETFLIX INC,7841,Services-Video Tape Rental,10-K,2021-01-28,2020-12-31,2021-01-28 21:21:59+00:00,0001065280-21-000040,https://www.sec.gov/Archives/edgar/data/1065280/000106528021000040/nflx-20201231.htm,22371,2567,data/interim/text/000106528021000040.txt.gz,000106528021000040,2021Q1,2021-01-28 16:21:59-05:00,2021-01-29,2021-01-29,2021-01-29,2021-01-28,53.86000061035156,102,1296
339,NFLX,1065280,NETFLIX INC,7841,Services-Video Tape Rental,10-Q,2021-04-22,2021-03-31,2021-04-22 20:02:41+00:00,0001065280-21-000144,https://www.sec.gov/Archives/edgar/data/1065280/000106528021000144/nflx-20210331.htm,7096,1256,data/interim/text/000106528021000144.txt.gz,000106528021000144,2021Q2,2021-04-22 16:02:41-04:00,2021-04-23,2021-04-23,2021-04-23,2021-04-22,50.87799835205078,160,1238
340,NFLX,1065280,NETFLIX INC,7841,Services-Video Tape Rental,10-Q,2021-07-22,2021-06-30,2021-07-22 20:02:47+00:00,0001065280-21-000250,https://www.sec.gov/Archives/edgar/data/1065280/000106528021000250/nflx-20210630.htm,8129,1274,data/interim/text/000106528021000250.txt.gz,000106528021000250,2021Q3,2021-07-22 16:02:47-04:00,2021-07-23,2021-07-23,2021-07-23,2021-07-22,51.17699813842773,223,1175
341,NFLX,1065280,NETFLIX INC,7841,Services-Video Tape Rental,10-Q,2021-10-21,2021-09-30,2021-10-21 20:02:00+00:00,0001065280-21-000363,https://www.sec.gov/Archives/edgar/data/1065280/000106528021000363/nflx-20210930.htm,8108,1267,data/interim/text/000106528021000363.txt.gz,000106528021000363,2021Q4,2021-10-21 16:02:00-04:00,2021-10-22,2021-10-22,2021-10-22,2021-10-21,65.31600189208984,287,1111
342,NFLX,1065280,NETFLIX INC,7841,Services-Video Tape Rental,10-K,2022-01-27,2021-12-31,2022-01-27 22:03:33+00:00,0001065280-22-000036,https://www.sec.gov/Archives/edgar/data/1065280/000106528022000036/nflx-20211231.htm,21637,2519,data/interim/text/000106528022000036.txt.gz,000106528022000036,2022Q1,2022-01-27 17:03:33-05:00,2022-01-28,2022-01-28,2022-01-28,2022-01-27,38.66999816894531,354,1044
343,NFLX,1065280,NETFLIX INC,7841,Services-Video Tape Rental,10-Q,2022-04-21,2022-03-31,2022-04-21 20:03:01+00:00,0001065280-22-000145,https://www.sec.gov/Archives/edgar/data/1065280/000106528022000145/nflx-20220331.htm,6455,1173,data/interim/text/000106528022000145.txt.gz,000106528022000145,2022Q2,2022-04-21 16:03:01-04:00,2022-04-22,2022-04-22,2022-04-22,2022-04-21,21.82200050354004,412,986
344,NFLX,1065280,NETFLIX INC,7841,Services-Video Tape Rental,10-Q,2022-07-21,2022-06-30,2022-07-21 20:02:17+00:00,0001065280-22-000257,https://www.sec.gov/Archives/edgar/data/1065280/000106528022000257/nflx-20220630.htm,7488,1176,data/interim/text/000106528022000257.txt.gz,000106528022000257,2022Q3,2022-07-21 16:02:17-04:00,2022-07-22,2022-07-22,2022-07-22,2022-07-21,22.38800048828125,474,924
345,NFLX,1065280,NETFLIX INC,7841,Services-Video Tape Rental,10-Q,2022-10-20,2022-09-30,2022-10-20 20:04:17+00:00,0001065280-22-000368,https://www.sec.gov/Archives/edgar/data/1065280/000106528022000368/nflx-20220930.htm,7303,1178,data/interim/text/000106528022000368.txt.gz,000106528022000368,2022Q4,2022-10-20 16:04:17-04:00,2022-10-21,2022-10-21,2022-10-21,2022-10-20,26.81599998474121,538,860
346,NFLX,1065280,NETFLIX INC,7841,Services-Video Tape Rental,10-K,2023-01-26,2022-12-31,2023-01-26 21:03:50+00:00,0001065280-23-000035,https://www.sec.gov/Archives/edgar/data/1065280/000106528023000035/nflx-20221231.htm,21557,2536,data/interim/text/000106528023000035.txt.gz,000106528023000035,2023Q1,2023-01-26 16:03:50-05:00,2023-01-27,2023-01-27,2023-01-27,2023-01-26,36.48699951171875,604,794
347,NFLX,1065280,NETFLIX INC,7841,Services-Video Tape Rental,10-Q,2023-04-21,2023-03-31,2023-04-21 20:02:01+00:00,0001065280-23-000120,https://www.sec.gov/Archives/edgar/data/1065280/000106528023000120/nflx-20230331.htm,5522,1025,data/interim/text/000106528023000120.txt.gz,000106528023000120,2023Q2,2023-04-21 16:02:01-04:00,2023-04-22,2023-04-22,2023-04-24,2023-04-21,32.79800033569336,663,735
348,NFLX,1065280,NETFLIX INC,7841,Services-Video Tape Rental,10-Q,2023-07-21,2023-06-30,2023-07-21 20:02:00+00:00,0001065280-23-000198,https://www.sec.gov/Archives/edgar/data/1065280/000106528023000198/nflx-20230630.htm,6529,1055,data/interim/text/000106528023000198.txt.gz,000106528023000198,2023Q3,2023-07-21 16:02:00-04:00,2023-07-22,2023-07-22,2023-07-24,2023-07-21,42.75,725,673
349,NFLX,1065280,NETFLIX INC,7841,Services-Video Tape Rental,10-Q,2023-10-20,2023-09-30,2023-10-20 20:01:48+00:00,0001065280-23-000273,https://www.sec.gov/Archives/edgar/data/1065280/000106528023000273/nflx-20230930.htm,7024,1093,data/interim/text/000106528023000273.txt.gz,000106528023000273,2023Q4,2023-10-20 16:01:48-04:00,2023-10-21,2023-10-21,2023-10-23,2023-10-20,40.09600067138672,789,609
350,NFLX,1065280,NETFLIX INC,7841,Services-Video Tape Rental,10-K,2024-01-26,2023-12-31,2024-01-26 21:01:56+00:00,0001065280-24-000030,https://www.sec.gov/Archives/edgar/data/1065280/000106528024000030/nflx-20231231.htm,22756,2633,data/interim/text/000106528024000030.txt.gz,000106528024000030,2024Q1,2024-01-26 16:01:56-05:00,2024-01-27,2024-01-27,2024-01-29,2024-01-26,57.04199981689453,855,543
351,NFLX,1065280,NETFLIX INC,7841,Services-Video Tape Rental,10-Q,2024-04-22,2024-03-31,2024-04-22 20:01:53+00:00,0001065280-24-000128,https://www.sec.gov/Archives/edgar/data/1065280/000106528024000128/nflx-20240331.htm,5874,1037,data/interim/text/000106528024000128.txt.gz,000106528024000128,2024Q2,2024-04-22 16:01:53-04:00,2024-04-23,2024-04-23,2024-04-23,2024-04-22,55.459999084472656,914,484
352,NFLX,1065280,NETFLIX INC,7841,Services-Video Tape Rental,10-Q,2024-07-19,2024-06-30,2024-07-19 20:04:45+00:00,0001065280-24-000200,https://www.sec.gov/Archives/edgar/data/1065280/000106528024000200/nflx-20240630.htm,6754,1047,data/interim/text/000106528024000200.txt.gz,000106528024000200,2024Q3,2024-07-19 16:04:45-04:00,2024-07-20,2024-07-20,2024-07-22,2024-07-19,63.33399963378906,975,423
353,NFLX,1065280,NETFLIX INC,7841,Services-Video Tape Rental,10-Q,2024-10-18,2024-09-30,2024-10-18 20:01:49+00:00,0001065280-24-000287,https://www.sec.gov/Archives/edgar/data/1065280/000106528024000287/nflx-20240930.htm,7128,1071,data/interim/text/000106528024000287.txt.gz,000106528024000287,2024Q4,2024-10-18 16:01:49-04:00,2024-10-19,2024-10-19,2024-10-21,2024-10-18,76.38899993896484,1039,359
354,NFLX,1065280,NETFLIX INC,7841,Services-Video Tape Rental,10-K,2025-01-27,2024-12-31,2025-01-27 21:01:56+00:00,0001065280-25-000044,https://www.sec.gov/Archives/edgar/data/1065280/000106528025000044/nflx-20241231.htm,22593,2582,data/interim/text/000106528025000044.txt.gz,000106528025000044,2025Q1,2025-01-27 16:01:56-05:00,2025-01-28,2025-01-28,2025-01-28,2025-01-27,97.18900299072266,1105,293
355,NFLX,1065280,NETFLIX INC,7841,Services-Video Tape Rental,10-Q,2025-04-18,2025-03-31,2025-04-18 20:02:54+00:00,0001065280-25-000176,https://www.sec.gov/Archives/edgar/data/1065280/000106528025000176/nflx-20250331.htm,6260,1054,data/interim/text/000106528025000176.txt.gz,000106528025000176,2025Q2,2025-04-18 16:02:54-04:00,2025-04-19,2025-04-19,2025-04-21,2025-04-17,97.3030014038086,1162,236
356,NFLX,1065280,NETFLIX INC,7841,Services-Video Tape Rental,10-Q,2025-07-18,2025-06-30,2025-07-18 20:02:28+00:00,0001065280-25-000323,https://www.sec.gov/Archives/edgar/data/1065280/000106528025000323/nflx-20250630.htm,7081,1060,data/interim/text/000106528025000323.txt.gz,000106528025000323,2025Q3,2025-07-18 16:02:28-04:00,2025-07-19,2025-07-19,2025-07-21,2025-07-18,120.92400360107422,1224,174
357,NFLX,1065280,NETFLIX INC,7841,Services-Video Tape Rental,10-Q,2025-10-22,2025-09-30,2025-10-22 20:02:46+00:00,0001065280-25-000406,https://www.sec.gov/Archives/edgar/data/1065280/000106528025000406/nflx-20250930.htm,7371,1080,data/interim/text/000106528025000406.txt.gz,000106528025000406,2025Q4,2025-10-22 16:02:46-04:00,2025-10-23,2025-10-23,2025-10-23,2025-10-22,111.63700103759766,1291,107
358,KTOS,1069258,"KRATOS DEFENSE & SECURITY SOLUTIONS, INC.",3760,Guided Missiles & Space Vehicles & Parts,10-K,2021-02-25,2020-12-27,2021-02-25 21:26:01+00:00,0001069258-21-000009,https://www.sec.gov/Archives/edgar/data/1069258/000106925821000009/ktos-20201227.htm,44863,3521,data/interim/text/000106925821000009.txt.gz,000106925821000009,2021Q1,2021-02-25 16:26:01-05:00,2021-02-26,2021-02-26,2021-02-26,2021-02-25,28.51000022888184,121,1277
359,KTOS,1069258,"KRATOS DEFENSE & SECURITY SOLUTIONS, INC.",3760,Guided Missiles & Space Vehicles & Parts,10-Q,2021-05-05,2021-03-28,2021-05-05 20:27:46+00:00,0001069258-21-000022,https://www.sec.gov/Archives/edgar/data/1069258/000106925821000022/ktos-20210328.htm,8657,1506,data/interim/text/000106925821000022.txt.gz,000106925821000022,2021Q2,2021-05-05 16:27:46-04:00,2021-05-06,2021-05-06,2021-05-06,2021-05-05,25.200000762939453,169,1229
360,KTOS,1069258,"KRATOS DEFENSE & SECURITY SOLUTIONS, INC.",3760,Guided Missiles & Space Vehicles & Parts,10-Q,2021-08-03,2021-06-27,2021-08-03 20:31:42+00:00,0001069258-21-000038,https://www.sec.gov/Archives/edgar/data/1069258/000106925821000038/ktos-20210627.htm,9816,1518,data/interim/text/000106925821000038.txt.gz,000106925821000038,2021Q3,2021-08-03 16:31:42-04:00,2021-08-04,2021-08-04,2021-08-04,2021-08-03,27.11000061035156,231,1167
361,KTOS,1069258,"KRATOS DEFENSE & SECURITY SOLUTIONS, INC.",3760,Guided Missiles & Space Vehicles & Parts,10-Q,2021-11-03,2021-09-26,2021-11-03 20:22:16+00:00,0001069258-21-000044,https://www.sec.gov/Archives/edgar/data/1069258/000106925821000044/ktos-20210926.htm,9988,1554,data/interim/text/000106925821000044.txt.gz,000106925821000044,2021Q4,2021-11-03 16:22:16-04:00,2021-11-04,2021-11-04,2021-11-04,2021-11-03,23.280000686645508,296,1102
362,KTOS,1069258,"KRATOS DEFENSE & SECURITY SOLUTIONS, INC.",3760,Guided Missiles & Space Vehicles & Parts,10-K,2022-02-22,2021-12-26,2022-02-22 21:44:05+00:00,0001069258-22-000014,https://www.sec.gov/Archives/edgar/data/1069258/000106925822000014/ktos-20211226.htm,46422,3620,data/interim/text/000106925822000014.txt.gz,000106925822000014,2022Q1,2022-02-22 16:44:05-05:00,2022-02-23,2022-02-23,2022-02-23,2022-02-22,16.309999465942383,371,1027
363,KTOS,1069258,"KRATOS DEFENSE & SECURITY SOLUTIONS, INC.",3760,Guided Missiles & Space Vehicles & Parts,10-Q,2022-05-05,2022-03-27,2022-05-05 20:24:55+00:00,0001069258-22-000031,https://www.sec.gov/Archives/edgar/data/1069258/000106925822000031/ktos-20220327.htm,8939,1494,data/interim/text/000106925822000031.txt.gz,000106925822000031,2022Q2,2022-05-05 16:24:55-04:00,2022-05-06,2022-05-06,2022-05-06,2022-05-05,15.43000030517578,422,976
364,KTOS,1069258,"KRATOS DEFENSE & SECURITY SOLUTIONS, INC.",3760,Guided Missiles & Space Vehicles & Parts,10-Q,2022-08-04,2022-06-26,2022-08-04 20:18:13+00:00,0001069258-22-000054,https://www.sec.gov/Archives/edgar/data/1069258/000106925822000054/ktos-20220626.htm,10154,1465,data/interim/text/000106925822000054.txt.gz,000106925822000054,2022Q3,2022-08-04 16:18:13-04:00,2022-08-05,2022-08-05,2022-08-05,2022-08-04,15.050000190734863,484,914
365,KTOS,1069258,"KRATOS DEFENSE & SECURITY SOLUTIONS, INC.",3760,Guided Missiles & Space Vehicles & Parts,10-Q,2022-11-03,2022-09-25,2022-11-03 20:21:48+00:00,0001069258-22-000061,https://www.sec.gov/Archives/edgar/data/1069258/000106925822000061/ktos-20220925.htm,10192,1467,data/interim/text/000106925822000061.txt.gz,000106925822000061,2022Q4,2022-11-03 16:21:48-04:00,2022-11-04,2022-11-04,2022-11-04,2022-11-03,10.800000190734863,548,850
366,KTOS,1069258,"KRATOS DEFENSE & SECURITY SOLUTIONS, INC.",3760,Guided Missiles & Space Vehicles & Parts,10-K,2023-02-23,2022-12-25,2023-02-23 21:16:47+00:00,0001069258-23-000008,https://www.sec.gov/Archives/edgar/data/1069258/000106925823000008/ktos-20221225.htm,47177,3675,data/interim/text/000106925823000008.txt.gz,000106925823000008,2023Q1,2023-02-23 16:16:47-05:00,2023-02-24,2023-02-24,2023-02-24,2023-02-23,11.470000267028809,623,775
367,KTOS,1069258,"KRATOS DEFENSE & SECURITY SOLUTIONS, INC.",3760,Guided Missiles & Space Vehicles & Parts,10-Q,2023-05-03,2023-03-26,2023-05-03 20:20:59+00:00,0001069258-23-000027,https://www.sec.gov/Archives/edgar/data/1069258/000106925823000027/ktos-20230326.htm,8534,1440,data/interim/text/000106925823000027.txt.gz,000106925823000027,2023Q2,2023-05-03 16:20:59-04:00,2023-05-04,2023-05-04,2023-05-04,2023-05-03,13.0,671,727
368,KTOS,1069258,"KRATOS DEFENSE & SECURITY SOLUTIONS, INC.",3760,Guided Missiles & Space Vehicles & Parts,10-Q,2023-08-03,2023-06-25,2023-08-03 20:19:59+00:00,0001069258-23-000046,https://www.sec.gov/Archives/edgar/data/1069258/000106925823000046/ktos-20230625.htm,9236,1407,data/interim/text/000106925823000046.txt.gz,000106925823000046,2023Q3,2023-08-03 16:19:59-04:00,2023-08-04,2023-08-04,2023-08-04,2023-08-03,14.43000030517578,734,664
369,KTOS,1069258,"KRATOS DEFENSE & SECURITY SOLUTIONS, INC.",3760,Guided Missiles & Space Vehicles & Parts,10-Q,2023-11-02,2023-10-01,2023-11-02 20:27:58+00:00,0001069258-23-000062,https://www.sec.gov/Archives/edgar/data/1069258/000106925823000062/ktos-20231001.htm,9427,1427,data/interim/text/000106925823000062.txt.gz,000106925823000062,2023Q4,2023-11-02 16:27:58-04:00,2023-11-03,2023-11-03,2023-11-03,2023-11-02,17.950000762939453,798,600
370,KTOS,1069258,"KRATOS DEFENSE & SECURITY SOLUTIONS, INC.",3760,Guided Missiles & Space Vehicles & Parts,10-K,2024-02-13,2023-12-31,2024-02-13 21:20:39+00:00,0001069258-24-000007,https://www.sec.gov/Archives/edgar/data/1069258/000106925824000007/ktos-20231231.htm,49389,3858,data/interim/text/000106925824000007.txt.gz,000106925824000007,2024Q1,2024-02-13 16:20:39-05:00,2024-02-14,2024-02-14,2024-02-14,2024-02-13,17.799999237060547,867,531
371,KTOS,1069258,"KRATOS DEFENSE & SECURITY SOLUTIONS, INC.",3760,Guided Missiles & Space Vehicles & Parts,10-Q,2024-05-07,2024-03-31,2024-05-07 20:16:50+00:00,0001069258-24-000036,https://www.sec.gov/Archives/edgar/data/1069258/000106925824000036/ktos-20240331.htm,7444,1342,data/interim/text/000106925824000036.txt.gz,000106925824000036,2024Q2,2024-05-07 16:16:50-04:00,2024-05-08,2024-05-08,2024-05-08,2024-05-07,18.76000022888184,925,473
372,KTOS,1069258,"KRATOS DEFENSE & SECURITY SOLUTIONS, INC.",3760,Guided Missiles & Space Vehicles & Parts,10-Q,2024-08-07,2024-06-30,2024-08-07 20:14:59+00:00,0001069258-24-000051,https://www.sec.gov/Archives/edgar/data/1069258/000106925824000051/ktos-20240630.htm,8745,1379,data/interim/text/000106925824000051.txt.gz,000106925824000051,2024Q3,2024-08-07 16:14:59-04:00,2024-08-08,2024-08-08,2024-08-08,2024-08-07,20.06999969482422,988,410
373,KTOS,1069258,"KRATOS DEFENSE & SECURITY SOLUTIONS, INC.",3760,Guided Missiles & Space Vehicles & Parts,10-Q,2024-11-07,2024-09-29,2024-11-07 21:22:29+00:00,0001069258-24-000061,https://www.sec.gov/Archives/edgar/data/1069258/000106925824000061/ktos-20240929.htm,9220,1448,data/interim/text/000106925824000061.txt.gz,000106925824000061,2024Q4,2024-11-07 16:22:29-05:00,2024-11-08,2024-11-08,2024-11-08,2024-11-07,23.81999969482422,1053,345
374,KTOS,1069258,"KRATOS DEFENSE & SECURITY SOLUTIONS, INC.",3760,Guided Missiles & Space Vehicles & Parts,10-K,2025-02-26,2024-12-29,2025-02-26 21:22:19+00:00,0001069258-25-000008,https://www.sec.gov/Archives/edgar/data/1069258/000106925825000008/ktos-20241229.htm,46871,3711,data/interim/text/000106925825000008.txt.gz,000106925825000008,2025Q1,2025-02-26 16:22:19-05:00,2025-02-27,2025-02-27,2025-02-27,2025-02-26,24.959999084472656,1126,272
375,KTOS,1069258,"KRATOS DEFENSE & SECURITY SOLUTIONS, INC.",3760,Guided Missiles & Space Vehicles & Parts,10-Q,2025-05-07,2025-03-30,2025-05-07 20:26:13+00:00,0001069258-25-000028,https://www.sec.gov/Archives/edgar/data/1069258/000106925825000028/ktos-20250330.htm,7753,1400,data/interim/text/000106925825000028.txt.gz,000106925825000028,2025Q2,2025-05-07 16:26:13-04:00,2025-05-08,2025-05-08,2025-05-08,2025-05-07,36.060001373291016,1175,223
376,KTOS,1069258,"KRATOS DEFENSE & SECURITY SOLUTIONS, INC.",3760,Guided Missiles & Space Vehicles & Parts,10-Q,2025-08-07,2025-06-29,2025-08-07 20:09:31+00:00,0001069258-25-000048,https://www.sec.gov/Archives/edgar/data/1069258/000106925825000048/ktos-20250629.htm,9118,1442,data/interim/text/000106925825000048.txt.gz,000106925825000048,2025Q3,2025-08-07 16:09:31-04:00,2025-08-08,2025-08-08,2025-08-08,2025-08-07,59.08000183105469,1238,160
377,KTOS,1069258,"KRATOS DEFENSE & SECURITY SOLUTIONS, INC.",3760,Guided Missiles & Space Vehicles & Parts,10-Q,2025-11-04,2025-09-28,2025-11-04 21:29:30+00:00,0001069258-25-000058,https://www.sec.gov/Archives/edgar/data/1069258/000106925825000058/ktos-20250928.htm,8853,1424,data/interim/text/000106925825000058.txt.gz,000106925825000058,2025Q4,2025-11-04 16:29:30-05:00,2025-11-05,2025-11-05,2025-11-05,2025-11-04,90.22000122070312,1300,98
378,TDY,1094285,TELEDYNE TECHNOLOGIES INC,3812,"Search, Detection, Navigation, Guidance, Aeronautical Sys",10-K,2021-02-26,2021-01-03,2021-02-26 01:33:11+00:00,0001094285-21-000066,https://www.sec.gov/Archives/edgar/data/1094285/000109428521000066/tdy-20210103.htm,33390,3258,data/interim/text/000109428521000066.txt.gz,000109428521000066,2021Q1,2021-02-25 20:33:11-05:00,2021-02-26,2021-02-26,2021-02-26,2021-02-25,378.0499877929688,121,1277
379,TDY,1094285,TELEDYNE TECHNOLOGIES INC,3812,"Search, Detection, Navigation, Guidance, Aeronautical Sys",10-Q,2021-04-30,2021-04-04,2021-04-30 01:36:26+00:00,0001094285-21-000111,https://www.sec.gov/Archives/edgar/data/1094285/000109428521000111/tdy-20210404.htm,7703,1210,data/interim/text/000109428521000111.txt.gz,000109428521000111,2021Q2,2021-04-29 21:36:26-04:00,2021-04-30,2021-04-30,2021-04-30,2021-04-29,452.2200012207031,165,1233
380,TDY,1094285,TELEDYNE TECHNOLOGIES INC,3812,"Search, Detection, Navigation, Guidance, Aeronautical Sys",10-Q,2021-08-02,2021-07-04,2021-07-31 01:26:05+00:00,0001094285-21-000140,https://www.sec.gov/Archives/edgar/data/1094285/000109428521000140/tdy-20210704.htm,10553,1318,data/interim/text/000109428521000140.txt.gz,000109428521000140,2021Q3,2021-07-30 21:26:05-04:00,2021-07-31,2021-08-02,2021-08-02,2021-07-30,452.7699890136719,229,1169
381,TDY,1094285,TELEDYNE TECHNOLOGIES INC,3812,"Search, Detection, Navigation, Guidance, Aeronautical Sys",10-Q,2021-10-28,2021-10-03,2021-10-28 21:18:29+00:00,0001094285-21-000170,https://www.sec.gov/Archives/edgar/data/1094285/000109428521000170/tdy-20211003.htm,10678,1395,data/interim/text/000109428521000170.txt.gz,000109428521000170,2021Q4,2021-10-28 17:18:29-04:00,2021-10-29,2021-10-29,2021-10-29,2021-10-28,446.5700073242188,292,1106
382,TDY,1094285,TELEDYNE TECHNOLOGIES INC,3812,"Search, Detection, Navigation, Guidance, Aeronautical Sys",10-K,2022-02-25,2022-01-02,2022-02-25 22:20:39+00:00,0001094285-22-000049,https://www.sec.gov/Archives/edgar/data/1094285/000109428522000049/tdy-20220102.htm,36690,3437,data/interim/text/000109428522000049.txt.gz,000109428522000049,2022Q1,2022-02-25 17:20:39-05:00,2022-02-26,2022-02-26,2022-02-28,2022-02-25,428.6300048828125,374,1024
383,TDY,1094285,TELEDYNE TECHNOLOGIES INC,3812,"Search, Detection, Navigation, Guidance, Aeronautical Sys",10-Q,2022-05-03,2022-04-03,2022-05-02 23:07:05+00:00,0001094285-22-000081,https://www.sec.gov/Archives/edgar/data/1094285/000109428522000081/tdy-20220403.htm,6862,1185,data/interim/text/000109428522000081.txt.gz,000109428522000081,2022Q2,2022-05-02 19:07:05-04:00,2022-05-03,2022-05-03,2022-05-03,2022-05-02,428.4599914550781,419,979
384,TDY,1094285,TELEDYNE TECHNOLOGIES INC,3812,"Search, Detection, Navigation, Guidance, Aeronautical Sys",10-Q,2022-08-01,2022-07-03,2022-08-01 21:11:31+00:00,0001094285-22-000099,https://www.sec.gov/Archives/edgar/data/1094285/000109428522000099/tdy-20220703.htm,8052,1140,data/interim/text/000109428522000099.txt.gz,000109428522000099,2022Q3,2022-08-01 17:11:31-04:00,2022-08-02,2022-08-02,2022-08-02,2022-08-01,393.1499938964844,481,917
385,TDY,1094285,TELEDYNE TECHNOLOGIES INC,3812,"Search, Detection, Navigation, Guidance, Aeronautical Sys",10-Q,2022-11-02,2022-10-02,2022-11-01 23:50:54+00:00,0001094285-22-000121,https://www.sec.gov/Archives/edgar/data/1094285/000109428522000121/tdy-20221002.htm,7890,1148,data/interim/text/000109428522000121.txt.gz,000109428522000121,2022Q4,2022-11-01 19:50:54-04:00,2022-11-02,2022-11-02,2022-11-02,2022-11-01,400.9599914550781,546,852
386,TDY,1094285,TELEDYNE TECHNOLOGIES INC,3812,"Search, Detection, Navigation, Guidance, Aeronautical Sys",10-K,2023-02-24,2023-01-01,2023-02-24 22:26:54+00:00,0001094285-23-000053,https://www.sec.gov/Archives/edgar/data/1094285/000109428523000053/tdy-20230101.htm,31991,3304,data/interim/text/000109428523000053.txt.gz,000109428523000053,2023Q1,2023-02-24 17:26:54-05:00,2023-02-25,2023-02-25,2023-02-27,2023-02-24,429.6400146484375,624,774
387,TDY,1094285,TELEDYNE TECHNOLOGIES INC,3812,"Search, Detection, Navigation, Guidance, Aeronautical Sys",10-Q,2023-04-28,2023-04-02,2023-04-28 20:40:16+00:00,0001094285-23-000083,https://www.sec.gov/Archives/edgar/data/1094285/000109428523000083/tdy-20230402.htm,5523,1075,data/interim/text/000109428523000083.txt.gz,000109428523000083,2023Q2,2023-04-28 16:40:16-04:00,2023-04-29,2023-04-29,2023-05-01,2023-04-28,414.3999938964844,668,730
388,TDY,1094285,TELEDYNE TECHNOLOGIES INC,3812,"Search, Detection, Navigation, Guidance, Aeronautical Sys",10-Q,2023-07-31,2023-07-02,2023-07-31 21:25:13+00:00,0001094285-23-000102,https://www.sec.gov/Archives/edgar/data/1094285/000109428523000102/tdy-20230702.htm,6048,1014,data/interim/text/000109428523000102.txt.gz,000109428523000102,2023Q3,2023-07-31 17:25:13-04:00,2023-08-01,2023-08-01,2023-08-01,2023-07-31,384.5299987792969,731,667
389,TDY,1094285,TELEDYNE TECHNOLOGIES INC,3812,"Search, Detection, Navigation, Guidance, Aeronautical Sys",10-Q,2023-10-27,2023-10-01,2023-10-27 21:08:14+00:00,0001094285-23-000129,https://www.sec.gov/Archives/edgar/data/1094285/000109428523000129/tdy-20231001.htm,6378,1037,data/interim/text/000109428523000129.txt.gz,000109428523000129,2023Q4,2023-10-27 17:08:14-04:00,2023-10-28,2023-10-28,2023-10-30,2023-10-27,370.7099914550781,794,604
390,TDY,1094285,TELEDYNE TECHNOLOGIES INC,3812,"Search, Detection, Navigation, Guidance, Aeronautical Sys",10-K,2024-02-23,2023-12-31,2024-02-23 21:38:34+00:00,0001094285-24-000044,https://www.sec.gov/Archives/edgar/data/1094285/000109428524000044/tdy-20231231.htm,32785,3322,data/interim/text/000109428524000044.txt.gz,000109428524000044,2024Q1,2024-02-23 16:38:34-05:00,2024-02-24,2024-02-24,2024-02-26,2024-02-23,432.8699951171875,874,524
391,TDY,1094285,TELEDYNE TECHNOLOGIES INC,3812,"Search, Detection, Navigation, Guidance, Aeronautical Sys",10-Q,2024-04-29,2024-03-31,2024-04-27 00:39:12+00:00,0001094285-24-000079,https://www.sec.gov/Archives/edgar/data/1094285/000109428524000079/tdy-20240331.htm,5308,1077,data/interim/text/000109428524000079.txt.gz,000109428524000079,2024Q2,2024-04-26 20:39:12-04:00,2024-04-27,2024-04-29,2024-04-29,2024-04-26,374.6400146484375,918,480
392,TDY,1094285,TELEDYNE TECHNOLOGIES INC,3812,"Search, Detection, Navigation, Guidance, Aeronautical Sys",10-Q,2024-07-29,2024-06-30,2024-07-26 23:42:45+00:00,0001094285-24-000090,https://www.sec.gov/Archives/edgar/data/1094285/000109428524000090/tdy-20240630.htm,6872,1070,data/interim/text/000109428524000090.txt.gz,000109428524000090,2024Q3,2024-07-26 19:42:45-04:00,2024-07-27,2024-07-29,2024-07-29,2024-07-26,421.55999755859375,980,418
393,TDY,1094285,TELEDYNE TECHNOLOGIES INC,3812,"Search, Detection, Navigation, Guidance, Aeronautical Sys",10-Q,2024-10-28,2024-09-29,2024-10-25 23:15:47+00:00,0001094285-24-000104,https://www.sec.gov/Archives/edgar/data/1094285/000109428524000104/tdy-20240929.htm,6648,1049,data/interim/text/000109428524000104.txt.gz,000109428524000104,2024Q4,2024-10-25 19:15:47-04:00,2024-10-26,2024-10-28,2024-10-28,2024-10-25,469.1900024414063,1044,354
394,TDY,1094285,TELEDYNE TECHNOLOGIES INC,3812,"Search, Detection, Navigation, Guidance, Aeronautical Sys",10-K,2025-02-21,2024-12-29,2025-02-21 00:10:07+00:00,0001094285-25-000053,https://www.sec.gov/Archives/edgar/data/1094285/000109428525000053/tdy-20241229.htm,29824,3134,data/interim/text/000109428525000053.txt.gz,000109428525000053,2025Q1,2025-02-20 19:10:07-05:00,2025-02-21,2025-02-21,2025-02-21,2025-02-20,500.989990234375,1122,276
395,TDY,1094285,TELEDYNE TECHNOLOGIES INC,3812,"Search, Detection, Navigation, Guidance, Aeronautical Sys",10-Q,2025-04-28,2025-03-30,2025-04-25 21:59:56+00:00,0001094285-25-000105,https://www.sec.gov/Archives/edgar/data/1094285/000109428525000105/tdy-20250330.htm,5175,993,data/interim/text/000109428525000105.txt.gz,000109428525000105,2025Q2,2025-04-25 17:59:56-04:00,2025-04-26,2025-04-28,2025-04-28,2025-04-25,458.6000061035156,1167,231
396,TDY,1094285,TELEDYNE TECHNOLOGIES INC,3812,"Search, Detection, Navigation, Guidance, Aeronautical Sys",10-Q,2025-07-28,2025-06-29,2025-07-25 21:43:44+00:00,0001094285-25-000131,https://www.sec.gov/Archives/edgar/data/1094285/000109428525000131/tdy-20250629.htm,6808,1060,data/interim/text/000109428525000131.txt.gz,000109428525000131,2025Q3,2025-07-25 17:43:44-04:00,2025-07-26,2025-07-28,2025-07-28,2025-07-25,555.8900146484375,1229,169
397,TDY,1094285,TELEDYNE TECHNOLOGIES INC,3812,"Search, Detection, Navigation, Guidance, Aeronautical Sys",10-Q,2025-10-24,2025-09-28,2025-10-24 21:23:50+00:00,0001094285-25-000140,https://www.sec.gov/Archives/edgar/data/1094285/000109428525000140/tdy-20250928.htm,7191,1088,data/interim/text/000109428525000140.txt.gz,000109428525000140,2025Q4,2025-10-24 17:23:50-04:00,2025-10-25,2025-10-25,2025-10-27,2025-10-24,532.0900268554688,1293,105
398,MELI,1099590,MERCADOLIBRE INC,7389,"Services-Business Services, NEC",10-K,2021-03-01,2020-12-31,2021-03-01 21:26:47+00:00,0001562762-21-000079,https://www.sec.gov/Archives/edgar/data/1099590/000156276221000079/meli-20201231x10k.htm,44193,3644,data/interim/text/000156276221000079.txt.gz,000156276221000079,2021Q1,2021-03-01 16:26:47-05:00,2021-03-02,2021-03-02,2021-03-02,2021-03-01,1713.280029296875,123,1275
399,MELI,1099590,MERCADOLIBRE INC,7389,"Services-Business Services, NEC",10-Q,2021-05-06,2021-03-31,2021-05-06 20:23:50+00:00,0001562762-21-000200,https://www.sec.gov/Archives/edgar/data/1099590/000156276221000200/meli-20210331x10q.htm,14519,1703,data/interim/text/000156276221000200.txt.gz,000156276221000200,2021Q2,2021-05-06 16:23:50-04:00,2021-05-07,2021-05-07,2021-05-07,2021-05-06,1446.3399658203125,170,1228
400,MELI,1099590,MERCADOLIBRE INC,7389,"Services-Business Services, NEC",10-Q,2021-08-05,2021-06-30,2021-08-05 20:57:01+00:00,0001562762-21-000313,https://www.sec.gov/Archives/edgar/data/1099590/000156276221000313/meli-20210630x10q.htm,16105,1659,data/interim/text/000156276221000313.txt.gz,000156276221000313,2021Q3,2021-08-05 16:57:01-04:00,2021-08-06,2021-08-06,2021-08-06,2021-08-05,1786.1099853515625,233,1165
401,MELI,1099590,MERCADOLIBRE INC,7389,"Services-Business Services, NEC",10-Q,2021-11-05,2021-09-30,2021-11-05 20:02:05+00:00,0001562762-21-000420,https://www.sec.gov/Archives/edgar/data/1099590/000156276221000420/meli-20210930x10q.htm,16941,1772,data/interim/text/000156276221000420.txt.gz,000156276221000420,2021Q4,2021-11-05 16:02:05-04:00,2021-11-06,2021-11-06,2021-11-08,2021-11-05,1629.760009765625,298,1100
402,MELI,1099590,MERCADOLIBRE INC,7389,"Services-Business Services, NEC",10-K,2022-02-23,2021-12-31,2022-02-23 21:02:19+00:00,0001562762-22-000049,https://www.sec.gov/Archives/edgar/data/1099590/000156276222000049/meli-20211231x10k.htm,46678,3869,data/interim/text/000156276222000049.txt.gz,000156276222000049,2022Q1,2022-02-23 16:02:19-05:00,2022-02-24,2022-02-24,2022-02-24,2022-02-23,920.5700073242188,372,1026
403,MELI,1099590,MERCADOLIBRE INC,7389,"Services-Business Services, NEC",10-Q,2022-05-06,2022-03-31,2022-05-06 20:01:22+00:00,0001562762-22-000223,https://www.sec.gov/Archives/edgar/data/1099590/000156276222000223/meli-20220331x10q.htm,15307,1897,data/interim/text/000156276222000223.txt.gz,000156276222000223,2022Q2,2022-05-06 16:01:22-04:00,2022-05-07,2022-05-07,2022-05-09,2022-05-06,927.5499877929688,423,975
404,MELI,1099590,MERCADOLIBRE INC,7389,"Services-Business Services, NEC",10-Q,2022-08-04,2022-06-30,2022-08-04 20:02:16+00:00,0001562762-22-000334,https://www.sec.gov/Archives/edgar/data/1099590/000156276222000334/meli-20220630x10q.htm,16764,1850,data/interim/text/000156276222000334.txt.gz,000156276222000334,2022Q3,2022-08-04 16:02:16-04:00,2022-08-05,2022-08-05,2022-08-05,2022-08-04,1034.8299560546875,484,914
405,MELI,1099590,MERCADOLIBRE INC,7389,"Services-Business Services, NEC",10-Q,2022-11-04,2022-09-30,2022-11-04 20:13:40+00:00,0001562762-22-000430,https://www.sec.gov/Archives/edgar/data/1099590/000156276222000430/meli-20220930x10q.htm,16973,1893,data/interim/text/000156276222000430.txt.gz,000156276222000430,2022Q4,2022-11-04 16:13:40-04:00,2022-11-05,2022-11-05,2022-11-07,2022-11-04,938.5700073242188,549,849
406,MELI,1099590,MERCADOLIBRE INC,7389,"Services-Business Services, NEC",10-K,2023-02-24,2022-12-31,2023-02-24 21:02:21+00:00,0001099590-23-000007,https://www.sec.gov/Archives/edgar/data/1099590/000109959023000007/meli-20221231.htm,50649,4114,data/interim/text/000109959023000007.txt.gz,000109959023000007,2023Q1,2023-02-24 16:02:21-05:00,2023-02-25,2023-02-25,2023-02-27,2023-02-24,1156.8800048828125,624,774
407,MELI,1099590,MERCADOLIBRE INC,7389,"Services-Business Services, NEC",10-Q,2023-05-04,2023-03-31,2023-05-04 21:00:06+00:00,0001099590-23-000013,https://www.sec.gov/Archives/edgar/data/1099590/000109959023000013/meli-20230331.htm,15141,1834,data/interim/text/000109959023000013.txt.gz,000109959023000013,2023Q2,2023-05-04 17:00:06-04:00,2023-05-05,2023-05-05,2023-05-05,2023-05-04,1213.3800048828125,672,726
408,MELI,1099590,MERCADOLIBRE INC,7389,"Services-Business Services, NEC",10-Q,2023-08-03,2023-06-30,2023-08-03 20:07:28+00:00,0001099590-23-000020,https://www.sec.gov/Archives/edgar/data/1099590/000109959023000020/meli-20230630.htm,16574,1820,data/interim/text/000109959023000020.txt.gz,000109959023000020,2023Q3,2023-08-03 16:07:28-04:00,2023-08-04,2023-08-04,2023-08-04,2023-08-03,1323.1099853515625,734,664
409,MELI,1099590,MERCADOLIBRE INC,7389,"Services-Business Services, NEC",10-Q,2023-11-02,2023-09-30,2023-11-02 20:21:27+00:00,0001099590-23-000033,https://www.sec.gov/Archives/edgar/data/1099590/000109959023000033/meli-20230930.htm,16556,1824,data/interim/text/000109959023000033.txt.gz,000109959023000033,2023Q4,2023-11-02 16:21:27-04:00,2023-11-03,2023-11-03,2023-11-03,2023-11-02,1319.5,798,600
410,MELI,1099590,MERCADOLIBRE INC,7389,"Services-Business Services, NEC",10-K,2024-02-23,2023-12-31,2024-02-23 21:01:42+00:00,0001099590-24-000008,https://www.sec.gov/Archives/edgar/data/1099590/000109959024000008/meli-20231231.htm,50910,4236,data/interim/text/000109959024000008.txt.gz,000109959024000008,2024Q1,2024-02-23 16:01:42-05:00,2024-02-24,2024-02-24,2024-02-26,2024-02-23,1629.3199462890625,874,524
411,MELI,1099590,MERCADOLIBRE INC,7389,"Services-Business Services, NEC",10-Q,2024-05-03,2024-03-31,2024-05-03 20:01:27+00:00,0001099590-24-000017,https://www.sec.gov/Archives/edgar/data/1099590/000109959024000017/meli-20240331.htm,16246,1814,data/interim/text/000109959024000017.txt.gz,000109959024000017,2024Q2,2024-05-03 16:01:27-04:00,2024-05-04,2024-05-04,2024-05-06,2024-05-03,1630.56005859375,923,475
412,MELI,1099590,MERCADOLIBRE INC,7389,"Services-Business Services, NEC",10-Q,2024-08-02,2024-06-30,2024-08-02 20:01:02+00:00,0001099590-24-000026,https://www.sec.gov/Archives/edgar/data/1099590/000109959024000026/meli-20240630.htm,18048,1798,data/interim/text/000109959024000026.txt.gz,000109959024000026,2024Q3,2024-08-02 16:01:02-04:00,2024-08-03,2024-08-03,2024-08-05,2024-08-02,1776.1400146484375,985,413
413,MELI,1099590,MERCADOLIBRE INC,7389,"Services-Business Services, NEC",10-Q,2024-11-07,2024-09-30,2024-11-07 21:01:08+00:00,0001099590-24-000042,https://www.sec.gov/Archives/edgar/data/1099590/000109959024000042/meli-20240930.htm,18705,1807,data/interim/text/000109959024000042.txt.gz,000109959024000042,2024Q4,2024-11-07 16:01:08-05:00,2024-11-08,2024-11-08,2024-11-08,2024-11-07,1774.050048828125,1053,345
414,MELI,1099590,MERCADOLIBRE INC,7389,"Services-Business Services, NEC",10-K,2025-02-21,2024-12-31,2025-02-21 21:07:16+00:00,0001099590-25-000007,https://www.sec.gov/Archives/edgar/data/1099590/000109959025000007/meli-20241231.htm,53297,4221,data/interim/text/000109959025000007.txt.gz,000109959025000007,2025Q1,2025-02-21 16:07:16-05:00,2025-02-22,2025-02-22,2025-02-24,2025-02-21,2260.0,1123,275
415,MELI,1099590,MERCADOLIBRE INC,7389,"Services-Business Services, NEC",10-Q,2025-05-08,2025-03-31,2025-05-08 20:00:59+00:00,0001099590-25-000028,https://www.sec.gov/Archives/edgar/data/1099590/000109959025000028/meli-20250331.htm,15104,1709,data/interim/text/000109959025000028.txt.gz,000109959025000028,2025Q2,2025-05-08 16:00:59-04:00,2025-05-09,2025-05-09,2025-05-09,2025-05-08,2410.0,1176,222
416,MELI,1099590,MERCADOLIBRE INC,7389,"Services-Business Services, NEC",10-Q,2025-08-05,2025-06-30,2025-08-05 20:01:51+00:00,0001099590-25-000044,https://www.sec.gov/Archives/edgar/data/1099590/000109959025000044/meli-20250630.htm,16828,1726,data/interim/text/000109959025000044.txt.gz,000109959025000044,2025Q3,2025-08-05 16:01:51-04:00,2025-08-06,2025-08-06,2025-08-06,2025-08-05,2408.02001953125,1236,162
417,MELI,1099590,MERCADOLIBRE INC,7389,"Services-Business Services, NEC",10-Q,2025-10-30,2025-09-30,2025-10-30 20:01:40+00:00,0001099590-25-000051,https://www.sec.gov/Archives/edgar/data/1099590/000109959025000051/meli-20250930.htm,16825,1723,data/interim/text/000109959025000051.txt.gz,000109959025000051,2025Q4,2025-10-30 16:01:40-04:00,2025-10-31,2025-10-31,2025-10-31,2025-10-30,2360.760009765625,1297,101
418,ILMN,1110803,"ILLUMINA, INC.",3826,Laboratory Analytical Instruments,10-K,2021-02-17,2021-01-03,2021-02-17 00:16:24+00:00,0001110803-21-000015,https://www.sec.gov/Archives/edgar/data/1110803/000111080321000015/ilmn-20210103.htm,29760,3118,data/interim/text/000111080321000015.txt.gz,000111080321000015,2021Q1,2021-02-16 19:16:24-05:00,2021-02-17,2021-02-17,2021-02-17,2021-02-16,479.1342468261719,114,1284
419,ILMN,1110803,"ILLUMINA, INC.",3826,Laboratory Analytical Instruments,10-Q,2021-04-28,2021-04-04,2021-04-28 00:07:46+00:00,0001110803-21-000030,https://www.sec.gov/Archives/edgar/data/1110803/000111080321000030/ilmn-20210404.htm,7012,1186,data/interim/text/000111080321000030.txt.gz,000111080321000030,2021Q2,2021-04-27 20:07:46-04:00,2021-04-28,2021-04-28,2021-04-28,2021-04-27,402.2859802246094,163,1235
420,ILMN,1110803,"ILLUMINA, INC.",3826,Laboratory Analytical Instruments,10-Q,2021-08-06,2021-07-04,2021-08-05 22:12:05+00:00,0001110803-21-000042,https://www.sec.gov/Archives/edgar/data/1110803/000111080321000042/ilmn-20210704.htm,7665,1245,data/interim/text/000111080321000042.txt.gz,000111080321000042,2021Q3,2021-08-05 18:12:05-04:00,2021-08-06,2021-08-06,2021-08-06,2021-08-05,501.6342468261719,233,1165
421,ILMN,1110803,"ILLUMINA, INC.",3826,Laboratory Analytical Instruments,10-Q,2021-11-05,2021-10-03,2021-11-04 22:35:58+00:00,0001110803-21-000046,https://www.sec.gov/Archives/edgar/data/1110803/000111080321000046/ilmn-20211003.htm,7905,1247,data/interim/text/000111080321000046.txt.gz,000111080321000046,2021Q4,2021-11-04 18:35:58-04:00,2021-11-05,2021-11-05,2021-11-05,2021-11-04,410.3404541015625,297,1101
422,ILMN,1110803,"ILLUMINA, INC.",3826,Laboratory Analytical Instruments,10-K,2022-02-18,2022-01-02,2022-02-18 20:11:17+00:00,0001110803-22-000013,https://www.sec.gov/Archives/edgar/data/1110803/000111080322000013/ilmn-20220102.htm,30070,3180,data/interim/text/000111080322000013.txt.gz,000111080322000013,2022Q1,2022-02-18 15:11:17-05:00,2022-02-18,2022-02-18,2022-02-18,2022-02-17,309.1828918457031,369,1029
423,ILMN,1110803,"ILLUMINA, INC.",3826,Laboratory Analytical Instruments,10-Q,2022-05-05,2022-04-03,2022-05-05 20:09:26+00:00,0001110803-22-000021,https://www.sec.gov/Archives/edgar/data/1110803/000111080322000021/ilmn-20220403.htm,6351,1135,data/interim/text/000111080322000021.txt.gz,000111080322000021,2022Q2,2022-05-05 16:09:26-04:00,2022-05-06,2022-05-06,2022-05-06,2022-05-05,283.7743225097656,422,976
424,ILMN,1110803,"ILLUMINA, INC.",3826,Laboratory Analytical Instruments,10-Q,2022-08-11,2022-07-03,2022-08-11 20:14:25+00:00,0001110803-22-000041,https://www.sec.gov/Archives/edgar/data/1110803/000111080322000041/ilmn-20220703.htm,8455,1344,data/interim/text/000111080322000041.txt.gz,000111080322000041,2022Q3,2022-08-11 16:14:25-04:00,2022-08-12,2022-08-12,2022-08-12,2022-08-11,221.24513244628903,489,909
425,ILMN,1110803,"ILLUMINA, INC.",3826,Laboratory Analytical Instruments,10-Q,2022-11-04,2022-10-02,2022-11-03 23:06:27+00:00,0001110803-22-000047,https://www.sec.gov/Archives/edgar/data/1110803/000111080322000047/ilmn-20221002.htm,9402,1363,data/interim/text/000111080322000047.txt.gz,000111080322000047,2022Q4,2022-11-03 19:06:27-04:00,2022-11-04,2022-11-04,2022-11-04,2022-11-03,206.1575927734375,548,850
426,ILMN,1110803,"ILLUMINA, INC.",3826,Laboratory Analytical Instruments,10-K,2023-02-17,2023-01-01,2023-02-17 21:06:30+00:00,0001110803-23-000023,https://www.sec.gov/Archives/edgar/data/1110803/000111080323000023/ilmn-20230101.htm,31589,3224,data/interim/text/000111080323000023.txt.gz,000111080323000023,2023Q1,2023-02-17 16:06:30-05:00,2023-02-18,2023-02-18,2023-02-21,2023-02-17,206.0603179931641,620,778
427,ILMN,1110803,"ILLUMINA, INC.",3826,Laboratory Analytical Instruments,10-Q,2023-05-05,2023-04-02,2023-05-05 20:32:21+00:00,0001110803-23-000035,https://www.sec.gov/Archives/edgar/data/1110803/000111080323000035/ilmn-20230402.htm,9582,1474,data/interim/text/000111080323000035.txt.gz,000111080323000035,2023Q2,2023-05-05 16:32:21-04:00,2023-05-06,2023-05-06,2023-05-08,2023-05-05,194.22178649902344,673,725
428,ILMN,1110803,"ILLUMINA, INC.",3826,Laboratory Analytical Instruments,10-Q,2023-08-10,2023-07-02,2023-08-10 20:38:55+00:00,0001110803-23-000064,https://www.sec.gov/Archives/edgar/data/1110803/000111080323000064/ilmn-20230702.htm,9448,1396,data/interim/text/000111080323000064.txt.gz,000111080323000064,2023Q3,2023-08-10 16:38:55-04:00,2023-08-11,2023-08-11,2023-08-11,2023-08-10,180.07781982421875,739,659
429,ILMN,1110803,"ILLUMINA, INC.",3826,Laboratory Analytical Instruments,10-Q,2023-11-13,2023-10-01,2023-11-09 23:30:59+00:00,0001110803-23-000086,https://www.sec.gov/Archives/edgar/data/1110803/000111080323000086/ilmn-20231001.htm,10229,1473,data/interim/text/000111080323000086.txt.gz,000111080323000086,2023Q4,2023-11-09 18:30:59-05:00,2023-11-10,2023-11-13,2023-11-13,2023-11-10,95.69065856933594,804,594
430,ILMN,1110803,"ILLUMINA, INC.",3826,Laboratory Analytical Instruments,10-K,2024-02-16,2023-12-31,2024-02-16 21:21:12+00:00,0001110803-24-000010,https://www.sec.gov/Archives/edgar/data/1110803/000111080324000010/ilmn-20231231.htm,32547,3317,data/interim/text/000111080324000010.txt.gz,000111080324000010,2024Q1,2024-02-16 16:21:12-05:00,2024-02-17,2024-02-17,2024-02-20,2024-02-16,139.50389099121094,870,528
431,ILMN,1110803,"ILLUMINA, INC.",3826,Laboratory Analytical Instruments,10-Q,2024-05-03,2024-03-31,2024-05-03 20:12:45+00:00,0001110803-24-000024,https://www.sec.gov/Archives/edgar/data/1110803/000111080324000024/ilmn-20240331.htm,9643,1482,data/interim/text/000111080324000024.txt.gz,000111080324000024,2024Q2,2024-05-03 16:12:45-04:00,2024-05-04,2024-05-04,2024-05-06,2024-05-03,114.7178955078125,923,475
432,ILMN,1110803,"ILLUMINA, INC.",3826,Laboratory Analytical Instruments,10-Q,2024-08-07,2024-06-30,2024-08-07 21:28:56+00:00,0001110803-24-000044,https://www.sec.gov/Archives/edgar/data/1110803/000111080324000044/ilmn-20240630.htm,9139,1443,data/interim/text/000111080324000044.txt.gz,000111080324000044,2024Q3,2024-08-07 17:28:56-04:00,2024-08-08,2024-08-08,2024-08-08,2024-08-07,121.0999984741211,988,410
433,ILMN,1110803,"ILLUMINA, INC.",3826,Laboratory Analytical Instruments,10-Q,2024-11-06,2024-09-29,2024-11-05 23:11:59+00:00,0001110803-24-000052,https://www.sec.gov/Archives/edgar/data/1110803/000111080324000052/ilmn-20240929.htm,7853,1265,data/interim/text/000111080324000052.txt.gz,000111080324000052,2024Q4,2024-11-05 18:11:59-05:00,2024-11-06,2024-11-06,2024-11-06,2024-11-05,154.9600067138672,1051,347
434,ILMN,1110803,"ILLUMINA, INC.",3826,Laboratory Analytical Instruments,10-K,2025-02-12,2024-12-29,2025-02-12 21:21:55+00:00,0001110803-25-000019,https://www.sec.gov/Archives/edgar/data/1110803/000111080325000019/ilmn-20241229.htm,30706,3218,data/interim/text/000111080325000019.txt.gz,000111080325000019,2025Q1,2025-02-12 16:21:55-05:00,2025-02-13,2025-02-13,2025-02-13,2025-02-12,103.56999969482422,1117,281
435,ILMN,1110803,"ILLUMINA, INC.",3826,Laboratory Analytical Instruments,10-Q,2025-05-09,2025-03-30,2025-05-08 22:05:31+00:00,0001110803-25-000046,https://www.sec.gov/Archives/edgar/data/1110803/000111080325000046/ilmn-20250330.htm,6977,1188,data/interim/text/000111080325000046.txt.gz,000111080325000046,2025Q2,2025-05-08 18:05:31-04:00,2025-05-09,2025-05-09,2025-05-09,2025-05-08,79.58000183105469,1176,222
436,ILMN,1110803,"ILLUMINA, INC.",3826,Laboratory Analytical Instruments,10-Q,2025-08-01,2025-06-29,2025-08-01 21:24:43+00:00,0001110803-25-000060,https://www.sec.gov/Archives/edgar/data/1110803/000111080325000060/ilmn-20250629.htm,7561,1196,data/interim/text/000111080325000060.txt.gz,000111080325000060,2025Q3,2025-08-01 17:24:43-04:00,2025-08-02,2025-08-02,2025-08-04,2025-08-01,94.66000366210938,1234,164
437,ILMN,1110803,"ILLUMINA, INC.",3826,Laboratory Analytical Instruments,10-Q,2025-10-31,2025-09-28,2025-10-31 20:40:12+00:00,0001110803-25-000073,https://www.sec.gov/Archives/edgar/data/1110803/000111080325000073/ilmn-20250928.htm,7916,1228,data/interim/text/000111080325000073.txt.gz,000111080325000073,2025Q4,2025-10-31 16:40:12-04:00,2025-11-01,2025-11-01,2025-11-03,2025-10-31,123.54000091552734,1298,100
438,GRMN,1121788,GARMIN LTD,3812,"Search, Detection, Navigation, Guidance, Aeronautical Sys",10-K,2021-02-17,2020-12-26,2021-02-17 12:00:53+00:00,0001564590-21-006192,https://www.sec.gov/Archives/edgar/data/1121788/000156459021006192/grmn-10k_20201226.htm,29019,3406,data/interim/text/000156459021006192.txt.gz,000156459021006192,2021Q1,2021-02-17 07:00:53-05:00,2021-02-17,2021-02-17,2021-02-17,2021-02-16,117.9010238647461,114,1284
439,GRMN,1121788,GARMIN LTD,3812,"Search, Detection, Navigation, Guidance, Aeronautical Sys",10-Q,2021-04-28,2021-03-27,2021-04-28 11:01:22+00:00,0000950170-21-000047,https://www.sec.gov/Archives/edgar/data/1121788/000095017021000047/grmn-20210327.htm,5195,998,data/interim/text/000095017021000047.txt.gz,000095017021000047,2021Q2,2021-04-28 07:01:22-04:00,2021-04-28,2021-04-28,2021-04-28,2021-04-27,126.19293975830078,163,1235
440,GRMN,1121788,GARMIN LTD,3812,"Search, Detection, Navigation, Guidance, Aeronautical Sys",10-Q,2021-07-28,2021-06-26,2021-07-28 11:00:59+00:00,0000950170-21-000551,https://www.sec.gov/Archives/edgar/data/1121788/000095017021000551/grmn-20210626.htm,6825,1028,data/interim/text/000095017021000551.txt.gz,000095017021000551,2021Q3,2021-07-28 07:00:59-04:00,2021-07-28,2021-07-28,2021-07-28,2021-07-27,136.59002685546875,226,1172
441,GRMN,1121788,GARMIN LTD,3812,"Search, Detection, Navigation, Guidance, Aeronautical Sys",10-Q,2021-10-27,2021-09-25,2021-10-27 11:01:51+00:00,0000950170-21-002333,https://www.sec.gov/Archives/edgar/data/1121788/000095017021002333/grmn-20210925.htm,6612,1030,data/interim/text/000095017021002333.txt.gz,000095017021002333,2021Q4,2021-10-27 07:01:51-04:00,2021-10-27,2021-10-27,2021-10-27,2021-10-26,144.5762939453125,290,1108
442,GRMN,1121788,GARMIN LTD,3812,"Search, Detection, Navigation, Guidance, Aeronautical Sys",10-K,2022-02-16,2021-12-25,2022-02-16 12:00:56+00:00,0000950170-22-001303,https://www.sec.gov/Archives/edgar/data/1121788/000095017022001303/grmn-20211225.htm,27428,3374,data/interim/text/000095017022001303.txt.gz,000095017022001303,2022Q1,2022-02-16 07:00:56-05:00,2022-02-16,2022-02-16,2022-02-16,2022-02-15,108.6615982055664,367,1031
443,GRMN,1121788,GARMIN LTD,3812,"Search, Detection, Navigation, Guidance, Aeronautical Sys",10-Q,2022-04-27,2022-03-26,2022-04-27 11:00:48+00:00,0000950170-22-006271,https://www.sec.gov/Archives/edgar/data/1121788/000095017022006271/grmn-20220326.htm,4603,909,data/interim/text/000095017022006271.txt.gz,000095017022006271,2022Q2,2022-04-27 07:00:48-04:00,2022-04-27,2022-04-27,2022-04-27,2022-04-26,100.31834411621094,415,983
444,GRMN,1121788,GARMIN LTD,3812,"Search, Detection, Navigation, Guidance, Aeronautical Sys",10-Q,2022-07-27,2022-06-25,2022-07-27 11:01:36+00:00,0000950170-22-013146,https://www.sec.gov/Archives/edgar/data/1121788/000095017022013146/grmn-20220625.htm,6074,938,data/interim/text/000095017022013146.txt.gz,000095017022013146,2022Q3,2022-07-27 07:01:36-04:00,2022-07-27,2022-07-27,2022-07-27,2022-07-26,94.18740844726562,477,921
445,GRMN,1121788,GARMIN LTD,3812,"Search, Detection, Navigation, Guidance, Aeronautical Sys",10-Q,2022-10-26,2022-09-24,2022-10-26 11:01:09+00:00,0000950170-22-020097,https://www.sec.gov/Archives/edgar/data/1121788/000095017022020097/grmn-20220924.htm,5786,943,data/interim/text/000095017022020097.txt.gz,000095017022020097,2022Q4,2022-10-26 07:01:09-04:00,2022-10-26,2022-10-26,2022-10-26,2022-10-25,78.65213012695312,541,857
446,GRMN,1121788,GARMIN LTD,3812,"Search, Detection, Navigation, Guidance, Aeronautical Sys",10-K,2023-02-22,2022-12-31,2023-02-22 12:02:02+00:00,0000950170-23-003566,https://www.sec.gov/Archives/edgar/data/1121788/000095017023003566/grmn-20221231.htm,27517,3407,data/interim/text/000095017023003566.txt.gz,000095017023003566,2023Q1,2023-02-22 07:02:02-05:00,2023-02-22,2023-02-22,2023-02-22,2023-02-21,87.71674346923828,621,777
447,GRMN,1121788,GARMIN LTD,3812,"Search, Detection, Navigation, Guidance, Aeronautical Sys",10-Q,2023-05-03,2023-04-01,2023-05-03 11:00:48+00:00,0000950170-23-016873,https://www.sec.gov/Archives/edgar/data/1121788/000095017023016873/grmn-20230401.htm,4494,901,data/interim/text/000095017023016873.txt.gz,000095017023016873,2023Q2,2023-05-03 07:00:48-04:00,2023-05-03,2023-05-03,2023-05-03,2023-05-02,91.40904998779295,670,728
448,GRMN,1121788,GARMIN LTD,3812,"Search, Detection, Navigation, Guidance, Aeronautical Sys",10-Q,2023-08-02,2023-07-01,2023-08-02 11:01:19+00:00,0000950170-23-036762,https://www.sec.gov/Archives/edgar/data/1121788/000095017023036762/grmn-20230701.htm,5805,916,data/interim/text/000095017023036762.txt.gz,000095017023036762,2023Q3,2023-08-02 07:01:19-04:00,2023-08-02,2023-08-02,2023-08-02,2023-08-01,100.73758697509766,732,666
449,GRMN,1121788,GARMIN LTD,3812,"Search, Detection, Navigation, Guidance, Aeronautical Sys",10-Q,2023-11-01,2023-09-30,2023-11-01 11:00:57+00:00,0000950170-23-057115,https://www.sec.gov/Archives/edgar/data/1121788/000095017023057115/grmn-20230930.htm,6052,987,data/interim/text/000095017023057115.txt.gz,000095017023057115,2023Q4,2023-11-01 07:00:57-04:00,2023-11-01,2023-11-01,2023-11-01,2023-10-31,97.78958892822266,796,602
450,GRMN,1121788,GARMIN LTD,3812,"Search, Detection, Navigation, Guidance, Aeronautical Sys",10-K,2024-02-21,2023-12-30,2024-02-21 12:00:41+00:00,0000950170-24-017559,https://www.sec.gov/Archives/edgar/data/1121788/000095017024017559/grmn-20231230.htm,26921,3384,data/interim/text/000095017024017559.txt.gz,000095017024017559,2024Q1,2024-02-21 07:00:41-05:00,2024-02-21,2024-02-21,2024-02-21,2024-02-20,117.75215911865234,871,527
451,GRMN,1121788,GARMIN LTD,3812,"Search, Detection, Navigation, Guidance, Aeronautical Sys",10-Q,2024-05-01,2024-03-30,2024-05-01 11:00:29+00:00,0000950170-24-050879,https://www.sec.gov/Archives/edgar/data/1121788/000095017024050879/grmn-20240330.htm,4298,855,data/interim/text/000095017024050879.txt.gz,000095017024050879,2024Q2,2024-05-01 07:00:29-04:00,2024-05-01,2024-05-01,2024-05-01,2024-04-30,139.2731475830078,920,478
452,GRMN,1121788,GARMIN LTD,3812,"Search, Detection, Navigation, Guidance, Aeronautical Sys",10-Q,2024-07-31,2024-06-29,2024-07-31 11:00:25+00:00,0000950170-24-088230,https://www.sec.gov/Archives/edgar/data/1121788/000095017024088230/grmn-20240629.htm,5630,884,data/interim/text/000095017024088230.txt.gz,000095017024088230,2024Q3,2024-07-31 07:00:25-04:00,2024-07-31,2024-07-31,2024-07-31,2024-07-30,173.7054443359375,982,416
453,GRMN,1121788,GARMIN LTD,3812,"Search, Detection, Navigation, Guidance, Aeronautical Sys",10-Q,2024-10-30,2024-09-28,2024-10-30 11:00:23+00:00,0000950170-24-118582,https://www.sec.gov/Archives/edgar/data/1121788/000095017024118582/grmn-20240928.htm,5808,893,data/interim/text/000095017024118582.txt.gz,000095017024118582,2024Q4,2024-10-30 07:00:23-04:00,2024-10-30,2024-10-30,2024-10-30,2024-10-29,161.70970153808594,1046,352
454,GRMN,1121788,GARMIN LTD,3812,"Search, Detection, Navigation, Guidance, Aeronautical Sys",10-K,2025-02-19,2024-12-28,2025-02-19 12:00:25+00:00,0000950170-25-022760,https://www.sec.gov/Archives/edgar/data/1121788/000095017025022760/grmn-20241228.htm,25823,3283,data/interim/text/000095017025022760.txt.gz,000095017025022760,2025Q1,2025-02-19 07:00:25-05:00,2025-02-19,2025-02-19,2025-02-19,2025-02-18,209.61715698242188,1120,278
455,GRMN,1121788,GARMIN LTD,3812,"Search, Detection, Navigation, Guidance, Aeronautical Sys",10-Q,2025-04-30,2025-03-29,2025-04-30 11:00:21+00:00,0000950170-25-060555,https://www.sec.gov/Archives/edgar/data/1121788/000095017025060555/grmn-20250329.htm,4712,944,data/interim/text/000095017025060555.txt.gz,000095017025060555,2025Q2,2025-04-30 07:00:21-04:00,2025-04-30,2025-04-30,2025-04-30,2025-04-29,199.91000366210935,1169,229
456,GRMN,1121788,GARMIN LTD,3812,"Search, Detection, Navigation, Guidance, Aeronautical Sys",10-Q,2025-07-30,2025-06-28,2025-07-30 11:00:57+00:00,0000950170-25-099877,https://www.sec.gov/Archives/edgar/data/1121788/000095017025099877/grmn-20250628.htm,6069,962,data/interim/text/000095017025099877.txt.gz,000095017025099877,2025Q3,2025-07-30 07:00:57-04:00,2025-07-30,2025-07-30,2025-07-30,2025-07-29,235.4398956298828,1231,167
457,GRMN,1121788,GARMIN LTD,3812,"Search, Detection, Navigation, Guidance, Aeronautical Sys",10-Q,2025-10-29,2025-09-27,2025-10-29 11:00:49+00:00,0001193125-25-254605,https://www.sec.gov/Archives/edgar/data/1121788/000119312525254605/grmn-20250927.htm,6189,978,data/interim/text/000119312525254605.txt.gz,000119312525254605,2025Q4,2025-10-29 07:00:49-04:00,2025-10-29,2025-10-29,2025-10-29,2025-10-28,245.0023651123047,1295,103
458,CDNA,1217234,"CareDx, Inc.",8071,Services-Medical Laboratories,10-K,2021-02-24,2020-12-31,2021-02-24 22:03:10+00:00,0001217234-21-000046,https://www.sec.gov/Archives/edgar/data/1217234/000121723421000046/cdna-20201231.htm,56650,4206,data/interim/text/000121723421000046.txt.gz,000121723421000046,2021Q1,2021-02-24 17:03:10-05:00,2021-02-25,2021-02-25,2021-02-25,2021-02-24,79.02999877929688,120,1278
459,CDNA,1217234,"CareDx, Inc.",8071,Services-Medical Laboratories,10-Q,2021-05-05,2021-03-31,2021-05-05 21:04:50+00:00,0001217234-21-000093,https://www.sec.gov/Archives/edgar/data/1217234/000121723421000093/cdna-20210331.htm,13697,2058,data/interim/text/000121723421000093.txt.gz,000121723421000093,2021Q2,2021-05-05 17:04:50-04:00,2021-05-06,2021-05-06,2021-05-06,2021-05-05,73.18000030517578,169,1229
460,CDNA,1217234,"CareDx, Inc.",8071,Services-Medical Laboratories,10-Q,2021-07-29,2021-06-30,2021-07-29 21:10:05+00:00,0001217234-21-000190,https://www.sec.gov/Archives/edgar/data/1217234/000121723421000190/cdna-20210630.htm,15603,2175,data/interim/text/000121723421000190.txt.gz,000121723421000190,2021Q3,2021-07-29 17:10:05-04:00,2021-07-30,2021-07-30,2021-07-30,2021-07-29,87.51000213623047,228,1170
461,CDNA,1217234,"CareDx, Inc.",8071,Services-Medical Laboratories,10-Q,2021-10-28,2021-09-30,2021-10-28 21:21:26+00:00,0001217234-21-000235,https://www.sec.gov/Archives/edgar/data/1217234/000121723421000235/cdna-20210930.htm,19379,2566,data/interim/text/000121723421000235.txt.gz,000121723421000235,2021Q4,2021-10-28 17:21:26-04:00,2021-10-29,2021-10-29,2021-10-29,2021-10-28,70.33999633789062,292,1106
462,CDNA,1217234,"CareDx, Inc.",8071,Services-Medical Laboratories,10-K,2022-02-24,2021-12-31,2022-02-24 22:07:19+00:00,0001217234-22-000056,https://www.sec.gov/Archives/edgar/data/1217234/000121723422000056/cdna-20211231.htm,58893,4316,data/interim/text/000121723422000056.txt.gz,000121723422000056,2022Q1,2022-02-24 17:07:19-05:00,2022-02-25,2022-02-25,2022-02-25,2022-02-24,39.95000076293945,373,1025
463,CDNA,1217234,"CareDx, Inc.",8071,Services-Medical Laboratories,10-Q,2022-05-05,2022-03-31,2022-05-05 21:13:34+00:00,0001217234-22-000093,https://www.sec.gov/Archives/edgar/data/1217234/000121723422000093/cdna-20220331.htm,20685,2712,data/interim/text/000121723422000093.txt.gz,000121723422000093,2022Q2,2022-05-05 17:13:34-04:00,2022-05-06,2022-05-06,2022-05-06,2022-05-05,31.65999984741211,422,976
464,CDNA,1217234,"CareDx, Inc.",8071,Services-Medical Laboratories,10-Q,2022-08-04,2022-06-30,2022-08-04 21:20:19+00:00,0001217234-22-000150,https://www.sec.gov/Archives/edgar/data/1217234/000121723422000150/cdna-20220630.htm,21940,2752,data/interim/text/000121723422000150.txt.gz,000121723422000150,2022Q3,2022-08-04 17:20:19-04:00,2022-08-05,2022-08-05,2022-08-05,2022-08-04,24.299999237060547,484,914
465,CDNA,1217234,"CareDx, Inc.",8071,Services-Medical Laboratories,10-Q,2022-11-03,2022-09-30,2022-11-03 20:23:36+00:00,0001217234-22-000184,https://www.sec.gov/Archives/edgar/data/1217234/000121723422000184/cdna-20220930.htm,24981,2933,data/interim/text/000121723422000184.txt.gz,000121723422000184,2022Q4,2022-11-03 16:23:36-04:00,2022-11-04,2022-11-04,2022-11-04,2022-11-03,18.729999542236328,548,850
466,CDNA,1217234,"CareDx, Inc.",8071,Services-Medical Laboratories,10-K,2023-02-27,2022-12-31,2023-02-27 21:28:48+00:00,0001217234-23-000046,https://www.sec.gov/Archives/edgar/data/1217234/000121723423000046/cdna-20221231.htm,63097,4454,data/interim/text/000121723423000046.txt.gz,000121723423000046,2023Q1,2023-02-27 16:28:48-05:00,2023-02-28,2023-02-28,2023-02-28,2023-02-27,14.710000038146973,625,773
467,CDNA,1217234,"CareDx, Inc.",8071,Services-Medical Laboratories,10-Q,2023-05-10,2023-03-31,2023-05-10 20:20:16+00:00,0001217234-23-000096,https://www.sec.gov/Archives/edgar/data/1217234/000121723423000096/cdna-20230331.htm,24522,2550,data/interim/text/000121723423000096.txt.gz,000121723423000096,2023Q2,2023-05-10 16:20:16-04:00,2023-05-11,2023-05-11,2023-05-11,2023-05-10,8.59000015258789,676,722
468,CDNA,1217234,"CareDx, Inc.",8071,Services-Medical Laboratories,10-Q,2023-08-08,2023-06-30,2023-08-08 20:18:07+00:00,0001217234-23-000180,https://www.sec.gov/Archives/edgar/data/1217234/000121723423000180/cdna-20230630.htm,25796,2550,data/interim/text/000121723423000180.txt.gz,000121723423000180,2023Q3,2023-08-08 16:18:07-04:00,2023-08-09,2023-08-09,2023-08-09,2023-08-08,11.039999961853027,737,661
469,CDNA,1217234,"CareDx, Inc.",8071,Services-Medical Laboratories,10-Q,2023-11-08,2023-09-30,2023-11-08 21:16:37+00:00,0001217234-23-000226,https://www.sec.gov/Archives/edgar/data/1217234/000121723423000226/cdna-20230930.htm,29826,2833,data/interim/text/000121723423000226.txt.gz,000121723423000226,2023Q4,2023-11-08 16:16:37-05:00,2023-11-09,2023-11-09,2023-11-09,2023-11-08,6.329999923706055,802,596
470,CDNA,1217234,"CareDx, Inc.",8071,Services-Medical Laboratories,10-K,2024-02-28,2023-12-31,2024-02-28 21:27:26+00:00,0001217234-24-000033,https://www.sec.gov/Archives/edgar/data/1217234/000121723424000033/cdna-20231231.htm,65631,4367,data/interim/text/000121723424000033.txt.gz,000121723424000033,2024Q1,2024-02-28 16:27:26-05:00,2024-02-29,2024-02-29,2024-02-29,2024-02-28,9.720000267028809,877,521
471,CDNA,1217234,"CareDx, Inc.",8071,Services-Medical Laboratories,10-Q,2024-05-09,2024-03-31,2024-05-09 20:14:55+00:00,0001217234-24-000064,https://www.sec.gov/Archives/edgar/data/1217234/000121723424000064/cdna-20240331.htm,18212,2284,data/interim/text/000121723424000064.txt.gz,000121723424000064,2024Q2,2024-05-09 16:14:55-04:00,2024-05-10,2024-05-10,2024-05-10,2024-05-09,11.0600004196167,927,471
472,CDNA,1217234,"CareDx, Inc.",8071,Services-Medical Laboratories,10-Q,2024-07-31,2024-06-30,2024-07-31 20:16:12+00:00,0001217234-24-000083,https://www.sec.gov/Archives/edgar/data/1217234/000121723424000083/cdna-20240630.htm,18454,2293,data/interim/text/000121723424000083.txt.gz,000121723424000083,2024Q3,2024-07-31 16:16:12-04:00,2024-08-01,2024-08-01,2024-08-01,2024-07-31,19.989999771118164,983,415
473,CDNA,1217234,"CareDx, Inc.",8071,Services-Medical Laboratories,10-Q,2024-11-04,2024-09-30,2024-11-04 21:18:08+00:00,0001217234-24-000103,https://www.sec.gov/Archives/edgar/data/1217234/000121723424000103/cdna-20240930.htm,19089,2325,data/interim/text/000121723424000103.txt.gz,000121723424000103,2024Q4,2024-11-04 16:18:08-05:00,2024-11-05,2024-11-05,2024-11-05,2024-11-04,22.93000030517578,1050,348
474,CDNA,1217234,"CareDx, Inc.",8071,Services-Medical Laboratories,10-K,2025-02-28,2024-12-31,2025-02-27 22:49:04+00:00,0001217234-25-000012,https://www.sec.gov/Archives/edgar/data/1217234/000121723425000012/cdna-20241231.htm,50105,4037,data/interim/text/000121723425000012.txt.gz,000121723425000012,2025Q1,2025-02-27 17:49:04-05:00,2025-02-28,2025-02-28,2025-02-28,2025-02-27,21.059999465942383,1127,271
475,CDNA,1217234,"CareDx, Inc.",8071,Services-Medical Laboratories,10-Q,2025-04-30,2025-03-31,2025-04-30 20:18:38+00:00,0001217234-25-000037,https://www.sec.gov/Archives/edgar/data/1217234/000121723425000037/cdna-20250331.htm,14050,1975,data/interim/text/000121723425000037.txt.gz,000121723425000037,2025Q2,2025-04-30 16:18:38-04:00,2025-05-01,2025-05-01,2025-05-01,2025-04-30,16.8799991607666,1170,228
476,CDNA,1217234,"CareDx, Inc.",8071,Services-Medical Laboratories,10-Q,2025-08-06,2025-06-30,2025-08-06 20:11:48+00:00,0001217234-25-000046,https://www.sec.gov/Archives/edgar/data/1217234/000121723425000046/cdna-20250630.htm,35036,3215,data/interim/text/000121723425000046.txt.gz,000121723425000046,2025Q3,2025-08-06 16:11:48-04:00,2025-08-07,2025-08-07,2025-08-07,2025-08-06,13.100000381469728,1237,161
477,CDNA,1217234,"CareDx, Inc.",8071,Services-Medical Laboratories,10-Q,2025-11-04,2025-09-30,2025-11-04 21:13:11+00:00,0001217234-25-000063,https://www.sec.gov/Archives/edgar/data/1217234/000121723425000063/cdna-20250930.htm,35133,3204,data/interim/text/000121723425000063.txt.gz,000121723425000063,2025Q4,2025-11-04 16:13:11-05:00,2025-11-05,2025-11-05,2025-11-05,2025-11-04,14.520000457763672,1300,98
478,PACB,1299130,"PACIFIC BIOSCIENCES OF CALIFORNIA, INC.",3826,Laboratory Analytical Instruments,10-K,2021-02-26,2020-12-31,2021-02-26 22:17:37+00:00,0001299130-21-000098,https://www.sec.gov/Archives/edgar/data/1299130/000129913021000098/pacb-20201231x10k.htm,40403,3620,data/interim/text/000129913021000098.txt.gz,000129913021000098,2021Q1,2021-02-26 17:17:37-05:00,2021-02-27,2021-02-27,2021-03-01,2021-02-26,30.56999969482422,122,1276
479,PACB,1299130,"PACIFIC BIOSCIENCES OF CALIFORNIA, INC.",3826,Laboratory Analytical Instruments,10-Q,2021-05-06,2021-03-31,2021-05-06 20:23:01+00:00,0001299130-21-000140,https://www.sec.gov/Archives/edgar/data/1299130/000129913021000140/pacb-20210331x10q.htm,29364,2800,data/interim/text/000129913021000140.txt.gz,000129913021000140,2021Q2,2021-05-06 16:23:01-04:00,2021-05-07,2021-05-07,2021-05-07,2021-05-06,24.36000061035156,170,1228
480,PACB,1299130,"PACIFIC BIOSCIENCES OF CALIFORNIA, INC.",3826,Laboratory Analytical Instruments,10-Q,2021-08-06,2021-06-30,2021-08-05 22:04:34+00:00,0001299130-21-000192,https://www.sec.gov/Archives/edgar/data/1299130/000129913021000192/pacb-20210630x10q.htm,31928,2877,data/interim/text/000129913021000192.txt.gz,000129913021000192,2021Q3,2021-08-05 18:04:34-04:00,2021-08-06,2021-08-06,2021-08-06,2021-08-05,35.02000045776367,233,1165
481,PACB,1299130,"PACIFIC BIOSCIENCES OF CALIFORNIA, INC.",3826,Laboratory Analytical Instruments,10-Q,2021-11-05,2021-09-30,2021-11-05 01:50:05+00:00,0001299130-21-000216,https://www.sec.gov/Archives/edgar/data/1299130/000129913021000216/pacb-20210930x10q.htm,31610,2805,data/interim/text/000129913021000216.txt.gz,000129913021000216,2021Q4,2021-11-04 21:50:05-04:00,2021-11-05,2021-11-05,2021-11-05,2021-11-04,30.07999992370605,297,1101
482,PACB,1299130,"PACIFIC BIOSCIENCES OF CALIFORNIA, INC.",3826,Laboratory Analytical Instruments,10-K,2022-02-28,2021-12-31,2022-02-28 21:12:34+00:00,0001299130-22-000030,https://www.sec.gov/Archives/edgar/data/1299130/000129913022000030/pacb-20211231x10k.htm,45253,3755,data/interim/text/000129913022000030.txt.gz,000129913022000030,2022Q1,2022-02-28 16:12:34-05:00,2022-03-01,2022-03-01,2022-03-01,2022-02-28,11.920000076293944,375,1023
483,PACB,1299130,"PACIFIC BIOSCIENCES OF CALIFORNIA, INC.",3826,Laboratory Analytical Instruments,10-Q,2022-05-06,2022-03-31,2022-05-06 00:39:03+00:00,0001299130-22-000053,https://www.sec.gov/Archives/edgar/data/1299130/000129913022000053/pacb-20220331x10q.htm,32962,2901,data/interim/text/000129913022000053.txt.gz,000129913022000053,2022Q2,2022-05-05 20:39:03-04:00,2022-05-06,2022-05-06,2022-05-06,2022-05-05,6.420000076293945,422,976
484,PACB,1299130,"PACIFIC BIOSCIENCES OF CALIFORNIA, INC.",3826,Laboratory Analytical Instruments,10-Q,2022-08-08,2022-06-30,2022-08-05 22:39:41+00:00,0001299130-22-000101,https://www.sec.gov/Archives/edgar/data/1299130/000129913022000101/pacb-20220630x10q.htm,33400,2927,data/interim/text/000129913022000101.txt.gz,000129913022000101,2022Q3,2022-08-05 18:39:41-04:00,2022-08-06,2022-08-08,2022-08-08,2022-08-05,6.059999942779541,485,913
485,PACB,1299130,"PACIFIC BIOSCIENCES OF CALIFORNIA, INC.",3826,Laboratory Analytical Instruments,10-Q,2022-11-08,2022-09-30,2022-11-08 21:07:48+00:00,0001299130-22-000136,https://www.sec.gov/Archives/edgar/data/1299130/000129913022000136/pacb-20220930x10q.htm,35432,3025,data/interim/text/000129913022000136.txt.gz,000129913022000136,2022Q4,2022-11-08 16:07:48-05:00,2022-11-09,2022-11-09,2022-11-09,2022-11-08,9.029999732971191,551,847
486,PACB,1299130,"PACIFIC BIOSCIENCES OF CALIFORNIA, INC.",3826,Laboratory Analytical Instruments,10-K,2023-02-28,2022-12-31,2023-02-28 21:25:21+00:00,0001299130-23-000032,https://www.sec.gov/Archives/edgar/data/1299130/000129913023000032/pacb-20221231x10k.htm,49498,3975,data/interim/text/000129913023000032.txt.gz,000129913023000032,2023Q1,2023-02-28 16:25:21-05:00,2023-03-01,2023-03-01,2023-03-01,2023-02-28,9.079999923706056,626,772
487,PACB,1299130,"PACIFIC BIOSCIENCES OF CALIFORNIA, INC.",3826,Laboratory Analytical Instruments,10-Q,2023-05-04,2023-03-31,2023-05-04 20:42:32+00:00,0001299130-23-000048,https://www.sec.gov/Archives/edgar/data/1299130/000129913023000048/pacb-20230331.htm,33968,3009,data/interim/text/000129913023000048.txt.gz,000129913023000048,2023Q2,2023-05-04 16:42:32-04:00,2023-05-05,2023-05-05,2023-05-05,2023-05-04,11.899999618530272,672,726
488,PACB,1299130,"PACIFIC BIOSCIENCES OF CALIFORNIA, INC.",3826,Laboratory Analytical Instruments,10-Q,2023-08-04,2023-06-30,2023-08-04 20:13:21+00:00,0001299130-23-000098,https://www.sec.gov/Archives/edgar/data/1299130/000129913023000098/pacb-20230630.htm,36191,3050,data/interim/text/000129913023000098.txt.gz,000129913023000098,2023Q3,2023-08-04 16:13:21-04:00,2023-08-05,2023-08-05,2023-08-07,2023-08-04,12.18000030517578,735,663
489,PACB,1299130,"PACIFIC BIOSCIENCES OF CALIFORNIA, INC.",3826,Laboratory Analytical Instruments,10-Q,2023-11-03,2023-09-30,2023-11-03 20:30:02+00:00,0001299130-23-000139,https://www.sec.gov/Archives/edgar/data/1299130/000129913023000139/pacb-20230930.htm,36379,3031,data/interim/text/000129913023000139.txt.gz,000129913023000139,2023Q4,2023-11-03 16:30:02-04:00,2023-11-04,2023-11-04,2023-11-06,2023-11-03,7.21999979019165,799,599
490,PACB,1299130,"PACIFIC BIOSCIENCES OF CALIFORNIA, INC.",3826,Laboratory Analytical Instruments,10-K,2024-02-28,2023-12-31,2024-02-28 21:28:25+00:00,0001299130-24-000054,https://www.sec.gov/Archives/edgar/data/1299130/000129913024000054/pacb-20231231.htm,51682,4015,data/interim/text/000129913024000054.txt.gz,000129913024000054,2024Q1,2024-02-28 16:28:25-05:00,2024-02-29,2024-02-29,2024-02-29,2024-02-28,5.570000171661377,877,521
492,RBLX,1315098,Roblox Corp,7372,Services-Prepackaged Software,10-Q,2021-08-16,2021-06-30,2021-08-16 20:15:37+00:00,0001315098-21-000014,https://www.sec.gov/Archives/edgar/data/1315098/000131509821000014/rblx-20210630.htm,44380,3503,data/interim/text/000131509821000014.txt.gz,000131509821000014,2021Q3,2021-08-16 16:15:37-04:00,2021-08-17,2021-08-17,2021-08-17,2021-08-16,79.56999969482422,110,1158
493,RBLX,1315098,Roblox Corp,7372,Services-Prepackaged Software,10-Q,2021-11-09,2021-09-30,2021-11-09 21:07:27+00:00,0001315098-21-000033,https://www.sec.gov/Archives/edgar/data/1315098/000131509821000033/rblx-20210930.htm,46010,3546,data/interim/text/000131509821000033.txt.gz,000131509821000033,2021Q4,2021-11-09 16:07:27-05:00,2021-11-10,2021-11-10,2021-11-10,2021-11-09,109.5199966430664,170,1098
494,RBLX,1315098,Roblox Corp,7372,Services-Prepackaged Software,10-K,2022-02-25,2021-12-31,2022-02-25 21:13:28+00:00,0001315098-22-000058,https://www.sec.gov/Archives/edgar/data/1315098/000131509822000058/rblx-20211231.htm,60675,4418,data/interim/text/000131509822000058.txt.gz,000131509822000058,2022Q1,2022-02-25 16:13:28-05:00,2022-02-26,2022-02-26,2022-02-28,2022-02-25,50.04999923706055,244,1024
495,RBLX,1315098,Roblox Corp,7372,Services-Prepackaged Software,10-Q,2022-05-11,2022-03-31,2022-05-11 20:09:17+00:00,0001315098-22-000084,https://www.sec.gov/Archives/edgar/data/1315098/000131509822000084/rblx-20220331.htm,45296,3558,data/interim/text/000131509822000084.txt.gz,000131509822000084,2022Q2,2022-05-11 16:09:17-04:00,2022-05-12,2022-05-12,2022-05-12,2022-05-11,23.96999931335449,296,972
496,RBLX,1315098,Roblox Corp,7372,Services-Prepackaged Software,10-Q,2022-08-10,2022-06-30,2022-08-10 20:06:42+00:00,0001315098-22-000125,https://www.sec.gov/Archives/edgar/data/1315098/000131509822000125/rblx-20220630.htm,46836,3593,data/interim/text/000131509822000125.txt.gz,000131509822000125,2022Q3,2022-08-10 16:06:42-04:00,2022-08-11,2022-08-11,2022-08-11,2022-08-10,48.0099983215332,358,910
497,RBLX,1315098,Roblox Corp,7372,Services-Prepackaged Software,10-Q,2022-11-09,2022-09-30,2022-11-09 21:10:30+00:00,0001315098-22-000158,https://www.sec.gov/Archives/edgar/data/1315098/000131509822000158/rblx-20220930.htm,47222,3560,data/interim/text/000131509822000158.txt.gz,000131509822000158,2022Q4,2022-11-09 16:10:30-05:00,2022-11-10,2022-11-10,2022-11-10,2022-11-09,30.920000076293945,422,846
498,RBLX,1315098,Roblox Corp,7372,Services-Prepackaged Software,10-K,2023-02-28,2022-12-31,2023-02-28 21:36:51+00:00,0001315098-23-000035,https://www.sec.gov/Archives/edgar/data/1315098/000131509823000035/rblx-20221231.htm,60572,4348,data/interim/text/000131509823000035.txt.gz,000131509823000035,2023Q1,2023-02-28 16:36:51-05:00,2023-03-01,2023-03-01,2023-03-01,2023-02-28,36.63999938964844,496,772
499,RBLX,1315098,Roblox Corp,7372,Services-Prepackaged Software,10-Q,2023-05-10,2023-03-31,2023-05-10 12:13:15+00:00,0001315098-23-000081,https://www.sec.gov/Archives/edgar/data/1315098/000131509823000081/rblx-20230331.htm,46976,3558,data/interim/text/000131509823000081.txt.gz,000131509823000081,2023Q2,2023-05-10 08:13:15-04:00,2023-05-10,2023-05-10,2023-05-10,2023-05-09,36.18999862670898,545,723
500,RBLX,1315098,Roblox Corp,7372,Services-Prepackaged Software,10-Q,2023-08-09,2023-06-30,2023-08-09 12:13:38+00:00,0001315098-23-000125,https://www.sec.gov/Archives/edgar/data/1315098/000131509823000125/rblx-20230630.htm,47448,3544,data/interim/text/000131509823000125.txt.gz,000131509823000125,2023Q3,2023-08-09 08:13:38-04:00,2023-08-09,2023-08-09,2023-08-09,2023-08-08,37.7400016784668,607,661
501,RBLX,1315098,Roblox Corp,7372,Services-Prepackaged Software,10-Q,2023-11-08,2023-09-30,2023-11-08 13:08:06+00:00,0001315098-23-000174,https://www.sec.gov/Archives/edgar/data/1315098/000131509823000174/rblx-20230930.htm,47832,3555,data/interim/text/000131509823000174.txt.gz,000131509823000174,2023Q4,2023-11-08 08:08:06-05:00,2023-11-08,2023-11-08,2023-11-08,2023-11-07,35.06999969482422,671,597
502,RBLX,1315098,Roblox Corp,7372,Services-Prepackaged Software,10-K,2024-02-21,2023-12-31,2024-02-21 14:04:34+00:00,0001315098-24-000026,https://www.sec.gov/Archives/edgar/data/1315098/000131509824000026/rblx-20231231.htm,58203,4274,data/interim/text/000131509824000026.txt.gz,000131509824000026,2024Q1,2024-02-21 09:04:34-05:00,2024-02-21,2024-02-21,2024-02-21,2024-02-20,41.40999984741211,741,527
503,RBLX,1315098,Roblox Corp,7372,Services-Prepackaged Software,10-Q,2024-05-09,2024-03-31,2024-05-09 12:07:00+00:00,0001315098-24-000095,https://www.sec.gov/Archives/edgar/data/1315098/000131509824000095/rblx-20240331.htm,41653,3383,data/interim/text/000131509824000095.txt.gz,000131509824000095,2024Q2,2024-05-09 08:07:00-04:00,2024-05-09,2024-05-09,2024-05-09,2024-05-08,39.02999877929688,796,472
504,RBLX,1315098,Roblox Corp,7372,Services-Prepackaged Software,10-Q,2024-08-02,2024-06-30,2024-08-02 10:22:45+00:00,0001315098-24-000166,https://www.sec.gov/Archives/edgar/data/1315098/000131509824000166/rblx-20240630.htm,44262,3478,data/interim/text/000131509824000166.txt.gz,000131509824000166,2024Q3,2024-08-02 06:22:45-04:00,2024-08-02,2024-08-02,2024-08-02,2024-08-01,38.84999847412109,854,414
505,RBLX,1315098,Roblox Corp,7372,Services-Prepackaged Software,10-Q,2024-10-31,2024-09-30,2024-10-31 12:13:30+00:00,0001315098-24-000250,https://www.sec.gov/Archives/edgar/data/1315098/000131509824000250/rblx-20240930.htm,45139,3501,data/interim/text/000131509824000250.txt.gz,000131509824000250,2024Q4,2024-10-31 08:13:30-04:00,2024-10-31,2024-10-31,2024-10-31,2024-10-30,43.13999938964844,917,351
506,RBLX,1315098,Roblox Corp,7372,Services-Prepackaged Software,10-K,2025-02-18,2024-12-31,2025-02-18 13:44:49+00:00,0001315098-25-000033,https://www.sec.gov/Archives/edgar/data/1315098/000131509825000033/rblx-20241231.htm,60660,4369,data/interim/text/000131509825000033.txt.gz,000131509825000033,2025Q1,2025-02-18 08:44:49-05:00,2025-02-18,2025-02-18,2025-02-18,2025-02-14,66.75,989,279
507,RBLX,1315098,Roblox Corp,7372,Services-Prepackaged Software,10-Q,2025-05-01,2025-03-31,2025-05-01 12:15:52+00:00,0001315098-25-000118,https://www.sec.gov/Archives/edgar/data/1315098/000131509825000118/rblx-20250331.htm,44371,3520,data/interim/text/000131509825000118.txt.gz,000131509825000118,2025Q2,2025-05-01 08:15:52-04:00,2025-05-01,2025-05-01,2025-05-01,2025-04-30,67.05000305175781,1040,228
508,RBLX,1315098,Roblox Corp,7372,Services-Prepackaged Software,10-Q,2025-07-31,2025-06-30,2025-07-31 12:08:59+00:00,0001315098-25-000262,https://www.sec.gov/Archives/edgar/data/1315098/000131509825000262/rblx-20250630.htm,47093,3614,data/interim/text/000131509825000262.txt.gz,000131509825000262,2025Q3,2025-07-31 08:08:59-04:00,2025-07-31,2025-07-31,2025-07-31,2025-07-30,124.94000244140624,1102,166
509,RBLX,1315098,Roblox Corp,7372,Services-Prepackaged Software,10-Q,2025-10-30,2025-09-30,2025-10-30 11:58:02+00:00,0001315098-25-000327,https://www.sec.gov/Archives/edgar/data/1315098/000131509825000327/rblx-20250930.htm,48178,3637,data/interim/text/000131509825000327.txt.gz,000131509825000327,2025Q4,2025-10-30 07:58:02-04:00,2025-10-30,2025-10-30,2025-10-30,2025-10-29,133.74000549316406,1166,102
510,TSLA,1318605,"Tesla, Inc.",3711,Motor Vehicles & Passenger Car Bodies,10-K,2021-02-08,2020-12-31,2021-02-08 12:27:23+00:00,0001564590-21-004599,https://www.sec.gov/Archives/edgar/data/1318605/000156459021004599/tsla-10k_20201231.htm,40394,3464,data/interim/text/000156459021004599.txt.gz,000156459021004599,2021Q1,2021-02-08 07:27:23-05:00,2021-02-08,2021-02-08,2021-02-08,2021-02-05,284.07666015625,108,1290
511,TSLA,1318605,"Tesla, Inc.",3711,Motor Vehicles & Passenger Car Bodies,10-Q,2021-04-28,2021-03-31,2021-04-28 00:02:05+00:00,0000950170-21-000046,https://www.sec.gov/Archives/edgar/data/1318605/000095017021000046/tsla-20210331.htm,22454,2604,data/interim/text/000095017021000046.txt.gz,000095017021000046,2021Q2,2021-04-27 20:02:05-04:00,2021-04-28,2021-04-28,2021-04-28,2021-04-27,234.913330078125,163,1235
512,TSLA,1318605,"Tesla, Inc.",3711,Motor Vehicles & Passenger Car Bodies,10-Q,2021-07-27,2021-06-30,2021-07-27 10:47:13+00:00,0000950170-21-000524,https://www.sec.gov/Archives/edgar/data/1318605/000095017021000524/tsla-20210630.htm,24164,2629,data/interim/text/000095017021000524.txt.gz,000095017021000524,2021Q3,2021-07-27 06:47:13-04:00,2021-07-27,2021-07-27,2021-07-27,2021-07-26,219.2066650390625,225,1173
513,TSLA,1318605,"Tesla, Inc.",3711,Motor Vehicles & Passenger Car Bodies,10-Q,2021-10-25,2021-09-30,2021-10-25 10:12:15+00:00,0000950170-21-002253,https://www.sec.gov/Archives/edgar/data/1318605/000095017021002253/tsla-20210930.htm,23620,2600,data/interim/text/000095017021002253.txt.gz,000095017021002253,2021Q4,2021-10-25 06:12:15-04:00,2021-10-25,2021-10-25,2021-10-25,2021-10-22,303.2266540527344,288,1110
514,TSLA,1318605,"Tesla, Inc.",3711,Motor Vehicles & Passenger Car Bodies,10-K,2022-02-07,2021-12-31,2022-02-05 01:11:27+00:00,0000950170-22-000796,https://www.sec.gov/Archives/edgar/data/1318605/000095017022000796/tsla-20211231.htm,36600,3496,data/interim/text/000095017022000796.txt.gz,000095017022000796,2022Q1,2022-02-04 20:11:27-05:00,2022-02-05,2022-02-07,2022-02-07,2022-02-04,307.7733459472656,360,1038
515,TSLA,1318605,"Tesla, Inc.",3711,Motor Vehicles & Passenger Car Bodies,10-Q,2022-04-25,2022-03-31,2022-04-23 01:36:59+00:00,0000950170-22-006034,https://www.sec.gov/Archives/edgar/data/1318605/000095017022006034/tsla-20220331.htm,22065,2620,data/interim/text/000095017022006034.txt.gz,000095017022006034,2022Q2,2022-04-22 21:36:59-04:00,2022-04-23,2022-04-25,2022-04-25,2022-04-22,335.01666259765625,413,985
516,TSLA,1318605,"Tesla, Inc.",3711,Motor Vehicles & Passenger Car Bodies,10-Q,2022-07-25,2022-06-30,2022-07-25 10:07:25+00:00,0000950170-22-012936,https://www.sec.gov/Archives/edgar/data/1318605/000095017022012936/tsla-20220630.htm,23028,2606,data/interim/text/000095017022012936.txt.gz,000095017022012936,2022Q3,2022-07-25 06:07:25-04:00,2022-07-25,2022-07-25,2022-07-25,2022-07-22,272.24334716796875,475,923
517,TSLA,1318605,"Tesla, Inc.",3711,Motor Vehicles & Passenger Car Bodies,10-Q,2022-10-24,2022-09-30,2022-10-24 10:08:50+00:00,0000950170-22-019867,https://www.sec.gov/Archives/edgar/data/1318605/000095017022019867/tsla-20220930.htm,23485,2646,data/interim/text/000095017022019867.txt.gz,000095017022019867,2022Q4,2022-10-24 06:08:50-04:00,2022-10-24,2022-10-24,2022-10-24,2022-10-21,214.44000244140625,539,859
518,TSLA,1318605,"Tesla, Inc.",3711,Motor Vehicles & Passenger Car Bodies,10-K,2023-01-31,2022-12-31,2023-01-31 02:29:15+00:00,0000950170-23-001409,https://www.sec.gov/Archives/edgar/data/1318605/000095017023001409/tsla-20221231.htm,33223,3375,data/interim/text/000095017023001409.txt.gz,000095017023001409,2023Q1,2023-01-30 21:29:15-05:00,2023-01-31,2023-01-31,2023-01-31,2023-01-30,166.66000366210938,606,792
519,TSLA,1318605,"Tesla, Inc.",3711,Motor Vehicles & Passenger Car Bodies,10-Q,2023-04-24,2023-03-31,2023-04-21 22:05:23+00:00,0000950170-23-013890,https://www.sec.gov/Archives/edgar/data/1318605/000095017023013890/tsla-20230331.htm,6409,1139,data/interim/text/000095017023013890.txt.gz,000095017023013890,2023Q2,2023-04-21 18:05:23-04:00,2023-04-22,2023-04-24,2023-04-24,2023-04-21,165.0800018310547,663,735
520,TSLA,1318605,"Tesla, Inc.",3711,Motor Vehicles & Passenger Car Bodies,10-Q,2023-07-24,2023-06-30,2023-07-21 22:08:29+00:00,0000950170-23-033872,https://www.sec.gov/Archives/edgar/data/1318605/000095017023033872/tsla-20230630.htm,7025,1170,data/interim/text/000095017023033872.txt.gz,000095017023033872,2023Q3,2023-07-21 18:08:29-04:00,2023-07-22,2023-07-24,2023-07-24,2023-07-21,260.0199890136719,725,673
521,TSLA,1318605,"Tesla, Inc.",3711,Motor Vehicles & Passenger Car Bodies,10-Q,2023-10-23,2023-09-30,2023-10-20 22:41:03+00:00,0001628280-23-034847,https://www.sec.gov/Archives/edgar/data/1318605/000162828023034847/tsla-20230930.htm,7199,1178,data/interim/text/000162828023034847.txt.gz,000162828023034847,2023Q4,2023-10-20 18:41:03-04:00,2023-10-21,2023-10-23,2023-10-23,2023-10-20,211.9900054931641,789,609
522,TSLA,1318605,"Tesla, Inc.",3711,Motor Vehicles & Passenger Car Bodies,10-K,2024-01-29,2023-12-31,2024-01-27 02:00:20+00:00,0001628280-24-002390,https://www.sec.gov/Archives/edgar/data/1318605/000162828024002390/tsla-20231231.htm,33062,3371,data/interim/text/000162828024002390.txt.gz,000162828024002390,2024Q1,2024-01-26 21:00:20-05:00,2024-01-27,2024-01-29,2024-01-29,2024-01-26,183.25,855,543
523,TSLA,1318605,"Tesla, Inc.",3711,Motor Vehicles & Passenger Car Bodies,10-Q,2024-04-24,2024-03-31,2024-04-24 00:27:48+00:00,0001628280-24-017503,https://www.sec.gov/Archives/edgar/data/1318605/000162828024017503/tsla-20240331.htm,6383,1145,data/interim/text/000162828024017503.txt.gz,000162828024017503,2024Q2,2024-04-23 20:27:48-04:00,2024-04-24,2024-04-24,2024-04-24,2024-04-23,144.67999267578125,915,483
524,TSLA,1318605,"Tesla, Inc.",3711,Motor Vehicles & Passenger Car Bodies,10-Q,2024-07-24,2024-06-30,2024-07-23 23:41:09+00:00,0001628280-24-032662,https://www.sec.gov/Archives/edgar/data/1318605/000162828024032662/tsla-20240630.htm,7044,1136,data/interim/text/000162828024032662.txt.gz,000162828024032662,2024Q3,2024-07-23 19:41:09-04:00,2024-07-24,2024-07-24,2024-07-24,2024-07-23,246.3800048828125,977,421
525,TSLA,1318605,"Tesla, Inc.",3711,Motor Vehicles & Passenger Car Bodies,10-Q,2024-10-24,2024-09-30,2024-10-24 00:42:47+00:00,0001628280-24-043486,https://www.sec.gov/Archives/edgar/data/1318605/000162828024043486/tsla-20240930.htm,7305,1168,data/interim/text/000162828024043486.txt.gz,000162828024043486,2024Q4,2024-10-23 20:42:47-04:00,2024-10-24,2024-10-24,2024-10-24,2024-10-23,213.6499938964844,1042,356
526,TSLA,1318605,"Tesla, Inc.",3711,Motor Vehicles & Passenger Car Bodies,10-K,2025-01-30,2024-12-31,2025-01-30 01:42:33+00:00,0001628280-25-003063,https://www.sec.gov/Archives/edgar/data/1318605/000162828025003063/tsla-20241231.htm,32397,3393,data/interim/text/000162828025003063.txt.gz,000162828025003063,2025Q1,2025-01-29 20:42:33-05:00,2025-01-30,2025-01-30,2025-01-30,2025-01-29,389.1000061035156,1107,291
527,TSLA,1318605,"Tesla, Inc.",3711,Motor Vehicles & Passenger Car Bodies,10-Q,2025-04-23,2025-03-31,2025-04-23 01:02:10+00:00,0001628280-25-018911,https://www.sec.gov/Archives/edgar/data/1318605/000162828025018911/tsla-20250331.htm,7267,1290,data/interim/text/000162828025018911.txt.gz,000162828025018911,2025Q2,2025-04-22 21:02:10-04:00,2025-04-23,2025-04-23,2025-04-23,2025-04-22,237.97000122070312,1164,234
528,TSLA,1318605,"Tesla, Inc.",3711,Motor Vehicles & Passenger Car Bodies,10-Q,2025-07-24,2025-06-30,2025-07-24 00:23:31+00:00,0001628280-25-035806,https://www.sec.gov/Archives/edgar/data/1318605/000162828025035806/tsla-20250630.htm,7689,1237,data/interim/text/000162828025035806.txt.gz,000162828025035806,2025Q3,2025-07-23 20:23:31-04:00,2025-07-24,2025-07-24,2025-07-24,2025-07-23,332.5599975585937,1227,171
529,TSLA,1318605,"Tesla, Inc.",3711,Motor Vehicles & Passenger Car Bodies,10-Q,2025-10-23,2025-09-30,2025-10-23 01:08:43+00:00,0001628280-25-045968,https://www.sec.gov/Archives/edgar/data/1318605/000162828025045968/tsla-20250930.htm,7617,1221,data/interim/text/000162828025045968.txt.gz,000162828025045968,2025Q4,2025-10-22 21:08:43-04:00,2025-10-23,2025-10-23,2025-10-23,2025-10-22,438.9700012207031,1291,107
530,PLTR,1321655,Palantir Technologies Inc.,7372,Services-Prepackaged Software,10-K,2021-02-26,2020-12-31,2021-02-26 21:39:45+00:00,0001193125-21-060650,https://www.sec.gov/Archives/edgar/data/1321655/000119312521060650/d65934d10k.htm,77519,4473,data/interim/text/000119312521060650.txt.gz,000119312521060650,2021Q1,2021-02-26 16:39:45-05:00,2021-02-27,2021-02-27,2021-03-01,2021-02-26,23.899999618530277,102,1276
531,PLTR,1321655,Palantir Technologies Inc.,7372,Services-Prepackaged Software,10-Q,2021-05-12,2021-03-31,2021-05-12 20:57:06+00:00,0001193125-21-159222,https://www.sec.gov/Archives/edgar/data/1321655/000119312521159222/d158374d10q.htm,55270,3642,data/interim/text/000119312521159222.txt.gz,000119312521159222,2021Q2,2021-05-12 16:57:06-04:00,2021-05-13,2021-05-13,2021-05-13,2021-05-12,18.88999938964844,154,1224
532,PLTR,1321655,Palantir Technologies Inc.,7372,Services-Prepackaged Software,10-Q,2021-08-12,2021-06-30,2021-08-12 12:09:48+00:00,0000950123-21-010430,https://www.sec.gov/Archives/edgar/data/1321655/000095012321010430/d175251d10q.htm,52597,3488,data/interim/text/000095012321010430.txt.gz,000095012321010430,2021Q3,2021-08-12 08:09:48-04:00,2021-08-12,2021-08-12,2021-08-12,2021-08-11,22.350000381469727,217,1161
533,PLTR,1321655,Palantir Technologies Inc.,7372,Services-Prepackaged Software,10-Q,2021-11-09,2021-09-30,2021-11-09 14:01:07+00:00,0001193125-21-323920,https://www.sec.gov/Archives/edgar/data/1321655/000119312521323920/d178745d10q.htm,52544,3475,data/interim/text/000119312521323920.txt.gz,000119312521323920,2021Q4,2021-11-09 09:01:07-05:00,2021-11-09,2021-11-09,2021-11-09,2021-11-08,26.75,279,1099
534,PLTR,1321655,Palantir Technologies Inc.,7372,Services-Prepackaged Software,10-K,2022-02-24,2021-12-31,2022-02-24 11:20:34+00:00,0001193125-22-050913,https://www.sec.gov/Archives/edgar/data/1321655/000119312522050913/d273589d10k.htm,61073,3945,data/interim/text/000119312522050913.txt.gz,000119312522050913,2022Q1,2022-02-24 06:20:34-05:00,2022-02-24,2022-02-24,2022-02-24,2022-02-23,10.43000030517578,352,1026
535,PLTR,1321655,Palantir Technologies Inc.,7372,Services-Prepackaged Software,10-Q,2022-05-09,2022-03-31,2022-05-09 21:24:26+00:00,0001321655-22-000006,https://www.sec.gov/Archives/edgar/data/1321655/000132165522000006/pltr-20220331.htm,49609,3441,data/interim/text/000132165522000006.txt.gz,000132165522000006,2022Q2,2022-05-09 17:24:26-04:00,2022-05-10,2022-05-10,2022-05-10,2022-05-09,7.460000038146973,404,974
536,PLTR,1321655,Palantir Technologies Inc.,7372,Services-Prepackaged Software,10-Q,2022-08-08,2022-06-30,2022-08-08 20:58:57+00:00,0001321655-22-000016,https://www.sec.gov/Archives/edgar/data/1321655/000132165522000016/pltr-20220630.htm,51401,3454,data/interim/text/000132165522000016.txt.gz,000132165522000016,2022Q3,2022-08-08 16:58:57-04:00,2022-08-09,2022-08-09,2022-08-09,2022-08-08,9.81999969482422,466,912
537,PLTR,1321655,Palantir Technologies Inc.,7372,Services-Prepackaged Software,10-Q,2022-11-07,2022-09-30,2022-11-07 21:33:42+00:00,0001321655-22-000032,https://www.sec.gov/Archives/edgar/data/1321655/000132165522000032/pltr-20220930.htm,51959,3476,data/interim/text/000132165522000032.txt.gz,000132165522000032,2022Q4,2022-11-07 16:33:42-05:00,2022-11-08,2022-11-08,2022-11-08,2022-11-07,7.019999980926514,530,848
538,PLTR,1321655,Palantir Technologies Inc.,7372,Services-Prepackaged Software,10-K,2023-02-21,2022-12-31,2023-02-21 21:35:44+00:00,0001321655-23-000011,https://www.sec.gov/Archives/edgar/data/1321655/000132165523000011/pltr-20221231.htm,61729,4023,data/interim/text/000132165523000011.txt.gz,000132165523000011,2023Q1,2023-02-21 16:35:44-05:00,2023-02-22,2023-02-22,2023-02-22,2023-02-21,8.470000267028809,601,777
539,PLTR,1321655,Palantir Technologies Inc.,7372,Services-Prepackaged Software,10-Q,2023-05-09,2023-03-31,2023-05-09 01:13:32+00:00,0001321655-23-000044,https://www.sec.gov/Archives/edgar/data/1321655/000132165523000044/pltr-20230331.htm,52619,3545,data/interim/text/000132165523000044.txt.gz,000132165523000044,2023Q2,2023-05-08 21:13:32-04:00,2023-05-09,2023-05-09,2023-05-09,2023-05-08,7.739999771118164,654,724
540,PLTR,1321655,Palantir Technologies Inc.,7372,Services-Prepackaged Software,10-Q,2023-08-08,2023-06-30,2023-08-08 00:09:43+00:00,0001321655-23-000090,https://www.sec.gov/Archives/edgar/data/1321655/000132165523000090/pltr-20230630.htm,54061,3566,data/interim/text/000132165523000090.txt.gz,000132165523000090,2023Q3,2023-08-07 20:09:43-04:00,2023-08-08,2023-08-08,2023-08-08,2023-08-07,17.989999771118164,716,662
541,PLTR,1321655,Palantir Technologies Inc.,7372,Services-Prepackaged Software,10-Q,2023-11-03,2023-09-30,2023-11-03 20:21:11+00:00,0001321655-23-000118,https://www.sec.gov/Archives/edgar/data/1321655/000132165523000118/pltr-20230930.htm,54096,3568,data/interim/text/000132165523000118.txt.gz,000132165523000118,2023Q4,2023-11-03 16:21:11-04:00,2023-11-04,2023-11-04,2023-11-06,2023-11-03,18.88999938964844,779,599
542,PLTR,1321655,Palantir Technologies Inc.,7372,Services-Prepackaged Software,10-K,2024-02-20,2023-12-31,2024-02-20 11:15:02+00:00,0001321655-24-000022,https://www.sec.gov/Archives/edgar/data/1321655/000132165524000022/pltr-20231231.htm,63772,4096,data/interim/text/000132165524000022.txt.gz,000132165524000022,2024Q1,2024-02-20 06:15:02-05:00,2024-02-20,2024-02-20,2024-02-20,2024-02-16,24.440000534057617,850,528
543,PLTR,1321655,Palantir Technologies Inc.,7372,Services-Prepackaged Software,10-Q,2024-05-07,2024-03-31,2024-05-06 22:14:16+00:00,0001321655-24-000071,https://www.sec.gov/Archives/edgar/data/1321655/000132165524000071/pltr-20240331.htm,54201,3623,data/interim/text/000132165524000071.txt.gz,000132165524000071,2024Q2,2024-05-06 18:14:16-04:00,2024-05-07,2024-05-07,2024-05-07,2024-05-06,25.209999084472656,904,474
544,PLTR,1321655,Palantir Technologies Inc.,7372,Services-Prepackaged Software,10-Q,2024-08-06,2024-06-30,2024-08-05 22:19:46+00:00,0001321655-24-000135,https://www.sec.gov/Archives/edgar/data/1321655/000132165524000135/pltr-20240630.htm,54688,3628,data/interim/text/000132165524000135.txt.gz,000132165524000135,2024Q3,2024-08-05 18:19:46-04:00,2024-08-06,2024-08-06,2024-08-06,2024-08-05,24.09000015258789,966,412
545,PLTR,1321655,Palantir Technologies Inc.,7372,Services-Prepackaged Software,10-Q,2024-11-05,2024-09-30,2024-11-04 23:08:49+00:00,0001321655-24-000209,https://www.sec.gov/Archives/edgar/data/1321655/000132165524000209/pltr-20240930.htm,54462,3633,data/interim/text/000132165524000209.txt.gz,000132165524000209,2024Q4,2024-11-04 18:08:49-05:00,2024-11-05,2024-11-05,2024-11-05,2024-11-04,41.40999984741211,1030,348
546,PLTR,1321655,Palantir Technologies Inc.,7372,Services-Prepackaged Software,10-K,2025-02-18,2024-12-31,2025-02-18 11:06:00+00:00,0001321655-25-000022,https://www.sec.gov/Archives/edgar/data/1321655/000132165525000022/pltr-20241231.htm,63257,4104,data/interim/text/000132165525000022.txt.gz,000132165525000022,2025Q1,2025-02-18 06:06:00-05:00,2025-02-18,2025-02-18,2025-02-18,2025-02-14,119.16000366210938,1099,279
547,PLTR,1321655,Palantir Technologies Inc.,7372,Services-Prepackaged Software,10-Q,2025-05-06,2025-03-31,2025-05-05 22:15:17+00:00,0001321655-25-000066,https://www.sec.gov/Archives/edgar/data/1321655/000132165525000066/pltr-20250331.htm,53588,3622,data/interim/text/000132165525000066.txt.gz,000132165525000066,2025Q2,2025-05-05 18:15:17-04:00,2025-05-06,2025-05-06,2025-05-06,2025-05-05,123.7699966430664,1153,225
548,PLTR,1321655,Palantir Technologies Inc.,7372,Services-Prepackaged Software,10-Q,2025-08-05,2025-06-30,2025-08-04 22:01:31+00:00,0001321655-25-000106,https://www.sec.gov/Archives/edgar/data/1321655/000132165525000106/pltr-20250630.htm,54338,3628,data/interim/text/000132165525000106.txt.gz,000132165525000106,2025Q3,2025-08-04 18:01:31-04:00,2025-08-05,2025-08-05,2025-08-05,2025-08-04,160.66000366210938,1215,163
549,PLTR,1321655,Palantir Technologies Inc.,7372,Services-Prepackaged Software,10-Q,2025-11-04,2025-09-30,2025-11-03 22:58:45+00:00,0001321655-25-000131,https://www.sec.gov/Archives/edgar/data/1321655/000132165525000131/pltr-20250930.htm,54530,3637,data/interim/text/000132165525000131.txt.gz,000132165525000131,2025Q4,2025-11-03 17:58:45-05:00,2025-11-04,2025-11-04,2025-11-04,2025-11-03,207.17999267578125,1279,99
550,META,1326801,"Meta Platforms, Inc.",7370,"Services-Computer Programming, Data Processing, Etc.",10-K,2021-01-28,2020-12-31,2021-01-28 02:13:48+00:00,0001326801-21-000014,https://www.sec.gov/Archives/edgar/data/1326801/000132680121000014/fb-20201231.htm,47750,3281,data/interim/text/000132680121000014.txt.gz,000132680121000014,2021Q1,2021-01-27 21:13:48-05:00,2021-01-28,2021-01-28,2021-01-28,2021-01-27,269.77105712890625,101,1297
551,META,1326801,"Meta Platforms, Inc.",7370,"Services-Computer Programming, Data Processing, Etc.",10-Q,2021-04-29,2021-03-31,2021-04-29 00:12:05+00:00,0001326801-21-000033,https://www.sec.gov/Archives/edgar/data/1326801/000132680121000033/fb-20210331.htm,38030,2802,data/interim/text/000132680121000033.txt.gz,000132680121000033,2021Q2,2021-04-28 20:12:05-04:00,2021-04-29,2021-04-29,2021-04-29,2021-04-28,304.4266662597656,164,1234
552,META,1326801,"Meta Platforms, Inc.",7370,"Services-Computer Programming, Data Processing, Etc.",10-Q,2021-07-29,2021-06-30,2021-07-29 00:13:08+00:00,0001326801-21-000049,https://www.sec.gov/Archives/edgar/data/1326801/000132680121000049/fb-20210630.htm,38387,2802,data/interim/text/000132680121000049.txt.gz,000132680121000049,2021Q3,2021-07-28 20:13:08-04:00,2021-07-29,2021-07-29,2021-07-29,2021-07-28,370.0305480957031,227,1171
553,META,1326801,"Meta Platforms, Inc.",7370,"Services-Computer Programming, Data Processing, Etc.",10-Q,2021-10-26,2021-09-30,2021-10-26 00:44:20+00:00,0001326801-21-000065,https://www.sec.gov/Archives/edgar/data/1326801/000132680121000065/fb-20210930.htm,39449,2840,data/interim/text/000132680121000065.txt.gz,000132680121000065,2021Q4,2021-10-25 20:44:20-04:00,2021-10-26,2021-10-26,2021-10-26,2021-10-25,325.82867431640625,289,1109
554,META,1326801,"Meta Platforms, Inc.",7370,"Services-Computer Programming, Data Processing, Etc.",10-K,2022-02-03,2021-12-31,2022-02-03 02:11:04+00:00,0001326801-22-000018,https://www.sec.gov/Archives/edgar/data/1326801/000132680122000018/fb-20211231.htm,48662,3270,data/interim/text/000132680122000018.txt.gz,000132680122000018,2022Q1,2022-02-02 21:11:04-05:00,2022-02-03,2022-02-03,2022-02-03,2022-02-02,320.18829345703125,358,1040
555,META,1326801,"Meta Platforms, Inc.",7370,"Services-Computer Programming, Data Processing, Etc.",10-Q,2022-04-28,2022-03-31,2022-04-28 00:42:59+00:00,0001326801-22-000057,https://www.sec.gov/Archives/edgar/data/1326801/000132680122000057/meta-20220331.htm,39251,2806,data/interim/text/000132680122000057.txt.gz,000132680122000057,2022Q2,2022-04-27 20:42:59-04:00,2022-04-28,2022-04-28,2022-04-28,2022-04-27,173.4270477294922,416,982
556,META,1326801,"Meta Platforms, Inc.",7370,"Services-Computer Programming, Data Processing, Etc.",10-Q,2022-07-28,2022-06-30,2022-07-28 00:44:34+00:00,0001326801-22-000082,https://www.sec.gov/Archives/edgar/data/1326801/000132680122000082/meta-20220630.htm,39392,2791,data/interim/text/000132680122000082.txt.gz,000132680122000082,2022Q3,2022-07-27 20:44:34-04:00,2022-07-28,2022-07-28,2022-07-28,2022-07-27,168.10379028320312,478,920
557,META,1326801,"Meta Platforms, Inc.",7370,"Services-Computer Programming, Data Processing, Etc.",10-Q,2022-10-27,2022-09-30,2022-10-27 00:26:36+00:00,0001326801-22-000108,https://www.sec.gov/Archives/edgar/data/1326801/000132680122000108/meta-20220930.htm,40943,2837,data/interim/text/000132680122000108.txt.gz,000132680122000108,2022Q4,2022-10-26 20:26:36-04:00,2022-10-27,2022-10-27,2022-10-27,2022-10-26,128.68988037109375,542,856
558,META,1326801,"Meta Platforms, Inc.",7370,"Services-Computer Programming, Data Processing, Etc.",10-K,2023-02-02,2022-12-31,2023-02-02 01:26:31+00:00,0001326801-23-000013,https://www.sec.gov/Archives/edgar/data/1326801/000132680123000013/meta-20221231.htm,52082,3470,data/interim/text/000132680123000013.txt.gz,000132680123000013,2023Q1,2023-02-01 20:26:31-05:00,2023-02-02,2023-02-02,2023-02-02,2023-02-01,151.7870635986328,608,790
559,META,1326801,"Meta Platforms, Inc.",7370,"Services-Computer Programming, Data Processing, Etc.",10-Q,2023-04-27,2023-03-31,2023-04-27 00:56:18+00:00,0001326801-23-000067,https://www.sec.gov/Archives/edgar/data/1326801/000132680123000067/meta-20230331.htm,40735,2884,data/interim/text/000132680123000067.txt.gz,000132680123000067,2023Q2,2023-04-26 20:56:18-04:00,2023-04-27,2023-04-27,2023-04-27,2023-04-26,207.57716369628903,666,732
560,META,1326801,"Meta Platforms, Inc.",7370,"Services-Computer Programming, Data Processing, Etc.",10-Q,2023-07-27,2023-06-30,2023-07-27 00:11:08+00:00,0001326801-23-000093,https://www.sec.gov/Archives/edgar/data/1326801/000132680123000093/meta-20230630.htm,41797,2925,data/interim/text/000132680123000093.txt.gz,000132680123000093,2023Q3,2023-07-26 20:11:08-04:00,2023-07-27,2023-07-27,2023-07-27,2023-07-26,295.9709167480469,728,670
561,META,1326801,"Meta Platforms, Inc.",7370,"Services-Computer Programming, Data Processing, Etc.",10-Q,2023-10-26,2023-09-30,2023-10-26 00:07:27+00:00,0001326801-23-000103,https://www.sec.gov/Archives/edgar/data/1326801/000132680123000103/meta-20230930.htm,42504,2936,data/interim/text/000132680123000103.txt.gz,000132680123000103,2023Q4,2023-10-25 20:07:27-04:00,2023-10-26,2023-10-26,2023-10-26,2023-10-25,296.9225769042969,792,606
562,META,1326801,"Meta Platforms, Inc.",7370,"Services-Computer Programming, Data Processing, Etc.",10-K,2024-02-02,2023-12-31,2024-02-02 00:39:02+00:00,0001326801-24-000012,https://www.sec.gov/Archives/edgar/data/1326801/000132680124000012/meta-20231231.htm,55633,3608,data/interim/text/000132680124000012.txt.gz,000132680124000012,2024Q1,2024-02-01 19:39:02-05:00,2024-02-02,2024-02-02,2024-02-02,2024-02-01,391.3433837890625,859,539
563,META,1326801,"Meta Platforms, Inc.",7370,"Services-Computer Programming, Data Processing, Etc.",10-Q,2024-04-25,2024-03-31,2024-04-25 00:14:19+00:00,0001326801-24-000049,https://www.sec.gov/Archives/edgar/data/1326801/000132680124000049/meta-20240331.htm,41805,3040,data/interim/text/000132680124000049.txt.gz,000132680124000049,2024Q2,2024-04-24 20:14:19-04:00,2024-04-25,2024-04-25,2024-04-25,2024-04-24,489.7230529785156,916,482
564,META,1326801,"Meta Platforms, Inc.",7370,"Services-Computer Programming, Data Processing, Etc.",10-Q,2024-08-01,2024-06-30,2024-08-01 00:14:40+00:00,0001326801-24-000069,https://www.sec.gov/Archives/edgar/data/1326801/000132680124000069/meta-20240630.htm,42801,3064,data/interim/text/000132680124000069.txt.gz,000132680124000069,2024Q3,2024-07-31 20:14:40-04:00,2024-08-01,2024-08-01,2024-08-01,2024-07-31,471.6637878417969,983,415
565,META,1326801,"Meta Platforms, Inc.",7370,"Services-Computer Programming, Data Processing, Etc.",10-Q,2024-10-31,2024-09-30,2024-10-30 23:54:51+00:00,0001326801-24-000081,https://www.sec.gov/Archives/edgar/data/1326801/000132680124000081/meta-20240930.htm,43511,3109,data/interim/text/000132680124000081.txt.gz,000132680124000081,2024Q4,2024-10-30 19:54:51-04:00,2024-10-31,2024-10-31,2024-10-31,2024-10-30,588.4146728515625,1047,351
566,META,1326801,"Meta Platforms, Inc.",7370,"Services-Computer Programming, Data Processing, Etc.",10-K,2025-01-30,2024-12-31,2025-01-30 01:00:50+00:00,0001326801-25-000017,https://www.sec.gov/Archives/edgar/data/1326801/000132680125000017/meta-20241231.htm,55871,3645,data/interim/text/000132680125000017.txt.gz,000132680125000017,2025Q1,2025-01-29 20:00:50-05:00,2025-01-30,2025-01-30,2025-01-30,2025-01-29,673.1627197265625,1107,291
567,META,1326801,"Meta Platforms, Inc.",7370,"Services-Computer Programming, Data Processing, Etc.",10-Q,2025-05-01,2025-03-31,2025-05-01 00:03:18+00:00,0001326801-25-000054,https://www.sec.gov/Archives/edgar/data/1326801/000132680125000054/meta-20250331.htm,44077,3118,data/interim/text/000132680125000054.txt.gz,000132680125000054,2025Q2,2025-04-30 20:03:18-04:00,2025-05-01,2025-05-01,2025-05-01,2025-04-30,546.7858276367188,1170,228
568,META,1326801,"Meta Platforms, Inc.",7370,"Services-Computer Programming, Data Processing, Etc.",10-Q,2025-07-31,2025-06-30,2025-07-31 00:02:12+00:00,0001628280-25-036791,https://www.sec.gov/Archives/edgar/data/1326801/000162828025036791/meta-20250630.htm,45067,3147,data/interim/text/000162828025036791.txt.gz,000162828025036791,2025Q3,2025-07-30 20:02:12-04:00,2025-07-31,2025-07-31,2025-07-31,2025-07-30,692.9388427734375,1232,166
569,META,1326801,"Meta Platforms, Inc.",7370,"Services-Computer Programming, Data Processing, Etc.",10-Q,2025-10-30,2025-09-30,2025-10-29 22:50:26+00:00,0001628280-25-047240,https://www.sec.gov/Archives/edgar/data/1326801/000162828025047240/meta-20250930.htm,45805,3171,data/interim/text/000162828025047240.txt.gz,000162828025047240,2025Q4,2025-10-29 18:50:26-04:00,2025-10-30,2025-10-30,2025-10-30,2025-10-29,749.7200317382812,1296,102
570,AVAV,1368622,AeroVironment Inc,3721,Aircraft,10-Q,2021-03-10,2021-01-30,2021-03-09 23:32:38+00:00,0001558370-21-002653,https://www.sec.gov/Archives/edgar/data/1368622/000155837021002653/avav-20210130x10q.htm,9505,1477,data/interim/text/000155837021002653.txt.gz,000155837021002653,2021Q1,2021-03-09 18:32:38-05:00,2021-03-10,2021-03-10,2021-03-10,2021-03-09,106.37000274658205,129,1269
571,AVAV,1368622,AeroVironment Inc,3721,Aircraft,10-K,2021-06-29,2021-04-30,2021-06-29 21:18:30+00:00,0001558370-21-008684,https://www.sec.gov/Archives/edgar/data/1368622/000155837021008684/avav-20210430x10k.htm,48845,4013,data/interim/text/000155837021008684.txt.gz,000155837021008684,2021Q2,2021-06-29 17:18:30-04:00,2021-06-30,2021-06-30,2021-06-30,2021-06-29,109.87000274658205,207,1191
572,AVAV,1368622,AeroVironment Inc,3721,Aircraft,10-Q,2021-09-09,2021-07-31,2021-09-08 22:03:53+00:00,0001558370-21-012327,https://www.sec.gov/Archives/edgar/data/1368622/000155837021012327/avav-20210731x10q.htm,8298,1334,data/interim/text/000155837021012327.txt.gz,000155837021012327,2021Q3,2021-09-08 18:03:53-04:00,2021-09-09,2021-09-09,2021-09-09,2021-09-08,105.5,256,1142
573,AVAV,1368622,AeroVironment Inc,3721,Aircraft,10-Q,2021-12-08,2021-10-30,2021-12-08 02:43:31+00:00,0001558370-21-016596,https://www.sec.gov/Archives/edgar/data/1368622/000155837021016596/avav-20211030x10q.htm,10899,1507,data/interim/text/000155837021016596.txt.gz,000155837021016596,2021Q4,2021-12-07 21:43:31-05:00,2021-12-08,2021-12-08,2021-12-08,2021-12-07,57.97999954223633,319,1079
574,AVAV,1368622,AeroVironment Inc,3721,Aircraft,10-Q,2022-03-04,2022-01-29,2022-03-03 23:47:59+00:00,0001558370-22-002839,https://www.sec.gov/Archives/edgar/data/1368622/000155837022002839/avav-20220129x10q.htm,10865,1523,data/interim/text/000155837022002839.txt.gz,000155837022002839,2022Q1,2022-03-03 18:47:59-05:00,2022-03-04,2022-03-04,2022-03-04,2022-03-03,72.9800033569336,378,1020
575,AVAV,1368622,AeroVironment Inc,3721,Aircraft,10-K,2022-06-29,2022-04-30,2022-06-28 22:10:21+00:00,0001558370-22-010392,https://www.sec.gov/Archives/edgar/data/1368622/000155837022010392/avav-20220430x10k.htm,51306,4070,data/interim/text/000155837022010392.txt.gz,000155837022010392,2022Q2,2022-06-28 18:10:21-04:00,2022-06-29,2022-06-29,2022-06-29,2022-06-28,81.70999908447266,458,940
576,AVAV,1368622,AeroVironment Inc,3721,Aircraft,10-Q,2022-09-08,2022-07-30,2022-09-07 22:13:47+00:00,0001558370-22-014256,https://www.sec.gov/Archives/edgar/data/1368622/000155837022014256/avav-20220730x10q.htm,6478,1152,data/interim/text/000155837022014256.txt.gz,000155837022014256,2022Q3,2022-09-07 18:13:47-04:00,2022-09-08,2022-09-08,2022-09-08,2022-09-07,88.66999816894531,507,891
577,AVAV,1368622,AeroVironment Inc,3721,Aircraft,10-Q,2022-12-07,2022-10-29,2022-12-06 23:14:12+00:00,0001558370-22-018418,https://www.sec.gov/Archives/edgar/data/1368622/000155837022018418/avav-20221029x10q.htm,8950,1289,data/interim/text/000155837022018418.txt.gz,000155837022018418,2022Q4,2022-12-06 18:14:12-05:00,2022-12-07,2022-12-07,2022-12-07,2022-12-06,85.11000061035156,570,828
578,AVAV,1368622,AeroVironment Inc,3721,Aircraft,10-Q,2023-03-06,2023-01-28,2023-03-06 21:26:56+00:00,0001558370-23-002924,https://www.sec.gov/Archives/edgar/data/1368622/000155837023002924/avav-20230128x10q.htm,9774,1382,data/interim/text/000155837023002924.txt.gz,000155837023002924,2023Q1,2023-03-06 16:26:56-05:00,2023-03-07,2023-03-07,2023-03-07,2023-03-06,87.56999969482422,630,768
579,AVAV,1368622,AeroVironment Inc,3721,Aircraft,10-K,2023-06-28,2023-04-30,2023-06-27 22:05:50+00:00,0001558370-23-011469,https://www.sec.gov/Archives/edgar/data/1368622/000155837023011469/avav-20230430x10k.htm,49538,4015,data/interim/text/000155837023011469.txt.gz,000155837023011469,2023Q2,2023-06-27 18:05:50-04:00,2023-06-28,2023-06-28,2023-06-28,2023-06-27,90.31999969482422,708,690
580,AVAV,1368622,AeroVironment Inc,3721,Aircraft,10-Q,2023-09-06,2023-07-29,2023-09-05 22:17:11+00:00,0001558370-23-015470,https://www.sec.gov/Archives/edgar/data/1368622/000155837023015470/avav-20230729x10q.htm,7105,1206,data/interim/text/000155837023015470.txt.gz,000155837023015470,2023Q3,2023-09-05 18:17:11-04:00,2023-09-06,2023-09-06,2023-09-06,2023-09-05,95.29000091552734,756,642
581,AVAV,1368622,AeroVironment Inc,3721,Aircraft,10-Q,2023-12-06,2023-10-28,2023-12-05 23:20:21+00:00,0001558370-23-019483,https://www.sec.gov/Archives/edgar/data/1368622/000155837023019483/avav-20231028x10q.htm,8712,1224,data/interim/text/000155837023019483.txt.gz,000155837023019483,2023Q4,2023-12-05 18:20:21-05:00,2023-12-06,2023-12-06,2023-12-06,2023-12-05,141.22999572753906,820,578
582,AVAV,1368622,AeroVironment Inc,3721,Aircraft,10-Q,2024-03-05,2024-01-27,2024-03-05 02:14:50+00:00,0001558370-24-002395,https://www.sec.gov/Archives/edgar/data/1368622/000155837024002395/avav-20240127x10q.htm,10462,1259,data/interim/text/000155837024002395.txt.gz,000155837024002395,2024Q1,2024-03-04 21:14:50-05:00,2024-03-05,2024-03-05,2024-03-05,2024-03-04,130.64999389648438,880,518
583,AVAV,1368622,AeroVironment Inc,3721,Aircraft,10-K,2024-06-27,2024-04-30,2024-06-26 23:15:00+00:00,0001558370-24-009515,https://www.sec.gov/Archives/edgar/data/1368622/000155837024009515/avav-20240430x10k.htm,53436,4188,data/interim/text/000155837024009515.txt.gz,000155837024009515,2024Q2,2024-06-26 19:15:00-04:00,2024-06-27,2024-06-27,2024-06-27,2024-06-26,192.80999755859372,959,439
584,AVAV,1368622,AeroVironment Inc,3721,Aircraft,10-Q,2024-09-05,2024-07-27,2024-09-04 23:30:39+00:00,0001558370-24-012587,https://www.sec.gov/Archives/edgar/data/1368622/000155837024012587/avav-20240727x10q.htm,7684,1215,data/interim/text/000155837024012587.txt.gz,000155837024012587,2024Q3,2024-09-04 19:30:39-04:00,2024-09-05,2024-09-05,2024-09-05,2024-09-04,194.0399932861328,1007,391
585,AVAV,1368622,AeroVironment Inc,3721,Aircraft,10-Q,2024-12-05,2024-10-26,2024-12-04 23:08:52+00:00,0001558370-24-016018,https://www.sec.gov/Archives/edgar/data/1368622/000155837024016018/avav-20241026x10q.htm,17067,1869,data/interim/text/000155837024016018.txt.gz,000155837024016018,2024Q4,2024-12-04 18:08:52-05:00,2024-12-05,2024-12-05,2024-12-05,2024-12-04,196.88999938964844,1071,327
586,AVAV,1368622,AeroVironment Inc,3721,Aircraft,10-Q,2025-03-05,2025-01-25,2025-03-05 00:37:35+00:00,0001558370-25-002198,https://www.sec.gov/Archives/edgar/data/1368622/000155837025002198/avav-20250125x10q.htm,18430,1962,data/interim/text/000155837025002198.txt.gz,000155837025002198,2025Q1,2025-03-04 19:37:35-05:00,2025-03-05,2025-03-05,2025-03-05,2025-03-04,141.89999389648438,1130,268
587,AVAV,1368622,AeroVironment Inc,3721,Aircraft,10-K,2025-06-25,2025-04-30,2025-06-24 23:21:24+00:00,0001558370-25-008838,https://www.sec.gov/Archives/edgar/data/1368622/000155837025008838/avav-20250430x10k.htm,49736,3958,data/interim/text/000155837025008838.txt.gz,000155837025008838,2025Q2,2025-06-24 19:21:24-04:00,2025-06-25,2025-06-25,2025-06-25,2025-06-24,193.27999877929688,1207,191
588,AVAV,1368622,AeroVironment Inc,3721,Aircraft,10-Q,2025-09-10,2025-08-02,2025-09-09 22:01:14+00:00,0001558370-25-011973,https://www.sec.gov/Archives/edgar/data/1368622/000155837025011973/avav-20250802x10q.htm,8538,1371,data/interim/text/000155837025011973.txt.gz,000155837025011973,2025Q3,2025-09-09 18:01:14-04:00,2025-09-10,2025-09-10,2025-09-10,2025-09-09,230.9900054931641,1260,138
589,AVAV,1368622,AeroVironment Inc,3721,Aircraft,10-Q,2025-12-10,2025-11-01,2025-12-10 00:19:33+00:00,0001104659-25-119775,https://www.sec.gov/Archives/edgar/data/1368622/000110465925119775/avav-20251101x10q.htm,10227,1376,data/interim/text/000110465925119775.txt.gz,000110465925119775,2025Q4,2025-12-09 19:19:33-05:00,2025-12-10,2025-12-10,2025-12-10,2025-12-09,281.4200134277344,1324,74
590,VCYT,1384101,"VERACYTE, INC.",8071,Services-Medical Laboratories,10-K,2021-02-22,2020-12-31,2021-02-22 21:18:16+00:00,0001384101-21-000012,https://www.sec.gov/Archives/edgar/data/1384101/000138410121000012/vcyt-20201231.htm,61292,4226,data/interim/text/000138410121000012.txt.gz,000138410121000012,2021Q1,2021-02-22 16:18:16-05:00,2021-02-23,2021-02-23,2021-02-23,2021-02-22,63.09000015258789,118,1280
591,VCYT,1384101,"VERACYTE, INC.",8071,Services-Medical Laboratories,10-Q,2021-05-10,2021-03-31,2021-05-10 20:23:00+00:00,0001384101-21-000082,https://www.sec.gov/Archives/edgar/data/1384101/000138410121000082/vcyt-20210331.htm,37898,3433,data/interim/text/000138410121000082.txt.gz,000138410121000082,2021Q2,2021-05-10 16:23:00-04:00,2021-05-11,2021-05-11,2021-05-11,2021-05-10,42.310001373291016,172,1226
592,VCYT,1384101,"VERACYTE, INC.",8071,Services-Medical Laboratories,10-Q,2021-07-29,2021-06-30,2021-07-29 20:19:45+00:00,0001384101-21-000139,https://www.sec.gov/Archives/edgar/data/1384101/000138410121000139/vcyt-20210630.htm,40827,3532,data/interim/text/000138410121000139.txt.gz,000138410121000139,2021Q3,2021-07-29 16:19:45-04:00,2021-07-30,2021-07-30,2021-07-30,2021-07-29,39.22999954223633,228,1170
593,VCYT,1384101,"VERACYTE, INC.",8071,Services-Medical Laboratories,10-Q,2021-11-09,2021-09-30,2021-11-09 21:37:17+00:00,0001384101-21-000174,https://www.sec.gov/Archives/edgar/data/1384101/000138410121000174/vcyt-20210930.htm,44744,3749,data/interim/text/000138410121000174.txt.gz,000138410121000174,2021Q4,2021-11-09 16:37:17-05:00,2021-11-10,2021-11-10,2021-11-10,2021-11-09,50.09000015258789,300,1098
594,VCYT,1384101,"VERACYTE, INC.",8071,Services-Medical Laboratories,10-K,2022-02-28,2021-12-31,2022-02-28 21:40:48+00:00,0001384101-22-000028,https://www.sec.gov/Archives/edgar/data/1384101/000138410122000028/vcyt-20211231.htm,65841,4553,data/interim/text/000138410122000028.txt.gz,000138410122000028,2022Q1,2022-02-28 16:40:48-05:00,2022-03-01,2022-03-01,2022-03-01,2022-02-28,27.799999237060547,375,1023
595,VCYT,1384101,"VERACYTE, INC.",8071,Services-Medical Laboratories,10-Q,2022-05-04,2022-03-31,2022-05-03 21:57:02+00:00,0001384101-22-000072,https://www.sec.gov/Archives/edgar/data/1384101/000138410122000072/vcyt-20220331.htm,41714,3545,data/interim/text/000138410122000072.txt.gz,000138410122000072,2022Q2,2022-05-03 17:57:02-04:00,2022-05-04,2022-05-04,2022-05-04,2022-05-03,21.459999084472656,420,978
596,VCYT,1384101,"VERACYTE, INC.",8071,Services-Medical Laboratories,10-Q,2022-08-03,2022-06-30,2022-08-03 12:01:36+00:00,0001384101-22-000107,https://www.sec.gov/Archives/edgar/data/1384101/000138410122000107/vcyt-20220630.htm,42268,3553,data/interim/text/000138410122000107.txt.gz,000138410122000107,2022Q3,2022-08-03 08:01:36-04:00,2022-08-03,2022-08-03,2022-08-03,2022-08-02,26.63999938964844,482,916
597,VCYT,1384101,"VERACYTE, INC.",8071,Services-Medical Laboratories,10-Q,2022-11-03,2022-09-30,2022-11-03 11:57:44+00:00,0001384101-22-000139,https://www.sec.gov/Archives/edgar/data/1384101/000138410122000139/vcyt-20220930.htm,41613,3513,data/interim/text/000138410122000139.txt.gz,000138410122000139,2022Q4,2022-11-03 07:57:44-04:00,2022-11-03,2022-11-03,2022-11-03,2022-11-02,19.5,547,851
598,VCYT,1384101,"VERACYTE, INC.",8071,Services-Medical Laboratories,10-K,2023-03-01,2022-12-31,2023-02-28 22:48:53+00:00,0001384101-23-000016,https://www.sec.gov/Archives/edgar/data/1384101/000138410123000016/vcyt-20221231.htm,61708,4453,data/interim/text/000138410123000016.txt.gz,000138410123000016,2023Q1,2023-02-28 17:48:53-05:00,2023-03-01,2023-03-01,2023-03-01,2023-02-28,24.61000061035156,626,772
599,VCYT,1384101,"VERACYTE, INC.",8071,Services-Medical Laboratories,10-Q,2023-05-05,2023-03-31,2023-05-05 12:07:27+00:00,0001384101-23-000067,https://www.sec.gov/Archives/edgar/data/1384101/000138410123000067/vcyt-20230331.htm,40127,3516,data/interim/text/000138410123000067.txt.gz,000138410123000067,2023Q2,2023-05-05 08:07:27-04:00,2023-05-05,2023-05-05,2023-05-05,2023-05-04,22.26000022888184,672,726
600,VCYT,1384101,"VERACYTE, INC.",8071,Services-Medical Laboratories,10-Q,2023-08-09,2023-06-30,2023-08-09 20:07:39+00:00,0001384101-23-000142,https://www.sec.gov/Archives/edgar/data/1384101/000138410123000142/vcyt-20230630.htm,41058,3529,data/interim/text/000138410123000142.txt.gz,000138410123000142,2023Q3,2023-08-09 16:07:39-04:00,2023-08-10,2023-08-10,2023-08-10,2023-08-09,26.76000022888184,738,660
601,VCYT,1384101,"VERACYTE, INC.",8071,Services-Medical Laboratories,10-Q,2023-11-08,2023-09-30,2023-11-08 13:30:57+00:00,0001384101-23-000163,https://www.sec.gov/Archives/edgar/data/1384101/000138410123000163/vcyt-20230930.htm,41092,3531,data/interim/text/000138410123000163.txt.gz,000138410123000163,2023Q4,2023-11-08 08:30:57-05:00,2023-11-08,2023-11-08,2023-11-08,2023-11-07,24.01000022888184,801,597
602,VCYT,1384101,"VERACYTE, INC.",8071,Services-Medical Laboratories,10-K,2024-02-29,2023-12-31,2024-02-29 13:06:41+00:00,0001384101-24-000017,https://www.sec.gov/Archives/edgar/data/1384101/000138410124000017/vcyt-20231231.htm,62241,4465,data/interim/text/000138410124000017.txt.gz,000138410124000017,2024Q1,2024-02-29 08:06:41-05:00,2024-02-29,2024-02-29,2024-02-29,2024-02-28,23.770000457763672,877,521
603,VCYT,1384101,"VERACYTE, INC.",8071,Services-Medical Laboratories,10-Q,2024-05-08,2024-03-31,2024-05-08 21:03:22+00:00,0001384101-24-000067,https://www.sec.gov/Archives/edgar/data/1384101/000138410124000067/vcyt-20240331.htm,40508,3490,data/interim/text/000138410124000067.txt.gz,000138410124000067,2024Q2,2024-05-08 17:03:22-04:00,2024-05-09,2024-05-09,2024-05-09,2024-05-08,20.1200008392334,926,472
604,VCYT,1384101,"VERACYTE, INC.",8071,Services-Medical Laboratories,10-Q,2024-08-07,2024-06-30,2024-08-07 12:11:25+00:00,0001384101-24-000118,https://www.sec.gov/Archives/edgar/data/1384101/000138410124000118/vcyt-20240630.htm,40842,3491,data/interim/text/000138410124000118.txt.gz,000138410124000118,2024Q3,2024-08-07 08:11:25-04:00,2024-08-07,2024-08-07,2024-08-07,2024-08-06,21.81999969482422,987,411
605,VCYT,1384101,"VERACYTE, INC.",8071,Services-Medical Laboratories,10-Q,2024-11-07,2024-09-30,2024-11-07 13:01:01+00:00,0001384101-24-000162,https://www.sec.gov/Archives/edgar/data/1384101/000138410124000162/vcyt-20240930.htm,41137,3494,data/interim/text/000138410124000162.txt.gz,000138410124000162,2024Q4,2024-11-07 08:01:01-05:00,2024-11-07,2024-11-07,2024-11-07,2024-11-06,36.59000015258789,1052,346
606,VCYT,1384101,"VERACYTE, INC.",8071,Services-Medical Laboratories,10-K,2025-02-28,2024-12-31,2025-02-28 02:58:16+00:00,0001384101-25-000014,https://www.sec.gov/Archives/edgar/data/1384101/000138410125000014/vcyt-20241231.htm,60862,4398,data/interim/text/000138410125000014.txt.gz,000138410125000014,2025Q1,2025-02-27 21:58:16-05:00,2025-02-28,2025-02-28,2025-02-28,2025-02-27,33.84000015258789,1127,271
607,VCYT,1384101,"VERACYTE, INC.",8071,Services-Medical Laboratories,10-Q,2025-05-08,2025-03-31,2025-05-08 12:06:25+00:00,0001384101-25-000060,https://www.sec.gov/Archives/edgar/data/1384101/000138410125000060/vcyt-20250331.htm,9263,1447,data/interim/text/000138410125000060.txt.gz,000138410125000060,2025Q2,2025-05-08 08:06:25-04:00,2025-05-08,2025-05-08,2025-05-08,2025-05-07,30.84000015258789,1175,223
608,VCYT,1384101,"VERACYTE, INC.",8071,Services-Medical Laboratories,10-Q,2025-08-07,2025-06-30,2025-08-07 20:41:08+00:00,0001384101-25-000110,https://www.sec.gov/Archives/edgar/data/1384101/000138410125000110/vcyt-20250630.htm,9870,1479,data/interim/text/000138410125000110.txt.gz,000138410125000110,2025Q3,2025-08-07 16:41:08-04:00,2025-08-08,2025-08-08,2025-08-08,2025-08-07,27.68000030517578,1238,160
609,VCYT,1384101,"VERACYTE, INC.",8071,Services-Medical Laboratories,10-Q,2025-11-05,2025-09-30,2025-11-05 13:15:57+00:00,0001384101-25-000130,https://www.sec.gov/Archives/edgar/data/1384101/000138410125000130/vcyt-20250930.htm,9993,1498,data/interim/text/000138410125000130.txt.gz,000138410125000130,2025Q4,2025-11-05 08:15:57-05:00,2025-11-05,2025-11-05,2025-11-05,2025-11-04,36.119998931884766,1300,98
610,IRDM,1418819,Iridium Communications Inc.,4899,"Communications Services, NEC",10-K,2021-02-11,2020-12-31,2021-02-11 12:16:19+00:00,0001418819-21-000009,https://www.sec.gov/Archives/edgar/data/1418819/000141881921000009/irdm-20201231.htm,42923,3748,data/interim/text/000141881921000009.txt.gz,000141881921000009,2021Q1,2021-02-11 07:16:19-05:00,2021-02-11,2021-02-11,2021-02-11,2021-02-10,44.48473739624024,111,1287
611,IRDM,1418819,Iridium Communications Inc.,4899,"Communications Services, NEC",10-Q,2021-04-20,2021-03-31,2021-04-20 11:06:58+00:00,0001418819-21-000020,https://www.sec.gov/Archives/edgar/data/1418819/000141881921000020/irdm-20210331.htm,5998,1156,data/interim/text/000141881921000020.txt.gz,000141881921000020,2021Q2,2021-04-20 07:06:58-04:00,2021-04-20,2021-04-20,2021-04-20,2021-04-19,36.02796936035156,157,1241
612,IRDM,1418819,Iridium Communications Inc.,4899,"Communications Services, NEC",10-Q,2021-07-20,2021-06-30,2021-07-20 11:04:34+00:00,0001418819-21-000025,https://www.sec.gov/Archives/edgar/data/1418819/000141881921000025/irdm-20210630.htm,7414,1216,data/interim/text/000141881921000025.txt.gz,000141881921000025,2021Q3,2021-07-20 07:04:34-04:00,2021-07-20,2021-07-20,2021-07-20,2021-07-19,35.175724029541016,220,1178
613,IRDM,1418819,Iridium Communications Inc.,4899,"Communications Services, NEC",10-Q,2021-10-19,2021-09-30,2021-10-19 11:01:46+00:00,0001418819-21-000029,https://www.sec.gov/Archives/edgar/data/1418819/000141881921000029/irdm-20210930.htm,8041,1254,data/interim/text/000141881921000029.txt.gz,000141881921000029,2021Q4,2021-10-19 07:01:46-04:00,2021-10-19,2021-10-19,2021-10-19,2021-10-18,37.0955924987793,284,1114
614,IRDM,1418819,Iridium Communications Inc.,4899,"Communications Services, NEC",10-K,2022-02-17,2021-12-31,2022-02-17 12:02:59+00:00,0001418819-22-000005,https://www.sec.gov/Archives/edgar/data/1418819/000141881922000005/irdm-20211231.htm,40802,3693,data/interim/text/000141881922000005.txt.gz,000141881922000005,2022Q1,2022-02-17 07:02:59-05:00,2022-02-17,2022-02-17,2022-02-17,2022-02-16,33.30268478393555,368,1030
615,IRDM,1418819,Iridium Communications Inc.,4899,"Communications Services, NEC",10-Q,2022-04-19,2022-03-31,2022-04-19 11:03:03+00:00,0001418819-22-000015,https://www.sec.gov/Archives/edgar/data/1418819/000141881922000015/irdm-20220331.htm,6072,1161,data/interim/text/000141881922000015.txt.gz,000141881922000015,2022Q2,2022-04-19 07:03:03-04:00,2022-04-19,2022-04-19,2022-04-19,2022-04-18,37.170509338378906,409,989
616,IRDM,1418819,Iridium Communications Inc.,4899,"Communications Services, NEC",10-Q,2022-07-26,2022-06-30,2022-07-26 11:07:32+00:00,0001418819-22-000024,https://www.sec.gov/Archives/edgar/data/1418819/000141881922000024/irdm-20220630.htm,7161,1161,data/interim/text/000141881922000024.txt.gz,000141881922000024,2022Q3,2022-07-26 07:07:32-04:00,2022-07-26,2022-07-26,2022-07-26,2022-07-25,37.28289794921875,476,922
617,IRDM,1418819,Iridium Communications Inc.,4899,"Communications Services, NEC",10-Q,2022-10-20,2022-09-30,2022-10-20 11:01:16+00:00,0001418819-22-000028,https://www.sec.gov/Archives/edgar/data/1418819/000141881922000028/irdm-20220930.htm,7327,1171,data/interim/text/000141881922000028.txt.gz,000141881922000028,2022Q4,2022-10-20 07:01:16-04:00,2022-10-20,2022-10-20,2022-10-20,2022-10-19,44.475379943847656,537,861
618,IRDM,1418819,Iridium Communications Inc.,4899,"Communications Services, NEC",10-K,2023-02-16,2022-12-31,2023-02-16 12:03:38+00:00,0001418819-23-000010,https://www.sec.gov/Archives/edgar/data/1418819/000141881923000010/irdm-20221231.htm,41213,3681,data/interim/text/000141881923000010.txt.gz,000141881923000010,2023Q1,2023-02-16 07:03:38-05:00,2023-02-16,2023-02-16,2023-02-16,2023-02-15,53.46597290039063,618,780
619,IRDM,1418819,Iridium Communications Inc.,4899,"Communications Services, NEC",10-Q,2023-04-20,2023-03-31,2023-04-20 11:02:00+00:00,0001628280-23-012131,https://www.sec.gov/Archives/edgar/data/1418819/000162828023012131/irdm-20230331.htm,5903,1143,data/interim/text/000162828023012131.txt.gz,000162828023012131,2023Q2,2023-04-20 07:02:00-04:00,2023-04-20,2023-04-20,2023-04-20,2023-04-19,55.03790664672852,661,737
620,IRDM,1418819,Iridium Communications Inc.,4899,"Communications Services, NEC",10-Q,2023-07-25,2023-06-30,2023-07-25 11:06:28+00:00,0001628280-23-025521,https://www.sec.gov/Archives/edgar/data/1418819/000162828023025521/irdm-20230630.htm,6952,1154,data/interim/text/000162828023025521.txt.gz,000162828023025521,2023Q3,2023-07-25 07:06:28-04:00,2023-07-25,2023-07-25,2023-07-25,2023-07-24,56.39714431762695,726,672
621,IRDM,1418819,Iridium Communications Inc.,4899,"Communications Services, NEC",10-Q,2023-10-19,2023-09-30,2023-10-19 11:01:09+00:00,0001418819-23-000033,https://www.sec.gov/Archives/edgar/data/1418819/000141881923000033/irdm-20230930.htm,7097,1147,data/interim/text/000141881923000033.txt.gz,000141881923000033,2023Q4,2023-10-19 07:01:09-04:00,2023-10-19,2023-10-19,2023-10-19,2023-10-18,41.28057098388672,787,611
622,IRDM,1418819,Iridium Communications Inc.,4899,"Communications Services, NEC",10-K,2024-02-15,2023-12-31,2024-02-15 12:06:20+00:00,0001418819-24-000008,https://www.sec.gov/Archives/edgar/data/1418819/000141881924000008/irdm-20231231.htm,41285,3740,data/interim/text/000141881924000008.txt.gz,000141881924000008,2024Q1,2024-02-15 07:06:20-05:00,2024-02-15,2024-02-15,2024-02-15,2024-02-14,33.154170989990234,868,530
623,IRDM,1418819,Iridium Communications Inc.,4899,"Communications Services, NEC",10-Q,2024-04-18,2024-03-31,2024-04-18 11:01:50+00:00,0001418819-24-000023,https://www.sec.gov/Archives/edgar/data/1418819/000141881924000023/irdm-20240331.htm,6135,1153,data/interim/text/000141881924000023.txt.gz,000141881924000023,2024Q2,2024-04-18 07:01:50-04:00,2024-04-18,2024-04-18,2024-04-18,2024-04-17,23.48613929748535,911,487
624,IRDM,1418819,Iridium Communications Inc.,4899,"Communications Services, NEC",10-Q,2024-07-23,2024-06-30,2024-07-23 11:03:21+00:00,0001418819-24-000037,https://www.sec.gov/Archives/edgar/data/1418819/000141881924000037/irdm-20240630.htm,7623,1178,data/interim/text/000141881924000037.txt.gz,000141881924000037,2024Q3,2024-07-23 07:03:21-04:00,2024-07-23,2024-07-23,2024-07-23,2024-07-22,24.764142990112305,976,422
625,IRDM,1418819,Iridium Communications Inc.,4899,"Communications Services, NEC",10-Q,2024-10-17,2024-09-30,2024-10-17 11:02:44+00:00,0001628280-24-042983,https://www.sec.gov/Archives/edgar/data/1418819/000162828024042983/irdm-20240930.htm,7574,1203,data/interim/text/000162828024042983.txt.gz,000162828024042983,2024Q4,2024-10-17 07:02:44-04:00,2024-10-17,2024-10-17,2024-10-17,2024-10-16,29.0080509185791,1037,361
626,IRDM,1418819,Iridium Communications Inc.,4899,"Communications Services, NEC",10-K,2025-02-13,2024-12-31,2025-02-13 12:01:54+00:00,0001628280-25-005302,https://www.sec.gov/Archives/edgar/data/1418819/000162828025005302/irdm-20241231.htm,40888,3710,data/interim/text/000162828025005302.txt.gz,000162828025005302,2025Q1,2025-02-13 07:01:54-05:00,2025-02-13,2025-02-13,2025-02-13,2025-02-12,26.749895095825195,1117,281
627,IRDM,1418819,Iridium Communications Inc.,4899,"Communications Services, NEC",10-Q,2025-04-22,2025-03-31,2025-04-22 11:01:50+00:00,0001628280-25-018712,https://www.sec.gov/Archives/edgar/data/1418819/000162828025018712/irdm-20250331.htm,6505,1219,data/interim/text/000162828025018712.txt.gz,000162828025018712,2025Q2,2025-04-22 07:01:50-04:00,2025-04-22,2025-04-22,2025-04-22,2025-04-21,22.50226593017578,1163,235
628,IRDM,1418819,Iridium Communications Inc.,4899,"Communications Services, NEC",10-Q,2025-07-24,2025-06-30,2025-07-24 11:05:56+00:00,0001628280-25-035835,https://www.sec.gov/Archives/edgar/data/1418819/000162828025035835/irdm-20250630.htm,7434,1225,data/interim/text/000162828025035835.txt.gz,000162828025035835,2025Q3,2025-07-24 07:05:56-04:00,2025-07-24,2025-07-24,2025-07-24,2025-07-23,31.606056213378903,1227,171
629,IRDM,1418819,Iridium Communications Inc.,4899,"Communications Services, NEC",10-Q,2025-10-23,2025-09-30,2025-10-23 11:02:00+00:00,0001418819-25-000009,https://www.sec.gov/Archives/edgar/data/1418819/000141881925000009/irdm-20250930.htm,8476,1358,data/interim/text/000141881925000009.txt.gz,000141881925000009,2025Q4,2025-10-23 07:02:00-04:00,2025-10-23,2025-10-23,2025-10-23,2025-10-22,19.323429107666016,1291,107
630,ROKU,1428439,"ROKU, INC",4841,Cable & Other Pay Television Services,10-K,2021-02-26,2020-12-31,2021-02-25 23:16:33+00:00,0001564590-21-009021,https://www.sec.gov/Archives/edgar/data/1428439/000156459021009021/roku-10k_20201231.htm,51041,3918,data/interim/text/000156459021009021.txt.gz,000156459021009021,2021Q1,2021-02-25 18:16:33-05:00,2021-02-26,2021-02-26,2021-02-26,2021-02-25,382.3399963378906,121,1277
631,ROKU,1428439,"ROKU, INC",4841,Cable & Other Pay Television Services,10-Q,2021-05-07,2021-03-31,2021-05-07 20:11:33+00:00,0001564590-21-025558,https://www.sec.gov/Archives/edgar/data/1428439/000156459021025558/roku-10q_20210331.htm,39727,3425,data/interim/text/000156459021025558.txt.gz,000156459021025558,2021Q2,2021-05-07 16:11:33-04:00,2021-05-08,2021-05-08,2021-05-10,2021-05-07,317.0,171,1227
632,ROKU,1428439,"ROKU, INC",4841,Cable & Other Pay Television Services,10-Q,2021-08-05,2021-06-30,2021-08-05 20:36:33+00:00,0001564590-21-041648,https://www.sec.gov/Archives/edgar/data/1428439/000156459021041648/roku-10q_20210630.htm,40854,3462,data/interim/text/000156459021041648.txt.gz,000156459021041648,2021Q3,2021-08-05 16:36:33-04:00,2021-08-06,2021-08-06,2021-08-06,2021-08-05,403.4800109863281,233,1165
633,ROKU,1428439,"ROKU, INC",4841,Cable & Other Pay Television Services,10-Q,2021-11-04,2021-09-30,2021-11-04 20:51:39+00:00,0001564590-21-054545,https://www.sec.gov/Archives/edgar/data/1428439/000156459021054545/roku-10q_20210930.htm,40718,3468,data/interim/text/000156459021054545.txt.gz,000156459021054545,2021Q4,2021-11-04 16:51:39-04:00,2021-11-05,2021-11-05,2021-11-05,2021-11-04,289.3900146484375,297,1101
634,ROKU,1428439,"ROKU, INC",4841,Cable & Other Pay Television Services,10-K,2022-02-18,2021-12-31,2022-02-18 21:54:27+00:00,0001428439-22-000010,https://www.sec.gov/Archives/edgar/data/1428439/000142843922000010/roku-20211231.htm,47824,3776,data/interim/text/000142843922000010.txt.gz,000142843922000010,2022Q1,2022-02-18 16:54:27-05:00,2022-02-19,2022-02-19,2022-02-22,2022-02-18,112.45999908447266,370,1028
635,ROKU,1428439,"ROKU, INC",4841,Cable & Other Pay Television Services,10-Q,2022-04-29,2022-03-31,2022-04-29 20:52:24+00:00,0001428439-22-000016,https://www.sec.gov/Archives/edgar/data/1428439/000142843922000016/roku-20220331.htm,36766,3142,data/interim/text/000142843922000016.txt.gz,000142843922000016,2022Q2,2022-04-29 16:52:24-04:00,2022-04-30,2022-04-30,2022-05-02,2022-04-29,92.9000015258789,418,980
636,ROKU,1428439,"ROKU, INC",4841,Cable & Other Pay Television Services,10-Q,2022-07-29,2022-06-30,2022-07-29 21:11:44+00:00,0001428439-22-000026,https://www.sec.gov/Archives/edgar/data/1428439/000142843922000026/roku-20220630.htm,37712,3147,data/interim/text/000142843922000026.txt.gz,000142843922000026,2022Q3,2022-07-29 17:11:44-04:00,2022-07-30,2022-07-30,2022-08-01,2022-07-29,65.5199966430664,480,918
637,ROKU,1428439,"ROKU, INC",4841,Cable & Other Pay Television Services,10-Q,2022-11-03,2022-09-30,2022-11-03 20:07:42+00:00,0001428439-22-000036,https://www.sec.gov/Archives/edgar/data/1428439/000142843922000036/roku-20220930.htm,38378,3178,data/interim/text/000142843922000036.txt.gz,000142843922000036,2022Q4,2022-11-03 16:07:42-04:00,2022-11-04,2022-11-04,2022-11-04,2022-11-03,51.84000015258789,548,850
638,ROKU,1428439,"ROKU, INC",4841,Cable & Other Pay Television Services,10-K,2023-02-16,2022-12-31,2023-02-16 21:51:10+00:00,0001428439-23-000007,https://www.sec.gov/Archives/edgar/data/1428439/000142843923000007/roku-20221231.htm,49145,3829,data/interim/text/000142843923000007.txt.gz,000142843923000007,2023Q1,2023-02-16 16:51:10-05:00,2023-02-17,2023-02-17,2023-02-17,2023-02-16,70.56999969482422,619,779
639,ROKU,1428439,"ROKU, INC",4841,Cable & Other Pay Television Services,10-Q,2023-04-27,2023-03-31,2023-04-27 20:09:06+00:00,0001428439-23-000017,https://www.sec.gov/Archives/edgar/data/1428439/000142843923000017/roku-20230331.htm,37360,3174,data/interim/text/000142843923000017.txt.gz,000142843923000017,2023Q2,2023-04-27 16:09:06-04:00,2023-04-28,2023-04-28,2023-04-28,2023-04-27,57.0099983215332,667,731
640,ROKU,1428439,"ROKU, INC",4841,Cable & Other Pay Television Services,10-Q,2023-07-28,2023-06-30,2023-07-28 20:08:06+00:00,0001428439-23-000028,https://www.sec.gov/Archives/edgar/data/1428439/000142843923000028/roku-20230630.htm,37790,3164,data/interim/text/000142843923000028.txt.gz,000142843923000028,2023Q3,2023-07-28 16:08:06-04:00,2023-07-29,2023-07-29,2023-07-31,2023-07-28,89.61000061035156,730,668
641,ROKU,1428439,"ROKU, INC",4841,Cable & Other Pay Television Services,10-Q,2023-11-02,2023-09-30,2023-11-02 20:22:49+00:00,0001428439-23-000041,https://www.sec.gov/Archives/edgar/data/1428439/000142843923000041/roku-20230930.htm,38169,3189,data/interim/text/000142843923000041.txt.gz,000142843923000041,2023Q4,2023-11-02 16:22:49-04:00,2023-11-03,2023-11-03,2023-11-03,2023-11-02,78.05000305175781,798,600
642,ROKU,1428439,"ROKU, INC",4841,Cable & Other Pay Television Services,10-K,2024-02-16,2023-12-31,2024-02-16 21:06:52+00:00,0001428439-24-000011,https://www.sec.gov/Archives/edgar/data/1428439/000142843924000011/roku-20231231.htm,49551,3864,data/interim/text/000142843924000011.txt.gz,000142843924000011,2024Q1,2024-02-16 16:06:52-05:00,2024-02-17,2024-02-17,2024-02-20,2024-02-16,72.0,870,528
643,ROKU,1428439,"ROKU, INC",4841,Cable & Other Pay Television Services,10-Q,2024-04-26,2024-03-31,2024-04-26 20:07:06+00:00,0001428439-24-000019,https://www.sec.gov/Archives/edgar/data/1428439/000142843924000019/roku-20240331.htm,38211,3233,data/interim/text/000142843924000019.txt.gz,000142843924000019,2024Q2,2024-04-26 16:07:06-04:00,2024-04-27,2024-04-27,2024-04-29,2024-04-26,56.34999847412109,918,480
644,ROKU,1428439,"ROKU, INC",4841,Cable & Other Pay Television Services,10-Q,2024-08-02,2024-06-30,2024-08-02 20:10:32+00:00,0001428439-24-000034,https://www.sec.gov/Archives/edgar/data/1428439/000142843924000034/roku-20240630.htm,38613,3224,data/interim/text/000142843924000034.txt.gz,000142843924000034,2024Q3,2024-08-02 16:10:32-04:00,2024-08-03,2024-08-03,2024-08-05,2024-08-02,53.13999938964844,985,413
645,ROKU,1428439,"ROKU, INC",4841,Cable & Other Pay Television Services,10-Q,2024-10-31,2024-09-30,2024-10-31 20:01:59+00:00,0001428439-24-000042,https://www.sec.gov/Archives/edgar/data/1428439/000142843924000042/roku-20240930.htm,39532,3241,data/interim/text/000142843924000042.txt.gz,000142843924000042,2024Q4,2024-10-31 16:01:59-04:00,2024-11-01,2024-11-01,2024-11-01,2024-10-31,64.08000183105469,1048,350
646,ROKU,1428439,"ROKU, INC",4841,Cable & Other Pay Television Services,10-K,2025-02-14,2024-12-31,2025-02-14 21:04:14+00:00,0001428439-25-000013,https://www.sec.gov/Archives/edgar/data/1428439/000142843925000013/roku-20241231.htm,47164,3756,data/interim/text/000142843925000013.txt.gz,000142843925000013,2025Q1,2025-02-14 16:04:14-05:00,2025-02-15,2025-02-15,2025-02-18,2025-02-14,99.06999969482422,1119,279
647,ROKU,1428439,"ROKU, INC",4841,Cable & Other Pay Television Services,10-Q,2025-05-02,2025-03-31,2025-05-02 20:06:29+00:00,0001428439-25-000017,https://www.sec.gov/Archives/edgar/data/1428439/000142843925000017/roku-20250331.htm,36505,3149,data/interim/text/000142843925000017.txt.gz,000142843925000017,2025Q2,2025-05-02 16:06:29-04:00,2025-05-03,2025-05-03,2025-05-05,2025-05-02,61.54999923706055,1172,226
648,ROKU,1428439,"ROKU, INC",4841,Cable & Other Pay Television Services,10-Q,2025-08-01,2025-06-30,2025-08-01 20:08:43+00:00,0001428439-25-000040,https://www.sec.gov/Archives/edgar/data/1428439/000142843925000040/roku-20250630.htm,37629,3168,data/interim/text/000142843925000040.txt.gz,000142843925000040,2025Q3,2025-08-01 16:08:43-04:00,2025-08-02,2025-08-02,2025-08-04,2025-08-01,79.9800033569336,1234,164
649,ROKU,1428439,"ROKU, INC",4841,Cable & Other Pay Television Services,10-Q,2025-10-31,2025-09-30,2025-10-31 20:06:54+00:00,0001628280-25-047808,https://www.sec.gov/Archives/edgar/data/1428439/000162828025047808/roku-20250930.htm,37791,3168,data/interim/text/000162828025047808.txt.gz,000162828025047808,2025Q4,2025-10-31 16:06:54-04:00,2025-11-01,2025-11-01,2025-11-03,2025-10-31,106.12999725341795,1298,100
650,P,1474432,"Everpure, Inc.",3572,Computer Storage Devices,10-K,2021-03-25,2021-01-31,2021-03-25 01:57:00+00:00,0001628280-21-005538,https://www.sec.gov/Archives/edgar/data/1474432/000162828021005538/pstg-20210131.htm,30107,3081,data/interim/text/000162828021005538.txt.gz,000162828021005538,2021Q1,2021-03-24 21:57:00-04:00,2021-03-25,2021-03-25,2021-03-25,2021-03-24,20.88999938964844,140,1258
651,P,1474432,"Everpure, Inc.",3572,Computer Storage Devices,10-Q,2021-06-08,2021-05-02,2021-06-08 21:19:20+00:00,0001628280-21-011838,https://www.sec.gov/Archives/edgar/data/1474432/000162828021011838/pstg-20210502.htm,21490,2409,data/interim/text/000162828021011838.txt.gz,000162828021011838,2021Q2,2021-06-08 17:19:20-04:00,2021-06-09,2021-06-09,2021-06-09,2021-06-08,19.100000381469727,192,1206
652,P,1474432,"Everpure, Inc.",3572,Computer Storage Devices,10-Q,2021-09-08,2021-08-01,2021-09-08 21:10:48+00:00,0001628280-21-018247,https://www.sec.gov/Archives/edgar/data/1474432/000162828021018247/pstg-20210801.htm,22881,2490,data/interim/text/000162828021018247.txt.gz,000162828021018247,2021Q3,2021-09-08 17:10:48-04:00,2021-09-09,2021-09-09,2021-09-09,2021-09-08,25.86000061035156,256,1142
653,P,1474432,"Everpure, Inc.",3572,Computer Storage Devices,10-Q,2021-12-07,2021-10-31,2021-12-07 20:49:41+00:00,0001628280-21-024638,https://www.sec.gov/Archives/edgar/data/1474432/000162828021024638/pstg-20211031.htm,23156,2503,data/interim/text/000162828021024638.txt.gz,000162828021024638,2021Q4,2021-12-07 15:49:41-05:00,2021-12-07,2021-12-07,2021-12-07,2021-12-06,31.549999237060547,318,1080
654,P,1474432,"Everpure, Inc.",3572,Computer Storage Devices,10-K,2022-04-07,2022-02-06,2022-04-07 01:00:34+00:00,0001628280-22-008643,https://www.sec.gov/Archives/edgar/data/1474432/000162828022008643/pstg-20220206.htm,31278,3251,data/interim/text/000162828022008643.txt.gz,000162828022008643,2022Q2,2022-04-06 21:00:34-04:00,2022-04-07,2022-04-07,2022-04-07,2022-04-06,32.43000030517578,402,996
655,P,1474432,"Everpure, Inc.",3572,Computer Storage Devices,10-Q,2022-09-15,2022-08-07,2022-09-15 00:53:40+00:00,0001628280-22-024939,https://www.sec.gov/Archives/edgar/data/1474432/000162828022024939/pstg-20220807.htm,23297,2495,data/interim/text/000162828022024939.txt.gz,000162828022024939,2022Q3,2022-09-14 20:53:40-04:00,2022-09-15,2022-09-15,2022-09-15,2022-09-14,29.670000076293945,512,886
656,P,1474432,"Everpure, Inc.",3572,Computer Storage Devices,10-Q,2022-12-15,2022-11-06,2022-12-15 01:32:38+00:00,0001628280-22-031956,https://www.sec.gov/Archives/edgar/data/1474432/000162828022031956/pstg-20221106.htm,22668,2438,data/interim/text/000162828022031956.txt.gz,000162828022031956,2022Q4,2022-12-14 20:32:38-05:00,2022-12-15,2022-12-15,2022-12-15,2022-12-14,30.649999618530277,576,822
657,P,1474432,"Everpure, Inc.",3572,Computer Storage Devices,10-K,2023-04-03,2023-02-05,2023-04-01 00:36:51+00:00,0001628280-23-010275,https://www.sec.gov/Archives/edgar/data/1474432/000162828023010275/pstg-20230205.htm,31370,3341,data/interim/text/000162828023010275.txt.gz,000162828023010275,2023Q2,2023-03-31 20:36:51-04:00,2023-04-01,2023-04-03,2023-04-03,2023-03-31,25.51000022888184,649,749
658,P,1474432,"Everpure, Inc.",3572,Computer Storage Devices,10-Q,2023-09-14,2023-08-06,2023-09-14 00:55:08+00:00,0001628280-23-032228,https://www.sec.gov/Archives/edgar/data/1474432/000162828023032228/pstg-20230806.htm,21139,2422,data/interim/text/000162828023032228.txt.gz,000162828023032228,2023Q3,2023-09-13 20:55:08-04:00,2023-09-14,2023-09-14,2023-09-14,2023-09-13,37.310001373291016,762,636
659,P,1474432,"Everpure, Inc.",3572,Computer Storage Devices,10-Q,2023-12-15,2023-11-05,2023-12-15 00:50:50+00:00,0001628280-23-041629,https://www.sec.gov/Archives/edgar/data/1474432/000162828023041629/pstg-20231105.htm,21118,2431,data/interim/text/000162828023041629.txt.gz,000162828023041629,2023Q4,2023-12-14 19:50:50-05:00,2023-12-15,2023-12-15,2023-12-15,2023-12-14,36.2599983215332,827,571
660,P,1474432,"Everpure, Inc.",3572,Computer Storage Devices,10-K,2024-04-01,2024-02-04,2024-03-30 01:12:45+00:00,0001628280-24-013860,https://www.sec.gov/Archives/edgar/data/1474432/000162828024013860/pstg-20240204.htm,29405,3282,data/interim/text/000162828024013860.txt.gz,000162828024013860,2024Q2,2024-03-29 21:12:45-04:00,2024-03-30,2024-04-01,2024-04-01,2024-03-28,51.9900016784668,898,500
661,P,1474432,"Everpure, Inc.",3572,Computer Storage Devices,10-Q,2024-09-11,2024-08-04,2024-09-11 01:12:16+00:00,0001628280-24-040066,https://www.sec.gov/Archives/edgar/data/1474432/000162828024040066/pstg-20240804.htm,21135,2446,data/interim/text/000162828024040066.txt.gz,000162828024040066,2024Q3,2024-09-10 21:12:16-04:00,2024-09-11,2024-09-11,2024-09-11,2024-09-10,46.709999084472656,1011,387
662,P,1474432,"Everpure, Inc.",3572,Computer Storage Devices,10-Q,2024-12-12,2024-11-03,2024-12-11 23:56:54+00:00,0001628280-24-050852,https://www.sec.gov/Archives/edgar/data/1474432/000162828024050852/pstg-20241103.htm,21743,2462,data/interim/text/000162828024050852.txt.gz,000162828024050852,2024Q4,2024-12-11 18:56:54-05:00,2024-12-12,2024-12-12,2024-12-12,2024-12-11,62.0,1076,322
663,P,1474432,"Everpure, Inc.",3572,Computer Storage Devices,10-K,2025-03-27,2025-02-02,2025-03-27 01:25:43+00:00,0001628280-25-015044,https://www.sec.gov/Archives/edgar/data/1474432/000162828025015044/pstg-20250202.htm,30545,3344,data/interim/text/000162828025015044.txt.gz,000162828025015044,2025Q1,2025-03-26 21:25:43-04:00,2025-03-27,2025-03-27,2025-03-27,2025-03-26,50.63999938964844,1146,252
664,P,1474432,"Everpure, Inc.",3572,Computer Storage Devices,10-Q,2025-06-11,2025-05-04,2025-06-10 22:21:45+00:00,0001628280-25-030567,https://www.sec.gov/Archives/edgar/data/1474432/000162828025030567/pstg-20250504.htm,21797,2499,data/interim/text/000162828025030567.txt.gz,000162828025030567,2025Q2,2025-06-10 18:21:45-04:00,2025-06-11,2025-06-11,2025-06-11,2025-06-10,55.119998931884766,1198,200
665,P,1474432,"Everpure, Inc.",3572,Computer Storage Devices,10-Q,2025-09-10,2025-08-03,2025-09-09 21:45:10+00:00,0001474432-25-000046,https://www.sec.gov/Archives/edgar/data/1474432/000147443225000046/pstg-20250803.htm,22355,2521,data/interim/text/000147443225000046.txt.gz,000147443225000046,2025Q3,2025-09-09 17:45:10-04:00,2025-09-10,2025-09-10,2025-09-10,2025-09-09,79.20999908447266,1260,138
666,P,1474432,"Everpure, Inc.",3572,Computer Storage Devices,10-Q,2025-12-10,2025-11-02,2025-12-10 21:43:56+00:00,0001474432-25-000065,https://www.sec.gov/Archives/edgar/data/1474432/000147443225000065/pstg-20251102.htm,22571,2493,data/interim/text/000147443225000065.txt.gz,000147443225000065,2025Q4,2025-12-10 16:43:56-05:00,2025-12-11,2025-12-11,2025-12-11,2025-12-10,73.6500015258789,1325,73
667,NET,1477333,"Cloudflare, Inc.",7372,Services-Prepackaged Software,10-K,2021-02-25,2020-12-31,2021-02-25 21:26:35+00:00,0001477333-21-000009,https://www.sec.gov/Archives/edgar/data/1477333/000147733321000009/cloud-20201231.htm,57096,3997,data/interim/text/000147733321000009.txt.gz,000147733321000009,2021Q1,2021-02-25 16:26:35-05:00,2021-02-26,2021-02-26,2021-02-26,2021-02-25,71.72000122070312,121,1277
668,NET,1477333,"Cloudflare, Inc.",7372,Services-Prepackaged Software,10-Q,2021-05-07,2021-03-31,2021-05-07 20:17:27+00:00,0001477333-21-000026,https://www.sec.gov/Archives/edgar/data/1477333/000147733321000026/cloud-20210331.htm,46375,3487,data/interim/text/000147733321000026.txt.gz,000147733321000026,2021Q2,2021-05-07 16:17:27-04:00,2021-05-08,2021-05-08,2021-05-10,2021-05-07,71.62000274658203,171,1227
669,NET,1477333,"Cloudflare, Inc.",7372,Services-Prepackaged Software,10-Q,2021-08-06,2021-06-30,2021-08-06 20:20:32+00:00,0001477333-21-000036,https://www.sec.gov/Archives/edgar/data/1477333/000147733321000036/cloud-20210630.htm,47855,3504,data/interim/text/000147733321000036.txt.gz,000147733321000036,2021Q3,2021-08-06 16:20:32-04:00,2021-08-07,2021-08-07,2021-08-09,2021-08-06,118.81999969482422,234,1164
670,NET,1477333,"Cloudflare, Inc.",7372,Services-Prepackaged Software,10-Q,2021-11-05,2021-09-30,2021-11-05 20:24:34+00:00,0001477333-21-000045,https://www.sec.gov/Archives/edgar/data/1477333/000147733321000045/cloud-20210930.htm,49205,3525,data/interim/text/000147733321000045.txt.gz,000147733321000045,2021Q4,2021-11-05 16:24:34-04:00,2021-11-06,2021-11-06,2021-11-08,2021-11-05,197.25999450683597,298,1100
671,NET,1477333,"Cloudflare, Inc.",7372,Services-Prepackaged Software,10-K,2022-03-01,2021-12-31,2022-03-01 21:26:07+00:00,0001477333-22-000008,https://www.sec.gov/Archives/edgar/data/1477333/000147733322000008/cloud-20211231.htm,58821,4024,data/interim/text/000147733322000008.txt.gz,000147733322000008,2022Q1,2022-03-01 16:26:07-05:00,2022-03-02,2022-03-02,2022-03-02,2022-03-01,117.6500015258789,376,1022
672,NET,1477333,"Cloudflare, Inc.",7372,Services-Prepackaged Software,10-Q,2022-05-05,2022-03-31,2022-05-05 20:59:55+00:00,0001477333-22-000031,https://www.sec.gov/Archives/edgar/data/1477333/000147733322000031/cloud-20220331.htm,49707,3509,data/interim/text/000147733322000031.txt.gz,000147733322000031,2022Q2,2022-05-05 16:59:55-04:00,2022-05-06,2022-05-06,2022-05-06,2022-05-05,77.80999755859375,422,976
673,NET,1477333,"Cloudflare, Inc.",7372,Services-Prepackaged Software,10-Q,2022-08-04,2022-06-30,2022-08-04 20:30:02+00:00,0001477333-22-000048,https://www.sec.gov/Archives/edgar/data/1477333/000147733322000048/cloud-20220630.htm,50645,3455,data/interim/text/000147733322000048.txt.gz,000147733322000048,2022Q3,2022-08-04 16:30:02-04:00,2022-08-05,2022-08-05,2022-08-05,2022-08-04,58.43000030517578,484,914
674,NET,1477333,"Cloudflare, Inc.",7372,Services-Prepackaged Software,10-Q,2022-11-03,2022-09-30,2022-11-03 20:55:26+00:00,0001477333-22-000060,https://www.sec.gov/Archives/edgar/data/1477333/000147733322000060/cloud-20220930.htm,51415,3474,data/interim/text/000147733322000060.txt.gz,000147733322000060,2022Q4,2022-11-03 16:55:26-04:00,2022-11-04,2022-11-04,2022-11-04,2022-11-03,50.369998931884766,548,850
675,NET,1477333,"Cloudflare, Inc.",7372,Services-Prepackaged Software,10-K,2023-02-24,2022-12-31,2023-02-24 21:46:22+00:00,0001477333-23-000017,https://www.sec.gov/Archives/edgar/data/1477333/000147733323000017/cloud-20221231.htm,59866,4069,data/interim/text/000147733323000017.txt.gz,000147733323000017,2023Q1,2023-02-24 16:46:22-05:00,2023-02-25,2023-02-25,2023-02-27,2023-02-24,59.20000076293945,624,774
676,NET,1477333,"Cloudflare, Inc.",7372,Services-Prepackaged Software,10-Q,2023-04-27,2023-03-31,2023-04-27 20:32:35+00:00,0001477333-23-000043,https://www.sec.gov/Archives/edgar/data/1477333/000147733323000043/cloud-20230331.htm,51076,3513,data/interim/text/000147733323000043.txt.gz,000147733323000043,2023Q2,2023-04-27 16:32:35-04:00,2023-04-28,2023-04-28,2023-04-28,2023-04-27,59.58000183105469,667,731
677,NET,1477333,"Cloudflare, Inc.",7372,Services-Prepackaged Software,10-Q,2023-08-03,2023-06-30,2023-08-03 20:53:55+00:00,0001477333-23-000056,https://www.sec.gov/Archives/edgar/data/1477333/000147733323000056/cloud-20230630.htm,51812,3537,data/interim/text/000147733323000056.txt.gz,000147733323000056,2023Q3,2023-08-03 16:53:55-04:00,2023-08-04,2023-08-04,2023-08-04,2023-08-03,65.04000091552734,734,664
678,NET,1477333,"Cloudflare, Inc.",7372,Services-Prepackaged Software,10-Q,2023-11-02,2023-09-30,2023-11-02 20:53:37+00:00,0001477333-23-000064,https://www.sec.gov/Archives/edgar/data/1477333/000147733323000064/cloud-20230930.htm,51781,3521,data/interim/text/000147733323000064.txt.gz,000147733323000064,2023Q4,2023-11-02 16:53:37-04:00,2023-11-03,2023-11-03,2023-11-03,2023-11-02,56.58000183105469,798,600
679,NET,1477333,"Cloudflare, Inc.",7372,Services-Prepackaged Software,10-K,2024-02-21,2023-12-31,2024-02-21 22:07:15+00:00,0001477333-24-000013,https://www.sec.gov/Archives/edgar/data/1477333/000147733324000013/cloud-20231231.htm,61794,4138,data/interim/text/000147733324000013.txt.gz,000147733324000013,2024Q1,2024-02-21 17:07:15-05:00,2024-02-22,2024-02-22,2024-02-22,2024-02-21,95.08999633789062,872,526
680,NET,1477333,"Cloudflare, Inc.",7372,Services-Prepackaged Software,10-Q,2024-05-02,2024-03-31,2024-05-02 20:26:47+00:00,0001477333-24-000050,https://www.sec.gov/Archives/edgar/data/1477333/000147733324000050/cloud-20240331.htm,51499,3514,data/interim/text/000147733324000050.txt.gz,000147733324000050,2024Q2,2024-05-02 16:26:47-04:00,2024-05-03,2024-05-03,2024-05-03,2024-05-02,88.97000122070312,922,476
681,NET,1477333,"Cloudflare, Inc.",7372,Services-Prepackaged Software,10-Q,2024-08-01,2024-06-30,2024-08-01 20:23:56+00:00,0001477333-24-000070,https://www.sec.gov/Archives/edgar/data/1477333/000147733324000070/cloud-20240630.htm,53853,3561,data/interim/text/000147733324000070.txt.gz,000147733324000070,2024Q3,2024-08-01 16:23:56-04:00,2024-08-02,2024-08-02,2024-08-02,2024-08-01,74.4000015258789,984,414
682,NET,1477333,"Cloudflare, Inc.",7372,Services-Prepackaged Software,10-Q,2024-11-07,2024-09-30,2024-11-07 21:27:01+00:00,0001477333-24-000085,https://www.sec.gov/Archives/edgar/data/1477333/000147733324000085/cloud-20240930.htm,54038,3550,data/interim/text/000147733324000085.txt.gz,000147733324000085,2024Q4,2024-11-07 16:27:01-05:00,2024-11-08,2024-11-08,2024-11-08,2024-11-07,95.66000366210938,1053,345
683,NET,1477333,"Cloudflare, Inc.",7372,Services-Prepackaged Software,10-K,2025-02-20,2024-12-31,2025-02-20 21:36:15+00:00,0001477333-25-000043,https://www.sec.gov/Archives/edgar/data/1477333/000147733325000043/cloud-20241231.htm,62095,4157,data/interim/text/000147733325000043.txt.gz,000147733325000043,2025Q1,2025-02-20 16:36:15-05:00,2025-02-21,2025-02-21,2025-02-21,2025-02-20,156.3800048828125,1122,276
684,NET,1477333,"Cloudflare, Inc.",7372,Services-Prepackaged Software,10-Q,2025-05-08,2025-03-31,2025-05-08 20:21:43+00:00,0001477333-25-000082,https://www.sec.gov/Archives/edgar/data/1477333/000147733325000082/cloud-20250331.htm,53518,3561,data/interim/text/000147733325000082.txt.gz,000147733325000082,2025Q2,2025-05-08 16:21:43-04:00,2025-05-09,2025-05-09,2025-05-09,2025-05-08,124.30999755859376,1176,222
685,NET,1477333,"Cloudflare, Inc.",7372,Services-Prepackaged Software,10-Q,2025-07-31,2025-06-30,2025-07-31 20:22:49+00:00,0001477333-25-000137,https://www.sec.gov/Archives/edgar/data/1477333/000147733325000137/cloud-20250630.htm,54719,3591,data/interim/text/000147733325000137.txt.gz,000147733325000137,2025Q3,2025-07-31 16:22:49-04:00,2025-08-01,2025-08-01,2025-08-01,2025-07-31,207.67999267578125,1233,165
686,NET,1477333,"Cloudflare, Inc.",7372,Services-Prepackaged Software,10-Q,2025-10-30,2025-09-30,2025-10-30 20:24:26+00:00,0001477333-25-000141,https://www.sec.gov/Archives/edgar/data/1477333/000147733325000141/cloud-20250930.htm,55064,3590,data/interim/text/000147733325000141.txt.gz,000147733325000141,2025Q4,2025-10-30 16:24:26-04:00,2025-10-31,2025-10-31,2025-10-31,2025-10-30,222.5,1297,101
687,ADPT,1478320,Adaptive Biotechnologies Corp,2836,"Biological Products, (No Diagnostic Substances)",10-K,2021-02-24,2020-12-31,2021-02-24 21:31:08+00:00,0001564590-21-008124,https://www.sec.gov/Archives/edgar/data/1478320/000156459021008124/adpt-10k_20201231.htm,73559,5017,data/interim/text/000156459021008124.txt.gz,000156459021008124,2021Q1,2021-02-24 16:31:08-05:00,2021-02-25,2021-02-25,2021-02-25,2021-02-24,58.38999938964844,120,1278
688,ADPT,1478320,Adaptive Biotechnologies Corp,2836,"Biological Products, (No Diagnostic Substances)",10-Q,2021-05-05,2021-03-31,2021-05-05 20:31:05+00:00,0001564590-21-024122,https://www.sec.gov/Archives/edgar/data/1478320/000156459021024122/adpt-10q_20210331.htm,7685,1267,data/interim/text/000156459021024122.txt.gz,000156459021024122,2021Q2,2021-05-05 16:31:05-04:00,2021-05-06,2021-05-06,2021-05-06,2021-05-05,35.459999084472656,169,1229
689,ADPT,1478320,Adaptive Biotechnologies Corp,2836,"Biological Products, (No Diagnostic Substances)",10-Q,2021-08-04,2021-06-30,2021-08-04 20:31:44+00:00,0001564590-21-040868,https://www.sec.gov/Archives/edgar/data/1478320/000156459021040868/adpt-10q_20210630.htm,8265,1262,data/interim/text/000156459021040868.txt.gz,000156459021040868,2021Q3,2021-08-04 16:31:44-04:00,2021-08-05,2021-08-05,2021-08-05,2021-08-04,37.36000061035156,232,1166
690,ADPT,1478320,Adaptive Biotechnologies Corp,2836,"Biological Products, (No Diagnostic Substances)",10-Q,2021-11-03,2021-09-30,2021-11-03 20:31:39+00:00,0001564590-21-053988,https://www.sec.gov/Archives/edgar/data/1478320/000156459021053988/adpt-10q_20210930.htm,8374,1276,data/interim/text/000156459021053988.txt.gz,000156459021053988,2021Q4,2021-11-03 16:31:39-04:00,2021-11-04,2021-11-04,2021-11-04,2021-11-03,35.040000915527344,296,1102
691,ADPT,1478320,Adaptive Biotechnologies Corp,2836,"Biological Products, (No Diagnostic Substances)",10-K,2022-02-15,2021-12-31,2022-02-15 21:31:38+00:00,0001564590-22-005228,https://www.sec.gov/Archives/edgar/data/1478320/000156459022005228/adpt-10k_20211231.htm,73043,5006,data/interim/text/000156459022005228.txt.gz,000156459022005228,2022Q1,2022-02-15 16:31:38-05:00,2022-02-16,2022-02-16,2022-02-16,2022-02-15,14.6899995803833,367,1031
692,ADPT,1478320,Adaptive Biotechnologies Corp,2836,"Biological Products, (No Diagnostic Substances)",10-Q,2022-05-04,2022-03-31,2022-05-04 20:22:28+00:00,0001564590-22-017870,https://www.sec.gov/Archives/edgar/data/1478320/000156459022017870/adpt-10q_20220331.htm,7434,1230,data/interim/text/000156459022017870.txt.gz,000156459022017870,2022Q2,2022-05-04 16:22:28-04:00,2022-05-05,2022-05-05,2022-05-05,2022-05-04,9.25,421,977
693,ADPT,1478320,Adaptive Biotechnologies Corp,2836,"Biological Products, (No Diagnostic Substances)",10-Q,2022-08-03,2022-06-30,2022-08-03 20:31:15+00:00,0001564590-22-027784,https://www.sec.gov/Archives/edgar/data/1478320/000156459022027784/adpt-10q_20220630.htm,8047,1224,data/interim/text/000156459022027784.txt.gz,000156459022027784,2022Q3,2022-08-03 16:31:15-04:00,2022-08-04,2022-08-04,2022-08-04,2022-08-03,9.890000343322754,483,915
694,ADPT,1478320,Adaptive Biotechnologies Corp,2836,"Biological Products, (No Diagnostic Substances)",10-Q,2022-11-03,2022-09-30,2022-11-03 20:31:19+00:00,0000950170-22-021923,https://www.sec.gov/Archives/edgar/data/1478320/000095017022021923/adpt-20220930.htm,9585,1384,data/interim/text/000095017022021923.txt.gz,000095017022021923,2022Q4,2022-11-03 16:31:19-04:00,2022-11-04,2022-11-04,2022-11-04,2022-11-03,7.78000020980835,548,850
695,ADPT,1478320,Adaptive Biotechnologies Corp,2836,"Biological Products, (No Diagnostic Substances)",10-K,2023-02-14,2022-12-31,2023-02-14 21:32:14+00:00,0000950170-23-002792,https://www.sec.gov/Archives/edgar/data/1478320/000095017023002792/adpt-20221231.htm,70729,4896,data/interim/text/000095017023002792.txt.gz,000095017023002792,2023Q1,2023-02-14 16:32:14-05:00,2023-02-15,2023-02-15,2023-02-15,2023-02-14,8.680000305175781,617,781
696,ADPT,1478320,Adaptive Biotechnologies Corp,2836,"Biological Products, (No Diagnostic Substances)",10-Q,2023-05-03,2023-03-31,2023-05-03 20:32:35+00:00,0000950170-23-017250,https://www.sec.gov/Archives/edgar/data/1478320/000095017023017250/adpt-20230331.htm,7529,1271,data/interim/text/000095017023017250.txt.gz,000095017023017250,2023Q2,2023-05-03 16:32:35-04:00,2023-05-04,2023-05-04,2023-05-04,2023-05-03,7.5,671,727
697,ADPT,1478320,Adaptive Biotechnologies Corp,2836,"Biological Products, (No Diagnostic Substances)",10-Q,2023-08-02,2023-06-30,2023-08-02 20:31:38+00:00,0000950170-23-037234,https://www.sec.gov/Archives/edgar/data/1478320/000095017023037234/adpt-20230630.htm,8367,1280,data/interim/text/000095017023037234.txt.gz,000095017023037234,2023Q3,2023-08-02 16:31:38-04:00,2023-08-03,2023-08-03,2023-08-03,2023-08-02,7.960000038146973,733,665
698,ADPT,1478320,Adaptive Biotechnologies Corp,2836,"Biological Products, (No Diagnostic Substances)",10-Q,2023-11-09,2023-09-30,2023-11-09 21:30:32+00:00,0000950170-23-062136,https://www.sec.gov/Archives/edgar/data/1478320/000095017023062136/adpt-20230930.htm,8352,1283,data/interim/text/000095017023062136.txt.gz,000095017023062136,2023Q4,2023-11-09 16:30:32-05:00,2023-11-10,2023-11-10,2023-11-10,2023-11-09,4.289999961853027,803,595
699,ADPT,1478320,Adaptive Biotechnologies Corp,2836,"Biological Products, (No Diagnostic Substances)",10-K,2024-02-29,2023-12-31,2024-02-29 21:15:41+00:00,0000950170-24-023095,https://www.sec.gov/Archives/edgar/data/1478320/000095017024023095/adpt-20231231.htm,62430,4616,data/interim/text/000095017024023095.txt.gz,000095017024023095,2024Q1,2024-02-29 16:15:41-05:00,2024-03-01,2024-03-01,2024-03-01,2024-02-29,4.110000133514404,878,520
700,ADPT,1478320,Adaptive Biotechnologies Corp,2836,"Biological Products, (No Diagnostic Substances)",10-Q,2024-05-07,2024-03-31,2024-05-07 20:30:43+00:00,0000950170-24-054604,https://www.sec.gov/Archives/edgar/data/1478320/000095017024054604/adpt-20240331.htm,7771,1270,data/interim/text/000095017024054604.txt.gz,000095017024054604,2024Q2,2024-05-07 16:30:43-04:00,2024-05-08,2024-05-08,2024-05-08,2024-05-07,3.109999895095825,925,473
701,ADPT,1478320,Adaptive Biotechnologies Corp,2836,"Biological Products, (No Diagnostic Substances)",10-Q,2024-08-01,2024-06-30,2024-08-01 20:30:28+00:00,0000950170-24-089342,https://www.sec.gov/Archives/edgar/data/1478320/000095017024089342/adpt-20240630.htm,8944,1302,data/interim/text/000095017024089342.txt.gz,000095017024089342,2024Q3,2024-08-01 16:30:28-04:00,2024-08-02,2024-08-02,2024-08-02,2024-08-01,4.449999809265137,984,414
702,ADPT,1478320,Adaptive Biotechnologies Corp,2836,"Biological Products, (No Diagnostic Substances)",10-Q,2024-11-07,2024-09-30,2024-11-07 21:30:29+00:00,0000950170-24-123423,https://www.sec.gov/Archives/edgar/data/1478320/000095017024123423/adpt-20240930.htm,8995,1295,data/interim/text/000095017024123423.txt.gz,000095017024123423,2024Q4,2024-11-07 16:30:29-05:00,2024-11-08,2024-11-08,2024-11-08,2024-11-07,5.630000114440918,1053,345
703,ADPT,1478320,Adaptive Biotechnologies Corp,2836,"Biological Products, (No Diagnostic Substances)",10-K,2025-03-03,2024-12-31,2025-03-03 21:36:18+00:00,0000950170-25-030913,https://www.sec.gov/Archives/edgar/data/1478320/000095017025030913/adpt-20241231.htm,62730,4602,data/interim/text/000095017025030913.txt.gz,000095017025030913,2025Q1,2025-03-03 16:36:18-05:00,2025-03-04,2025-03-04,2025-03-04,2025-03-03,8.100000381469727,1129,269
704,ADPT,1478320,Adaptive Biotechnologies Corp,2836,"Biological Products, (No Diagnostic Substances)",10-Q,2025-05-01,2025-03-31,2025-05-01 20:30:23+00:00,0000950170-25-061897,https://www.sec.gov/Archives/edgar/data/1478320/000095017025061897/adpt-20250331.htm,7722,1291,data/interim/text/000095017025061897.txt.gz,000095017025061897,2025Q2,2025-05-01 16:30:23-04:00,2025-05-02,2025-05-02,2025-05-02,2025-05-01,7.360000133514404,1171,227
705,ADPT,1478320,Adaptive Biotechnologies Corp,2836,"Biological Products, (No Diagnostic Substances)",10-Q,2025-08-05,2025-06-30,2025-08-05 20:31:13+00:00,0000950170-25-103120,https://www.sec.gov/Archives/edgar/data/1478320/000095017025103120/adpt-20250630.htm,8708,1313,data/interim/text/000095017025103120.txt.gz,000095017025103120,2025Q3,2025-08-05 16:31:13-04:00,2025-08-06,2025-08-06,2025-08-06,2025-08-05,11.050000190734863,1236,162
706,ADPT,1478320,Adaptive Biotechnologies Corp,2836,"Biological Products, (No Diagnostic Substances)",10-Q,2025-11-05,2025-09-30,2025-11-05 21:31:01+00:00,0001193125-25-267061,https://www.sec.gov/Archives/edgar/data/1478320/000119312525267061/adpt-20250930.htm,9347,1366,data/interim/text/000119312525267061.txt.gz,000119312525267061,2025Q4,2025-11-05 16:31:01-05:00,2025-11-06,2025-11-06,2025-11-06,2025-11-05,17.59000015258789,1301,97
707,BWXT,1486957,"BWX Technologies, Inc.",3510,Engines & Turbines,10-K,2021-02-22,2020-12-31,2021-02-22 21:42:34+00:00,0001486957-21-000006,https://www.sec.gov/Archives/edgar/data/1486957/000148695721000006/bwxt-20201231.htm,32698,3090,data/interim/text/000148695721000006.txt.gz,000148695721000006,2021Q1,2021-02-22 16:42:34-05:00,2021-02-23,2021-02-23,2021-02-23,2021-02-22,54.07042694091797,118,1280
708,BWXT,1486957,"BWX Technologies, Inc.",3510,Engines & Turbines,10-Q,2021-05-03,2021-03-31,2021-05-03 20:38:51+00:00,0001486957-21-000017,https://www.sec.gov/Archives/edgar/data/1486957/000148695721000017/bwxt-20210331.htm,7581,1250,data/interim/text/000148695721000017.txt.gz,000148695721000017,2021Q2,2021-05-03 16:38:51-04:00,2021-05-04,2021-05-04,2021-05-04,2021-05-03,63.22700500488281,167,1231
709,BWXT,1486957,"BWX Technologies, Inc.",3510,Engines & Turbines,10-Q,2021-08-02,2021-06-30,2021-08-02 20:23:30+00:00,0001486957-21-000027,https://www.sec.gov/Archives/edgar/data/1486957/000148695721000027/bwxt-20210630.htm,8408,1265,data/interim/text/000148695721000027.txt.gz,000148695721000027,2021Q3,2021-08-02 16:23:30-04:00,2021-08-03,2021-08-03,2021-08-03,2021-08-02,53.67396545410156,230,1168
710,BWXT,1486957,"BWX Technologies, Inc.",3510,Engines & Turbines,10-Q,2021-11-01,2021-09-30,2021-11-01 20:25:24+00:00,0001486957-21-000031,https://www.sec.gov/Archives/edgar/data/1486957/000148695721000031/bwxt-20210930.htm,8657,1307,data/interim/text/000148695721000031.txt.gz,000148695721000031,2021Q4,2021-11-01 16:25:24-04:00,2021-11-02,2021-11-02,2021-11-02,2021-11-01,54.53034973144531,294,1104
711,BWXT,1486957,"BWX Technologies, Inc.",3510,Engines & Turbines,10-K,2022-02-22,2021-12-31,2022-02-22 21:36:40+00:00,0001486957-22-000005,https://www.sec.gov/Archives/edgar/data/1486957/000148695722000005/bwxt-20211231.htm,31953,3069,data/interim/text/000148695722000005.txt.gz,000148695722000005,2022Q1,2022-02-22 16:36:40-05:00,2022-02-23,2022-02-23,2022-02-23,2022-02-22,40.65820693969727,371,1027
712,BWXT,1486957,"BWX Technologies, Inc.",3510,Engines & Turbines,10-Q,2022-05-09,2022-03-31,2022-05-09 20:28:12+00:00,0001486957-22-000017,https://www.sec.gov/Archives/edgar/data/1486957/000148695722000017/bwxt-20220331.htm,7203,1257,data/interim/text/000148695722000017.txt.gz,000148695722000017,2022Q2,2022-05-09 16:28:12-04:00,2022-05-10,2022-05-10,2022-05-10,2022-05-09,45.66389465332031,424,974
713,BWXT,1486957,"BWX Technologies, Inc.",3510,Engines & Turbines,10-Q,2022-08-08,2022-06-30,2022-08-08 20:27:24+00:00,0001486957-22-000026,https://www.sec.gov/Archives/edgar/data/1486957/000148695722000026/bwxt-20220630.htm,8038,1268,data/interim/text/000148695722000026.txt.gz,000148695722000026,2022Q3,2022-08-08 16:27:24-04:00,2022-08-09,2022-08-09,2022-08-09,2022-08-08,53.62016677856445,486,912
714,BWXT,1486957,"BWX Technologies, Inc.",3510,Engines & Turbines,10-Q,2022-11-07,2022-09-30,2022-11-07 21:35:26+00:00,0001486957-22-000035,https://www.sec.gov/Archives/edgar/data/1486957/000148695722000035/bwxt-20220930.htm,8511,1297,data/interim/text/000148695722000035.txt.gz,000148695722000035,2022Q4,2022-11-07 16:35:26-05:00,2022-11-08,2022-11-08,2022-11-08,2022-11-07,55.31144332885742,550,848
715,BWXT,1486957,"BWX Technologies, Inc.",3510,Engines & Turbines,10-K,2023-02-23,2022-12-31,2023-02-23 21:22:51+00:00,0001486957-23-000008,https://www.sec.gov/Archives/edgar/data/1486957/000148695723000008/bwxt-20221231.htm,32733,3111,data/interim/text/000148695723000008.txt.gz,000148695723000008,2023Q1,2023-02-23 16:22:51-05:00,2023-02-24,2023-02-24,2023-02-24,2023-02-23,57.325138092041016,623,775
716,BWXT,1486957,"BWX Technologies, Inc.",3510,Engines & Turbines,10-Q,2023-05-08,2023-03-31,2023-05-08 20:22:02+00:00,0001486957-23-000027,https://www.sec.gov/Archives/edgar/data/1486957/000148695723000027/bwxt-20230331.htm,6944,1175,data/interim/text/000148695723000027.txt.gz,000148695723000027,2023Q2,2023-05-08 16:22:02-04:00,2023-05-09,2023-05-09,2023-05-09,2023-05-08,63.10156631469727,674,724
717,BWXT,1486957,"BWX Technologies, Inc.",3510,Engines & Turbines,10-Q,2023-08-03,2023-06-30,2023-08-03 20:29:48+00:00,0001486957-23-000033,https://www.sec.gov/Archives/edgar/data/1486957/000148695723000033/bwxt-20230630.htm,7896,1218,data/interim/text/000148695723000033.txt.gz,000148695723000033,2023Q3,2023-08-03 16:29:48-04:00,2023-08-04,2023-08-04,2023-08-04,2023-08-03,66.76336669921875,734,664
718,BWXT,1486957,"BWX Technologies, Inc.",3510,Engines & Turbines,10-Q,2023-11-01,2023-09-30,2023-11-01 20:24:28+00:00,0001486957-23-000042,https://www.sec.gov/Archives/edgar/data/1486957/000148695723000042/bwxt-20230930.htm,8084,1240,data/interim/text/000148695723000042.txt.gz,000148695723000042,2023Q4,2023-11-01 16:24:28-04:00,2023-11-02,2023-11-02,2023-11-02,2023-11-01,72.79029083251953,797,601
719,BWXT,1486957,"BWX Technologies, Inc.",3510,Engines & Turbines,10-K,2024-02-27,2023-12-31,2024-02-27 21:28:37+00:00,0001486957-24-000011,https://www.sec.gov/Archives/edgar/data/1486957/000148695724000011/bwxt-20231231.htm,32859,3209,data/interim/text/000148695724000011.txt.gz,000148695724000011,2024Q1,2024-02-27 16:28:37-05:00,2024-02-28,2024-02-28,2024-02-28,2024-02-27,87.39744567871094,876,522
720,BWXT,1486957,"BWX Technologies, Inc.",3510,Engines & Turbines,10-Q,2024-05-06,2024-03-31,2024-05-06 20:20:56+00:00,0001486957-24-000029,https://www.sec.gov/Archives/edgar/data/1486957/000148695724000029/bwxt-20240331.htm,6644,1155,data/interim/text/000148695724000029.txt.gz,000148695724000029,2024Q2,2024-05-06 16:20:56-04:00,2024-05-07,2024-05-07,2024-05-07,2024-05-06,97.01560974121094,924,474
721,BWXT,1486957,"BWX Technologies, Inc.",3510,Engines & Turbines,10-Q,2024-08-05,2024-06-30,2024-08-05 20:43:15+00:00,0001486957-24-000042,https://www.sec.gov/Archives/edgar/data/1486957/000148695724000042/bwxt-20240630.htm,7139,1165,data/interim/text/000148695724000042.txt.gz,000148695724000042,2024Q3,2024-08-05 16:43:15-04:00,2024-08-06,2024-08-06,2024-08-06,2024-08-05,90.87909698486328,986,412
722,BWXT,1486957,"BWX Technologies, Inc.",3510,Engines & Turbines,10-Q,2024-11-04,2024-09-30,2024-11-04 21:40:26+00:00,0001486957-24-000046,https://www.sec.gov/Archives/edgar/data/1486957/000148695724000046/bwxt-20240930.htm,7408,1175,data/interim/text/000148695724000046.txt.gz,000148695724000046,2024Q4,2024-11-04 16:40:26-05:00,2024-11-05,2024-11-05,2024-11-05,2024-11-04,118.02400970458984,1050,348
723,BWXT,1486957,"BWX Technologies, Inc.",3510,Engines & Turbines,10-K,2025-02-24,2024-12-31,2025-02-24 22:13:15+00:00,0001486957-25-000008,https://www.sec.gov/Archives/edgar/data/1486957/000148695725000008/bwxt-20241231.htm,33122,3219,data/interim/text/000148695725000008.txt.gz,000148695725000008,2025Q1,2025-02-24 17:13:15-05:00,2025-02-25,2025-02-25,2025-02-25,2025-02-24,98.70542907714844,1124,274
724,BWXT,1486957,"BWX Technologies, Inc.",3510,Engines & Turbines,10-Q,2025-05-05,2025-03-31,2025-05-05 20:33:48+00:00,0001486957-25-000026,https://www.sec.gov/Archives/edgar/data/1486957/000148695725000026/bwxt-20250331.htm,6950,1205,data/interim/text/000148695725000026.txt.gz,000148695725000026,2025Q2,2025-05-05 16:33:48-04:00,2025-05-06,2025-05-06,2025-05-06,2025-05-05,110.95779418945312,1173,225
725,BWXT,1486957,"BWX Technologies, Inc.",3510,Engines & Turbines,10-Q,2025-08-04,2025-06-30,2025-08-04 20:40:28+00:00,0001486957-25-000052,https://www.sec.gov/Archives/edgar/data/1486957/000148695725000052/bwxt-20250630.htm,7714,1216,data/interim/text/000148695725000052.txt.gz,000148695725000052,2025Q3,2025-08-04 16:40:28-04:00,2025-08-05,2025-08-05,2025-08-05,2025-08-04,153.408203125,1235,163
726,BWXT,1486957,"BWX Technologies, Inc.",3510,Engines & Turbines,10-Q,2025-11-03,2025-09-30,2025-11-03 21:21:16+00:00,0001486957-25-000059,https://www.sec.gov/Archives/edgar/data/1486957/000148695725000059/bwxt-20250930.htm,8052,1249,data/interim/text/000148695725000059.txt.gz,000148695725000059,2025Q4,2025-11-03 16:21:16-05:00,2025-11-04,2025-11-04,2025-11-04,2025-11-03,214.62998962402344,1299,99
727,SDGR,1490978,"Schrodinger, Inc.",2834,Pharmaceutical Preparations,10-K,2021-03-04,2020-12-31,2021-03-04 12:30:46+00:00,0001564590-21-010727,https://www.sec.gov/Archives/edgar/data/1490978/000156459021010727/sdgr-10k_20201231.htm,78379,4851,data/interim/text/000156459021010727.txt.gz,000156459021010727,2021Q1,2021-03-04 07:30:46-05:00,2021-03-04,2021-03-04,2021-03-04,2021-03-03,99.13999938964844,125,1273
728,SDGR,1490978,"Schrodinger, Inc.",2834,Pharmaceutical Preparations,10-Q,2021-05-11,2021-03-31,2021-05-11 11:30:44+00:00,0001564590-21-026289,https://www.sec.gov/Archives/edgar/data/1490978/000156459021026289/sdgr-10q_20210331.htm,44263,3348,data/interim/text/000156459021026289.txt.gz,000156459021026289,2021Q2,2021-05-11 07:30:44-04:00,2021-05-11,2021-05-11,2021-05-11,2021-05-10,64.01000213623047,172,1226
729,SDGR,1490978,"Schrodinger, Inc.",2834,Pharmaceutical Preparations,10-Q,2021-08-12,2021-06-30,2021-08-12 14:17:19+00:00,0001564590-21-043687,https://www.sec.gov/Archives/edgar/data/1490978/000156459021043687/sdgr-10q_20210630.htm,37485,3055,data/interim/text/000156459021043687.txt.gz,000156459021043687,2021Q3,2021-08-12 10:17:19-04:00,2021-08-12,2021-08-12,2021-08-12,2021-08-11,62.84999847412109,237,1161
730,SDGR,1490978,"Schrodinger, Inc.",2834,Pharmaceutical Preparations,10-Q,2021-11-10,2021-09-30,2021-11-10 21:16:14+00:00,0001564590-21-056203,https://www.sec.gov/Archives/edgar/data/1490978/000156459021056203/sdgr-10q_20210930.htm,37533,3049,data/interim/text/000156459021056203.txt.gz,000156459021056203,2021Q4,2021-11-10 16:16:14-05:00,2021-11-11,2021-11-11,2021-11-11,2021-11-10,51.15999984741211,301,1097
731,SDGR,1490978,"Schrodinger, Inc.",2834,Pharmaceutical Preparations,10-K,2022-02-24,2021-12-31,2022-02-24 21:17:05+00:00,0001564590-22-006713,https://www.sec.gov/Archives/edgar/data/1490978/000156459022006713/sdgr-10k_20211231.htm,77611,4874,data/interim/text/000156459022006713.txt.gz,000156459022006713,2022Q1,2022-02-24 16:17:05-05:00,2022-02-25,2022-02-25,2022-02-25,2022-02-24,27.399999618530277,373,1025
732,SDGR,1490978,"Schrodinger, Inc.",2834,Pharmaceutical Preparations,10-Q,2022-05-04,2022-03-31,2022-05-04 20:12:46+00:00,0001564590-22-017856,https://www.sec.gov/Archives/edgar/data/1490978/000156459022017856/sdgr-10q_20220331.htm,39182,3205,data/interim/text/000156459022017856.txt.gz,000156459022017856,2022Q2,2022-05-04 16:12:46-04:00,2022-05-05,2022-05-05,2022-05-05,2022-05-04,26.8799991607666,421,977
733,SDGR,1490978,"Schrodinger, Inc.",2834,Pharmaceutical Preparations,10-Q,2022-08-04,2022-06-30,2022-08-04 20:14:06+00:00,0001564590-22-028010,https://www.sec.gov/Archives/edgar/data/1490978/000156459022028010/sdgr-10q_20220630.htm,39992,3223,data/interim/text/000156459022028010.txt.gz,000156459022028010,2022Q3,2022-08-04 16:14:06-04:00,2022-08-05,2022-08-05,2022-08-05,2022-08-04,34.709999084472656,484,914
734,SDGR,1490978,"Schrodinger, Inc.",2834,Pharmaceutical Preparations,10-Q,2022-11-03,2022-09-30,2022-11-03 20:03:47+00:00,0001490978-22-000012,https://www.sec.gov/Archives/edgar/data/1490978/000149097822000012/sdgr-20220930.htm,40341,3234,data/interim/text/000149097822000012.txt.gz,000149097822000012,2022Q4,2022-11-03 16:03:47-04:00,2022-11-04,2022-11-04,2022-11-04,2022-11-03,24.65999984741211,548,850
735,SDGR,1490978,"Schrodinger, Inc.",2834,Pharmaceutical Preparations,10-K,2023-02-28,2022-12-31,2023-02-28 21:04:45+00:00,0001490978-23-000024,https://www.sec.gov/Archives/edgar/data/1490978/000149097823000024/sdgr-20221231.htm,85760,5138,data/interim/text/000149097823000024.txt.gz,000149097823000024,2023Q1,2023-02-28 16:04:45-05:00,2023-03-01,2023-03-01,2023-03-01,2023-02-28,21.729999542236328,626,772
736,SDGR,1490978,"Schrodinger, Inc.",2834,Pharmaceutical Preparations,10-Q,2023-05-04,2023-03-31,2023-05-04 20:04:07+00:00,0001490978-23-000048,https://www.sec.gov/Archives/edgar/data/1490978/000149097823000048/sdgr-20230331.htm,44415,3478,data/interim/text/000149097823000048.txt.gz,000149097823000048,2023Q2,2023-05-04 16:04:07-04:00,2023-05-05,2023-05-05,2023-05-05,2023-05-04,30.1200008392334,672,726
737,SDGR,1490978,"Schrodinger, Inc.",2834,Pharmaceutical Preparations,10-Q,2023-08-02,2023-06-30,2023-08-02 20:05:06+00:00,0001490978-23-000090,https://www.sec.gov/Archives/edgar/data/1490978/000149097823000090/sdgr-20230630.htm,46369,3546,data/interim/text/000149097823000090.txt.gz,000149097823000090,2023Q3,2023-08-02 16:05:06-04:00,2023-08-03,2023-08-03,2023-08-03,2023-08-02,50.2400016784668,733,665
738,SDGR,1490978,"Schrodinger, Inc.",2834,Pharmaceutical Preparations,10-Q,2023-11-01,2023-09-30,2023-11-01 20:03:06+00:00,0001490978-23-000109,https://www.sec.gov/Archives/edgar/data/1490978/000149097823000109/sdgr-20230930.htm,46601,3565,data/interim/text/000149097823000109.txt.gz,000149097823000109,2023Q4,2023-11-01 16:03:06-04:00,2023-11-02,2023-11-02,2023-11-02,2023-11-01,21.815000534057617,797,601
739,SDGR,1490978,"Schrodinger, Inc.",2834,Pharmaceutical Preparations,10-K,2024-02-28,2023-12-31,2024-02-28 21:11:33+00:00,0001490978-24-000018,https://www.sec.gov/Archives/edgar/data/1490978/000149097824000018/sdgr-20231231.htm,93386,5390,data/interim/text/000149097824000018.txt.gz,000149097824000018,2024Q1,2024-02-28 16:11:33-05:00,2024-02-29,2024-02-29,2024-02-29,2024-02-28,31.3700008392334,877,521
740,SDGR,1490978,"Schrodinger, Inc.",2834,Pharmaceutical Preparations,10-Q,2024-05-01,2024-03-31,2024-05-01 20:03:34+00:00,0001490978-24-000046,https://www.sec.gov/Archives/edgar/data/1490978/000149097824000046/sdgr-20240331.htm,48053,3700,data/interim/text/000149097824000046.txt.gz,000149097824000046,2024Q2,2024-05-01 16:03:34-04:00,2024-05-02,2024-05-02,2024-05-02,2024-05-01,25.26000022888184,921,477
741,SDGR,1490978,"Schrodinger, Inc.",2834,Pharmaceutical Preparations,10-Q,2024-07-31,2024-06-30,2024-07-31 20:08:16+00:00,0001490978-24-000072,https://www.sec.gov/Archives/edgar/data/1490978/000149097824000072/sdgr-20240630.htm,50301,3743,data/interim/text/000149097824000072.txt.gz,000149097824000072,2024Q3,2024-07-31 16:08:16-04:00,2024-08-01,2024-08-01,2024-08-01,2024-07-31,22.280000686645508,983,415
742,SDGR,1490978,"Schrodinger, Inc.",2834,Pharmaceutical Preparations,10-Q,2024-11-12,2024-09-30,2024-11-12 12:33:31+00:00,0001490978-24-000089,https://www.sec.gov/Archives/edgar/data/1490978/000149097824000089/sdgr-20240930.htm,51153,3778,data/interim/text/000149097824000089.txt.gz,000149097824000089,2024Q4,2024-11-12 07:33:31-05:00,2024-11-12,2024-11-12,2024-11-12,2024-11-11,19.540000915527344,1055,343
743,SDGR,1490978,"Schrodinger, Inc.",2834,Pharmaceutical Preparations,10-K,2025-02-26,2024-12-31,2025-02-26 21:09:57+00:00,0001490978-25-000014,https://www.sec.gov/Archives/edgar/data/1490978/000149097825000014/sdgr-20241231.htm,102437,5546,data/interim/text/000149097825000014.txt.gz,000149097825000014,2025Q1,2025-02-26 16:09:57-05:00,2025-02-27,2025-02-27,2025-02-27,2025-02-26,21.700000762939453,1126,272
744,SDGR,1490978,"Schrodinger, Inc.",2834,Pharmaceutical Preparations,10-Q,2025-05-07,2025-03-31,2025-05-07 20:09:21+00:00,0001490978-25-000059,https://www.sec.gov/Archives/edgar/data/1490978/000149097825000059/sdgr-20250331.htm,55028,3981,data/interim/text/000149097825000059.txt.gz,000149097825000059,2025Q2,2025-05-07 16:09:21-04:00,2025-05-08,2025-05-08,2025-05-08,2025-05-07,23.71999931335449,1175,223
745,SDGR,1490978,"Schrodinger, Inc.",2834,Pharmaceutical Preparations,10-Q,2025-08-06,2025-06-30,2025-08-06 20:10:02+00:00,0001490978-25-000100,https://www.sec.gov/Archives/edgar/data/1490978/000149097825000100/sdgr-20250630.htm,57217,4097,data/interim/text/000149097825000100.txt.gz,000149097825000100,2025Q3,2025-08-06 16:10:02-04:00,2025-08-07,2025-08-07,2025-08-07,2025-08-06,19.34000015258789,1237,161
746,SDGR,1490978,"Schrodinger, Inc.",2834,Pharmaceutical Preparations,10-Q,2025-11-05,2025-09-30,2025-11-05 21:13:35+00:00,0001490978-25-000117,https://www.sec.gov/Archives/edgar/data/1490978/000149097825000117/sdgr-20250930.htm,58507,4156,data/interim/text/000149097825000117.txt.gz,000149097825000117,2025Q4,2025-11-05 16:13:35-05:00,2025-11-06,2025-11-06,2025-11-06,2025-11-05,19.770000457763672,1301,97
747,PINS,1506293,"PINTEREST, INC.",7370,"Services-Computer Programming, Data Processing, Etc.",10-K,2021-02-05,2020-12-31,2021-02-04 22:57:32+00:00,0001506293-21-000025,https://www.sec.gov/Archives/edgar/data/1506293/000150629321000025/pins-20201231.htm,40459,3501,data/interim/text/000150629321000025.txt.gz,000150629321000025,2021Q1,2021-02-04 17:57:32-05:00,2021-02-05,2021-02-05,2021-02-05,2021-02-04,77.83999633789062,107,1291
748,PINS,1506293,"PINTEREST, INC.",7370,"Services-Computer Programming, Data Processing, Etc.",10-Q,2021-04-28,2021-03-31,2021-04-27 21:48:31+00:00,0001506293-21-000094,https://www.sec.gov/Archives/edgar/data/1506293/000150629321000094/pins-20210331.htm,30064,2853,data/interim/text/000150629321000094.txt.gz,000150629321000094,2021Q2,2021-04-27 17:48:31-04:00,2021-04-28,2021-04-28,2021-04-28,2021-04-27,77.58000183105469,163,1235
749,PINS,1506293,"PINTEREST, INC.",7370,"Services-Computer Programming, Data Processing, Etc.",10-Q,2021-07-30,2021-06-30,2021-07-29 21:57:21+00:00,0001506293-21-000186,https://www.sec.gov/Archives/edgar/data/1506293/000150629321000186/pins-20210630.htm,31047,2897,data/interim/text/000150629321000186.txt.gz,000150629321000186,2021Q3,2021-07-29 17:57:21-04:00,2021-07-30,2021-07-30,2021-07-30,2021-07-29,72.04000091552734,228,1170
750,PINS,1506293,"PINTEREST, INC.",7370,"Services-Computer Programming, Data Processing, Etc.",10-Q,2021-11-04,2021-09-30,2021-11-04 20:18:52+00:00,0001506293-21-000233,https://www.sec.gov/Archives/edgar/data/1506293/000150629321000233/pins-20210930.htm,31221,2901,data/interim/text/000150629321000233.txt.gz,000150629321000233,2021Q4,2021-11-04 16:18:52-04:00,2021-11-05,2021-11-05,2021-11-05,2021-11-04,43.63999938964844,297,1101
751,PINS,1506293,"PINTEREST, INC.",7370,"Services-Computer Programming, Data Processing, Etc.",10-K,2022-02-03,2021-12-31,2022-02-03 22:07:30+00:00,0001506293-22-000016,https://www.sec.gov/Archives/edgar/data/1506293/000150629322000016/pins-20211231.htm,38153,3389,data/interim/text/000150629322000016.txt.gz,000150629322000016,2022Q1,2022-02-03 17:07:30-05:00,2022-02-04,2022-02-04,2022-02-04,2022-02-03,24.51000022888184,359,1039
752,PINS,1506293,"PINTEREST, INC.",7370,"Services-Computer Programming, Data Processing, Etc.",10-Q,2022-04-28,2022-03-31,2022-04-27 21:56:36+00:00,0001506293-22-000041,https://www.sec.gov/Archives/edgar/data/1506293/000150629322000041/pins-20220331.htm,30051,2827,data/interim/text/000150629322000041.txt.gz,000150629322000041,2022Q2,2022-04-27 17:56:36-04:00,2022-04-28,2022-04-28,2022-04-28,2022-04-27,18.670000076293945,416,982
753,PINS,1506293,"PINTEREST, INC.",7370,"Services-Computer Programming, Data Processing, Etc.",10-Q,2022-08-01,2022-06-30,2022-08-01 20:59:28+00:00,0001506293-22-000099,https://www.sec.gov/Archives/edgar/data/1506293/000150629322000099/pins-20220630.htm,30543,2843,data/interim/text/000150629322000099.txt.gz,000150629322000099,2022Q3,2022-08-01 16:59:28-04:00,2022-08-02,2022-08-02,2022-08-02,2022-08-01,19.989999771118164,481,917
754,PINS,1506293,"PINTEREST, INC.",7370,"Services-Computer Programming, Data Processing, Etc.",10-Q,2022-10-27,2022-09-30,2022-10-27 20:11:27+00:00,0001506293-22-000127,https://www.sec.gov/Archives/edgar/data/1506293/000150629322000127/pins-20220930.htm,30762,2856,data/interim/text/000150629322000127.txt.gz,000150629322000127,2022Q4,2022-10-27 16:11:27-04:00,2022-10-28,2022-10-28,2022-10-28,2022-10-27,21.88999938964844,543,855
755,PINS,1506293,"PINTEREST, INC.",7370,"Services-Computer Programming, Data Processing, Etc.",10-K,2023-02-06,2022-12-31,2023-02-06 21:27:35+00:00,0001506293-23-000023,https://www.sec.gov/Archives/edgar/data/1506293/000150629323000023/pins-20221231.htm,36419,3378,data/interim/text/000150629323000023.txt.gz,000150629323000023,2023Q1,2023-02-06 16:27:35-05:00,2023-02-07,2023-02-07,2023-02-07,2023-02-06,27.88999938964844,611,787
756,PINS,1506293,"PINTEREST, INC.",7370,"Services-Computer Programming, Data Processing, Etc.",10-Q,2023-04-27,2023-03-31,2023-04-27 20:36:00+00:00,0001506293-23-000076,https://www.sec.gov/Archives/edgar/data/1506293/000150629323000076/pins-20230331.htm,29337,2805,data/interim/text/000150629323000076.txt.gz,000150629323000076,2023Q2,2023-04-27 16:36:00-04:00,2023-04-28,2023-04-28,2023-04-28,2023-04-27,27.270000457763672,667,731
757,PINS,1506293,"PINTEREST, INC.",7370,"Services-Computer Programming, Data Processing, Etc.",10-Q,2023-08-01,2023-06-30,2023-08-01 20:19:33+00:00,0001506293-23-000163,https://www.sec.gov/Archives/edgar/data/1506293/000150629323000163/pins-20230630.htm,29975,2830,data/interim/text/000150629323000163.txt.gz,000150629323000163,2023Q3,2023-08-01 16:19:33-04:00,2023-08-02,2023-08-02,2023-08-02,2023-08-01,28.959999084472656,732,666
758,PINS,1506293,"PINTEREST, INC.",7370,"Services-Computer Programming, Data Processing, Etc.",10-Q,2023-10-30,2023-09-30,2023-10-30 20:15:14+00:00,0001506293-23-000221,https://www.sec.gov/Archives/edgar/data/1506293/000150629323000221/pins-20230930.htm,30401,2855,data/interim/text/000150629323000221.txt.gz,000150629323000221,2023Q4,2023-10-30 16:15:14-04:00,2023-10-31,2023-10-31,2023-10-31,2023-10-30,25.100000381469727,795,603
759,PINS,1506293,"PINTEREST, INC.",7370,"Services-Computer Programming, Data Processing, Etc.",10-K,2024-02-08,2023-12-31,2024-02-08 21:16:02+00:00,0001506293-24-000018,https://www.sec.gov/Archives/edgar/data/1506293/000150629324000018/pins-20231231.htm,37523,3383,data/interim/text/000150629324000018.txt.gz,000150629324000018,2024Q1,2024-02-08 16:16:02-05:00,2024-02-09,2024-02-09,2024-02-09,2024-02-08,40.720001220703125,864,534
760,PINS,1506293,"PINTEREST, INC.",7370,"Services-Computer Programming, Data Processing, Etc.",10-Q,2024-04-30,2024-03-31,2024-04-30 20:17:15+00:00,0001506293-24-000078,https://www.sec.gov/Archives/edgar/data/1506293/000150629324000078/pins-20240331.htm,30269,2864,data/interim/text/000150629324000078.txt.gz,000150629324000078,2024Q2,2024-04-30 16:17:15-04:00,2024-05-01,2024-05-01,2024-05-01,2024-04-30,33.45000076293945,920,478
761,PINS,1506293,"PINTEREST, INC.",7370,"Services-Computer Programming, Data Processing, Etc.",10-Q,2024-07-30,2024-06-30,2024-07-30 20:16:54+00:00,0001506293-24-000143,https://www.sec.gov/Archives/edgar/data/1506293/000150629324000143/pins-20240630.htm,30746,2875,data/interim/text/000150629324000143.txt.gz,000150629324000143,2024Q3,2024-07-30 16:16:54-04:00,2024-07-31,2024-07-31,2024-07-31,2024-07-30,37.34999847412109,982,416
762,PINS,1506293,"PINTEREST, INC.",7370,"Services-Computer Programming, Data Processing, Etc.",10-Q,2024-11-07,2024-09-30,2024-11-07 21:18:15+00:00,0001506293-24-000182,https://www.sec.gov/Archives/edgar/data/1506293/000150629324000182/pins-20240930.htm,31581,2900,data/interim/text/000150629324000182.txt.gz,000150629324000182,2024Q4,2024-11-07 16:18:15-05:00,2024-11-08,2024-11-08,2024-11-08,2024-11-07,33.93000030517578,1053,345
763,PINS,1506293,"PINTEREST, INC.",7370,"Services-Computer Programming, Data Processing, Etc.",10-K,2025-02-06,2024-12-31,2025-02-06 21:17:22+00:00,0001506293-25-000022,https://www.sec.gov/Archives/edgar/data/1506293/000150629325000022/pins-20241231.htm,37932,3366,data/interim/text/000150629325000022.txt.gz,000150629325000022,2025Q1,2025-02-06 16:17:22-05:00,2025-02-07,2025-02-07,2025-02-07,2025-02-06,33.59000015258789,1113,285
764,PINS,1506293,"PINTEREST, INC.",7370,"Services-Computer Programming, Data Processing, Etc.",10-Q,2025-05-08,2025-03-31,2025-05-08 20:17:00+00:00,0001506293-25-000108,https://www.sec.gov/Archives/edgar/data/1506293/000150629325000108/pins-20250331.htm,31343,2906,data/interim/text/000150629325000108.txt.gz,000150629325000108,2025Q2,2025-05-08 16:17:00-04:00,2025-05-09,2025-05-09,2025-05-09,2025-05-08,27.86000061035156,1176,222
765,PINS,1506293,"PINTEREST, INC.",7370,"Services-Computer Programming, Data Processing, Etc.",10-Q,2025-08-07,2025-06-30,2025-08-07 20:23:53+00:00,0001506293-25-000196,https://www.sec.gov/Archives/edgar/data/1506293/000150629325000196/pins-20250630.htm,31739,2904,data/interim/text/000150629325000196.txt.gz,000150629325000196,2025Q3,2025-08-07 16:23:53-04:00,2025-08-08,2025-08-08,2025-08-08,2025-08-07,39.16999816894531,1238,160
766,PINS,1506293,"PINTEREST, INC.",7370,"Services-Computer Programming, Data Processing, Etc.",10-Q,2025-11-04,2025-09-30,2025-11-04 21:16:42+00:00,0001506293-25-000229,https://www.sec.gov/Archives/edgar/data/1506293/000150629325000229/pins-20250930.htm,31942,2905,data/interim/text/000150629325000229.txt.gz,000150629325000229,2025Q4,2025-11-04 16:16:42-05:00,2025-11-05,2025-11-05,2025-11-05,2025-11-04,32.90999984741211,1300,98
767,XYZ,1512673,"Block, Inc.",7372,Services-Prepackaged Software,10-K,2021-02-23,2020-12-31,2021-02-23 21:19:48+00:00,0001512673-21-000008,https://www.sec.gov/Archives/edgar/data/1512673/000151267321000008/sq-20201231.htm,49018,3779,data/interim/text/000151267321000008.txt.gz,000151267321000008,2021Q1,2021-02-23 16:19:48-05:00,2021-02-24,2021-02-24,2021-02-24,2021-02-23,256.5899963378906,119,1279
768,XYZ,1512673,"Block, Inc.",7372,Services-Prepackaged Software,10-Q,2021-05-06,2021-03-31,2021-05-06 20:19:59+00:00,0001512673-21-000013,https://www.sec.gov/Archives/edgar/data/1512673/000151267321000013/sq-20210331.htm,35816,3166,data/interim/text/000151267321000013.txt.gz,000151267321000013,2021Q2,2021-05-06 16:19:59-04:00,2021-05-07,2021-05-07,2021-05-07,2021-05-06,223.9600067138672,170,1228
769,XYZ,1512673,"Block, Inc.",7372,Services-Prepackaged Software,10-Q,2021-08-02,2021-06-30,2021-08-02 10:13:32+00:00,0001628280-21-015094,https://www.sec.gov/Archives/edgar/data/1512673/000162828021015094/sq-20210630.htm,37584,3198,data/interim/text/000162828021015094.txt.gz,000162828021015094,2021Q3,2021-08-02 06:13:32-04:00,2021-08-02,2021-08-02,2021-08-02,2021-07-30,247.25999450683597,229,1169
770,XYZ,1512673,"Block, Inc.",7372,Services-Prepackaged Software,10-Q,2021-11-04,2021-09-30,2021-11-04 20:20:05+00:00,0001628280-21-021782,https://www.sec.gov/Archives/edgar/data/1512673/000162828021021782/sq-20210930.htm,39976,3296,data/interim/text/000162828021021782.txt.gz,000162828021021782,2021Q4,2021-11-04 16:20:05-04:00,2021-11-05,2021-11-05,2021-11-05,2021-11-04,247.4600067138672,297,1101
771,XYZ,1512673,"Block, Inc.",7372,Services-Prepackaged Software,10-K,2022-02-24,2021-12-31,2022-02-24 21:19:13+00:00,0001628280-22-003825,https://www.sec.gov/Archives/edgar/data/1512673/000162828022003825/sq-20211231.htm,51824,4046,data/interim/text/000162828022003825.txt.gz,000162828022003825,2022Q1,2022-02-24 16:19:13-05:00,2022-02-25,2022-02-25,2022-02-25,2022-02-24,94.98999786376952,373,1025
772,XYZ,1512673,"Block, Inc.",7372,Services-Prepackaged Software,10-Q,2022-05-05,2022-03-31,2022-05-05 20:39:28+00:00,0001628280-22-012707,https://www.sec.gov/Archives/edgar/data/1512673/000162828022012707/sq-20220331.htm,38993,3340,data/interim/text/000162828022012707.txt.gz,000162828022012707,2022Q2,2022-05-05 16:39:28-04:00,2022-05-06,2022-05-06,2022-05-06,2022-05-05,95.5500030517578,422,976
773,XYZ,1512673,"Block, Inc.",7372,Services-Prepackaged Software,10-Q,2022-08-04,2022-06-30,2022-08-04 20:23:28+00:00,0001628280-22-021091,https://www.sec.gov/Archives/edgar/data/1512673/000162828022021091/sq-20220630.htm,39020,3313,data/interim/text/000162828022021091.txt.gz,000162828022021091,2022Q3,2022-08-04 16:23:28-04:00,2022-08-05,2022-08-05,2022-08-05,2022-08-04,89.69999694824219,484,914
774,XYZ,1512673,"Block, Inc.",7372,Services-Prepackaged Software,10-Q,2022-11-03,2022-09-30,2022-11-03 20:19:21+00:00,0001628280-22-028213,https://www.sec.gov/Archives/edgar/data/1512673/000162828022028213/sq-20220930.htm,39435,3311,data/interim/text/000162828022028213.txt.gz,000162828022028213,2022Q4,2022-11-03 16:19:21-04:00,2022-11-04,2022-11-04,2022-11-04,2022-11-03,53.90999984741211,548,850
775,XYZ,1512673,"Block, Inc.",7372,Services-Prepackaged Software,10-K,2023-02-23,2022-12-31,2023-02-23 21:23:08+00:00,0001628280-23-004840,https://www.sec.gov/Archives/edgar/data/1512673/000162828023004840/sq-20221231.htm,53191,4030,data/interim/text/000162828023004840.txt.gz,000162828023004840,2023Q1,2023-02-23 16:23:08-05:00,2023-02-24,2023-02-24,2023-02-24,2023-02-23,74.1500015258789,623,775
776,XYZ,1512673,"Block, Inc.",7372,Services-Prepackaged Software,10-Q,2023-05-04,2023-03-31,2023-05-04 20:19:29+00:00,0001628280-23-015762,https://www.sec.gov/Archives/edgar/data/1512673/000162828023015762/sq-20230331.htm,37601,3229,data/interim/text/000162828023015762.txt.gz,000162828023015762,2023Q2,2023-05-04 16:19:29-04:00,2023-05-05,2023-05-05,2023-05-05,2023-05-04,60.43000030517578,672,726
777,XYZ,1512673,"Block, Inc.",7372,Services-Prepackaged Software,10-Q,2023-08-03,2023-06-30,2023-08-03 20:19:57+00:00,0001628280-23-027248,https://www.sec.gov/Archives/edgar/data/1512673/000162828023027248/sq-20230630.htm,36872,3165,data/interim/text/000162828023027248.txt.gz,000162828023027248,2023Q3,2023-08-03 16:19:57-04:00,2023-08-04,2023-08-04,2023-08-04,2023-08-03,73.55000305175781,734,664
778,XYZ,1512673,"Block, Inc.",7372,Services-Prepackaged Software,10-Q,2023-11-02,2023-09-30,2023-11-02 20:16:57+00:00,0001628280-23-036406,https://www.sec.gov/Archives/edgar/data/1512673/000162828023036406/sq-20230930.htm,37305,3172,data/interim/text/000162828023036406.txt.gz,000162828023036406,2023Q4,2023-11-02 16:16:57-04:00,2023-11-03,2023-11-03,2023-11-03,2023-11-02,43.97999954223633,798,600
779,XYZ,1512673,"Block, Inc.",7372,Services-Prepackaged Software,10-K,2024-02-22,2023-12-31,2024-02-22 21:18:13+00:00,0001628280-24-006354,https://www.sec.gov/Archives/edgar/data/1512673/000162828024006354/sq-20231231.htm,51684,4050,data/interim/text/000162828024006354.txt.gz,000162828024006354,2024Q1,2024-02-22 16:18:13-05:00,2024-02-23,2024-02-23,2024-02-23,2024-02-22,67.95999908447266,873,525
780,XYZ,1512673,"Block, Inc.",7372,Services-Prepackaged Software,10-Q,2024-05-02,2024-03-31,2024-05-02 20:21:33+00:00,0001628280-24-020025,https://www.sec.gov/Archives/edgar/data/1512673/000162828024020025/sq-20240331.htm,35636,3110,data/interim/text/000162828024020025.txt.gz,000162828024020025,2024Q2,2024-05-02 16:21:33-04:00,2024-05-03,2024-05-03,2024-05-03,2024-05-02,70.30000305175781,922,476
781,XYZ,1512673,"Block, Inc.",7372,Services-Prepackaged Software,10-Q,2024-08-01,2024-06-30,2024-08-01 20:19:06+00:00,0001628280-24-034157,https://www.sec.gov/Archives/edgar/data/1512673/000162828024034157/sq-20240630.htm,36613,3128,data/interim/text/000162828024034157.txt.gz,000162828024034157,2024Q3,2024-08-01 16:19:06-04:00,2024-08-02,2024-08-02,2024-08-02,2024-08-01,59.900001525878906,984,414
782,XYZ,1512673,"Block, Inc.",7372,Services-Prepackaged Software,10-Q,2024-11-07,2024-09-30,2024-11-07 21:18:12+00:00,0001628280-24-046294,https://www.sec.gov/Archives/edgar/data/1512673/000162828024046294/sq-20240930.htm,37705,3149,data/interim/text/000162828024046294.txt.gz,000162828024046294,2024Q4,2024-11-07 16:18:12-05:00,2024-11-08,2024-11-08,2024-11-08,2024-11-07,75.2699966430664,1053,345
783,XYZ,1512673,"Block, Inc.",7372,Services-Prepackaged Software,10-K,2025-02-24,2024-12-31,2025-02-24 21:17:17+00:00,0001628280-25-007376,https://www.sec.gov/Archives/edgar/data/1512673/000162828025007376/sq-20241231.htm,50884,3970,data/interim/text/000162828025007376.txt.gz,000162828025007376,2025Q1,2025-02-24 16:17:17-05:00,2025-02-25,2025-02-25,2025-02-25,2025-02-24,65.91999816894531,1124,274
784,XYZ,1512673,"Block, Inc.",7372,Services-Prepackaged Software,10-Q,2025-05-01,2025-03-31,2025-05-01 20:16:36+00:00,0001628280-25-021538,https://www.sec.gov/Archives/edgar/data/1512673/000162828025021538/sq-20250331.htm,35470,3043,data/interim/text/000162828025021538.txt.gz,000162828025021538,2025Q2,2025-05-01 16:16:36-04:00,2025-05-02,2025-05-02,2025-05-02,2025-05-01,58.47999954223633,1171,227
785,XYZ,1512673,"Block, Inc.",7372,Services-Prepackaged Software,10-Q,2025-08-07,2025-06-30,2025-08-07 20:26:16+00:00,0001628280-25-038920,https://www.sec.gov/Archives/edgar/data/1512673/000162828025038920/sq-20250630.htm,36202,3058,data/interim/text/000162828025038920.txt.gz,000162828025038920,2025Q3,2025-08-07 16:26:16-04:00,2025-08-08,2025-08-08,2025-08-08,2025-08-07,76.8499984741211,1238,160
786,XYZ,1512673,"Block, Inc.",7372,Services-Prepackaged Software,10-Q,2025-11-06,2025-09-30,2025-11-06 21:31:58+00:00,0001628280-25-050234,https://www.sec.gov/Archives/edgar/data/1512673/000162828025050234/sq-20250930.htm,37152,3088,data/interim/text/000162828025050234.txt.gz,000162828025050234,2025Q4,2025-11-06 16:31:58-05:00,2025-11-07,2025-11-07,2025-11-07,2025-11-06,70.93000030517578,1302,96
787,PSNL,1527753,"Personalis, Inc.",8071,Services-Medical Laboratories,10-K,2021-02-25,2020-12-31,2021-02-25 21:16:06+00:00,0001564590-21-008848,https://www.sec.gov/Archives/edgar/data/1527753/000156459021008848/psnl-10k_20201231.htm,69802,4635,data/interim/text/000156459021008848.txt.gz,000156459021008848,2021Q1,2021-02-25 16:16:06-05:00,2021-02-26,2021-02-26,2021-02-26,2021-02-25,31.68000030517578,121,1277
788,PSNL,1527753,"Personalis, Inc.",8071,Services-Medical Laboratories,10-Q,2021-05-05,2021-03-31,2021-05-05 20:16:37+00:00,0001564590-21-024077,https://www.sec.gov/Archives/edgar/data/1527753/000156459021024077/psnl-10q_20210331.htm,42539,3520,data/interim/text/000156459021024077.txt.gz,000156459021024077,2021Q2,2021-05-05 16:16:37-04:00,2021-05-06,2021-05-06,2021-05-06,2021-05-05,21.040000915527344,169,1229
789,PSNL,1527753,"Personalis, Inc.",8071,Services-Medical Laboratories,10-Q,2021-08-04,2021-06-30,2021-08-04 20:16:40+00:00,0001564590-21-040831,https://www.sec.gov/Archives/edgar/data/1527753/000156459021040831/psnl-10q_20210630.htm,43535,3552,data/interim/text/000156459021040831.txt.gz,000156459021040831,2021Q3,2021-08-04 16:16:40-04:00,2021-08-05,2021-08-05,2021-08-05,2021-08-04,20.229999542236328,232,1166
790,PSNL,1527753,"Personalis, Inc.",8071,Services-Medical Laboratories,10-Q,2021-11-04,2021-09-30,2021-11-04 12:13:17+00:00,0001564590-21-054262,https://www.sec.gov/Archives/edgar/data/1527753/000156459021054262/psnl-10q_20210930.htm,44218,3562,data/interim/text/000156459021054262.txt.gz,000156459021054262,2021Q4,2021-11-04 08:13:17-04:00,2021-11-04,2021-11-04,2021-11-04,2021-11-03,20.040000915527344,296,1102
791,PSNL,1527753,"Personalis, Inc.",8071,Services-Medical Laboratories,10-K,2022-02-24,2021-12-31,2022-02-24 21:21:55+00:00,0001564590-22-006722,https://www.sec.gov/Archives/edgar/data/1527753/000156459022006722/psnl-10k_20211231.htm,68434,4529,data/interim/text/000156459022006722.txt.gz,000156459022006722,2022Q1,2022-02-24 16:21:55-05:00,2022-02-25,2022-02-25,2022-02-25,2022-02-24,10.039999961853027,373,1025
792,PSNL,1527753,"Personalis, Inc.",8071,Services-Medical Laboratories,10-Q,2022-05-04,2022-03-31,2022-05-04 20:14:15+00:00,0001564590-22-017858,https://www.sec.gov/Archives/edgar/data/1527753/000156459022017858/psnl-10q_20220331.htm,48701,3735,data/interim/text/000156459022017858.txt.gz,000156459022017858,2022Q2,2022-05-04 16:14:15-04:00,2022-05-05,2022-05-05,2022-05-05,2022-05-04,5.96999979019165,421,977
793,PSNL,1527753,"Personalis, Inc.",8071,Services-Medical Laboratories,10-Q,2022-08-03,2022-06-30,2022-08-03 20:19:04+00:00,0001564590-22-027773,https://www.sec.gov/Archives/edgar/data/1527753/000156459022027773/psnl-10q_20220630.htm,49590,3776,data/interim/text/000156459022027773.txt.gz,000156459022027773,2022Q3,2022-08-03 16:19:04-04:00,2022-08-04,2022-08-04,2022-08-04,2022-08-03,4.480000019073486,483,915
794,PSNL,1527753,"Personalis, Inc.",8071,Services-Medical Laboratories,10-K,2023-02-23,2022-12-31,2023-02-23 21:26:30+00:00,0000950170-23-004139,https://www.sec.gov/Archives/edgar/data/1527753/000095017023004139/psnl-20221231.htm,65843,4641,data/interim/text/000095017023004139.txt.gz,000095017023004139,2023Q1,2023-02-23 16:26:30-05:00,2023-02-24,2023-02-24,2023-02-24,2023-02-23,3.180000066757202,623,775
795,PSNL,1527753,"Personalis, Inc.",8071,Services-Medical Laboratories,10-Q,2024-11-06,2024-09-30,2024-11-06 21:10:10+00:00,0000950170-24-122290,https://www.sec.gov/Archives/edgar/data/1527753/000095017024122290/psnl-20240930.htm,48090,3803,data/interim/text/000095017024122290.txt.gz,000095017024122290,2024Q4,2024-11-06 16:10:10-05:00,2024-11-07,2024-11-07,2024-11-07,2024-11-06,5.579999923706055,1052,346
796,PSNL,1527753,"Personalis, Inc.",8071,Services-Medical Laboratories,10-K,2025-02-27,2024-12-31,2025-02-27 22:10:59+00:00,0000950170-25-029221,https://www.sec.gov/Archives/edgar/data/1527753/000095017025029221/psnl-20241231.htm,61334,4343,data/interim/text/000095017025029221.txt.gz,000095017025029221,2025Q1,2025-02-27 17:10:59-05:00,2025-02-28,2025-02-28,2025-02-28,2025-02-27,4.239999771118164,1127,271
797,PSNL,1527753,"Personalis, Inc.",8071,Services-Medical Laboratories,10-Q,2025-05-06,2025-03-31,2025-05-06 20:24:12+00:00,0000950170-25-064512,https://www.sec.gov/Archives/edgar/data/1527753/000095017025064512/psnl-20250331.htm,48492,3803,data/interim/text/000095017025064512.txt.gz,000095017025064512,2025Q2,2025-05-06 16:24:12-04:00,2025-05-07,2025-05-07,2025-05-07,2025-05-06,4.0,1174,224
798,PSNL,1527753,"Personalis, Inc.",8071,Services-Medical Laboratories,10-Q,2025-08-05,2025-06-30,2025-08-05 20:05:49+00:00,0000950170-25-102993,https://www.sec.gov/Archives/edgar/data/1527753/000095017025102993/psnl-20250630.htm,49171,3805,data/interim/text/000095017025102993.txt.gz,000095017025102993,2025Q3,2025-08-05 16:05:49-04:00,2025-08-06,2025-08-06,2025-08-06,2025-08-05,5.639999866485596,1236,162
799,PSNL,1527753,"Personalis, Inc.",8071,Services-Medical Laboratories,10-Q,2025-11-04,2025-09-30,2025-11-04 21:13:29+00:00,0001193125-25-264708,https://www.sec.gov/Archives/edgar/data/1527753/000119312525264708/psnl-20250930.htm,49543,3815,data/interim/text/000119312525264708.txt.gz,000119312525264708,2025Q4,2025-11-04 16:13:29-05:00,2025-11-05,2025-11-05,2025-11-05,2025-11-04,8.729999542236328,1300,98
800,CRWD,1535527,"CrowdStrike Holdings, Inc.",7372,Services-Prepackaged Software,10-K,2021-03-18,2021-01-31,2021-03-18 21:02:10+00:00,0001535527-21-000007,https://www.sec.gov/Archives/edgar/data/1535527/000153552721000007/crwd-20210131.htm,57184,4127,data/interim/text/000153552721000007.txt.gz,000153552721000007,2021Q1,2021-03-18 17:02:10-04:00,2021-03-19,2021-03-19,2021-03-19,2021-03-18,47.5525016784668,136,1262
801,CRWD,1535527,"CrowdStrike Holdings, Inc.",7372,Services-Prepackaged Software,10-Q,2021-06-04,2021-04-30,2021-06-04 20:08:40+00:00,0001535527-21-000013,https://www.sec.gov/Archives/edgar/data/1535527/000153552721000013/crwd-20210430.htm,37456,3124,data/interim/text/000153552721000013.txt.gz,000153552721000013,2021Q2,2021-06-04 16:08:40-04:00,2021-06-05,2021-06-05,2021-06-07,2021-06-04,51.73500061035156,190,1208
802,CRWD,1535527,"CrowdStrike Holdings, Inc.",7372,Services-Prepackaged Software,10-Q,2021-09-01,2021-07-31,2021-09-01 21:20:18+00:00,0001535527-21-000022,https://www.sec.gov/Archives/edgar/data/1535527/000153552721000022/crwd-20210731.htm,40412,3213,data/interim/text/000153552721000022.txt.gz,000153552721000022,2021Q3,2021-09-01 17:20:18-04:00,2021-09-02,2021-09-02,2021-09-02,2021-09-01,67.49250030517578,252,1146
803,CRWD,1535527,"CrowdStrike Holdings, Inc.",7372,Services-Prepackaged Software,10-Q,2021-12-02,2021-10-31,2021-12-02 21:10:00+00:00,0001535527-21-000028,https://www.sec.gov/Archives/edgar/data/1535527/000153552721000028/crwd-20211031.htm,38154,3094,data/interim/text/000153552721000028.txt.gz,000153552721000028,2021Q4,2021-12-02 16:10:00-05:00,2021-12-03,2021-12-03,2021-12-03,2021-12-02,52.337501525878906,316,1082
804,CRWD,1535527,"CrowdStrike Holdings, Inc.",7372,Services-Prepackaged Software,10-K,2022-03-16,2022-01-31,2022-03-16 20:08:17+00:00,0001535527-22-000006,https://www.sec.gov/Archives/edgar/data/1535527/000153552722000006/crwd-20220131.htm,49002,3987,data/interim/text/000153552722000006.txt.gz,000153552722000006,2022Q1,2022-03-16 16:08:17-04:00,2022-03-17,2022-03-17,2022-03-17,2022-03-16,47.415000915527344,387,1011
805,CRWD,1535527,"CrowdStrike Holdings, Inc.",7372,Services-Prepackaged Software,10-Q,2022-06-03,2022-04-30,2022-06-03 20:18:00+00:00,0001535527-22-000012,https://www.sec.gov/Archives/edgar/data/1535527/000153552722000012/crwd-20220430.htm,34680,2985,data/interim/text/000153552722000012.txt.gz,000153552722000012,2022Q2,2022-06-03 16:18:00-04:00,2022-06-04,2022-06-04,2022-06-06,2022-06-03,40.525001525878906,442,956
806,CRWD,1535527,"CrowdStrike Holdings, Inc.",7372,Services-Prepackaged Software,10-Q,2022-08-31,2022-07-31,2022-08-31 01:20:53+00:00,0001535527-22-000018,https://www.sec.gov/Archives/edgar/data/1535527/000153552722000018/crwd-20220731.htm,36285,3003,data/interim/text/000153552722000018.txt.gz,000153552722000018,2022Q3,2022-08-30 21:20:53-04:00,2022-08-31,2022-08-31,2022-08-31,2022-08-30,48.32374954223633,502,896
807,CRWD,1535527,"CrowdStrike Holdings, Inc.",7372,Services-Prepackaged Software,10-Q,2022-11-30,2022-10-31,2022-11-30 02:54:57+00:00,0001535527-22-000025,https://www.sec.gov/Archives/edgar/data/1535527/000153552722000025/crwd-20221031.htm,36725,3017,data/interim/text/000153552722000025.txt.gz,000153552722000025,2022Q4,2022-11-29 21:54:57-05:00,2022-11-30,2022-11-30,2022-11-30,2022-11-29,34.5,565,833
808,CRWD,1535527,"CrowdStrike Holdings, Inc.",7372,Services-Prepackaged Software,10-K,2023-03-09,2023-01-31,2023-03-09 00:41:08+00:00,0001535527-23-000008,https://www.sec.gov/Archives/edgar/data/1535527/000153552723000008/crwd-20230131.htm,48791,3980,data/interim/text/000153552723000008.txt.gz,000153552723000008,2023Q1,2023-03-08 19:41:08-05:00,2023-03-09,2023-03-09,2023-03-09,2023-03-08,32.22999954223633,632,766
809,CRWD,1535527,"CrowdStrike Holdings, Inc.",7372,Services-Prepackaged Software,10-Q,2023-06-01,2023-04-30,2023-06-01 01:31:12+00:00,0001535527-23-000014,https://www.sec.gov/Archives/edgar/data/1535527/000153552723000014/crwd-20230430.htm,34545,2970,data/interim/text/000153552723000014.txt.gz,000153552723000014,2023Q2,2023-05-31 21:31:12-04:00,2023-06-01,2023-06-01,2023-06-01,2023-05-31,40.032501220703125,690,708
810,CRWD,1535527,"CrowdStrike Holdings, Inc.",7372,Services-Prepackaged Software,10-Q,2023-08-31,2023-07-31,2023-08-31 01:28:30+00:00,0001535527-23-000020,https://www.sec.gov/Archives/edgar/data/1535527/000153552723000020/crwd-20230731.htm,35944,2975,data/interim/text/000153552723000020.txt.gz,000153552723000020,2023Q3,2023-08-30 21:28:30-04:00,2023-08-31,2023-08-31,2023-08-31,2023-08-30,37.29499816894531,753,645
811,CRWD,1535527,"CrowdStrike Holdings, Inc.",7372,Services-Prepackaged Software,10-Q,2023-11-29,2023-10-31,2023-11-29 02:26:26+00:00,0001535527-23-000026,https://www.sec.gov/Archives/edgar/data/1535527/000153552723000026/crwd-20231031.htm,36251,2990,data/interim/text/000153552723000026.txt.gz,000153552723000026,2023Q4,2023-11-28 21:26:26-05:00,2023-11-29,2023-11-29,2023-11-29,2023-11-28,53.087501525878906,815,583
812,CRWD,1535527,"CrowdStrike Holdings, Inc.",7372,Services-Prepackaged Software,10-K,2024-03-07,2024-01-31,2024-03-07 02:07:39+00:00,0001535527-24-000007,https://www.sec.gov/Archives/edgar/data/1535527/000153552724000007/crwd-20240131.htm,50096,4064,data/interim/text/000153552724000007.txt.gz,000153552724000007,2024Q1,2024-03-06 21:07:39-05:00,2024-03-07,2024-03-07,2024-03-07,2024-03-06,82.39250183105469,882,516
813,CRWD,1535527,"CrowdStrike Holdings, Inc.",7372,Services-Prepackaged Software,10-Q,2024-06-05,2024-04-30,2024-06-05 01:32:23+00:00,0001535527-24-000013,https://www.sec.gov/Archives/edgar/data/1535527/000153552724000013/crwd-20240430.htm,34452,2974,data/interim/text/000153552724000013.txt.gz,000153552724000013,2024Q2,2024-06-04 21:32:23-04:00,2024-06-05,2024-06-05,2024-06-05,2024-06-04,76.3949966430664,944,454
814,CRWD,1535527,"CrowdStrike Holdings, Inc.",7372,Services-Prepackaged Software,10-Q,2024-08-29,2024-07-31,2024-08-29 01:54:31+00:00,0001535527-24-000020,https://www.sec.gov/Archives/edgar/data/1535527/000153552724000020/crwd-20240731.htm,37841,3027,data/interim/text/000153552724000020.txt.gz,000153552724000020,2024Q3,2024-08-28 21:54:31-04:00,2024-08-29,2024-08-29,2024-08-29,2024-08-28,66.05000305175781,1003,395
815,CRWD,1535527,"CrowdStrike Holdings, Inc.",7372,Services-Prepackaged Software,10-Q,2024-11-27,2024-10-31,2024-11-27 02:24:56+00:00,0001535527-24-000026,https://www.sec.gov/Archives/edgar/data/1535527/000153552724000026/crwd-20241031.htm,38457,3069,data/interim/text/000153552724000026.txt.gz,000153552724000026,2024Q4,2024-11-26 21:24:56-05:00,2024-11-27,2024-11-27,2024-11-27,2024-11-26,91.0749969482422,1066,332
816,CRWD,1535527,"CrowdStrike Holdings, Inc.",7372,Services-Prepackaged Software,10-K,2025-03-10,2025-01-31,2025-03-10 12:44:44+00:00,0001535527-25-000009,https://www.sec.gov/Archives/edgar/data/1535527/000153552725000009/crwd-20250131.htm,50882,4038,data/interim/text/000153552725000009.txt.gz,000153552725000009,2025Q1,2025-03-10 08:44:44-04:00,2025-03-10,2025-03-10,2025-03-10,2025-03-07,83.375,1133,265
817,CRWD,1535527,"CrowdStrike Holdings, Inc.",7372,Services-Prepackaged Software,10-Q,2025-06-04,2025-04-30,2025-06-04 01:45:41+00:00,0001535527-25-000019,https://www.sec.gov/Archives/edgar/data/1535527/000153552725000019/crwd-20250430.htm,36969,3046,data/interim/text/000153552725000019.txt.gz,000153552725000019,2025Q2,2025-06-03 21:45:41-04:00,2025-06-04,2025-06-04,2025-06-04,2025-06-03,122.19000244140624,1193,205
818,CRWD,1535527,"CrowdStrike Holdings, Inc.",7372,Services-Prepackaged Software,10-Q,2025-08-28,2025-07-31,2025-08-28 01:43:28+00:00,0001535527-25-000025,https://www.sec.gov/Archives/edgar/data/1535527/000153552725000025/crwd-20250731.htm,39091,3085,data/interim/text/000153552725000025.txt.gz,000153552725000025,2025Q3,2025-08-27 21:43:28-04:00,2025-08-28,2025-08-28,2025-08-28,2025-08-27,105.65249633789062,1252,146
819,CRWD,1535527,"CrowdStrike Holdings, Inc.",7372,Services-Prepackaged Software,10-Q,2025-12-03,2025-10-31,2025-12-03 02:47:01+00:00,0001535527-25-000033,https://www.sec.gov/Archives/edgar/data/1535527/000153552725000033/crwd-20251031.htm,38924,3089,data/interim/text/000153552725000033.txt.gz,000153552725000033,2025Q4,2025-12-02 21:47:01-05:00,2025-12-03,2025-12-03,2025-12-03,2025-12-02,129.1374969482422,1319,79
820,NRIX,1549595,"Nurix Therapeutics, Inc.",2834,Pharmaceutical Preparations,10-K,2021-02-16,2020-11-30,2021-02-16 21:11:19+00:00,0001564590-21-006071,https://www.sec.gov/Archives/edgar/data/1549595/000156459021006071/nrix-10k_20201130.htm,85055,4883,data/interim/text/000156459021006071.txt.gz,000156459021006071,2021Q1,2021-02-16 16:11:19-05:00,2021-02-17,2021-02-17,2021-02-17,2021-02-16,39.93000030517578,114,1284
821,NRIX,1549595,"Nurix Therapeutics, Inc.",2834,Pharmaceutical Preparations,10-Q,2021-04-13,2021-02-28,2021-04-13 20:24:34+00:00,0001564590-21-018713,https://www.sec.gov/Archives/edgar/data/1549595/000156459021018713/nrix-10q_20210228.htm,57480,3739,data/interim/text/000156459021018713.txt.gz,000156459021018713,2021Q2,2021-04-13 16:24:34-04:00,2021-04-14,2021-04-14,2021-04-14,2021-04-13,26.559999465942383,153,1245
822,NRIX,1549595,"Nurix Therapeutics, Inc.",2834,Pharmaceutical Preparations,10-Q,2021-07-13,2021-05-31,2021-07-13 20:18:48+00:00,0001564590-21-036448,https://www.sec.gov/Archives/edgar/data/1549595/000156459021036448/nrix-10q_20210531.htm,58657,3789,data/interim/text/000156459021036448.txt.gz,000156459021036448,2021Q3,2021-07-13 16:18:48-04:00,2021-07-14,2021-07-14,2021-07-14,2021-07-13,23.229999542236328,216,1182
823,NRIX,1549595,"Nurix Therapeutics, Inc.",2834,Pharmaceutical Preparations,10-Q,2021-10-14,2021-08-31,2021-10-14 20:20:02+00:00,0001564590-21-050851,https://www.sec.gov/Archives/edgar/data/1549595/000156459021050851/nrix-10q_20210831.htm,50881,3586,data/interim/text/000156459021050851.txt.gz,000156459021050851,2021Q4,2021-10-14 16:20:02-04:00,2021-10-15,2021-10-15,2021-10-15,2021-10-14,28.5,282,1116
824,NRIX,1549595,"Nurix Therapeutics, Inc.",2834,Pharmaceutical Preparations,10-K,2022-01-28,2021-11-30,2022-01-28 21:11:58+00:00,0001564590-22-003007,https://www.sec.gov/Archives/edgar/data/1549595/000156459022003007/nrix-10k_20211130.htm,81292,4950,data/interim/text/000156459022003007.txt.gz,000156459022003007,2022Q1,2022-01-28 16:11:58-05:00,2022-01-29,2022-01-29,2022-01-31,2022-01-28,17.65999984741211,355,1043
825,NRIX,1549595,"Nurix Therapeutics, Inc.",2834,Pharmaceutical Preparations,10-Q,2022-04-08,2022-02-28,2022-04-08 20:07:42+00:00,0001564590-22-013988,https://www.sec.gov/Archives/edgar/data/1549595/000156459022013988/nrix-10q_20220228.htm,49804,3589,data/interim/text/000156459022013988.txt.gz,000156459022013988,2022Q2,2022-04-08 16:07:42-04:00,2022-04-09,2022-04-09,2022-04-11,2022-04-08,14.81999969482422,404,994
826,NRIX,1549595,"Nurix Therapeutics, Inc.",2834,Pharmaceutical Preparations,10-Q,2022-07-07,2022-05-31,2022-07-07 20:17:14+00:00,0001564590-22-025450,https://www.sec.gov/Archives/edgar/data/1549595/000156459022025450/nrix-10q_20220531.htm,50162,3604,data/interim/text/000156459022025450.txt.gz,000156459022025450,2022Q3,2022-07-07 16:17:14-04:00,2022-07-08,2022-07-08,2022-07-08,2022-07-07,15.470000267028809,464,934
827,NRIX,1549595,"Nurix Therapeutics, Inc.",2834,Pharmaceutical Preparations,10-Q,2022-10-06,2022-08-31,2022-10-06 20:28:07+00:00,0001564590-22-033709,https://www.sec.gov/Archives/edgar/data/1549595/000156459022033709/nrix-10q_20220831.htm,51588,3651,data/interim/text/000156459022033709.txt.gz,000156459022033709,2022Q4,2022-10-06 16:28:07-04:00,2022-10-07,2022-10-07,2022-10-07,2022-10-06,11.81999969482422,528,870
828,NRIX,1549595,"Nurix Therapeutics, Inc.",2834,Pharmaceutical Preparations,10-K,2023-02-09,2022-11-30,2023-02-09 21:19:57+00:00,0001549595-23-000021,https://www.sec.gov/Archives/edgar/data/1549595/000154959523000021/nrix-20221130.htm,83701,5045,data/interim/text/000154959523000021.txt.gz,000154959523000021,2023Q1,2023-02-09 16:19:57-05:00,2023-02-10,2023-02-10,2023-02-10,2023-02-09,11.229999542236328,614,784
829,NRIX,1549595,"Nurix Therapeutics, Inc.",2834,Pharmaceutical Preparations,10-Q,2023-04-13,2023-02-28,2023-04-13 20:04:29+00:00,0001549595-23-000032,https://www.sec.gov/Archives/edgar/data/1549595/000154959523000032/nrix-20230228.htm,51495,3695,data/interim/text/000154959523000032.txt.gz,000154959523000032,2023Q2,2023-04-13 16:04:29-04:00,2023-04-14,2023-04-14,2023-04-14,2023-04-13,10.130000114440918,657,741
830,NRIX,1549595,"Nurix Therapeutics, Inc.",2834,Pharmaceutical Preparations,10-Q,2023-07-13,2023-05-31,2023-07-13 20:19:55+00:00,0001549595-23-000040,https://www.sec.gov/Archives/edgar/data/1549595/000154959523000040/nrix-20230531.htm,50951,3642,data/interim/text/000154959523000040.txt.gz,000154959523000040,2023Q3,2023-07-13 16:19:55-04:00,2023-07-14,2023-07-14,2023-07-14,2023-07-13,10.079999923706056,719,679
831,NRIX,1549595,"Nurix Therapeutics, Inc.",2834,Pharmaceutical Preparations,10-Q,2023-10-12,2023-08-31,2023-10-12 20:06:47+00:00,0001549595-23-000048,https://www.sec.gov/Archives/edgar/data/1549595/000154959523000048/nrix-20230831.htm,51152,3635,data/interim/text/000154959523000048.txt.gz,000154959523000048,2023Q4,2023-10-12 16:06:47-04:00,2023-10-13,2023-10-13,2023-10-13,2023-10-12,6.230000019073486,783,615
832,NRIX,1549595,"Nurix Therapeutics, Inc.",2834,Pharmaceutical Preparations,10-K,2024-02-15,2023-11-30,2024-02-15 21:04:30+00:00,0001549595-24-000025,https://www.sec.gov/Archives/edgar/data/1549595/000154959524000025/nrix-20231130.htm,85295,5058,data/interim/text/000154959524000025.txt.gz,000154959524000025,2024Q1,2024-02-15 16:04:30-05:00,2024-02-16,2024-02-16,2024-02-16,2024-02-15,9.850000381469728,869,529
833,NRIX,1549595,"Nurix Therapeutics, Inc.",2834,Pharmaceutical Preparations,10-Q,2024-04-10,2024-02-29,2024-04-10 11:06:08+00:00,0001549595-24-000049,https://www.sec.gov/Archives/edgar/data/1549595/000154959524000049/nrix-20240229.htm,54532,3737,data/interim/text/000154959524000049.txt.gz,000154959524000049,2024Q2,2024-04-10 07:06:08-04:00,2024-04-10,2024-04-10,2024-04-10,2024-04-09,17.479999542236328,905,493
834,NRIX,1549595,"Nurix Therapeutics, Inc.",2834,Pharmaceutical Preparations,10-Q,2024-07-11,2024-05-31,2024-07-11 20:07:20+00:00,0001549595-24-000098,https://www.sec.gov/Archives/edgar/data/1549595/000154959524000098/nrix-20240531.htm,55820,3741,data/interim/text/000154959524000098.txt.gz,000154959524000098,2024Q3,2024-07-11 16:07:20-04:00,2024-07-12,2024-07-12,2024-07-12,2024-07-11,22.030000686645508,969,429
835,NRIX,1549595,"Nurix Therapeutics, Inc.",2834,Pharmaceutical Preparations,10-Q,2024-10-11,2024-08-31,2024-10-11 20:05:50+00:00,0001549595-24-000131,https://www.sec.gov/Archives/edgar/data/1549595/000154959524000131/nrix-20240831.htm,56265,3752,data/interim/text/000154959524000131.txt.gz,000154959524000131,2024Q4,2024-10-11 16:05:50-04:00,2024-10-12,2024-10-12,2024-10-14,2024-10-11,23.6299991607666,1034,364
836,NRIX,1549595,"Nurix Therapeutics, Inc.",2834,Pharmaceutical Preparations,10-K,2025-01-28,2024-11-30,2025-01-28 21:15:22+00:00,0001549595-25-000016,https://www.sec.gov/Archives/edgar/data/1549595/000154959525000016/nrix-20241130.htm,90399,5355,data/interim/text/000154959525000016.txt.gz,000154959525000016,2025Q1,2025-01-28 16:15:22-05:00,2025-01-29,2025-01-29,2025-01-29,2025-01-28,19.559999465942383,1106,292
837,NRIX,1549595,"Nurix Therapeutics, Inc.",2834,Pharmaceutical Preparations,10-Q,2025-04-08,2025-02-28,2025-04-08 20:06:50+00:00,0001549595-25-000055,https://www.sec.gov/Archives/edgar/data/1549595/000154959525000055/nrix-20250228.htm,57612,3819,data/interim/text/000154959525000055.txt.gz,000154959525000055,2025Q2,2025-04-08 16:06:50-04:00,2025-04-09,2025-04-09,2025-04-09,2025-04-08,9.260000228881836,1155,243
838,NRIX,1549595,"Nurix Therapeutics, Inc.",2834,Pharmaceutical Preparations,10-Q,2025-07-09,2025-05-31,2025-07-09 20:03:49+00:00,0001549595-25-000095,https://www.sec.gov/Archives/edgar/data/1549595/000154959525000095/nrix-20250531.htm,58629,3839,data/interim/text/000154959525000095.txt.gz,000154959525000095,2025Q3,2025-07-09 16:03:49-04:00,2025-07-10,2025-07-10,2025-07-10,2025-07-09,13.18000030517578,1217,181
839,NRIX,1549595,"Nurix Therapeutics, Inc.",2834,Pharmaceutical Preparations,10-Q,2025-10-09,2025-08-31,2025-10-09 20:04:18+00:00,0001549595-25-000113,https://www.sec.gov/Archives/edgar/data/1549595/000154959525000113/nrix-20250831.htm,58546,3839,data/interim/text/000154959525000113.txt.gz,000154959525000113,2025Q4,2025-10-09 16:04:18-04:00,2025-10-10,2025-10-10,2025-10-10,2025-10-09,10.859999656677246,1282,116
840,MASS,1555279,908 Devices Inc.,3826,Laboratory Analytical Instruments,10-K,2021-03-31,2020-12-31,2021-03-31 13:00:19+00:00,0001104659-21-044397,https://www.sec.gov/Archives/edgar/data/1555279/000110465921044397/tm2110439d1_10k.htm,65405,4593,data/interim/text/000110465921044397.txt.gz,000110465921044397,2021Q1,2021-03-31 09:00:19-04:00,2021-03-31,2021-03-31,2021-03-31,2021-03-30,44.86000061035156,68,1254
841,MASS,1555279,908 Devices Inc.,3826,Laboratory Analytical Instruments,10-Q,2021-05-13,2021-03-31,2021-05-13 13:16:11+00:00,0001104659-21-065579,https://www.sec.gov/Archives/edgar/data/1555279/000110465921065579/mass-20210331x10q.htm,9395,1457,data/interim/text/000110465921065579.txt.gz,000110465921065579,2021Q2,2021-05-13 09:16:11-04:00,2021-05-13,2021-05-13,2021-05-13,2021-05-12,44.0099983215332,98,1224
842,MASS,1555279,908 Devices Inc.,3826,Laboratory Analytical Instruments,10-Q,2021-08-04,2021-06-30,2021-08-04 13:16:30+00:00,0001104659-21-099830,https://www.sec.gov/Archives/edgar/data/1555279/000110465921099830/mass-20210630x10q.htm,10546,1489,data/interim/text/000110465921099830.txt.gz,000110465921099830,2021Q3,2021-08-04 09:16:30-04:00,2021-08-04,2021-08-04,2021-08-04,2021-08-03,31.0,155,1167
843,MASS,1555279,908 Devices Inc.,3826,Laboratory Analytical Instruments,10-Q,2021-11-04,2021-09-30,2021-11-04 13:15:49+00:00,0001558370-21-014475,https://www.sec.gov/Archives/edgar/data/1555279/000155837021014475/mass-20210930x10q.htm,36844,3136,data/interim/text/000155837021014475.txt.gz,000155837021014475,2021Q4,2021-11-04 09:15:49-04:00,2021-11-04,2021-11-04,2021-11-04,2021-11-03,33.08000183105469,220,1102
844,MASS,1555279,908 Devices Inc.,3826,Laboratory Analytical Instruments,10-K,2022-03-11,2021-12-31,2022-03-11 13:30:49+00:00,0001558370-22-003363,https://www.sec.gov/Archives/edgar/data/1555279/000155837022003363/mass-20211231x10k.htm,54514,4426,data/interim/text/000155837022003363.txt.gz,000155837022003363,2022Q1,2022-03-11 08:30:49-05:00,2022-03-11,2022-03-11,2022-03-11,2022-03-10,18.88999938964844,307,1015
845,MASS,1555279,908 Devices Inc.,3826,Laboratory Analytical Instruments,10-Q,2022-05-10,2022-03-31,2022-05-10 12:30:34+00:00,0001558370-22-007984,https://www.sec.gov/Archives/edgar/data/1555279/000155837022007984/mass-20220331x10q.htm,9171,1454,data/interim/text/000155837022007984.txt.gz,000155837022007984,2022Q2,2022-05-10 08:30:34-04:00,2022-05-10,2022-05-10,2022-05-10,2022-05-09,15.489999771118164,348,974
846,MASS,1555279,908 Devices Inc.,3826,Laboratory Analytical Instruments,10-Q,2022-08-09,2022-06-30,2022-08-09 11:26:23+00:00,0001558370-22-012746,https://www.sec.gov/Archives/edgar/data/1555279/000155837022012746/mass-20220630x10q.htm,10140,1473,data/interim/text/000155837022012746.txt.gz,000155837022012746,2022Q3,2022-08-09 07:26:23-04:00,2022-08-09,2022-08-09,2022-08-09,2022-08-08,21.40999984741211,410,912
847,MASS,1555279,908 Devices Inc.,3826,Laboratory Analytical Instruments,10-Q,2022-11-14,2022-09-30,2022-11-14 14:16:07+00:00,0001558370-22-017620,https://www.sec.gov/Archives/edgar/data/1555279/000155837022017620/mass-20220930x10q.htm,13220,1774,data/interim/text/000155837022017620.txt.gz,000155837022017620,2022Q4,2022-11-14 09:16:07-05:00,2022-11-14,2022-11-14,2022-11-14,2022-11-11,16.010000228881836,478,844
848,MASS,1555279,908 Devices Inc.,3826,Laboratory Analytical Instruments,10-K,2023-03-15,2022-12-31,2023-03-15 20:31:02+00:00,0001558370-23-003887,https://www.sec.gov/Archives/edgar/data/1555279/000155837023003887/mass-20221231x10k.htm,55526,4520,data/interim/text/000155837023003887.txt.gz,000155837023003887,2023Q1,2023-03-15 16:31:02-04:00,2023-03-16,2023-03-16,2023-03-16,2023-03-15,8.9399995803833,561,761
849,MASS,1555279,908 Devices Inc.,3826,Laboratory Analytical Instruments,10-Q,2023-05-09,2023-03-31,2023-05-09 12:45:41+00:00,0001558370-23-008690,https://www.sec.gov/Archives/edgar/data/1555279/000155837023008690/mass-20230331x10q.htm,9921,1530,data/interim/text/000155837023008690.txt.gz,000155837023008690,2023Q2,2023-05-09 08:45:41-04:00,2023-05-09,2023-05-09,2023-05-09,2023-05-08,7.139999866485596,598,724
850,MASS,1555279,908 Devices Inc.,3826,Laboratory Analytical Instruments,10-Q,2023-08-08,2023-06-30,2023-08-08 13:15:47+00:00,0001558370-23-013779,https://www.sec.gov/Archives/edgar/data/1555279/000155837023013779/mass-20230630x10q.htm,11490,1567,data/interim/text/000155837023013779.txt.gz,000155837023013779,2023Q3,2023-08-08 09:15:47-04:00,2023-08-08,2023-08-08,2023-08-08,2023-08-07,6.269999980926514,660,662
851,MASS,1555279,908 Devices Inc.,3826,Laboratory Analytical Instruments,10-Q,2023-11-07,2023-09-30,2023-11-07 13:46:06+00:00,0001558370-23-017879,https://www.sec.gov/Archives/edgar/data/1555279/000155837023017879/mass-20230930x10q.htm,11583,1592,data/interim/text/000155837023017879.txt.gz,000155837023017879,2023Q4,2023-11-07 08:46:06-05:00,2023-11-07,2023-11-07,2023-11-07,2023-11-06,5.909999847412109,724,598
852,MASS,1555279,908 Devices Inc.,3826,Laboratory Analytical Instruments,10-K,2024-03-08,2023-12-31,2024-03-08 21:15:45+00:00,0001558370-24-002818,https://www.sec.gov/Archives/edgar/data/1555279/000155837024002818/mass-20231231x10k.htm,55637,4480,data/interim/text/000155837024002818.txt.gz,000155837024002818,2024Q1,2024-03-08 16:15:45-05:00,2024-03-09,2024-03-09,2024-03-11,2024-03-08,6.860000133514404,808,514
853,MASS,1555279,908 Devices Inc.,3826,Laboratory Analytical Instruments,10-Q,2024-05-03,2024-03-31,2024-05-03 12:45:43+00:00,0001558370-24-006601,https://www.sec.gov/Archives/edgar/data/1555279/000155837024006601/mass-20240331x10q.htm,9522,1492,data/interim/text/000155837024006601.txt.gz,000155837024006601,2024Q2,2024-05-03 08:45:43-04:00,2024-05-03,2024-05-03,2024-05-03,2024-05-02,5.670000076293945,846,476
854,MASS,1555279,908 Devices Inc.,3826,Laboratory Analytical Instruments,10-Q,2024-08-06,2024-06-30,2024-08-06 13:15:36+00:00,0001558370-24-010969,https://www.sec.gov/Archives/edgar/data/1555279/000155837024010969/mass-20240630x10q.htm,11351,1572,data/interim/text/000155837024010969.txt.gz,000155837024010969,2024Q3,2024-08-06 09:15:36-04:00,2024-08-06,2024-08-06,2024-08-06,2024-08-05,4.630000114440918,910,412
855,MASS,1555279,908 Devices Inc.,3826,Laboratory Analytical Instruments,10-Q,2024-11-12,2024-09-30,2024-11-12 14:10:41+00:00,0001558370-24-015175,https://www.sec.gov/Archives/edgar/data/1555279/000155837024015175/mass-20240930x10q.htm,11680,1596,data/interim/text/000155837024015175.txt.gz,000155837024015175,2024Q4,2024-11-12 09:10:41-05:00,2024-11-12,2024-11-12,2024-11-12,2024-11-11,3.619999885559082,979,343
856,MASS,1555279,908 Devices Inc.,3826,Laboratory Analytical Instruments,10-K,2025-03-07,2024-12-31,2025-03-07 13:30:54+00:00,0001558370-25-002459,https://www.sec.gov/Archives/edgar/data/1555279/000155837025002459/mass-20241231x10k.htm,54571,4425,data/interim/text/000155837025002459.txt.gz,000155837025002459,2025Q1,2025-03-07 08:30:54-05:00,2025-03-07,2025-03-07,2025-03-07,2025-03-06,3.009999990463257,1056,266
857,MASS,1555279,908 Devices Inc.,3826,Laboratory Analytical Instruments,10-Q,2025-05-13,2025-03-31,2025-05-13 12:45:57+00:00,0001558370-25-007502,https://www.sec.gov/Archives/edgar/data/1555279/000155837025007502/mass-20250331x10q.htm,9601,1489,data/interim/text/000155837025007502.txt.gz,000155837025007502,2025Q2,2025-05-13 08:45:57-04:00,2025-05-13,2025-05-13,2025-05-13,2025-05-12,5.730000019073486,1102,220
858,MASS,1555279,908 Devices Inc.,3826,Laboratory Analytical Instruments,10-Q,2025-08-05,2025-06-30,2025-08-05 12:45:33+00:00,0001558370-25-010189,https://www.sec.gov/Archives/edgar/data/1555279/000155837025010189/mass-20250630x10q.htm,10609,1515,data/interim/text/000155837025010189.txt.gz,000155837025010189,2025Q3,2025-08-05 08:45:33-04:00,2025-08-05,2025-08-05,2025-08-05,2025-08-04,6.519999980926514,1159,163
859,MASS,1555279,908 Devices Inc.,3826,Laboratory Analytical Instruments,10-Q,2025-11-10,2025-09-30,2025-11-10 14:01:06+00:00,0001104659-25-108875,https://www.sec.gov/Archives/edgar/data/1555279/000110465925108875/mass-20250930x10q.htm,11018,1542,data/interim/text/000110465925108875.txt.gz,000110465925108875,2025Q4,2025-11-10 09:01:06-05:00,2025-11-10,2025-11-10,2025-11-10,2025-11-07,7.380000114440918,1227,95
861,ABNB,1559720,"Airbnb, Inc.",7340,Services-To Dwellings & Other Buildings,10-Q,2021-05-14,2021-03-31,2021-05-14 21:18:14+00:00,0001628280-21-010389,https://www.sec.gov/Archives/edgar/data/1559720/000162828021010389/abnb-20210331.htm,17257,1946,data/interim/text/000162828021010389.txt.gz,000162828021010389,2021Q2,2021-05-14 17:18:14-04:00,2021-05-15,2021-05-15,2021-05-17,2021-05-14,141.1999969482422,106,1222
862,ABNB,1559720,"Airbnb, Inc.",7340,Services-To Dwellings & Other Buildings,10-Q,2021-08-13,2021-06-30,2021-08-13 20:05:47+00:00,0001628280-21-016979,https://www.sec.gov/Archives/edgar/data/1559720/000162828021016979/abnb-20210630.htm,16752,1884,data/interim/text/000162828021016979.txt.gz,000162828021016979,2021Q3,2021-08-13 16:05:47-04:00,2021-08-14,2021-08-14,2021-08-16,2021-08-13,152.75999450683594,169,1159
863,ABNB,1559720,"Airbnb, Inc.",7340,Services-To Dwellings & Other Buildings,10-Q,2021-11-05,2021-09-30,2021-11-05 20:32:10+00:00,0001559720-21-000017,https://www.sec.gov/Archives/edgar/data/1559720/000155972021000017/abnb-20210930.htm,16373,1881,data/interim/text/000155972021000017.txt.gz,000155972021000017,2021Q4,2021-11-05 16:32:10-04:00,2021-11-06,2021-11-06,2021-11-08,2021-11-05,201.6199951171875,228,1100
864,ABNB,1559720,"Airbnb, Inc.",7340,Services-To Dwellings & Other Buildings,10-K,2022-02-25,2021-12-31,2022-02-25 21:09:12+00:00,0001559720-22-000006,https://www.sec.gov/Archives/edgar/data/1559720/000155972022000006/abnb-20211231.htm,71953,4595,data/interim/text/000155972022000006.txt.gz,000155972022000006,2022Q1,2022-02-25 16:09:12-05:00,2022-02-26,2022-02-26,2022-02-28,2022-02-25,155.08999633789062,304,1024
865,ABNB,1559720,"Airbnb, Inc.",7340,Services-To Dwellings & Other Buildings,10-Q,2022-05-09,2022-03-31,2022-05-09 20:48:00+00:00,0001559720-22-000009,https://www.sec.gov/Archives/edgar/data/1559720/000155972022000009/abnb-20220331.htm,12531,1718,data/interim/text/000155972022000009.txt.gz,000155972022000009,2022Q2,2022-05-09 16:48:00-04:00,2022-05-10,2022-05-10,2022-05-10,2022-05-09,119.37000274658205,354,974
866,ABNB,1559720,"Airbnb, Inc.",7340,Services-To Dwellings & Other Buildings,10-Q,2022-08-03,2022-06-30,2022-08-03 20:06:00+00:00,0001559720-22-000012,https://www.sec.gov/Archives/edgar/data/1559720/000155972022000012/abnb-20220630.htm,15128,1831,data/interim/text/000155972022000012.txt.gz,000155972022000012,2022Q3,2022-08-03 16:06:00-04:00,2022-08-04,2022-08-04,2022-08-04,2022-08-03,115.0199966430664,413,915
867,ABNB,1559720,"Airbnb, Inc.",7340,Services-To Dwellings & Other Buildings,10-Q,2022-11-03,2022-09-30,2022-11-02 21:33:55+00:00,0001559720-22-000019,https://www.sec.gov/Archives/edgar/data/1559720/000155972022000019/abnb-20220930.htm,14273,1768,data/interim/text/000155972022000019.txt.gz,000155972022000019,2022Q4,2022-11-02 17:33:55-04:00,2022-11-03,2022-11-03,2022-11-03,2022-11-02,94.41000366210938,477,851
868,ABNB,1559720,"Airbnb, Inc.",7340,Services-To Dwellings & Other Buildings,10-K,2023-02-17,2022-12-31,2023-02-17 21:07:04+00:00,0001559720-23-000003,https://www.sec.gov/Archives/edgar/data/1559720/000155972023000003/abnb-20221231.htm,66841,4371,data/interim/text/000155972023000003.txt.gz,000155972023000003,2023Q1,2023-02-17 16:07:04-05:00,2023-02-18,2023-02-18,2023-02-21,2023-02-17,131.60000610351562,550,778
869,ABNB,1559720,"Airbnb, Inc.",7340,Services-To Dwellings & Other Buildings,10-Q,2023-05-09,2023-03-31,2023-05-09 20:41:30+00:00,0001559720-23-000010,https://www.sec.gov/Archives/edgar/data/1559720/000155972023000010/abnb-20230331.htm,9168,1367,data/interim/text/000155972023000010.txt.gz,000155972023000010,2023Q2,2023-05-09 16:41:30-04:00,2023-05-10,2023-05-10,2023-05-10,2023-05-09,127.06999969482422,605,723
870,ABNB,1559720,"Airbnb, Inc.",7340,Services-To Dwellings & Other Buildings,10-Q,2023-08-03,2023-06-30,2023-08-03 20:05:04+00:00,0001559720-23-000015,https://www.sec.gov/Archives/edgar/data/1559720/000155972023000015/abnb-20230630.htm,10118,1380,data/interim/text/000155972023000015.txt.gz,000155972023000015,2023Q3,2023-08-03 16:05:04-04:00,2023-08-04,2023-08-04,2023-08-04,2023-08-03,140.8800048828125,664,664
871,ABNB,1559720,"Airbnb, Inc.",7340,Services-To Dwellings & Other Buildings,10-Q,2023-11-01,2023-09-30,2023-11-01 20:07:52+00:00,0001559720-23-000020,https://www.sec.gov/Archives/edgar/data/1559720/000155972023000020/abnb-20230930.htm,10667,1421,data/interim/text/000155972023000020.txt.gz,000155972023000020,2023Q4,2023-11-01 16:07:52-04:00,2023-11-02,2023-11-02,2023-11-02,2023-11-01,119.47000122070312,727,601
872,ABNB,1559720,"Airbnb, Inc.",7340,Services-To Dwellings & Other Buildings,10-K,2024-02-16,2023-12-31,2024-02-16 21:02:16+00:00,0001559720-24-000006,https://www.sec.gov/Archives/edgar/data/1559720/000155972024000006/abnb-20231231.htm,65624,4341,data/interim/text/000155972024000006.txt.gz,000155972024000006,2024Q1,2024-02-16 16:02:16-05:00,2024-02-17,2024-02-17,2024-02-20,2024-02-16,152.50999450683594,800,528
873,ABNB,1559720,"Airbnb, Inc.",7340,Services-To Dwellings & Other Buildings,10-Q,2024-05-08,2024-03-31,2024-05-08 20:16:11+00:00,0001559720-24-000017,https://www.sec.gov/Archives/edgar/data/1559720/000155972024000017/abnb-20240331.htm,8036,1273,data/interim/text/000155972024000017.txt.gz,000155972024000017,2024Q2,2024-05-08 16:16:11-04:00,2024-05-09,2024-05-09,2024-05-09,2024-05-08,157.89999389648438,856,472
874,ABNB,1559720,"Airbnb, Inc.",7340,Services-To Dwellings & Other Buildings,10-Q,2024-08-06,2024-06-30,2024-08-06 20:03:41+00:00,0001559720-24-000024,https://www.sec.gov/Archives/edgar/data/1559720/000155972024000024/abnb-20240630.htm,8692,1286,data/interim/text/000155972024000024.txt.gz,000155972024000024,2024Q3,2024-08-06 16:03:41-04:00,2024-08-07,2024-08-07,2024-08-07,2024-08-06,130.47000122070312,917,411
875,ABNB,1559720,"Airbnb, Inc.",7340,Services-To Dwellings & Other Buildings,10-Q,2024-11-07,2024-09-30,2024-11-07 21:08:29+00:00,0001559720-24-000032,https://www.sec.gov/Archives/edgar/data/1559720/000155972024000032/abnb-20240930.htm,9009,1291,data/interim/text/000155972024000032.txt.gz,000155972024000032,2024Q4,2024-11-07 16:08:29-05:00,2024-11-08,2024-11-08,2024-11-08,2024-11-07,147.3699951171875,983,345
876,ABNB,1559720,"Airbnb, Inc.",7340,Services-To Dwellings & Other Buildings,10-K,2025-02-13,2024-12-31,2025-02-13 21:04:28+00:00,0001559720-25-000010,https://www.sec.gov/Archives/edgar/data/1559720/000155972025000010/abnb-20241231.htm,42175,3590,data/interim/text/000155972025000010.txt.gz,000155972025000010,2025Q1,2025-02-13 16:04:28-05:00,2025-02-14,2025-02-14,2025-02-14,2025-02-13,141.0399932861328,1048,280
877,ABNB,1559720,"Airbnb, Inc.",7340,Services-To Dwellings & Other Buildings,10-Q,2025-05-01,2025-03-31,2025-05-01 20:02:22+00:00,0001559720-25-000017,https://www.sec.gov/Archives/edgar/data/1559720/000155972025000017/abnb-20250331.htm,8521,1294,data/interim/text/000155972025000017.txt.gz,000155972025000017,2025Q2,2025-05-01 16:02:22-04:00,2025-05-02,2025-05-02,2025-05-02,2025-05-01,124.01000213623048,1101,227
878,ABNB,1559720,"Airbnb, Inc.",7340,Services-To Dwellings & Other Buildings,10-Q,2025-08-06,2025-06-30,2025-08-06 20:09:27+00:00,0001559720-25-000025,https://www.sec.gov/Archives/edgar/data/1559720/000155972025000025/abnb-20250630.htm,9252,1339,data/interim/text/000155972025000025.txt.gz,000155972025000025,2025Q3,2025-08-06 16:09:27-04:00,2025-08-07,2025-08-07,2025-08-07,2025-08-06,130.5,1167,161
879,ABNB,1559720,"Airbnb, Inc.",7340,Services-To Dwellings & Other Buildings,10-Q,2025-11-06,2025-09-30,2025-11-06 21:02:39+00:00,0001559720-25-000030,https://www.sec.gov/Archives/edgar/data/1559720/000155972025000030/abnb-20250930.htm,9379,1345,data/interim/text/000155972025000030.txt.gz,000155972025000030,2025Q4,2025-11-06 16:02:39-05:00,2025-11-07,2025-11-07,2025-11-07,2025-11-06,120.52999877929688,1232,96
880,DDOG,1561550,"Datadog, Inc.",7372,Services-Prepackaged Software,10-K,2021-03-01,2020-12-31,2021-03-01 19:25:23+00:00,0001564590-21-009770,https://www.sec.gov/Archives/edgar/data/1561550/000156459021009770/ddog-10k_20201231.htm,53827,3809,data/interim/text/000156459021009770.txt.gz,000156459021009770,2021Q1,2021-03-01 14:25:23-05:00,2021-03-01,2021-03-01,2021-03-01,2021-02-26,95.41000366210938,122,1276
881,DDOG,1561550,"Datadog, Inc.",7372,Services-Prepackaged Software,10-Q,2021-05-07,2021-03-31,2021-05-07 19:58:29+00:00,0001561550-21-000007,https://www.sec.gov/Archives/edgar/data/1561550/000156155021000007/ddog-20210331.htm,30667,2864,data/interim/text/000156155021000007.txt.gz,000156155021000007,2021Q2,2021-05-07 15:58:29-04:00,2021-05-07,2021-05-07,2021-05-07,2021-05-06,71.36000061035156,170,1228
882,DDOG,1561550,"Datadog, Inc.",7372,Services-Prepackaged Software,10-Q,2021-08-06,2021-06-30,2021-08-06 16:46:11+00:00,0001561550-21-000018,https://www.sec.gov/Archives/edgar/data/1561550/000156155021000018/ddog-20210630.htm,31465,2854,data/interim/text/000156155021000018.txt.gz,000156155021000018,2021Q3,2021-08-06 12:46:11-04:00,2021-08-06,2021-08-06,2021-08-06,2021-08-05,132.47000122070312,233,1165
883,DDOG,1561550,"Datadog, Inc.",7372,Services-Prepackaged Software,10-Q,2021-11-05,2021-09-30,2021-11-05 12:29:53+00:00,0001561550-21-000026,https://www.sec.gov/Archives/edgar/data/1561550/000156155021000026/ddog-20210930.htm,31242,2852,data/interim/text/000156155021000026.txt.gz,000156155021000026,2021Q4,2021-11-05 08:29:53-04:00,2021-11-05,2021-11-05,2021-11-05,2021-11-04,166.9499969482422,297,1101
884,DDOG,1561550,"Datadog, Inc.",7372,Services-Prepackaged Software,10-K,2022-02-25,2021-12-31,2022-02-25 21:36:34+00:00,0001561550-22-000009,https://www.sec.gov/Archives/edgar/data/1561550/000156155022000009/ddog-20211231.htm,39881,3494,data/interim/text/000156155022000009.txt.gz,000156155022000009,2022Q1,2022-02-25 16:36:34-05:00,2022-02-26,2022-02-26,2022-02-28,2022-02-25,161.41000366210938,374,1024
885,DDOG,1561550,"Datadog, Inc.",7372,Services-Prepackaged Software,10-Q,2022-05-06,2022-03-31,2022-05-06 12:20:07+00:00,0001561550-22-000026,https://www.sec.gov/Archives/edgar/data/1561550/000156155022000026/ddog-20220331.htm,29250,2800,data/interim/text/000156155022000026.txt.gz,000156155022000026,2022Q2,2022-05-06 08:20:07-04:00,2022-05-06,2022-05-06,2022-05-06,2022-05-05,111.87000274658205,422,976
886,DDOG,1561550,"Datadog, Inc.",7372,Services-Prepackaged Software,10-Q,2022-08-08,2022-06-30,2022-08-08 21:24:05+00:00,0001561550-22-000038,https://www.sec.gov/Archives/edgar/data/1561550/000156155022000038/ddog-20220630.htm,30219,2822,data/interim/text/000156155022000038.txt.gz,000156155022000038,2022Q3,2022-08-08 17:24:05-04:00,2022-08-09,2022-08-09,2022-08-09,2022-08-08,112.9800033569336,486,912
887,DDOG,1561550,"Datadog, Inc.",7372,Services-Prepackaged Software,10-Q,2022-11-04,2022-09-30,2022-11-04 12:58:49+00:00,0001561550-22-000045,https://www.sec.gov/Archives/edgar/data/1561550/000156155022000045/ddog-20220930.htm,30127,2808,data/interim/text/000156155022000045.txt.gz,000156155022000045,2022Q4,2022-11-04 08:58:49-04:00,2022-11-04,2022-11-04,2022-11-04,2022-11-03,75.01000213623047,548,850
888,DDOG,1561550,"Datadog, Inc.",7372,Services-Prepackaged Software,10-K,2023-02-24,2022-12-31,2023-02-24 21:11:43+00:00,0001561550-23-000006,https://www.sec.gov/Archives/edgar/data/1561550/000156155023000006/ddog-20221231.htm,38997,3478,data/interim/text/000156155023000006.txt.gz,000156155023000006,2023Q1,2023-02-24 16:11:43-05:00,2023-02-25,2023-02-25,2023-02-27,2023-02-24,76.66999816894531,624,774
889,DDOG,1561550,"Datadog, Inc.",7372,Services-Prepackaged Software,10-Q,2023-05-05,2023-03-31,2023-05-05 13:07:00+00:00,0001561550-23-000023,https://www.sec.gov/Archives/edgar/data/1561550/000156155023000023/ddog-20230331.htm,29373,2806,data/interim/text/000156155023000023.txt.gz,000156155023000023,2023Q2,2023-05-05 09:07:00-04:00,2023-05-05,2023-05-05,2023-05-05,2023-05-04,75.4000015258789,672,726
890,DDOG,1561550,"Datadog, Inc.",7372,Services-Prepackaged Software,10-Q,2023-08-09,2023-06-30,2023-08-09 10:48:21+00:00,0001561550-23-000039,https://www.sec.gov/Archives/edgar/data/1561550/000156155023000039/ddog-20230630.htm,29858,2840,data/interim/text/000156155023000039.txt.gz,000156155023000039,2023Q3,2023-08-09 06:48:21-04:00,2023-08-09,2023-08-09,2023-08-09,2023-08-08,88.04000091552734,737,661
891,DDOG,1561550,"Datadog, Inc.",7372,Services-Prepackaged Software,10-Q,2023-11-07,2023-09-30,2023-11-07 21:25:47+00:00,0001561550-23-000055,https://www.sec.gov/Archives/edgar/data/1561550/000156155023000055/ddog-20230930.htm,29408,2792,data/interim/text/000156155023000055.txt.gz,000156155023000055,2023Q4,2023-11-07 16:25:47-05:00,2023-11-08,2023-11-08,2023-11-08,2023-11-07,102.1999969482422,801,597
892,DDOG,1561550,"Datadog, Inc.",7372,Services-Prepackaged Software,10-K,2024-02-23,2023-12-31,2024-02-23 13:35:39+00:00,0001561550-24-000009,https://www.sec.gov/Archives/edgar/data/1561550/000156155024000009/ddog-20231231.htm,40167,3542,data/interim/text/000156155024000009.txt.gz,000156155024000009,2024Q1,2024-02-23 08:35:39-05:00,2024-02-23,2024-02-23,2024-02-23,2024-02-22,131.1199951171875,873,525
893,DDOG,1561550,"Datadog, Inc.",7372,Services-Prepackaged Software,10-Q,2024-05-08,2024-03-31,2024-05-08 11:51:04+00:00,0001561550-24-000051,https://www.sec.gov/Archives/edgar/data/1561550/000156155024000051/ddog-20240331.htm,29433,2778,data/interim/text/000156155024000051.txt.gz,000156155024000051,2024Q2,2024-05-08 07:51:04-04:00,2024-05-08,2024-05-08,2024-05-08,2024-05-07,112.4000015258789,925,473
894,DDOG,1561550,"Datadog, Inc.",7372,Services-Prepackaged Software,10-Q,2024-08-09,2024-06-30,2024-08-09 11:39:19+00:00,0001561550-24-000112,https://www.sec.gov/Archives/edgar/data/1561550/000156155024000112/ddog-20240630.htm,30041,2782,data/interim/text/000156155024000112.txt.gz,000156155024000112,2024Q3,2024-08-09 07:39:19-04:00,2024-08-09,2024-08-09,2024-08-09,2024-08-08,114.05999755859376,989,409
895,DDOG,1561550,"Datadog, Inc.",7372,Services-Prepackaged Software,10-Q,2024-11-08,2024-09-30,2024-11-08 12:33:54+00:00,0001561550-24-000175,https://www.sec.gov/Archives/edgar/data/1561550/000156155024000175/ddog-20240930.htm,29974,2778,data/interim/text/000156155024000175.txt.gz,000156155024000175,2024Q4,2024-11-08 07:33:54-05:00,2024-11-08,2024-11-08,2024-11-08,2024-11-07,129.7899932861328,1053,345
896,DDOG,1561550,"Datadog, Inc.",7372,Services-Prepackaged Software,10-K,2025-02-20,2024-12-31,2025-02-20 13:53:34+00:00,0001561550-25-000025,https://www.sec.gov/Archives/edgar/data/1561550/000156155025000025/ddog-20241231.htm,39653,3467,data/interim/text/000156155025000025.txt.gz,000156155025000025,2025Q1,2025-02-20 08:53:34-05:00,2025-02-20,2025-02-20,2025-02-20,2025-02-19,128.85000610351562,1121,277
897,DDOG,1561550,"Datadog, Inc.",7372,Services-Prepackaged Software,10-Q,2025-05-07,2025-03-31,2025-05-07 13:03:25+00:00,0001561550-25-000123,https://www.sec.gov/Archives/edgar/data/1561550/000156155025000123/ddog-20250331.htm,30359,2819,data/interim/text/000156155025000123.txt.gz,000156155025000123,2025Q2,2025-05-07 09:03:25-04:00,2025-05-07,2025-05-07,2025-05-07,2025-05-06,106.05999755859376,1174,224
898,DDOG,1561550,"Datadog, Inc.",7372,Services-Prepackaged Software,10-Q,2025-08-08,2025-06-30,2025-08-08 11:12:02+00:00,0001561550-25-000220,https://www.sec.gov/Archives/edgar/data/1561550/000156155025000220/ddog-20250630.htm,30969,2836,data/interim/text/000156155025000220.txt.gz,000156155025000220,2025Q3,2025-08-08 07:12:02-04:00,2025-08-08,2025-08-08,2025-08-08,2025-08-07,136.3800048828125,1238,160
899,DDOG,1561550,"Datadog, Inc.",7372,Services-Prepackaged Software,10-Q,2025-11-07,2025-09-30,2025-11-07 12:29:33+00:00,0001561550-25-000313,https://www.sec.gov/Archives/edgar/data/1561550/000156155025000313/ddog-20250930.htm,30996,2851,data/interim/text/000156155025000313.txt.gz,000156155025000313,2025Q4,2025-11-07 07:29:33-05:00,2025-11-07,2025-11-07,2025-11-07,2025-11-06,190.82000732421875,1302,96
900,ICE,1571949,"Intercontinental Exchange, Inc.",6200,"Security & Commodity Brokers, Dealers, Exchanges & Services",10-K,2021-02-04,2020-12-31,2021-02-04 13:29:58+00:00,0001571949-21-000003,https://www.sec.gov/Archives/edgar/data/1571949/000157194921000003/ice-20201231.htm,57528,4122,data/interim/text/000157194921000003.txt.gz,000157194921000003,2021Q1,2021-02-04 08:29:58-05:00,2021-02-04,2021-02-04,2021-02-04,2021-02-03,107.39257049560548,106,1292
901,ICE,1571949,"Intercontinental Exchange, Inc.",6200,"Security & Commodity Brokers, Dealers, Exchanges & Services",10-Q,2021-04-29,2021-03-31,2021-04-29 12:26:46+00:00,0001571949-21-000007,https://www.sec.gov/Archives/edgar/data/1571949/000157194921000007/ice-20210331.htm,15194,1912,data/interim/text/000157194921000007.txt.gz,000157194921000007,2021Q2,2021-04-29 08:26:46-04:00,2021-04-29,2021-04-29,2021-04-29,2021-04-28,111.22134399414062,164,1234
902,ICE,1571949,"Intercontinental Exchange, Inc.",6200,"Security & Commodity Brokers, Dealers, Exchanges & Services",10-Q,2021-07-29,2021-06-30,2021-07-29 12:28:09+00:00,0001571949-21-000010,https://www.sec.gov/Archives/edgar/data/1571949/000157194921000010/ice-20210630.htm,16631,1975,data/interim/text/000157194921000010.txt.gz,000157194921000010,2021Q3,2021-07-29 08:28:09-04:00,2021-07-29,2021-07-29,2021-07-29,2021-07-28,113.65251922607422,227,1171
903,ICE,1571949,"Intercontinental Exchange, Inc.",6200,"Security & Commodity Brokers, Dealers, Exchanges & Services",10-Q,2021-10-28,2021-09-30,2021-10-28 12:29:23+00:00,0001571949-21-000013,https://www.sec.gov/Archives/edgar/data/1571949/000157194921000013/ice-20210930.htm,17261,1985,data/interim/text/000157194921000013.txt.gz,000157194921000013,2021Q4,2021-10-28 08:29:23-04:00,2021-10-28,2021-10-28,2021-10-28,2021-10-27,124.9024429321289,291,1107
904,ICE,1571949,"Intercontinental Exchange, Inc.",6200,"Security & Commodity Brokers, Dealers, Exchanges & Services",10-K,2022-02-03,2021-12-31,2022-02-03 13:33:47+00:00,0001571949-22-000006,https://www.sec.gov/Archives/edgar/data/1571949/000157194922000006/ice-20211231.htm,52720,3926,data/interim/text/000157194922000006.txt.gz,000157194922000006,2022Q1,2022-02-03 08:33:47-05:00,2022-02-03,2022-02-03,2022-02-03,2022-02-02,121.50737762451172,358,1040
905,ICE,1571949,"Intercontinental Exchange, Inc.",6200,"Security & Commodity Brokers, Dealers, Exchanges & Services",10-Q,2022-05-05,2022-03-31,2022-05-05 12:23:52+00:00,0001571949-22-000010,https://www.sec.gov/Archives/edgar/data/1571949/000157194922000010/ice-20220331.htm,14369,1801,data/interim/text/000157194922000010.txt.gz,000157194922000010,2022Q2,2022-05-05 08:23:52-04:00,2022-05-05,2022-05-05,2022-05-05,2022-05-04,103.75768280029295,421,977
906,ICE,1571949,"Intercontinental Exchange, Inc.",6200,"Security & Commodity Brokers, Dealers, Exchanges & Services",10-Q,2022-08-04,2022-06-30,2022-08-04 12:28:24+00:00,0001571949-22-000013,https://www.sec.gov/Archives/edgar/data/1571949/000157194922000013/ice-20220630.htm,19234,2034,data/interim/text/000157194922000013.txt.gz,000157194922000013,2022Q3,2022-08-04 08:28:24-04:00,2022-08-04,2022-08-04,2022-08-04,2022-08-03,97.6810073852539,483,915
907,ICE,1571949,"Intercontinental Exchange, Inc.",6200,"Security & Commodity Brokers, Dealers, Exchanges & Services",10-Q,2022-11-03,2022-09-30,2022-11-03 12:25:30+00:00,0001571949-22-000016,https://www.sec.gov/Archives/edgar/data/1571949/000157194922000016/ice-20220930.htm,19519,2073,data/interim/text/000157194922000016.txt.gz,000157194922000016,2022Q4,2022-11-03 08:25:30-04:00,2022-11-03,2022-11-03,2022-11-03,2022-11-02,88.16496276855469,547,851
908,ICE,1571949,"Intercontinental Exchange, Inc.",6200,"Security & Commodity Brokers, Dealers, Exchanges & Services",10-K,2023-02-02,2022-12-31,2023-02-02 13:32:09+00:00,0001571949-23-000006,https://www.sec.gov/Archives/edgar/data/1571949/000157194923000006/ice-20221231.htm,55902,4021,data/interim/text/000157194923000006.txt.gz,000157194923000006,2023Q1,2023-02-02 08:32:09-05:00,2023-02-02,2023-02-02,2023-02-02,2023-02-01,104.12735748291016,608,790
909,ICE,1571949,"Intercontinental Exchange, Inc.",6200,"Security & Commodity Brokers, Dealers, Exchanges & Services",10-Q,2023-05-04,2023-03-31,2023-05-04 12:28:53+00:00,0001571949-23-000011,https://www.sec.gov/Archives/edgar/data/1571949/000157194923000011/ice-20230331.htm,15820,1905,data/interim/text/000157194923000011.txt.gz,000157194923000011,2023Q2,2023-05-04 08:28:53-04:00,2023-05-04,2023-05-04,2023-05-04,2023-05-03,100.56771850585938,671,727
910,ICE,1571949,"Intercontinental Exchange, Inc.",6200,"Security & Commodity Brokers, Dealers, Exchanges & Services",10-Q,2023-08-03,2023-06-30,2023-08-03 12:29:09+00:00,0001571949-23-000015,https://www.sec.gov/Archives/edgar/data/1571949/000157194923000015/ice-20230630.htm,17432,1973,data/interim/text/000157194923000015.txt.gz,000157194923000015,2023Q3,2023-08-03 08:29:09-04:00,2023-08-03,2023-08-03,2023-08-03,2023-08-02,110.75099182128906,733,665
911,ICE,1571949,"Intercontinental Exchange, Inc.",6200,"Security & Commodity Brokers, Dealers, Exchanges & Services",10-Q,2023-11-02,2023-09-30,2023-11-02 12:29:32+00:00,0001571949-23-000019,https://www.sec.gov/Archives/edgar/data/1571949/000157194923000019/ice-20230930.htm,18080,1997,data/interim/text/000157194923000019.txt.gz,000157194923000019,2023Q4,2023-11-02 08:29:32-04:00,2023-11-02,2023-11-02,2023-11-02,2023-11-01,104.62672424316406,797,601
912,ICE,1571949,"Intercontinental Exchange, Inc.",6200,"Security & Commodity Brokers, Dealers, Exchanges & Services",10-K,2024-02-08,2023-12-31,2024-02-08 13:32:20+00:00,0001571949-24-000007,https://www.sec.gov/Archives/edgar/data/1571949/000157194924000007/ice-20231231.htm,58688,4109,data/interim/text/000157194924000007.txt.gz,000157194924000007,2024Q1,2024-02-08 08:32:20-05:00,2024-02-08,2024-02-08,2024-02-08,2024-02-07,124.23543548583984,863,535
913,ICE,1571949,"Intercontinental Exchange, Inc.",6200,"Security & Commodity Brokers, Dealers, Exchanges & Services",10-Q,2024-05-02,2024-03-31,2024-05-02 12:27:24+00:00,0001571949-24-000011,https://www.sec.gov/Archives/edgar/data/1571949/000157194924000011/ice-20240331.htm,14979,1915,data/interim/text/000157194924000011.txt.gz,000157194924000011,2024Q2,2024-05-02 08:27:24-04:00,2024-05-02,2024-05-02,2024-05-02,2024-05-01,125.22733306884766,921,477
914,ICE,1571949,"Intercontinental Exchange, Inc.",6200,"Security & Commodity Brokers, Dealers, Exchanges & Services",10-Q,2024-08-01,2024-06-30,2024-08-01 12:27:18+00:00,0001571949-24-000014,https://www.sec.gov/Archives/edgar/data/1571949/000157194924000014/ice-20240630.htm,16563,1952,data/interim/text/000157194924000014.txt.gz,000157194924000014,2024Q3,2024-08-01 08:27:18-04:00,2024-08-01,2024-08-01,2024-08-01,2024-07-31,147.98291015625,983,415
915,ICE,1571949,"Intercontinental Exchange, Inc.",6200,"Security & Commodity Brokers, Dealers, Exchanges & Services",10-Q,2024-10-31,2024-09-30,2024-10-31 12:26:25+00:00,0001571949-24-000017,https://www.sec.gov/Archives/edgar/data/1571949/000157194924000017/ice-20240930.htm,17105,1993,data/interim/text/000157194924000017.txt.gz,000157194924000017,2024Q4,2024-10-31 08:26:25-04:00,2024-10-31,2024-10-31,2024-10-31,2024-10-30,163.05433654785156,1047,351
916,ICE,1571949,"Intercontinental Exchange, Inc.",6200,"Security & Commodity Brokers, Dealers, Exchanges & Services",10-K,2025-02-06,2024-12-31,2025-02-06 13:26:34+00:00,0001571949-25-000003,https://www.sec.gov/Archives/edgar/data/1571949/000157194925000003/ice-20241231.htm,57372,4057,data/interim/text/000157194925000003.txt.gz,000157194925000003,2025Q1,2025-02-06 08:26:34-05:00,2025-02-06,2025-02-06,2025-02-06,2025-02-05,157.8024139404297,1112,286
917,ICE,1571949,"Intercontinental Exchange, Inc.",6200,"Security & Commodity Brokers, Dealers, Exchanges & Services",10-Q,2025-05-01,2025-03-31,2025-05-01 12:26:54+00:00,0001571949-25-000007,https://www.sec.gov/Archives/edgar/data/1571949/000157194925000007/ice-20250331.htm,14798,1843,data/interim/text/000157194925000007.txt.gz,000157194925000007,2025Q2,2025-05-01 08:26:54-04:00,2025-05-01,2025-05-01,2025-05-01,2025-04-30,165.4054718017578,1170,228
918,ICE,1571949,"Intercontinental Exchange, Inc.",6200,"Security & Commodity Brokers, Dealers, Exchanges & Services",10-Q,2025-07-31,2025-06-30,2025-07-31 12:29:07+00:00,0001571949-25-000013,https://www.sec.gov/Archives/edgar/data/1571949/000157194925000013/ice-20250630.htm,16166,1876,data/interim/text/000157194925000013.txt.gz,000157194925000013,2025Q3,2025-07-31 08:29:07-04:00,2025-07-31,2025-07-31,2025-07-31,2025-07-30,183.39572143554688,1232,166
919,ICE,1571949,"Intercontinental Exchange, Inc.",6200,"Security & Commodity Brokers, Dealers, Exchanges & Services",10-Q,2025-10-30,2025-09-30,2025-10-30 12:26:57+00:00,0001571949-25-000018,https://www.sec.gov/Archives/edgar/data/1571949/000157194925000018/ice-20250930.htm,16795,1888,data/interim/text/000157194925000018.txt.gz,000157194925000018,2025Q4,2025-10-30 08:26:57-04:00,2025-10-30,2025-10-30,2025-10-30,2025-10-29,149.13461303710938,1296,102
920,GH,1576280,"Guardant Health, Inc.",8071,Services-Medical Laboratories,10-K,2021-02-25,2020-12-31,2021-02-25 21:36:12+00:00,0001576280-21-000031,https://www.sec.gov/Archives/edgar/data/1576280/000157628021000031/gh-20201231.htm,68914,4390,data/interim/text/000157628021000031.txt.gz,000157628021000031,2021Q1,2021-02-25 16:36:12-05:00,2021-02-26,2021-02-26,2021-02-26,2021-02-25,149.4499969482422,121,1277
921,GH,1576280,"Guardant Health, Inc.",8071,Services-Medical Laboratories,10-Q,2021-05-06,2021-03-31,2021-05-06 21:09:26+00:00,0001576280-21-000062,https://www.sec.gov/Archives/edgar/data/1576280/000157628021000062/gh-20210331.htm,12982,1731,data/interim/text/000157628021000062.txt.gz,000157628021000062,2021Q2,2021-05-06 17:09:26-04:00,2021-05-07,2021-05-07,2021-05-07,2021-05-06,134.6199951171875,170,1228
922,GH,1576280,"Guardant Health, Inc.",8071,Services-Medical Laboratories,10-Q,2021-08-05,2021-06-30,2021-08-05 20:29:59+00:00,0001576280-21-000080,https://www.sec.gov/Archives/edgar/data/1576280/000157628021000080/gh-20210630.htm,10908,1453,data/interim/text/000157628021000080.txt.gz,000157628021000080,2021Q3,2021-08-05 16:29:59-04:00,2021-08-06,2021-08-06,2021-08-06,2021-08-05,115.38999938964844,233,1165
923,GH,1576280,"Guardant Health, Inc.",8071,Services-Medical Laboratories,10-Q,2021-11-04,2021-09-30,2021-11-04 21:08:48+00:00,0001576280-21-000105,https://www.sec.gov/Archives/edgar/data/1576280/000157628021000105/gh-20210930.htm,10749,1440,data/interim/text/000157628021000105.txt.gz,000157628021000105,2021Q4,2021-11-04 17:08:48-04:00,2021-11-05,2021-11-05,2021-11-05,2021-11-04,114.8000030517578,297,1101
924,GH,1576280,"Guardant Health, Inc.",8071,Services-Medical Laboratories,10-K,2022-02-24,2021-12-31,2022-02-24 22:00:06+00:00,0001576280-22-000015,https://www.sec.gov/Archives/edgar/data/1576280/000157628022000015/gh-20211231.htm,73756,4665,data/interim/text/000157628022000015.txt.gz,000157628022000015,2022Q1,2022-02-24 17:00:06-05:00,2022-02-25,2022-02-25,2022-02-25,2022-02-24,65.5999984741211,373,1025
925,GH,1576280,"Guardant Health, Inc.",8071,Services-Medical Laboratories,10-Q,2022-05-05,2022-03-31,2022-05-05 21:14:22+00:00,0001576280-22-000026,https://www.sec.gov/Archives/edgar/data/1576280/000157628022000026/gh-20220331.htm,9400,1466,data/interim/text/000157628022000026.txt.gz,000157628022000026,2022Q2,2022-05-05 17:14:22-04:00,2022-05-06,2022-05-06,2022-05-06,2022-05-05,50.720001220703125,422,976
926,GH,1576280,"Guardant Health, Inc.",8071,Services-Medical Laboratories,10-Q,2022-08-04,2022-06-30,2022-08-04 21:03:48+00:00,0001576280-22-000058,https://www.sec.gov/Archives/edgar/data/1576280/000157628022000058/gh-20220630.htm,11000,1500,data/interim/text/000157628022000058.txt.gz,000157628022000058,2022Q3,2022-08-04 17:03:48-04:00,2022-08-05,2022-08-05,2022-08-05,2022-08-04,51.09000015258789,484,914
927,GH,1576280,"Guardant Health, Inc.",8071,Services-Medical Laboratories,10-Q,2022-11-03,2022-09-30,2022-11-03 21:13:19+00:00,0001576280-22-000092,https://www.sec.gov/Archives/edgar/data/1576280/000157628022000092/gh-20220930.htm,11195,1503,data/interim/text/000157628022000092.txt.gz,000157628022000092,2022Q4,2022-11-03 17:13:19-04:00,2022-11-04,2022-11-04,2022-11-04,2022-11-03,45.04999923706055,548,850
928,GH,1576280,"Guardant Health, Inc.",8071,Services-Medical Laboratories,10-K,2023-02-23,2022-12-31,2023-02-23 22:00:52+00:00,0001576280-23-000020,https://www.sec.gov/Archives/edgar/data/1576280/000157628023000020/gh-20221231.htm,72601,4607,data/interim/text/000157628023000020.txt.gz,000157628023000020,2023Q1,2023-02-23 17:00:52-05:00,2023-02-24,2023-02-24,2023-02-24,2023-02-23,25.86000061035156,623,775
929,GH,1576280,"Guardant Health, Inc.",8071,Services-Medical Laboratories,10-Q,2023-05-09,2023-03-31,2023-05-09 21:00:24+00:00,0001576280-23-000060,https://www.sec.gov/Archives/edgar/data/1576280/000157628023000060/gh-20230331.htm,9563,1485,data/interim/text/000157628023000060.txt.gz,000157628023000060,2023Q2,2023-05-09 17:00:24-04:00,2023-05-10,2023-05-10,2023-05-10,2023-05-09,23.989999771118164,675,723
930,GH,1576280,"Guardant Health, Inc.",8071,Services-Medical Laboratories,10-Q,2023-08-03,2023-06-30,2023-08-03 21:02:11+00:00,0001576280-23-000123,https://www.sec.gov/Archives/edgar/data/1576280/000157628023000123/gh-20230630.htm,11047,1510,data/interim/text/000157628023000123.txt.gz,000157628023000123,2023Q3,2023-08-03 17:02:11-04:00,2023-08-04,2023-08-04,2023-08-04,2023-08-03,35.540000915527344,734,664
931,GH,1576280,"Guardant Health, Inc.",8071,Services-Medical Laboratories,10-Q,2023-11-06,2023-09-30,2023-11-06 21:58:53+00:00,0001576280-23-000187,https://www.sec.gov/Archives/edgar/data/1576280/000157628023000187/gh-20230930.htm,10794,1480,data/interim/text/000157628023000187.txt.gz,000157628023000187,2023Q4,2023-11-06 16:58:53-05:00,2023-11-07,2023-11-07,2023-11-07,2023-11-06,27.739999771118164,800,598
932,GH,1576280,"Guardant Health, Inc.",8071,Services-Medical Laboratories,10-K,2024-02-22,2023-12-31,2024-02-22 22:23:38+00:00,0001576280-24-000043,https://www.sec.gov/Archives/edgar/data/1576280/000157628024000043/gh-20231231.htm,71569,4600,data/interim/text/000157628024000043.txt.gz,000157628024000043,2024Q1,2024-02-22 17:23:38-05:00,2024-02-23,2024-02-23,2024-02-23,2024-02-22,22.270000457763672,873,525
933,GH,1576280,"Guardant Health, Inc.",8071,Services-Medical Laboratories,10-Q,2024-05-09,2024-03-31,2024-05-09 20:59:52+00:00,0001576280-24-000109,https://www.sec.gov/Archives/edgar/data/1576280/000157628024000109/gh-20240331.htm,9335,1449,data/interim/text/000157628024000109.txt.gz,000157628024000109,2024Q2,2024-05-09 16:59:52-04:00,2024-05-10,2024-05-10,2024-05-10,2024-05-09,19.440000534057617,927,471
934,GH,1576280,"Guardant Health, Inc.",8071,Services-Medical Laboratories,10-Q,2024-08-07,2024-06-30,2024-08-07 21:12:53+00:00,0001576280-24-000190,https://www.sec.gov/Archives/edgar/data/1576280/000157628024000190/gh-20240630.htm,10777,1456,data/interim/text/000157628024000190.txt.gz,000157628024000190,2024Q3,2024-08-07 17:12:53-04:00,2024-08-08,2024-08-08,2024-08-08,2024-08-07,33.959999084472656,988,410
935,GH,1576280,"Guardant Health, Inc.",8071,Services-Medical Laboratories,10-Q,2024-11-06,2024-09-30,2024-11-06 22:12:45+00:00,0001576280-24-000261,https://www.sec.gov/Archives/edgar/data/1576280/000157628024000261/gh-20240930.htm,10883,1465,data/interim/text/000157628024000261.txt.gz,000157628024000261,2024Q4,2024-11-06 17:12:45-05:00,2024-11-07,2024-11-07,2024-11-07,2024-11-06,25.290000915527344,1052,346
936,GH,1576280,"Guardant Health, Inc.",8071,Services-Medical Laboratories,10-K,2025-02-20,2024-12-31,2025-02-20 22:17:57+00:00,0001576280-25-000044,https://www.sec.gov/Archives/edgar/data/1576280/000157628025000044/gh-20241231.htm,70861,4547,data/interim/text/000157628025000044.txt.gz,000157628025000044,2025Q1,2025-02-20 17:17:57-05:00,2025-02-21,2025-02-21,2025-02-21,2025-02-20,47.400001525878906,1122,276
937,GH,1576280,"Guardant Health, Inc.",8071,Services-Medical Laboratories,10-Q,2025-04-30,2025-03-31,2025-04-30 21:10:41+00:00,0001576280-25-000136,https://www.sec.gov/Archives/edgar/data/1576280/000157628025000136/gh-20250331.htm,9264,1437,data/interim/text/000157628025000136.txt.gz,000157628025000136,2025Q2,2025-04-30 17:10:41-04:00,2025-05-01,2025-05-01,2025-05-01,2025-04-30,47.22999954223633,1170,228
938,GH,1576280,"Guardant Health, Inc.",8071,Services-Medical Laboratories,10-Q,2025-07-30,2025-06-30,2025-07-30 21:13:33+00:00,0001576280-25-000246,https://www.sec.gov/Archives/edgar/data/1576280/000157628025000246/gh-20250630.htm,10524,1458,data/interim/text/000157628025000246.txt.gz,000157628025000246,2025Q3,2025-07-30 17:13:33-04:00,2025-07-31,2025-07-31,2025-07-31,2025-07-30,45.18999862670898,1232,166
939,GH,1576280,"Guardant Health, Inc.",8071,Services-Medical Laboratories,10-Q,2025-10-29,2025-09-30,2025-10-29 21:13:13+00:00,0001576280-25-000277,https://www.sec.gov/Archives/edgar/data/1576280/000157628025000277/gh-20250930.htm,10538,1470,data/interim/text/000157628025000277.txt.gz,000157628025000277,2025Q4,2025-10-29 17:13:13-04:00,2025-10-30,2025-10-30,2025-10-30,2025-10-29,72.2699966430664,1296,102
941,FIG,1579878,"Figma, Inc.",7372,Services-Prepackaged Software,10-Q,2025-11-05,2025-09-30,2025-11-05 22:09:34+00:00,0001628280-25-049683,https://www.sec.gov/Archives/edgar/data/1579878/000162828025049683/fig-20250930.htm,48613,3401,data/interim/text/000162828025049683.txt.gz,000162828025049683,2025Q4,2025-11-05 17:09:34-05:00,2025-11-06,2025-11-06,2025-11-06,2025-11-05,44.0099983215332,68,97
942,TWST,1581280,Twist Bioscience Corp,2836,"Biological Products, (No Diagnostic Substances)",10-Q,2021-02-09,2020-12-31,2021-02-08 23:58:14+00:00,0001193125-21-032669,https://www.sec.gov/Archives/edgar/data/1581280/000119312521032669/d97574d10q.htm,28983,2916,data/interim/text/000119312521032669.txt.gz,000119312521032669,2021Q1,2021-02-08 18:58:14-05:00,2021-02-09,2021-02-09,2021-02-09,2021-02-08,175.3800048828125,109,1289
943,TWST,1581280,Twist Bioscience Corp,2836,"Biological Products, (No Diagnostic Substances)",10-Q,2021-05-07,2021-03-31,2021-05-07 21:08:43+00:00,0001104659-21-063169,https://www.sec.gov/Archives/edgar/data/1581280/000110465921063169/twst-20210331x10q.htm,29812,2933,data/interim/text/000110465921063169.txt.gz,000110465921063169,2021Q2,2021-05-07 17:08:43-04:00,2021-05-08,2021-05-08,2021-05-10,2021-05-07,116.73999786376952,171,1227
944,TWST,1581280,Twist Bioscience Corp,2836,"Biological Products, (No Diagnostic Substances)",10-Q,2021-08-09,2021-06-30,2021-08-09 20:09:21+00:00,0001104659-21-102129,https://www.sec.gov/Archives/edgar/data/1581280/000110465921102129/twst-20210630x10q.htm,30105,2953,data/interim/text/000110465921102129.txt.gz,000110465921102129,2021Q3,2021-08-09 16:09:21-04:00,2021-08-10,2021-08-10,2021-08-10,2021-08-09,112.83999633789062,235,1163
945,TWST,1581280,Twist Bioscience Corp,2836,"Biological Products, (No Diagnostic Substances)",10-K,2021-11-23,2021-09-30,2021-11-23 01:45:40+00:00,0001104659-21-142700,https://www.sec.gov/Archives/edgar/data/1581280/000110465921142700/twst-20210930x10k.htm,45633,4011,data/interim/text/000110465921142700.txt.gz,000110465921142700,2021Q4,2021-11-22 20:45:40-05:00,2021-11-23,2021-11-23,2021-11-23,2021-11-22,98.16999816894533,309,1089
946,TWST,1581280,Twist Bioscience Corp,2836,"Biological Products, (No Diagnostic Substances)",10-Q,2022-02-09,2021-12-31,2022-02-09 21:07:29+00:00,0001104659-22-017090,https://www.sec.gov/Archives/edgar/data/1581280/000110465922017090/twst-20211231x10q.htm,29374,2934,data/interim/text/000110465922017090.txt.gz,000110465922017090,2022Q1,2022-02-09 16:07:29-05:00,2022-02-10,2022-02-10,2022-02-10,2022-02-09,64.61000061035156,363,1035
947,TWST,1581280,Twist Bioscience Corp,2836,"Biological Products, (No Diagnostic Substances)",10-Q,2022-05-06,2022-03-31,2022-05-06 20:19:10+00:00,0001628280-22-013045,https://www.sec.gov/Archives/edgar/data/1581280/000162828022013045/twst-20220331.htm,29570,2869,data/interim/text/000162828022013045.txt.gz,000162828022013045,2022Q2,2022-05-06 16:19:10-04:00,2022-05-07,2022-05-07,2022-05-09,2022-05-06,31.38999938964844,423,975
948,TWST,1581280,Twist Bioscience Corp,2836,"Biological Products, (No Diagnostic Substances)",10-Q,2022-08-08,2022-06-30,2022-08-08 20:37:08+00:00,0001628280-22-021593,https://www.sec.gov/Archives/edgar/data/1581280/000162828022021593/twst-20220630.htm,30104,2919,data/interim/text/000162828022021593.txt.gz,000162828022021593,2022Q3,2022-08-08 16:37:08-04:00,2022-08-09,2022-08-09,2022-08-09,2022-08-08,56.560001373291016,486,912
949,TWST,1581280,Twist Bioscience Corp,2836,"Biological Products, (No Diagnostic Substances)",10-K,2022-11-28,2022-09-30,2022-11-28 14:12:34+00:00,0001628280-22-030817,https://www.sec.gov/Archives/edgar/data/1581280/000162828022030817/twst-20220930.htm,45243,3967,data/interim/text/000162828022030817.txt.gz,000162828022030817,2022Q4,2022-11-28 09:12:34-05:00,2022-11-28,2022-11-28,2022-11-28,2022-11-25,25.440000534057617,563,835
950,TWST,1581280,Twist Bioscience Corp,2836,"Biological Products, (No Diagnostic Substances)",10-Q,2023-02-07,2022-12-31,2023-02-07 21:12:24+00:00,0001628280-23-002560,https://www.sec.gov/Archives/edgar/data/1581280/000162828023002560/twst-20221231.htm,28351,2877,data/interim/text/000162828023002560.txt.gz,000162828023002560,2023Q1,2023-02-07 16:12:24-05:00,2023-02-08,2023-02-08,2023-02-08,2023-02-07,26.18000030517578,612,786
951,TWST,1581280,Twist Bioscience Corp,2836,"Biological Products, (No Diagnostic Substances)",10-Q,2023-05-08,2023-03-31,2023-05-08 20:19:23+00:00,0001628280-23-016426,https://www.sec.gov/Archives/edgar/data/1581280/000162828023016426/twst-20230331.htm,30010,2889,data/interim/text/000162828023016426.txt.gz,000162828023016426,2023Q2,2023-05-08 16:19:23-04:00,2023-05-09,2023-05-09,2023-05-09,2023-05-08,13.399999618530272,674,724
952,TWST,1581280,Twist Bioscience Corp,2836,"Biological Products, (No Diagnostic Substances)",10-Q,2023-08-07,2023-06-30,2023-08-07 20:34:12+00:00,0001628280-23-027803,https://www.sec.gov/Archives/edgar/data/1581280/000162828023027803/twst-20230630.htm,29663,2870,data/interim/text/000162828023027803.txt.gz,000162828023027803,2023Q3,2023-08-07 16:34:12-04:00,2023-08-08,2023-08-08,2023-08-08,2023-08-07,23.75,736,662
953,TWST,1581280,Twist Bioscience Corp,2836,"Biological Products, (No Diagnostic Substances)",10-K,2023-11-21,2023-09-30,2023-11-21 21:03:32+00:00,0001628280-23-039767,https://www.sec.gov/Archives/edgar/data/1581280/000162828023039767/twst-20230930.htm,44882,3984,data/interim/text/000162828023039767.txt.gz,000162828023039767,2023Q4,2023-11-21 16:03:32-05:00,2023-11-22,2023-11-22,2023-11-22,2023-11-21,23.709999084472656,811,587
954,TWST,1581280,Twist Bioscience Corp,2836,"Biological Products, (No Diagnostic Substances)",10-Q,2024-02-02,2023-12-31,2024-02-02 21:04:35+00:00,0001628280-24-003051,https://www.sec.gov/Archives/edgar/data/1581280/000162828024003051/twst-20231231.htm,7162,1334,data/interim/text/000162828024003051.txt.gz,000162828024003051,2024Q1,2024-02-02 16:04:35-05:00,2024-02-03,2024-02-03,2024-02-05,2024-02-02,36.59000015258789,860,538
955,TWST,1581280,Twist Bioscience Corp,2836,"Biological Products, (No Diagnostic Substances)",10-Q,2024-05-02,2024-03-31,2024-05-02 20:13:43+00:00,0001628280-24-020014,https://www.sec.gov/Archives/edgar/data/1581280/000162828024020014/twst-20240331.htm,6897,1116,data/interim/text/000162828024020014.txt.gz,000162828024020014,2024Q2,2024-05-02 16:13:43-04:00,2024-05-03,2024-05-03,2024-05-03,2024-05-02,32.0099983215332,922,476
956,TWST,1581280,Twist Bioscience Corp,2836,"Biological Products, (No Diagnostic Substances)",10-Q,2024-08-02,2024-06-30,2024-08-02 20:24:13+00:00,0001628280-24-034434,https://www.sec.gov/Archives/edgar/data/1581280/000162828024034434/twst-20240630.htm,7396,1183,data/interim/text/000162828024034434.txt.gz,000162828024034434,2024Q3,2024-08-02 16:24:13-04:00,2024-08-03,2024-08-03,2024-08-05,2024-08-02,42.970001220703125,985,413
957,TWST,1581280,Twist Bioscience Corp,2836,"Biological Products, (No Diagnostic Substances)",10-K,2024-11-18,2024-09-30,2024-11-18 21:10:02+00:00,0001628280-24-048262,https://www.sec.gov/Archives/edgar/data/1581280/000162828024048262/twst-20240930.htm,43663,3914,data/interim/text/000162828024048262.txt.gz,000162828024048262,2024Q4,2024-11-18 16:10:02-05:00,2024-11-19,2024-11-19,2024-11-19,2024-11-18,41.43000030517578,1060,338
958,TWST,1581280,Twist Bioscience Corp,2836,"Biological Products, (No Diagnostic Substances)",10-Q,2025-02-03,2024-12-31,2025-02-03 21:09:45+00:00,0001628280-25-003461,https://www.sec.gov/Archives/edgar/data/1581280/000162828025003461/twst-20241231.htm,4921,961,data/interim/text/000162828025003461.txt.gz,000162828025003461,2025Q1,2025-02-03 16:09:45-05:00,2025-02-04,2025-02-04,2025-02-04,2025-02-03,52.75,1110,288
959,TWST,1581280,Twist Bioscience Corp,2836,"Biological Products, (No Diagnostic Substances)",10-Q,2025-05-05,2025-03-31,2025-05-05 20:05:23+00:00,0001628280-25-022154,https://www.sec.gov/Archives/edgar/data/1581280/000162828025022154/twst-20250331.htm,6098,1073,data/interim/text/000162828025022154.txt.gz,000162828025022154,2025Q2,2025-05-05 16:05:23-04:00,2025-05-06,2025-05-06,2025-05-06,2025-05-05,35.93000030517578,1173,225
960,TWST,1581280,Twist Bioscience Corp,2836,"Biological Products, (No Diagnostic Substances)",10-Q,2025-08-04,2025-06-30,2025-08-04 20:24:11+00:00,0001581280-25-000009,https://www.sec.gov/Archives/edgar/data/1581280/000158128025000009/twst-20250630.htm,6603,1066,data/interim/text/000158128025000009.txt.gz,000158128025000009,2025Q3,2025-08-04 16:24:11-04:00,2025-08-05,2025-08-05,2025-08-05,2025-08-04,30.209999084472656,1235,163
961,TWST,1581280,Twist Bioscience Corp,2836,"Biological Products, (No Diagnostic Substances)",10-K,2025-11-17,2025-09-30,2025-11-17 12:31:44+00:00,0001581280-25-000025,https://www.sec.gov/Archives/edgar/data/1581280/000158128025000025/twst-20250930.htm,40471,3767,data/interim/text/000158128025000025.txt.gz,000158128025000025,2025Q4,2025-11-17 07:31:44-05:00,2025-11-17,2025-11-17,2025-11-17,2025-11-14,26.8700008392334,1308,90
962,SHOP,1594805,SHOPIFY INC.,7372,Services-Prepackaged Software,10-K,2025-02-11,2024-12-31,2025-02-11 12:02:46+00:00,0001594805-25-000012,https://www.sec.gov/Archives/edgar/data/1594805/000159480525000012/shop-20241231.htm,43463,3400,data/interim/text/000159480525000012.txt.gz,000159480525000012,2025Q1,2025-02-11 07:02:46-05:00,2025-02-11,2025-02-11,2025-02-11,2025-02-10,119.9000015258789,1115,283
963,SHOP,1594805,SHOPIFY INC.,7372,Services-Prepackaged Software,10-Q,2025-05-08,2025-03-31,2025-05-08 11:02:29+00:00,0001594805-25-000046,https://www.sec.gov/Archives/edgar/data/1594805/000159480525000046/shop-20250331.htm,10099,1423,data/interim/text/000159480525000046.txt.gz,000159480525000046,2025Q2,2025-05-08 07:02:29-04:00,2025-05-08,2025-05-08,2025-05-08,2025-05-07,94.5,1175,223
964,SHOP,1594805,SHOPIFY INC.,7372,Services-Prepackaged Software,10-Q,2025-08-06,2025-06-30,2025-08-06 11:06:12+00:00,0001594805-25-000073,https://www.sec.gov/Archives/edgar/data/1594805/000159480525000073/shop-20250630.htm,10702,1402,data/interim/text/000159480525000073.txt.gz,000159480525000073,2025Q3,2025-08-06 07:06:12-04:00,2025-08-06,2025-08-06,2025-08-06,2025-08-05,127.0,1236,162
965,SHOP,1594805,SHOPIFY INC.,7372,Services-Prepackaged Software,10-Q,2025-11-04,2025-09-30,2025-11-04 12:03:12+00:00,0001594805-25-000089,https://www.sec.gov/Archives/edgar/data/1594805/000159480525000089/shop-20250930.htm,10705,1407,data/interim/text/000159480525000089.txt.gz,000159480525000089,2025Q4,2025-11-04 07:03:12-05:00,2025-11-04,2025-11-04,2025-11-04,2025-11-03,172.94000244140625,1299,99
967,RXRX,1601830,"RECURSION PHARMACEUTICALS, INC.",2836,"Biological Products, (No Diagnostic Substances)",10-Q,2021-08-13,2021-06-30,2021-08-13 11:57:50+00:00,0001601830-21-000017,https://www.sec.gov/Archives/edgar/data/1601830/000160183021000017/rxrx-20210630.htm,46134,3640,data/interim/text/000160183021000017.txt.gz,000160183021000017,2021Q3,2021-08-13 07:57:50-04:00,2021-08-13,2021-08-13,2021-08-13,2021-08-12,22.989999771118164,82,1160
968,RXRX,1601830,"RECURSION PHARMACEUTICALS, INC.",2836,"Biological Products, (No Diagnostic Substances)",10-Q,2021-11-10,2021-09-30,2021-11-10 12:57:48+00:00,0001601830-21-000023,https://www.sec.gov/Archives/edgar/data/1601830/000160183021000023/rxrx-20210930.htm,40329,3340,data/interim/text/000160183021000023.txt.gz,000160183021000023,2021Q4,2021-11-10 07:57:48-05:00,2021-11-10,2021-11-10,2021-11-10,2021-11-09,19.600000381469727,144,1098
969,RXRX,1601830,"RECURSION PHARMACEUTICALS, INC.",2836,"Biological Products, (No Diagnostic Substances)",10-K,2022-03-23,2021-12-31,2022-03-23 12:01:20+00:00,0001601830-22-000012,https://www.sec.gov/Archives/edgar/data/1601830/000160183022000012/rxrx-20211231.htm,83953,6077,data/interim/text/000160183022000012.txt.gz,000160183022000012,2022Q1,2022-03-23 08:01:20-04:00,2022-03-23,2022-03-23,2022-03-23,2022-03-22,6.989999771118164,235,1007
970,RXRX,1601830,"RECURSION PHARMACEUTICALS, INC.",2836,"Biological Products, (No Diagnostic Substances)",10-Q,2022-05-10,2022-03-31,2022-05-10 20:38:12+00:00,0001601830-22-000024,https://www.sec.gov/Archives/edgar/data/1601830/000160183022000024/rxrx-20220331.htm,6543,1277,data/interim/text/000160183022000024.txt.gz,000160183022000024,2022Q2,2022-05-10 16:38:12-04:00,2022-05-11,2022-05-11,2022-05-11,2022-05-10,5.690000057220459,269,973
971,RXRX,1601830,"RECURSION PHARMACEUTICALS, INC.",2836,"Biological Products, (No Diagnostic Substances)",10-Q,2022-08-09,2022-06-30,2022-08-09 20:20:31+00:00,0001601830-22-000030,https://www.sec.gov/Archives/edgar/data/1601830/000160183022000030/rxrx-20220630.htm,8744,1463,data/interim/text/000160183022000030.txt.gz,000160183022000030,2022Q3,2022-08-09 16:20:31-04:00,2022-08-10,2022-08-10,2022-08-10,2022-08-09,8.8100004196167,331,911
972,RXRX,1601830,"RECURSION PHARMACEUTICALS, INC.",2836,"Biological Products, (No Diagnostic Substances)",10-Q,2022-11-08,2022-09-30,2022-11-08 21:35:39+00:00,0001601830-22-000035,https://www.sec.gov/Archives/edgar/data/1601830/000160183022000035/rxrx-20220930.htm,7786,1429,data/interim/text/000160183022000035.txt.gz,000160183022000035,2022Q4,2022-11-08 16:35:39-05:00,2022-11-09,2022-11-09,2022-11-09,2022-11-08,9.600000381469728,395,847
973,RXRX,1601830,"RECURSION PHARMACEUTICALS, INC.",2836,"Biological Products, (No Diagnostic Substances)",10-K,2023-02-27,2022-12-31,2023-02-27 21:44:03+00:00,0001601830-23-000010,https://www.sec.gov/Archives/edgar/data/1601830/000160183023000010/rxrx-20221231.htm,85022,6165,data/interim/text/000160183023000010.txt.gz,000160183023000010,2023Q1,2023-02-27 16:44:03-05:00,2023-02-28,2023-02-28,2023-02-28,2023-02-27,7.71999979019165,469,773
974,RXRX,1601830,"RECURSION PHARMACEUTICALS, INC.",2836,"Biological Products, (No Diagnostic Substances)",10-Q,2023-05-08,2023-03-31,2023-05-08 12:22:37+00:00,0001601830-23-000023,https://www.sec.gov/Archives/edgar/data/1601830/000160183023000023/rxrx-20230331.htm,6901,1404,data/interim/text/000160183023000023.txt.gz,000160183023000023,2023Q2,2023-05-08 08:22:37-04:00,2023-05-08,2023-05-08,2023-05-08,2023-05-05,5.159999847412109,517,725
975,RXRX,1601830,"RECURSION PHARMACEUTICALS, INC.",2836,"Biological Products, (No Diagnostic Substances)",10-Q,2023-08-08,2023-06-30,2023-08-08 12:08:07+00:00,0001601830-23-000057,https://www.sec.gov/Archives/edgar/data/1601830/000160183023000057/rxrx-20230630.htm,10786,1756,data/interim/text/000160183023000057.txt.gz,000160183023000057,2023Q3,2023-08-08 08:08:07-04:00,2023-08-08,2023-08-08,2023-08-08,2023-08-07,11.029999732971191,580,662
976,RXRX,1601830,"RECURSION PHARMACEUTICALS, INC.",2836,"Biological Products, (No Diagnostic Substances)",10-Q,2023-11-09,2023-09-30,2023-11-09 13:08:57+00:00,0001601830-23-000069,https://www.sec.gov/Archives/edgar/data/1601830/000160183023000069/rxrx-20230930.htm,8119,1493,data/interim/text/000160183023000069.txt.gz,000160183023000069,2023Q4,2023-11-09 08:08:57-05:00,2023-11-09,2023-11-09,2023-11-09,2023-11-08,5.630000114440918,646,596
977,RXRX,1601830,"RECURSION PHARMACEUTICALS, INC.",2836,"Biological Products, (No Diagnostic Substances)",10-K,2024-02-29,2023-12-31,2024-02-29 13:25:26+00:00,0001601830-24-000019,https://www.sec.gov/Archives/edgar/data/1601830/000160183024000019/rxrx-20231231.htm,92571,6300,data/interim/text/000160183024000019.txt.gz,000160183024000019,2024Q1,2024-02-29 08:25:26-05:00,2024-02-29,2024-02-29,2024-02-29,2024-02-28,12.9399995803833,721,521
978,RXRX,1601830,"RECURSION PHARMACEUTICALS, INC.",2836,"Biological Products, (No Diagnostic Substances)",10-Q,2024-05-09,2024-03-31,2024-05-09 20:11:55+00:00,0001601830-24-000052,https://www.sec.gov/Archives/edgar/data/1601830/000160183024000052/rxrx-20240331.htm,8083,1554,data/interim/text/000160183024000052.txt.gz,000160183024000052,2024Q2,2024-05-09 16:11:55-04:00,2024-05-10,2024-05-10,2024-05-10,2024-05-09,8.640000343322754,771,471
979,RXRX,1601830,"RECURSION PHARMACEUTICALS, INC.",2836,"Biological Products, (No Diagnostic Substances)",10-Q,2024-08-08,2024-06-30,2024-08-08 12:09:26+00:00,0001601830-24-000115,https://www.sec.gov/Archives/edgar/data/1601830/000160183024000115/rxrx-20240630.htm,9229,1670,data/interim/text/000160183024000115.txt.gz,000160183024000115,2024Q3,2024-08-08 08:09:26-04:00,2024-08-08,2024-08-08,2024-08-08,2024-08-07,6.369999885559082,832,410
980,RXRX,1601830,"RECURSION PHARMACEUTICALS, INC.",2836,"Biological Products, (No Diagnostic Substances)",10-Q,2024-11-06,2024-09-30,2024-11-06 21:18:48+00:00,0001601830-24-000196,https://www.sec.gov/Archives/edgar/data/1601830/000160183024000196/rxrx-20240930.htm,7463,1428,data/interim/text/000160183024000196.txt.gz,000160183024000196,2024Q4,2024-11-06 16:18:48-05:00,2024-11-07,2024-11-07,2024-11-07,2024-11-06,6.96999979019165,896,346
981,RXRX,1601830,"RECURSION PHARMACEUTICALS, INC.",2836,"Biological Products, (No Diagnostic Substances)",10-K,2025-02-28,2024-12-31,2025-02-28 11:33:59+00:00,0001601830-25-000035,https://www.sec.gov/Archives/edgar/data/1601830/000160183025000035/rxrx-20241231.htm,109846,6848,data/interim/text/000160183025000035.txt.gz,000160183025000035,2025Q1,2025-02-28 06:33:59-05:00,2025-02-28,2025-02-28,2025-02-28,2025-02-27,7.670000076293945,971,271
982,RXRX,1601830,"RECURSION PHARMACEUTICALS, INC.",2836,"Biological Products, (No Diagnostic Substances)",10-Q,2025-05-05,2025-03-31,2025-05-05 10:02:27+00:00,0001601830-25-000075,https://www.sec.gov/Archives/edgar/data/1601830/000160183025000075/rxrx-20250331.htm,8698,1667,data/interim/text/000160183025000075.txt.gz,000160183025000075,2025Q2,2025-05-05 06:02:27-04:00,2025-05-05,2025-05-05,2025-05-05,2025-05-02,5.699999809265137,1016,226
983,RXRX,1601830,"RECURSION PHARMACEUTICALS, INC.",2836,"Biological Products, (No Diagnostic Substances)",10-Q,2025-08-05,2025-06-30,2025-08-05 10:33:05+00:00,0001601830-25-000127,https://www.sec.gov/Archives/edgar/data/1601830/000160183025000127/rxrx-20250630.htm,9294,1715,data/interim/text/000160183025000127.txt.gz,000160183025000127,2025Q3,2025-08-05 06:33:05-04:00,2025-08-05,2025-08-05,2025-08-05,2025-08-04,5.800000190734863,1079,163
984,RXRX,1601830,"RECURSION PHARMACEUTICALS, INC.",2836,"Biological Products, (No Diagnostic Substances)",10-Q,2025-11-05,2025-09-30,2025-11-05 11:40:25+00:00,0001601830-25-000166,https://www.sec.gov/Archives/edgar/data/1601830/000160183025000166/rxrx-20250930.htm,8211,1495,data/interim/text/000160183025000166.txt.gz,000160183025000166,2025Q4,2025-11-05 06:40:25-05:00,2025-11-05,2025-11-05,2025-11-05,2025-11-04,5.0,1144,98
985,NTRA,1604821,"Natera, Inc.",8071,Services-Medical Laboratories,10-K,2021-02-26,2020-12-31,2021-02-26 02:55:00+00:00,0001558370-21-001907,https://www.sec.gov/Archives/edgar/data/1604821/000155837021001907/ntra-20201231x10k.htm,61778,4375,data/interim/text/000155837021001907.txt.gz,000155837021001907,2021Q1,2021-02-25 21:55:00-05:00,2021-02-26,2021-02-26,2021-02-26,2021-02-25,108.76000213623048,121,1277
986,NTRA,1604821,"Natera, Inc.",8071,Services-Medical Laboratories,10-Q,2021-05-07,2021-03-31,2021-05-07 01:36:07+00:00,0001558370-21-006346,https://www.sec.gov/Archives/edgar/data/1604821/000155837021006346/ntra-20210331x10q.htm,8586,1378,data/interim/text/000155837021006346.txt.gz,000155837021006346,2021Q2,2021-05-06 21:36:07-04:00,2021-05-07,2021-05-07,2021-05-07,2021-05-06,96.30999755859376,170,1228
987,NTRA,1604821,"Natera, Inc.",8071,Services-Medical Laboratories,10-Q,2021-08-06,2021-06-30,2021-08-06 01:50:24+00:00,0001558370-21-010673,https://www.sec.gov/Archives/edgar/data/1604821/000155837021010673/ntra-20210630x10q.htm,9684,1384,data/interim/text/000155837021010673.txt.gz,000155837021010673,2021Q3,2021-08-05 21:50:24-04:00,2021-08-06,2021-08-06,2021-08-06,2021-08-05,119.63999938964844,233,1165
988,NTRA,1604821,"Natera, Inc.",8071,Services-Medical Laboratories,10-Q,2021-11-05,2021-09-30,2021-11-05 01:50:25+00:00,0001558370-21-014721,https://www.sec.gov/Archives/edgar/data/1604821/000155837021014721/ntra-20210930x10q.htm,10180,1449,data/interim/text/000155837021014721.txt.gz,000155837021014721,2021Q4,2021-11-04 21:50:25-04:00,2021-11-05,2021-11-05,2021-11-05,2021-11-04,110.66999816894533,297,1101
989,NTRA,1604821,"Natera, Inc.",8071,Services-Medical Laboratories,10-K,2022-02-25,2021-12-31,2022-02-25 02:13:07+00:00,0001558370-22-002022,https://www.sec.gov/Archives/edgar/data/1604821/000155837022002022/ntra-20211231x10k.htm,63440,4426,data/interim/text/000155837022002022.txt.gz,000155837022002022,2022Q1,2022-02-24 21:13:07-05:00,2022-02-25,2022-02-25,2022-02-25,2022-02-24,65.2300033569336,373,1025
990,NTRA,1604821,"Natera, Inc.",8071,Services-Medical Laboratories,10-Q,2022-05-06,2022-03-31,2022-05-06 10:04:58+00:00,0001558370-22-007500,https://www.sec.gov/Archives/edgar/data/1604821/000155837022007500/ntra-20220331x10q.htm,9282,1463,data/interim/text/000155837022007500.txt.gz,000155837022007500,2022Q2,2022-05-06 06:04:58-04:00,2022-05-06,2022-05-06,2022-05-06,2022-05-05,34.099998474121094,422,976
991,NTRA,1604821,"Natera, Inc.",8071,Services-Medical Laboratories,10-Q,2022-08-05,2022-06-30,2022-08-05 01:45:34+00:00,0001558370-22-012331,https://www.sec.gov/Archives/edgar/data/1604821/000155837022012331/ntra-20220630x10q.htm,9846,1440,data/interim/text/000155837022012331.txt.gz,000155837022012331,2022Q3,2022-08-04 21:45:34-04:00,2022-08-05,2022-08-05,2022-08-05,2022-08-04,50.9900016784668,484,914
992,NTRA,1604821,"Natera, Inc.",8071,Services-Medical Laboratories,10-Q,2022-11-09,2022-09-30,2022-11-09 02:22:49+00:00,0001558370-22-016984,https://www.sec.gov/Archives/edgar/data/1604821/000155837022016984/ntra-20220930x10q.htm,10525,1486,data/interim/text/000155837022016984.txt.gz,000155837022016984,2022Q4,2022-11-08 21:22:49-05:00,2022-11-09,2022-11-09,2022-11-09,2022-11-08,42.43999862670898,551,847
993,NTRA,1604821,"Natera, Inc.",8071,Services-Medical Laboratories,10-K,2023-03-01,2022-12-31,2023-03-01 11:05:02+00:00,0001558370-23-002460,https://www.sec.gov/Archives/edgar/data/1604821/000155837023002460/ntra-20221231x10k.htm,58695,4288,data/interim/text/000155837023002460.txt.gz,000155837023002460,2023Q1,2023-03-01 06:05:02-05:00,2023-03-01,2023-03-01,2023-03-01,2023-02-28,48.54999923706055,626,772
994,NTRA,1604821,"Natera, Inc.",8071,Services-Medical Laboratories,10-Q,2023-05-10,2023-03-31,2023-05-10 00:46:49+00:00,0001558370-23-008938,https://www.sec.gov/Archives/edgar/data/1604821/000155837023008938/ntra-20230331x10q.htm,8294,1307,data/interim/text/000155837023008938.txt.gz,000155837023008938,2023Q2,2023-05-09 20:46:49-04:00,2023-05-10,2023-05-10,2023-05-10,2023-05-09,53.0,675,723
995,NTRA,1604821,"Natera, Inc.",8071,Services-Medical Laboratories,10-Q,2023-08-04,2023-06-30,2023-08-03 23:37:07+00:00,0001558370-23-013289,https://www.sec.gov/Archives/edgar/data/1604821/000155837023013289/ntra-20230630x10q.htm,9185,1324,data/interim/text/000155837023013289.txt.gz,000155837023013289,2023Q3,2023-08-03 19:37:07-04:00,2023-08-04,2023-08-04,2023-08-04,2023-08-03,43.400001525878906,734,664
996,NTRA,1604821,"Natera, Inc.",8071,Services-Medical Laboratories,10-Q,2023-11-09,2023-09-30,2023-11-09 01:15:16+00:00,0001558370-23-018379,https://www.sec.gov/Archives/edgar/data/1604821/000155837023018379/ntra-20230930x10q.htm,9249,1314,data/interim/text/000155837023018379.txt.gz,000155837023018379,2023Q4,2023-11-08 20:15:16-05:00,2023-11-09,2023-11-09,2023-11-09,2023-11-08,41.34000015258789,802,596
997,NTRA,1604821,"Natera, Inc.",8071,Services-Medical Laboratories,10-K,2024-02-29,2023-12-31,2024-02-29 02:10:14+00:00,0001558370-24-002083,https://www.sec.gov/Archives/edgar/data/1604821/000155837024002083/ntra-20231231x10k.htm,58618,4255,data/interim/text/000155837024002083.txt.gz,000155837024002083,2024Q1,2024-02-28 21:10:14-05:00,2024-02-29,2024-02-29,2024-02-29,2024-02-28,76.55000305175781,877,521
998,NTRA,1604821,"Natera, Inc.",8071,Services-Medical Laboratories,10-Q,2024-05-10,2024-03-31,2024-05-10 00:29:48+00:00,0001558370-24-007686,https://www.sec.gov/Archives/edgar/data/1604821/000155837024007686/ntra-20240331x10q.htm,8588,1351,data/interim/text/000155837024007686.txt.gz,000155837024007686,2024Q2,2024-05-09 20:29:48-04:00,2024-05-10,2024-05-10,2024-05-10,2024-05-09,95.5500030517578,927,471
999,NTRA,1604821,"Natera, Inc.",8071,Services-Medical Laboratories,10-Q,2024-08-09,2024-06-30,2024-08-09 00:28:12+00:00,0001558370-24-011666,https://www.sec.gov/Archives/edgar/data/1604821/000155837024011666/ntra-20240630x10q.htm,9592,1383,data/interim/text/000155837024011666.txt.gz,000155837024011666,2024Q3,2024-08-08 20:28:12-04:00,2024-08-09,2024-08-09,2024-08-09,2024-08-08,107.6999969482422,989,409
1000,NTRA,1604821,"Natera, Inc.",8071,Services-Medical Laboratories,10-Q,2024-11-12,2024-09-30,2024-11-12 21:23:00+00:00,0001558370-24-015325,https://www.sec.gov/Archives/edgar/data/1604821/000155837024015325/ntra-20240930x10q.htm,9716,1365,data/interim/text/000155837024015325.txt.gz,000155837024015325,2024Q4,2024-11-12 16:23:00-05:00,2024-11-13,2024-11-13,2024-11-13,2024-11-12,135.1199951171875,1056,342
1001,NTRA,1604821,"Natera, Inc.",8071,Services-Medical Laboratories,10-K,2025-02-28,2024-12-31,2025-02-28 02:43:05+00:00,0001558370-25-001869,https://www.sec.gov/Archives/edgar/data/1604821/000155837025001869/ntra-20241231x10k.htm,55219,4177,data/interim/text/000155837025001869.txt.gz,000155837025001869,2025Q1,2025-02-27 21:43:05-05:00,2025-02-28,2025-02-28,2025-02-28,2025-02-27,156.61000061035156,1127,271
1002,NTRA,1604821,"Natera, Inc.",8071,Services-Medical Laboratories,10-Q,2025-05-09,2025-03-31,2025-05-08 23:35:38+00:00,0001558370-25-007036,https://www.sec.gov/Archives/edgar/data/1604821/000155837025007036/ntra-20250331x10q.htm,8556,1374,data/interim/text/000155837025007036.txt.gz,000155837025007036,2025Q2,2025-05-08 19:35:38-04:00,2025-05-09,2025-05-09,2025-05-09,2025-05-08,162.57000732421875,1176,222
1003,NTRA,1604821,"Natera, Inc.",8071,Services-Medical Laboratories,10-Q,2025-08-08,2025-06-30,2025-08-08 00:24:04+00:00,0001558370-25-010829,https://www.sec.gov/Archives/edgar/data/1604821/000155837025010829/ntra-20250630x10q.htm,9377,1376,data/interim/text/000155837025010829.txt.gz,000155837025010829,2025Q3,2025-08-07 20:24:04-04:00,2025-08-08,2025-08-08,2025-08-08,2025-08-07,141.0800018310547,1238,160
1004,NTRA,1604821,"Natera, Inc.",8071,Services-Medical Laboratories,10-Q,2025-11-07,2025-09-30,2025-11-07 01:02:44+00:00,0001104659-25-107976,https://www.sec.gov/Archives/edgar/data/1604821/000110465925107976/ntra-20250930x10q.htm,9682,1413,data/interim/text/000110465925107976.txt.gz,000110465925107976,2025Q4,2025-11-06 20:02:44-05:00,2025-11-07,2025-11-07,2025-11-07,2025-11-06,198.47999572753903,1302,96
1005,Z,1617640,"ZILLOW GROUP, INC.",7389,"Services-Business Services, NEC",10-K,2021-02-12,2020-12-31,2021-02-12 17:01:06+00:00,0001617640-21-000012,https://www.sec.gov/Archives/edgar/data/1617640/000161764021000012/z-20201231.htm,48952,3531,data/interim/text/000161764021000012.txt.gz,000161764021000012,2021Q1,2021-02-12 12:01:06-05:00,2021-02-12,2021-02-12,2021-02-12,2021-02-11,194.0,112,1286
1006,Z,1617640,"ZILLOW GROUP, INC.",7389,"Services-Business Services, NEC",10-Q,2021-05-04,2021-03-31,2021-05-04 20:36:40+00:00,0001617640-21-000031,https://www.sec.gov/Archives/edgar/data/1617640/000161764021000031/z-20210331.htm,12219,1450,data/interim/text/000161764021000031.txt.gz,000161764021000031,2021Q2,2021-05-04 16:36:40-04:00,2021-05-05,2021-05-05,2021-05-05,2021-05-04,121.4499969482422,168,1230
1007,Z,1617640,"ZILLOW GROUP, INC.",7389,"Services-Business Services, NEC",10-Q,2021-08-05,2021-06-30,2021-08-05 20:38:05+00:00,0001617640-21-000055,https://www.sec.gov/Archives/edgar/data/1617640/000161764021000055/z-20210630.htm,14089,1466,data/interim/text/000161764021000055.txt.gz,000161764021000055,2021Q3,2021-08-05 16:38:05-04:00,2021-08-06,2021-08-06,2021-08-06,2021-08-05,110.23999786376952,233,1165
1008,Z,1617640,"ZILLOW GROUP, INC.",7389,"Services-Business Services, NEC",10-Q,2021-11-02,2021-09-30,2021-11-02 20:36:26+00:00,0001617640-21-000087,https://www.sec.gov/Archives/edgar/data/1617640/000161764021000087/z-20210930.htm,15688,1562,data/interim/text/000161764021000087.txt.gz,000161764021000087,2021Q4,2021-11-02 16:36:26-04:00,2021-11-03,2021-11-03,2021-11-03,2021-11-02,87.19999694824219,295,1103
1009,Z,1617640,"ZILLOW GROUP, INC.",7389,"Services-Business Services, NEC",10-K,2022-02-10,2021-12-31,2022-02-10 21:36:08+00:00,0001617640-22-000013,https://www.sec.gov/Archives/edgar/data/1617640/000161764022000013/z-20211231.htm,50099,3581,data/interim/text/000161764022000013.txt.gz,000161764022000013,2022Q1,2022-02-10 16:36:08-05:00,2022-02-11,2022-02-11,2022-02-11,2022-02-10,48.790000915527344,364,1034
1010,Z,1617640,"ZILLOW GROUP, INC.",7389,"Services-Business Services, NEC",10-Q,2022-05-05,2022-03-31,2022-05-05 20:36:54+00:00,0001617640-22-000063,https://www.sec.gov/Archives/edgar/data/1617640/000161764022000063/z-20220331.htm,13033,1451,data/interim/text/000161764022000063.txt.gz,000161764022000063,2022Q2,2022-05-05 16:36:54-04:00,2022-05-06,2022-05-06,2022-05-06,2022-05-05,39.77999877929688,422,976
1011,Z,1617640,"ZILLOW GROUP, INC.",7389,"Services-Business Services, NEC",10-Q,2022-08-04,2022-06-30,2022-08-04 20:40:18+00:00,0001617640-22-000081,https://www.sec.gov/Archives/edgar/data/1617640/000161764022000081/z-20220630.htm,14830,1481,data/interim/text/000161764022000081.txt.gz,000161764022000081,2022Q3,2022-08-04 16:40:18-04:00,2022-08-05,2022-08-05,2022-08-05,2022-08-04,37.65999984741211,484,914
1012,Z,1617640,"ZILLOW GROUP, INC.",7389,"Services-Business Services, NEC",10-Q,2022-11-02,2022-09-30,2022-11-02 20:37:19+00:00,0001617640-22-000106,https://www.sec.gov/Archives/edgar/data/1617640/000161764022000106/z-20220930.htm,13863,1457,data/interim/text/000161764022000106.txt.gz,000161764022000106,2022Q4,2022-11-02 16:37:19-04:00,2022-11-03,2022-11-03,2022-11-03,2022-11-02,29.5,547,851
1013,Z,1617640,"ZILLOW GROUP, INC.",7389,"Services-Business Services, NEC",10-K,2023-02-15,2022-12-31,2023-02-15 21:44:09+00:00,0001617640-23-000010,https://www.sec.gov/Archives/edgar/data/1617640/000161764023000010/z-20221231.htm,48666,3571,data/interim/text/000161764023000010.txt.gz,000161764023000010,2023Q1,2023-02-15 16:44:09-05:00,2023-02-16,2023-02-16,2023-02-16,2023-02-15,47.4900016784668,618,780
1014,Z,1617640,"ZILLOW GROUP, INC.",7389,"Services-Business Services, NEC",10-Q,2023-05-03,2023-03-31,2023-05-03 20:37:24+00:00,0001617640-23-000067,https://www.sec.gov/Archives/edgar/data/1617640/000161764023000067/z-20230331.htm,10887,1432,data/interim/text/000161764023000067.txt.gz,000161764023000067,2023Q2,2023-05-03 16:37:24-04:00,2023-05-04,2023-05-04,2023-05-04,2023-05-03,42.400001525878906,671,727
1015,Z,1617640,"ZILLOW GROUP, INC.",7389,"Services-Business Services, NEC",10-Q,2023-08-02,2023-06-30,2023-08-02 20:36:46+00:00,0001617640-23-000090,https://www.sec.gov/Archives/edgar/data/1617640/000161764023000090/z-20230630.htm,12328,1485,data/interim/text/000161764023000090.txt.gz,000161764023000090,2023Q3,2023-08-02 16:36:46-04:00,2023-08-03,2023-08-03,2023-08-03,2023-08-02,54.22999954223633,733,665
1016,Z,1617640,"ZILLOW GROUP, INC.",7389,"Services-Business Services, NEC",10-Q,2023-11-01,2023-09-30,2023-11-01 20:37:16+00:00,0001617640-23-000110,https://www.sec.gov/Archives/edgar/data/1617640/000161764023000110/z-20230930.htm,12948,1531,data/interim/text/000161764023000110.txt.gz,000161764023000110,2023Q4,2023-11-01 16:37:16-04:00,2023-11-02,2023-11-02,2023-11-02,2023-11-01,36.459999084472656,797,601
1017,Z,1617640,"ZILLOW GROUP, INC.",7389,"Services-Business Services, NEC",10-K,2024-02-15,2023-12-31,2024-02-14 23:12:31+00:00,0001617640-24-000022,https://www.sec.gov/Archives/edgar/data/1617640/000161764024000022/z-20231231.htm,48466,3773,data/interim/text/000161764024000022.txt.gz,000161764024000022,2024Q1,2024-02-14 18:12:31-05:00,2024-02-15,2024-02-15,2024-02-15,2024-02-14,58.060001373291016,868,530
1018,Z,1617640,"ZILLOW GROUP, INC.",7389,"Services-Business Services, NEC",10-Q,2024-05-01,2024-03-31,2024-05-01 20:36:00+00:00,0001617640-24-000070,https://www.sec.gov/Archives/edgar/data/1617640/000161764024000070/z-20240331.htm,10815,1461,data/interim/text/000161764024000070.txt.gz,000161764024000070,2024Q2,2024-05-01 16:36:00-04:00,2024-05-02,2024-05-02,2024-05-02,2024-05-01,41.88999938964844,921,477
1019,Z,1617640,"ZILLOW GROUP, INC.",7389,"Services-Business Services, NEC",10-Q,2024-08-07,2024-06-30,2024-08-07 20:02:41+00:00,0001617640-24-000094,https://www.sec.gov/Archives/edgar/data/1617640/000161764024000094/z-20240630.htm,12087,1495,data/interim/text/000161764024000094.txt.gz,000161764024000094,2024Q3,2024-08-07 16:02:41-04:00,2024-08-08,2024-08-08,2024-08-08,2024-08-07,41.77000045776367,988,410
1020,Z,1617640,"ZILLOW GROUP, INC.",7389,"Services-Business Services, NEC",10-Q,2024-11-06,2024-09-30,2024-11-06 21:35:47+00:00,0001617640-24-000126,https://www.sec.gov/Archives/edgar/data/1617640/000161764024000126/z-20240930.htm,12185,1512,data/interim/text/000161764024000126.txt.gz,000161764024000126,2024Q4,2024-11-06 16:35:47-05:00,2024-11-07,2024-11-07,2024-11-07,2024-11-06,58.68000030517578,1052,346
1021,Z,1617640,"ZILLOW GROUP, INC.",7389,"Services-Business Services, NEC",10-K,2025-02-11,2024-12-31,2025-02-11 21:21:09+00:00,0001617640-25-000016,https://www.sec.gov/Archives/edgar/data/1617640/000161764025000016/z-20241231.htm,45046,3608,data/interim/text/000161764025000016.txt.gz,000161764025000016,2025Q1,2025-02-11 16:21:09-05:00,2025-02-12,2025-02-12,2025-02-12,2025-02-11,86.31999969482422,1116,282
1022,Z,1617640,"ZILLOW GROUP, INC.",7389,"Services-Business Services, NEC",10-Q,2025-05-07,2025-03-31,2025-05-07 20:36:57+00:00,0001617640-25-000064,https://www.sec.gov/Archives/edgar/data/1617640/000161764025000064/z-20250331.htm,10871,1473,data/interim/text/000161764025000064.txt.gz,000161764025000064,2025Q2,2025-05-07 16:36:57-04:00,2025-05-08,2025-05-08,2025-05-08,2025-05-07,67.87999725341797,1175,223
1023,Z,1617640,"ZILLOW GROUP, INC.",7389,"Services-Business Services, NEC",10-Q,2025-08-06,2025-06-30,2025-08-06 20:37:13+00:00,0001617640-25-000094,https://www.sec.gov/Archives/edgar/data/1617640/000161764025000094/z-20250630.htm,11665,1487,data/interim/text/000161764025000094.txt.gz,000161764025000094,2025Q3,2025-08-06 16:37:13-04:00,2025-08-07,2025-08-07,2025-08-07,2025-08-06,85.17500305175781,1237,161
1024,Z,1617640,"ZILLOW GROUP, INC.",7389,"Services-Business Services, NEC",10-Q,2025-10-30,2025-09-30,2025-10-30 20:36:05+00:00,0001617640-25-000150,https://www.sec.gov/Archives/edgar/data/1617640/000161764025000150/z-20250930.htm,12579,1557,data/interim/text/000161764025000150.txt.gz,000161764025000150,2025Q4,2025-10-30 16:36:05-04:00,2025-10-31,2025-10-31,2025-10-31,2025-10-30,71.72000122070312,1297,101
1025,PYPL,1633917,"PayPal Holdings, Inc.",7389,"Services-Business Services, NEC",10-K,2021-02-05,2020-12-31,2021-02-05 00:30:14+00:00,0001633917-21-000018,https://www.sec.gov/Archives/edgar/data/1633917/000163391721000018/pypl-20201231.htm,37250,3198,data/interim/text/000163391721000018.txt.gz,000163391721000018,2021Q1,2021-02-04 19:30:14-05:00,2021-02-05,2021-02-05,2021-02-05,2021-02-04,267.44744873046875,107,1291
1026,PYPL,1633917,"PayPal Holdings, Inc.",7389,"Services-Business Services, NEC",10-Q,2021-05-06,2021-03-31,2021-05-05 22:59:31+00:00,0001633917-21-000100,https://www.sec.gov/Archives/edgar/data/1633917/000163391721000100/pypl-20210331.htm,11776,1498,data/interim/text/000163391721000100.txt.gz,000163391721000100,2021Q2,2021-05-05 18:59:31-04:00,2021-05-06,2021-05-06,2021-05-06,2021-05-05,244.67144775390625,169,1229
1027,PYPL,1633917,"PayPal Holdings, Inc.",7389,"Services-Business Services, NEC",10-Q,2021-07-29,2021-06-30,2021-07-29 20:40:05+00:00,0001633917-21-000149,https://www.sec.gov/Archives/edgar/data/1633917/000163391721000149/pypl-20210630.htm,13121,1582,data/interim/text/000163391721000149.txt.gz,000163391721000149,2021Q3,2021-07-29 16:40:05-04:00,2021-07-30,2021-07-30,2021-07-30,2021-07-29,280.0469665527344,228,1170
1028,PYPL,1633917,"PayPal Holdings, Inc.",7389,"Services-Business Services, NEC",10-Q,2021-11-09,2021-09-30,2021-11-09 00:24:41+00:00,0001633917-21-000169,https://www.sec.gov/Archives/edgar/data/1633917/000163391721000169/pypl-20210930.htm,14351,1708,data/interim/text/000163391721000169.txt.gz,000163391721000169,2021Q4,2021-11-08 19:24:41-05:00,2021-11-09,2021-11-09,2021-11-09,2021-11-08,226.8897399902344,299,1099
1029,PYPL,1633917,"PayPal Holdings, Inc.",7389,"Services-Business Services, NEC",10-K,2022-02-03,2021-12-31,2022-02-03 21:55:53+00:00,0001633917-22-000027,https://www.sec.gov/Archives/edgar/data/1633917/000163391722000027/pypl-20211231.htm,37842,3290,data/interim/text/000163391722000027.txt.gz,000163391722000027,2022Q1,2022-02-03 16:55:53-05:00,2022-02-04,2022-02-04,2022-02-04,2022-02-03,122.92910766601562,359,1039
1030,PYPL,1633917,"PayPal Holdings, Inc.",7389,"Services-Business Services, NEC",10-Q,2022-04-28,2022-03-31,2022-04-28 20:49:04+00:00,0001633917-22-000088,https://www.sec.gov/Archives/edgar/data/1633917/000163391722000088/pypl-20220331.htm,12647,1609,data/interim/text/000163391722000088.txt.gz,000163391722000088,2022Q2,2022-04-28 16:49:04-04:00,2022-04-29,2022-04-29,2022-04-29,2022-04-28,91.07434844970705,417,981
1031,PYPL,1633917,"PayPal Holdings, Inc.",7389,"Services-Business Services, NEC",10-Q,2022-08-03,2022-06-30,2022-08-02 23:32:26+00:00,0001633917-22-000137,https://www.sec.gov/Archives/edgar/data/1633917/000163391722000137/pypl-20220630.htm,16073,1837,data/interim/text/000163391722000137.txt.gz,000163391722000137,2022Q3,2022-08-02 19:32:26-04:00,2022-08-03,2022-08-03,2022-08-03,2022-08-02,88.6414794921875,482,916
1032,PYPL,1633917,"PayPal Holdings, Inc.",7389,"Services-Business Services, NEC",10-Q,2022-11-04,2022-09-30,2022-11-03 23:29:22+00:00,0001633917-22-000167,https://www.sec.gov/Archives/edgar/data/1633917/000163391722000167/pypl-20220930.htm,17043,1897,data/interim/text/000163391722000167.txt.gz,000163391722000167,2022Q4,2022-11-03 19:29:22-04:00,2022-11-04,2022-11-04,2022-11-04,2022-11-03,75.70574188232422,548,850
1033,PYPL,1633917,"PayPal Holdings, Inc.",7389,"Services-Business Services, NEC",10-K,2023-02-10,2022-12-31,2023-02-10 00:38:19+00:00,0001633917-23-000033,https://www.sec.gov/Archives/edgar/data/1633917/000163391723000033/pypl-20221231.htm,37748,3279,data/interim/text/000163391723000033.txt.gz,000163391723000033,2023Q1,2023-02-09 19:38:19-05:00,2023-02-10,2023-02-10,2023-02-10,2023-02-09,77.55510711669922,614,784
1034,PYPL,1633917,"PayPal Holdings, Inc.",7389,"Services-Business Services, NEC",10-Q,2023-05-09,2023-03-31,2023-05-08 23:11:44+00:00,0001633917-23-000072,https://www.sec.gov/Archives/edgar/data/1633917/000163391723000072/pypl-20230331.htm,12975,1564,data/interim/text/000163391723000072.txt.gz,000163391723000072,2023Q2,2023-05-08 19:11:44-04:00,2023-05-09,2023-05-09,2023-05-09,2023-05-08,74.68709564208984,674,724
1035,PYPL,1633917,"PayPal Holdings, Inc.",7389,"Services-Business Services, NEC",10-Q,2023-08-03,2023-06-30,2023-08-02 23:24:53+00:00,0001633917-23-000117,https://www.sec.gov/Archives/edgar/data/1633917/000163391723000117/pypl-20230630.htm,17532,1873,data/interim/text/000163391723000117.txt.gz,000163391723000117,2023Q3,2023-08-02 19:24:53-04:00,2023-08-03,2023-08-03,2023-08-03,2023-08-02,72.39269256591797,733,665
1036,PYPL,1633917,"PayPal Holdings, Inc.",7389,"Services-Business Services, NEC",10-Q,2023-11-02,2023-09-30,2023-11-01 23:36:59+00:00,0001633917-23-000156,https://www.sec.gov/Archives/edgar/data/1633917/000163391723000156/pypl-20230930.htm,19234,2039,data/interim/text/000163391723000156.txt.gz,000163391723000156,2023Q4,2023-11-01 19:36:59-04:00,2023-11-02,2023-11-02,2023-11-02,2023-11-01,51.09024429321289,797,601
1037,PYPL,1633917,"PayPal Holdings, Inc.",7389,"Services-Business Services, NEC",10-K,2024-02-08,2023-12-31,2024-02-08 00:35:06+00:00,0001633917-24-000024,https://www.sec.gov/Archives/edgar/data/1633917/000163391724000024/pypl-20231231.htm,37654,3304,data/interim/text/000163391724000024.txt.gz,000163391724000024,2024Q1,2024-02-07 19:35:06-05:00,2024-02-08,2024-02-08,2024-02-08,2024-02-07,62.54253768920898,863,535
1038,PYPL,1633917,"PayPal Holdings, Inc.",7389,"Services-Business Services, NEC",10-Q,2024-04-30,2024-03-31,2024-04-30 20:49:48+00:00,0001633917-24-000048,https://www.sec.gov/Archives/edgar/data/1633917/000163391724000048/pypl-20240331.htm,13271,1662,data/interim/text/000163391724000048.txt.gz,000163391724000048,2024Q2,2024-04-30 16:49:48-04:00,2024-05-01,2024-05-01,2024-05-01,2024-04-30,67.17091369628906,920,478
1039,PYPL,1633917,"PayPal Holdings, Inc.",7389,"Services-Business Services, NEC",10-Q,2024-07-30,2024-06-30,2024-07-30 20:52:08+00:00,0001633917-24-000098,https://www.sec.gov/Archives/edgar/data/1633917/000163391724000098/pypl-20240630.htm,14482,1742,data/interim/text/000163391724000098.txt.gz,000163391724000098,2024Q3,2024-07-30 16:52:08-04:00,2024-07-31,2024-07-31,2024-07-31,2024-07-30,63.29415130615234,982,416
1040,PYPL,1633917,"PayPal Holdings, Inc.",7389,"Services-Business Services, NEC",10-Q,2024-10-29,2024-09-30,2024-10-29 20:55:06+00:00,0001633917-24-000110,https://www.sec.gov/Archives/edgar/data/1633917/000163391724000110/pypl-20240930.htm,14970,1750,data/interim/text/000163391724000110.txt.gz,000163391724000110,2024Q4,2024-10-29 16:55:06-04:00,2024-10-30,2024-10-30,2024-10-30,2024-10-29,79.39460754394531,1046,352
1041,PYPL,1633917,"PayPal Holdings, Inc.",7389,"Services-Business Services, NEC",10-K,2025-02-04,2024-12-31,2025-02-04 22:25:36+00:00,0001633917-25-000019,https://www.sec.gov/Archives/edgar/data/1633917/000163391725000019/pypl-20241231.htm,35697,3162,data/interim/text/000163391725000019.txt.gz,000163391725000019,2025Q1,2025-02-04 17:25:36-05:00,2025-02-05,2025-02-05,2025-02-05,2025-02-04,76.8677749633789,1111,287
1042,PYPL,1633917,"PayPal Holdings, Inc.",7389,"Services-Business Services, NEC",10-Q,2025-04-29,2025-03-31,2025-04-29 20:54:06+00:00,0001633917-25-000064,https://www.sec.gov/Archives/edgar/data/1633917/000163391725000064/pypl-20250331.htm,13786,1742,data/interim/text/000163391725000064.txt.gz,000163391725000064,2025Q2,2025-04-29 16:54:06-04:00,2025-04-30,2025-04-30,2025-04-30,2025-04-29,65.58856201171875,1169,229
1043,PYPL,1633917,"PayPal Holdings, Inc.",7389,"Services-Business Services, NEC",10-Q,2025-07-29,2025-06-30,2025-07-29 21:06:28+00:00,0001633917-25-000161,https://www.sec.gov/Archives/edgar/data/1633917/000163391725000161/pypl-20250630.htm,15098,1803,data/interim/text/000163391725000161.txt.gz,000163391725000161,2025Q3,2025-07-29 17:06:28-04:00,2025-07-30,2025-07-30,2025-07-30,2025-07-29,70.66197967529297,1231,167
1044,PYPL,1633917,"PayPal Holdings, Inc.",7389,"Services-Business Services, NEC",10-Q,2025-10-28,2025-09-30,2025-10-28 21:10:10+00:00,0001633917-25-000196,https://www.sec.gov/Archives/edgar/data/1633917/000163391725000196/pypl-20250930.htm,17856,2017,data/interim/text/000163391725000196.txt.gz,000163391725000196,2025Q4,2025-10-28 17:10:10-04:00,2025-10-29,2025-10-29,2025-10-29,2025-10-28,72.21466827392578,1295,103
1045,SNOW,1640147,Snowflake Inc.,7372,Services-Prepackaged Software,10-K,2021-03-31,2021-01-31,2021-03-31 20:12:48+00:00,0001640147-21-000073,https://www.sec.gov/Archives/edgar/data/1640147/000164014721000073/snow-20210131.htm,42147,3365,data/interim/text/000164014721000073.txt.gz,000164014721000073,2021Q1,2021-03-31 16:12:48-04:00,2021-04-01,2021-04-01,2021-04-01,2021-03-31,229.27999877929688,135,1253
1046,SNOW,1640147,Snowflake Inc.,7372,Services-Prepackaged Software,10-Q,2021-06-04,2021-04-30,2021-06-04 20:32:41+00:00,0001640147-21-000122,https://www.sec.gov/Archives/edgar/data/1640147/000164014721000122/snow-20210430.htm,28699,2668,data/interim/text/000164014721000122.txt.gz,000164014721000122,2021Q2,2021-06-04 16:32:41-04:00,2021-06-05,2021-06-05,2021-06-07,2021-06-04,242.55999755859372,180,1208
1047,SNOW,1640147,Snowflake Inc.,7372,Services-Prepackaged Software,10-Q,2021-09-02,2021-07-31,2021-09-02 20:58:03+00:00,0001640147-21-000212,https://www.sec.gov/Archives/edgar/data/1640147/000164014721000212/snow-20210731.htm,29178,2680,data/interim/text/000164014721000212.txt.gz,000164014721000212,2021Q3,2021-09-02 16:58:03-04:00,2021-09-03,2021-09-03,2021-09-03,2021-09-02,306.8900146484375,243,1145
1048,SNOW,1640147,Snowflake Inc.,7372,Services-Prepackaged Software,10-Q,2021-12-03,2021-10-31,2021-12-03 21:51:17+00:00,0001640147-21-000271,https://www.sec.gov/Archives/edgar/data/1640147/000164014721000271/snow-20211031.htm,29977,2708,data/interim/text/000164014721000271.txt.gz,000164014721000271,2021Q4,2021-12-03 16:51:17-05:00,2021-12-04,2021-12-04,2021-12-06,2021-12-03,345.1099853515625,307,1081
1049,SNOW,1640147,Snowflake Inc.,7372,Services-Prepackaged Software,10-K,2022-03-30,2022-01-31,2022-03-30 20:18:31+00:00,0001640147-22-000023,https://www.sec.gov/Archives/edgar/data/1640147/000164014722000023/snow-20220131.htm,38275,3293,data/interim/text/000164014722000023.txt.gz,000164014722000023,2022Q1,2022-03-30 16:18:31-04:00,2022-03-31,2022-03-31,2022-03-31,2022-03-30,231.6300048828125,387,1001
1050,SNOW,1640147,Snowflake Inc.,7372,Services-Prepackaged Software,10-Q,2022-06-03,2022-04-30,2022-06-03 20:10:48+00:00,0001640147-22-000044,https://www.sec.gov/Archives/edgar/data/1640147/000164014722000044/snow-20220430.htm,29434,2694,data/interim/text/000164014722000044.txt.gz,000164014722000044,2022Q2,2022-06-03 16:10:48-04:00,2022-06-04,2022-06-04,2022-06-06,2022-06-03,129.82000732421875,432,956
1051,SNOW,1640147,Snowflake Inc.,7372,Services-Prepackaged Software,10-Q,2022-09-01,2022-07-31,2022-09-01 20:08:55+00:00,0001640147-22-000084,https://www.sec.gov/Archives/edgar/data/1640147/000164014722000084/snow-20220731.htm,30767,2723,data/interim/text/000164014722000084.txt.gz,000164014722000084,2022Q3,2022-09-01 16:08:55-04:00,2022-09-02,2022-09-02,2022-09-02,2022-09-01,173.14999389648438,494,894
1052,SNOW,1640147,Snowflake Inc.,7372,Services-Prepackaged Software,10-Q,2022-12-02,2022-10-31,2022-12-02 21:14:33+00:00,0001640147-22-000100,https://www.sec.gov/Archives/edgar/data/1640147/000164014722000100/snow-20221031.htm,31236,2725,data/interim/text/000164014722000100.txt.gz,000164014722000100,2022Q4,2022-12-02 16:14:33-05:00,2022-12-03,2022-12-03,2022-12-05,2022-12-02,149.74000549316406,558,830
1053,SNOW,1640147,Snowflake Inc.,7372,Services-Prepackaged Software,10-K,2023-03-29,2023-01-31,2023-03-29 20:15:47+00:00,0001640147-23-000030,https://www.sec.gov/Archives/edgar/data/1640147/000164014723000030/snow-20230131.htm,41345,3372,data/interim/text/000164014723000030.txt.gz,000164014723000030,2023Q1,2023-03-29 16:15:47-04:00,2023-03-30,2023-03-30,2023-03-30,2023-03-29,137.4600067138672,637,751
1054,SNOW,1640147,Snowflake Inc.,7372,Services-Prepackaged Software,10-Q,2023-06-02,2023-04-30,2023-06-02 20:16:48+00:00,0001640147-23-000102,https://www.sec.gov/Archives/edgar/data/1640147/000164014723000102/snow-20230430.htm,30798,2705,data/interim/text/000164014723000102.txt.gz,000164014723000102,2023Q2,2023-06-02 16:16:48-04:00,2023-06-03,2023-06-03,2023-06-05,2023-06-02,175.2100067138672,682,706
1055,SNOW,1640147,Snowflake Inc.,7372,Services-Prepackaged Software,10-Q,2023-08-31,2023-07-31,2023-08-31 20:13:47+00:00,0001640147-23-000199,https://www.sec.gov/Archives/edgar/data/1640147/000164014723000199/snow-20230731.htm,31688,2718,data/interim/text/000164014723000199.txt.gz,000164014723000199,2023Q3,2023-08-31 16:13:47-04:00,2023-09-01,2023-09-01,2023-09-01,2023-08-31,156.85000610351562,744,644
1056,SNOW,1640147,Snowflake Inc.,7372,Services-Prepackaged Software,10-Q,2023-12-01,2023-10-31,2023-12-01 21:12:48+00:00,0001640147-23-000260,https://www.sec.gov/Archives/edgar/data/1640147/000164014723000260/snow-20231031.htm,32771,2760,data/interim/text/000164014723000260.txt.gz,000164014723000260,2023Q4,2023-12-01 16:12:48-05:00,2023-12-02,2023-12-02,2023-12-04,2023-12-01,185.97000122070312,808,580
1057,SNOW,1640147,Snowflake Inc.,7372,Services-Prepackaged Software,10-K,2024-03-26,2024-01-31,2024-03-26 20:16:31+00:00,0001640147-24-000101,https://www.sec.gov/Archives/edgar/data/1640147/000164014724000101/snow-20240131.htm,44955,3580,data/interim/text/000164014724000101.txt.gz,000164014724000101,2024Q1,2024-03-26 16:16:31-04:00,2024-03-27,2024-03-27,2024-03-27,2024-03-26,158.02000427246094,886,502
1058,SNOW,1640147,Snowflake Inc.,7372,Services-Prepackaged Software,10-Q,2024-05-31,2024-04-30,2024-05-31 20:13:03+00:00,0001640147-24-000135,https://www.sec.gov/Archives/edgar/data/1640147/000164014724000135/snow-20240430.htm,33730,2865,data/interim/text/000164014724000135.txt.gz,000164014724000135,2024Q2,2024-05-31 16:13:03-04:00,2024-06-01,2024-06-01,2024-06-03,2024-05-31,136.17999267578125,932,456
1059,SNOW,1640147,Snowflake Inc.,7372,Services-Prepackaged Software,10-Q,2024-08-29,2024-07-31,2024-08-29 20:18:21+00:00,0001640147-24-000207,https://www.sec.gov/Archives/edgar/data/1640147/000164014724000207/snow-20240731.htm,35157,2932,data/interim/text/000164014724000207.txt.gz,000164014724000207,2024Q3,2024-08-29 16:18:21-04:00,2024-08-30,2024-08-30,2024-08-30,2024-08-29,114.13999938964844,994,394
1060,SNOW,1640147,Snowflake Inc.,7372,Services-Prepackaged Software,10-Q,2024-11-27,2024-10-31,2024-11-27 21:22:59+00:00,0001640147-24-000250,https://www.sec.gov/Archives/edgar/data/1640147/000164014724000250/snow-20241031.htm,38989,3085,data/interim/text/000164014724000250.txt.gz,000164014724000250,2024Q4,2024-11-27 16:22:59-05:00,2024-11-28,2024-11-28,2024-11-29,2024-11-27,173.6999969482422,1057,331
1061,SNOW,1640147,Snowflake Inc.,7372,Services-Prepackaged Software,10-K,2025-03-21,2025-01-31,2025-03-21 20:19:20+00:00,0001640147-25-000052,https://www.sec.gov/Archives/edgar/data/1640147/000164014725000052/snow-20250131.htm,49716,3780,data/interim/text/000164014725000052.txt.gz,000164014725000052,2025Q1,2025-03-21 16:19:20-04:00,2025-03-22,2025-03-22,2025-03-24,2025-03-21,158.38999938964844,1133,255
1062,SNOW,1640147,Snowflake Inc.,7372,Services-Prepackaged Software,10-Q,2025-05-30,2025-04-30,2025-05-30 20:17:09+00:00,0001640147-25-000110,https://www.sec.gov/Archives/edgar/data/1640147/000164014725000110/snow-20250430.htm,39197,3166,data/interim/text/000164014725000110.txt.gz,000164014725000110,2025Q2,2025-05-30 16:17:09-04:00,2025-05-31,2025-05-31,2025-06-02,2025-05-30,205.6699981689453,1181,207
1063,SNOW,1640147,Snowflake Inc.,7372,Services-Prepackaged Software,10-Q,2025-09-05,2025-07-31,2025-09-05 20:16:10+00:00,0001640147-25-000187,https://www.sec.gov/Archives/edgar/data/1640147/000164014725000187/snow-20250731.htm,40121,3205,data/interim/text/000164014725000187.txt.gz,000164014725000187,2025Q3,2025-09-05 16:16:10-04:00,2025-09-06,2025-09-06,2025-09-08,2025-09-05,225.5800018310547,1248,140
1064,SNOW,1640147,Snowflake Inc.,7372,Services-Prepackaged Software,10-Q,2025-12-05,2025-10-31,2025-12-05 21:12:07+00:00,0001640147-25-000211,https://www.sec.gov/Archives/edgar/data/1640147/000164014725000211/snow-20251031.htm,41232,3215,data/interim/text/000164014725000211.txt.gz,000164014725000211,2025Q4,2025-12-05 16:12:07-05:00,2025-12-06,2025-12-06,2025-12-08,2025-12-05,228.7899932861328,1312,76
1066,TOST,1650164,"Toast, Inc.",7374,Services-Computer Processing & Data Preparation,10-K,2022-03-01,2021-12-31,2022-03-01 21:07:09+00:00,0001650164-22-000009,https://www.sec.gov/Archives/edgar/data/1650164/000165016422000009/tost-20211231.htm,55217,4028,data/interim/text/000165016422000009.txt.gz,000165016422000009,2022Q1,2022-03-01 16:07:09-05:00,2022-03-02,2022-03-02,2022-03-02,2022-03-01,19.59000015258789,110,1022
1067,TOST,1650164,"Toast, Inc.",7374,Services-Computer Processing & Data Preparation,10-Q,2022-05-13,2022-03-31,2022-05-13 20:03:29+00:00,0001650164-22-000031,https://www.sec.gov/Archives/edgar/data/1650164/000165016422000031/tost-20220331.htm,42177,3275,data/interim/text/000165016422000031.txt.gz,000165016422000031,2022Q2,2022-05-13 16:03:29-04:00,2022-05-14,2022-05-14,2022-05-16,2022-05-13,14.989999771118164,162,970
1068,TOST,1650164,"Toast, Inc.",7374,Services-Computer Processing & Data Preparation,10-Q,2022-08-12,2022-06-30,2022-08-12 20:02:25+00:00,0001650164-22-000092,https://www.sec.gov/Archives/edgar/data/1650164/000165016422000092/tost-20220630.htm,42256,3270,data/interim/text/000165016422000092.txt.gz,000165016422000092,2022Q3,2022-08-12 16:02:25-04:00,2022-08-13,2022-08-13,2022-08-15,2022-08-12,19.63999938964844,224,908
1069,TOST,1650164,"Toast, Inc.",7374,Services-Computer Processing & Data Preparation,10-Q,2022-11-14,2022-09-30,2022-11-10 23:04:37+00:00,0001650164-22-000142,https://www.sec.gov/Archives/edgar/data/1650164/000165016422000142/tost-20220930.htm,42609,3278,data/interim/text/000165016422000142.txt.gz,000165016422000142,2022Q4,2022-11-10 18:04:37-05:00,2022-11-11,2022-11-14,2022-11-14,2022-11-11,20.479999542236328,288,844
1070,TOST,1650164,"Toast, Inc.",7374,Services-Computer Processing & Data Preparation,10-K,2023-03-01,2022-12-31,2023-03-01 21:02:17+00:00,0001650164-23-000069,https://www.sec.gov/Archives/edgar/data/1650164/000165016423000069/tost-20221231.htm,54735,3962,data/interim/text/000165016423000069.txt.gz,000165016423000069,2023Q1,2023-03-01 16:02:17-05:00,2023-03-02,2023-03-02,2023-03-02,2023-03-01,18.40999984741211,361,771
1071,TOST,1650164,"Toast, Inc.",7374,Services-Computer Processing & Data Preparation,10-Q,2023-05-10,2023-03-31,2023-05-09 22:03:01+00:00,0001650164-23-000168,https://www.sec.gov/Archives/edgar/data/1650164/000165016423000168/tost-20230331.htm,41444,3231,data/interim/text/000165016423000168.txt.gz,000165016423000168,2023Q2,2023-05-09 18:03:01-04:00,2023-05-10,2023-05-10,2023-05-10,2023-05-09,19.459999084472656,409,723
1072,TOST,1650164,"Toast, Inc.",7374,Services-Computer Processing & Data Preparation,10-Q,2023-08-09,2023-06-30,2023-08-08 21:59:42+00:00,0001650164-23-000305,https://www.sec.gov/Archives/edgar/data/1650164/000165016423000305/tost-20230630.htm,41481,3237,data/interim/text/000165016423000305.txt.gz,000165016423000305,2023Q3,2023-08-08 17:59:42-04:00,2023-08-09,2023-08-09,2023-08-09,2023-08-08,20.21999931335449,471,661
1073,TOST,1650164,"Toast, Inc.",7374,Services-Computer Processing & Data Preparation,10-Q,2023-11-08,2023-09-30,2023-11-07 22:50:11+00:00,0001650164-23-000369,https://www.sec.gov/Archives/edgar/data/1650164/000165016423000369/tost-20230930.htm,41142,3208,data/interim/text/000165016423000369.txt.gz,000165016423000369,2023Q4,2023-11-07 17:50:11-05:00,2023-11-08,2023-11-08,2023-11-08,2023-11-07,17.25,535,597
1074,TOST,1650164,"Toast, Inc.",7374,Services-Computer Processing & Data Preparation,10-K,2024-02-27,2023-12-31,2024-02-27 21:04:51+00:00,0001650164-24-000084,https://www.sec.gov/Archives/edgar/data/1650164/000165016424000084/tost-20231231.htm,52674,3998,data/interim/text/000165016424000084.txt.gz,000165016424000084,2024Q1,2024-02-27 16:04:51-05:00,2024-02-28,2024-02-28,2024-02-28,2024-02-27,22.1200008392334,610,522
1075,TOST,1650164,"Toast, Inc.",7374,Services-Computer Processing & Data Preparation,10-Q,2024-05-08,2024-03-31,2024-05-07 21:49:53+00:00,0001650164-24-000177,https://www.sec.gov/Archives/edgar/data/1650164/000165016424000177/tost-20240331.htm,6701,1108,data/interim/text/000165016424000177.txt.gz,000165016424000177,2024Q2,2024-05-07 17:49:53-04:00,2024-05-08,2024-05-08,2024-05-08,2024-05-07,23.729999542236328,659,473
1076,TOST,1650164,"Toast, Inc.",7374,Services-Computer Processing & Data Preparation,10-Q,2024-08-07,2024-06-30,2024-08-06 21:48:21+00:00,0001650164-24-000283,https://www.sec.gov/Archives/edgar/data/1650164/000165016424000283/tost-20240630.htm,6984,1116,data/interim/text/000165016424000283.txt.gz,000165016424000283,2024Q3,2024-08-06 17:48:21-04:00,2024-08-07,2024-08-07,2024-08-07,2024-08-06,24.190000534057617,721,411
1077,TOST,1650164,"Toast, Inc.",7374,Services-Computer Processing & Data Preparation,10-Q,2024-11-08,2024-09-30,2024-11-07 22:57:39+00:00,0001650164-24-000383,https://www.sec.gov/Archives/edgar/data/1650164/000165016424000383/tost-20240930.htm,7124,1138,data/interim/text/000165016424000383.txt.gz,000165016424000383,2024Q4,2024-11-07 17:57:39-05:00,2024-11-08,2024-11-08,2024-11-08,2024-11-07,32.66999816894531,787,345
1078,TOST,1650164,"Toast, Inc.",7374,Services-Computer Processing & Data Preparation,10-K,2025-02-26,2024-12-31,2025-02-26 21:52:42+00:00,0001650164-25-000072,https://www.sec.gov/Archives/edgar/data/1650164/000165016425000072/tost-20241231.htm,50266,3847,data/interim/text/000165016425000072.txt.gz,000165016425000072,2025Q1,2025-02-26 16:52:42-05:00,2025-02-27,2025-02-27,2025-02-27,2025-02-26,37.63999938964844,860,272
1079,TOST,1650164,"Toast, Inc.",7374,Services-Computer Processing & Data Preparation,10-Q,2025-05-09,2025-03-31,2025-05-08 22:10:07+00:00,0001650164-25-000177,https://www.sec.gov/Archives/edgar/data/1650164/000165016425000177/tost-20250331.htm,7547,1227,data/interim/text/000165016425000177.txt.gz,000165016425000177,2025Q2,2025-05-08 18:10:07-04:00,2025-05-09,2025-05-09,2025-05-09,2025-05-08,36.650001525878906,910,222
1080,TOST,1650164,"Toast, Inc.",7374,Services-Computer Processing & Data Preparation,10-Q,2025-08-06,2025-06-30,2025-08-05 22:04:37+00:00,0001650164-25-000290,https://www.sec.gov/Archives/edgar/data/1650164/000165016425000290/tost-20250630.htm,7056,1133,data/interim/text/000165016425000290.txt.gz,000165016425000290,2025Q3,2025-08-05 18:04:37-04:00,2025-08-06,2025-08-06,2025-08-06,2025-08-05,47.709999084472656,970,162
1081,TOST,1650164,"Toast, Inc.",7374,Services-Computer Processing & Data Preparation,10-Q,2025-11-05,2025-09-30,2025-11-04 23:14:42+00:00,0001650164-25-000341,https://www.sec.gov/Archives/edgar/data/1650164/000165016425000341/tost-20250930.htm,7133,1131,data/interim/text/000165016425000341.txt.gz,000165016425000341,2025Q4,2025-11-04 18:14:42-05:00,2025-11-05,2025-11-05,2025-11-05,2025-11-04,35.63999938964844,1034,98
1082,GOOG,1652044,Alphabet Inc.,7370,"Services-Computer Programming, Data Processing, Etc.",10-K,2021-02-03,2020-12-31,2021-02-03 01:12:25+00:00,0001652044-21-000010,https://www.sec.gov/Archives/edgar/data/1652044/000165204421000010/goog-20201231.htm,32524,3284,data/interim/text/000165204421000010.txt.gz,000165204421000010,2021Q1,2021-02-02 20:12:25-05:00,2021-02-03,2021-02-03,2021-02-03,2021-02-02,95.47122955322266,105,1293
1083,GOOG,1652044,Alphabet Inc.,7370,"Services-Computer Programming, Data Processing, Etc.",10-Q,2021-04-28,2021-03-31,2021-04-27 23:17:57+00:00,0001652044-21-000020,https://www.sec.gov/Archives/edgar/data/1652044/000165204421000020/goog-20210331.htm,9285,1255,data/interim/text/000165204421000020.txt.gz,000165204421000020,2021Q2,2021-04-27 19:17:57-04:00,2021-04-28,2021-04-28,2021-04-28,2021-04-27,114.27365112304688,163,1235
1084,GOOG,1652044,Alphabet Inc.,7370,"Services-Computer Programming, Data Processing, Etc.",10-Q,2021-07-28,2021-06-30,2021-07-28 00:16:30+00:00,0001652044-21-000047,https://www.sec.gov/Archives/edgar/data/1652044/000165204421000047/goog-20210630.htm,10801,1312,data/interim/text/000165204421000047.txt.gz,000165204421000047,2021Q3,2021-07-27 20:16:30-04:00,2021-07-28,2021-07-28,2021-07-28,2021-07-27,135.51296997070312,226,1172
1085,GOOG,1652044,Alphabet Inc.,7370,"Services-Computer Programming, Data Processing, Etc.",10-Q,2021-10-27,2021-09-30,2021-10-26 23:47:06+00:00,0001652044-21-000057,https://www.sec.gov/Archives/edgar/data/1652044/000165204421000057/goog-20210930.htm,10806,1317,data/interim/text/000165204421000057.txt.gz,000165204421000057,2021Q4,2021-10-26 19:47:06-04:00,2021-10-27,2021-10-27,2021-10-27,2021-10-26,138.3614959716797,290,1108
1086,GOOG,1652044,Alphabet Inc.,7370,"Services-Computer Programming, Data Processing, Etc.",10-K,2022-02-02,2021-12-31,2022-02-02 02:08:02+00:00,0001652044-22-000019,https://www.sec.gov/Archives/edgar/data/1652044/000165204422000019/goog-20211231.htm,30847,3240,data/interim/text/000165204422000019.txt.gz,000165204422000019,2022Q1,2022-02-01 21:08:02-05:00,2022-02-02,2022-02-02,2022-02-02,2022-02-01,136.58480834960938,357,1041
1087,GOOG,1652044,Alphabet Inc.,7370,"Services-Computer Programming, Data Processing, Etc.",10-Q,2022-04-27,2022-03-31,2022-04-27 00:51:20+00:00,0001652044-22-000029,https://www.sec.gov/Archives/edgar/data/1652044/000165204422000029/goog-20220331.htm,8534,1238,data/interim/text/000165204422000029.txt.gz,000165204422000029,2022Q2,2022-04-26 20:51:20-04:00,2022-04-27,2022-04-27,2022-04-27,2022-04-26,118.38471221923828,415,983
1088,GOOG,1652044,Alphabet Inc.,7370,"Services-Computer Programming, Data Processing, Etc.",10-Q,2022-07-27,2022-06-30,2022-07-26 23:29:36+00:00,0001652044-22-000071,https://www.sec.gov/Archives/edgar/data/1652044/000165204422000071/goog-20220630.htm,9377,1255,data/interim/text/000165204422000071.txt.gz,000165204422000071,2022Q3,2022-07-26 19:29:36-04:00,2022-07-27,2022-07-27,2022-07-27,2022-07-26,104.45069885253906,477,921
1089,GOOG,1652044,Alphabet Inc.,7370,"Services-Computer Programming, Data Processing, Etc.",10-Q,2022-10-26,2022-09-30,2022-10-26 01:32:59+00:00,0001652044-22-000090,https://www.sec.gov/Archives/edgar/data/1652044/000165204422000090/goog-20220930.htm,10554,1458,data/interim/text/000165204422000090.txt.gz,000165204422000090,2022Q4,2022-10-25 21:32:59-04:00,2022-10-26,2022-10-26,2022-10-26,2022-10-25,103.94546508789062,541,857
1090,GOOG,1652044,Alphabet Inc.,7370,"Services-Computer Programming, Data Processing, Etc.",10-K,2023-02-03,2022-12-31,2023-02-03 02:23:45+00:00,0001652044-23-000016,https://www.sec.gov/Archives/edgar/data/1652044/000165204423000016/goog-20221231.htm,29643,3144,data/interim/text/000165204423000016.txt.gz,000165204423000016,2023Q1,2023-02-02 21:23:45-05:00,2023-02-03,2023-02-03,2023-02-03,2023-02-02,107.77915954589844,609,789
1091,GOOG,1652044,Alphabet Inc.,7370,"Services-Computer Programming, Data Processing, Etc.",10-Q,2023-04-26,2023-03-31,2023-04-26 00:15:00+00:00,0001652044-23-000045,https://www.sec.gov/Archives/edgar/data/1652044/000165204423000045/goog-20230331.htm,9071,1257,data/interim/text/000165204423000045.txt.gz,000165204423000045,2023Q2,2023-04-25 20:15:00-04:00,2023-04-26,2023-04-26,2023-04-26,2023-04-25,103.62847900390624,665,733
1092,GOOG,1652044,Alphabet Inc.,7370,"Services-Computer Programming, Data Processing, Etc.",10-Q,2023-07-26,2023-06-30,2023-07-25 23:13:26+00:00,0001652044-23-000070,https://www.sec.gov/Archives/edgar/data/1652044/000165204423000070/goog-20230630.htm,10425,1297,data/interim/text/000165204423000070.txt.gz,000165204423000070,2023Q3,2023-07-25 19:13:26-04:00,2023-07-26,2023-07-26,2023-07-26,2023-07-25,121.63790130615234,727,671
1093,GOOG,1652044,Alphabet Inc.,7370,"Services-Computer Programming, Data Processing, Etc.",10-Q,2023-10-25,2023-09-30,2023-10-24 22:39:13+00:00,0001652044-23-000094,https://www.sec.gov/Archives/edgar/data/1652044/000165204423000094/goog-20230930.htm,10812,1310,data/interim/text/000165204423000094.txt.gz,000165204423000094,2023Q4,2023-10-24 18:39:13-04:00,2023-10-25,2023-10-25,2023-10-25,2023-10-24,138.80528259277344,791,607
1094,GOOG,1652044,Alphabet Inc.,7370,"Services-Computer Programming, Data Processing, Etc.",10-K,2024-01-31,2023-12-31,2024-01-31 02:43:43+00:00,0001652044-24-000022,https://www.sec.gov/Archives/edgar/data/1652044/000165204424000022/goog-20231231.htm,32116,3337,data/interim/text/000165204424000022.txt.gz,000165204424000022,2024Q1,2024-01-30 21:43:43-05:00,2024-01-31,2024-01-31,2024-01-31,2024-01-30,151.6139678955078,857,541
1095,GOOG,1652044,Alphabet Inc.,7370,"Services-Computer Programming, Data Processing, Etc.",10-Q,2024-04-26,2024-03-31,2024-04-26 00:22:11+00:00,0001652044-24-000053,https://www.sec.gov/Archives/edgar/data/1652044/000165204424000053/goog-20240331.htm,9779,1364,data/interim/text/000165204424000053.txt.gz,000165204424000053,2024Q2,2024-04-25 20:22:11-04:00,2024-04-26,2024-04-26,2024-04-26,2024-04-25,156.46798706054688,917,481
1096,GOOG,1652044,Alphabet Inc.,7370,"Services-Computer Programming, Data Processing, Etc.",10-Q,2024-07-24,2024-06-30,2024-07-23 23:12:07+00:00,0001652044-24-000079,https://www.sec.gov/Archives/edgar/data/1652044/000165204424000079/goog-20240630.htm,10167,1352,data/interim/text/000165204424000079.txt.gz,000165204424000079,2024Q3,2024-07-23 19:12:07-04:00,2024-07-24,2024-07-24,2024-07-24,2024-07-23,182.0842742919922,977,421
1097,GOOG,1652044,Alphabet Inc.,7370,"Services-Computer Programming, Data Processing, Etc.",10-Q,2024-10-30,2024-09-30,2024-10-29 23:33:10+00:00,0001652044-24-000118,https://www.sec.gov/Archives/edgar/data/1652044/000165204424000118/goog-20240930.htm,10866,1455,data/interim/text/000165204424000118.txt.gz,000165204424000118,2024Q4,2024-10-29 19:33:10-04:00,2024-10-30,2024-10-30,2024-10-30,2024-10-29,169.95059204101562,1046,352
1098,GOOG,1652044,Alphabet Inc.,7370,"Services-Computer Programming, Data Processing, Etc.",10-K,2025-02-05,2024-12-31,2025-02-05 01:41:40+00:00,0001652044-25-000014,https://www.sec.gov/Archives/edgar/data/1652044/000165204425000014/goog-20241231.htm,32555,3331,data/interim/text/000165204425000014.txt.gz,000165204425000014,2025Q1,2025-02-04 20:41:40-05:00,2025-02-05,2025-02-05,2025-02-05,2025-02-04,206.5004119873047,1111,287
1099,GOOG,1652044,Alphabet Inc.,7370,"Services-Computer Programming, Data Processing, Etc.",10-Q,2025-04-25,2025-03-31,2025-04-25 01:05:29+00:00,0001652044-25-000043,https://www.sec.gov/Archives/edgar/data/1652044/000165204425000043/goog-20250331.htm,9051,1295,data/interim/text/000165204425000043.txt.gz,000165204425000043,2025Q2,2025-04-24 21:05:29-04:00,2025-04-25,2025-04-25,2025-04-25,2025-04-24,160.71258544921875,1166,232
1100,GOOG,1652044,Alphabet Inc.,7370,"Services-Computer Programming, Data Processing, Etc.",10-Q,2025-07-24,2025-06-30,2025-07-23 23:44:01+00:00,0001652044-25-000062,https://www.sec.gov/Archives/edgar/data/1652044/000165204425000062/goog-20250630.htm,9597,1307,data/interim/text/000165204425000062.txt.gz,000165204425000062,2025Q3,2025-07-23 19:44:01-04:00,2025-07-24,2025-07-24,2025-07-24,2025-07-23,190.84075927734372,1227,171
1101,GOOG,1652044,Alphabet Inc.,7370,"Services-Computer Programming, Data Processing, Etc.",10-Q,2025-10-30,2025-09-30,2025-10-30 01:55:01+00:00,0001652044-25-000091,https://www.sec.gov/Archives/edgar/data/1652044/000165204425000091/goog-20250930.htm,9808,1331,data/interim/text/000165204425000091.txt.gz,000165204425000091,2025Q4,2025-10-29 21:55:01-04:00,2025-10-30,2025-10-30,2025-10-30,2025-10-29,274.4535217285156,1296,102
1102,NTLA,1652130,"Intellia Therapeutics, Inc.",2835,In Vitro & In Vivo Diagnostic Substances,10-K,2021-02-26,2020-12-31,2021-02-25 23:10:26+00:00,0001564590-21-009011,https://www.sec.gov/Archives/edgar/data/1652130/000156459021009011/ntla-10k_20201231.htm,68419,4528,data/interim/text/000156459021009011.txt.gz,000156459021009011,2021Q1,2021-02-25 18:10:26-05:00,2021-02-26,2021-02-26,2021-02-26,2021-02-25,57.470001220703125,121,1277
1103,NTLA,1652130,"Intellia Therapeutics, Inc.",2835,In Vitro & In Vivo Diagnostic Substances,10-Q,2021-05-06,2021-03-31,2021-05-06 20:06:36+00:00,0001564590-21-024947,https://www.sec.gov/Archives/edgar/data/1652130/000156459021024947/ntla-10q_20210331.htm,43031,3589,data/interim/text/000156459021024947.txt.gz,000156459021024947,2021Q2,2021-05-06 16:06:36-04:00,2021-05-07,2021-05-07,2021-05-07,2021-05-06,66.4800033569336,170,1228
1104,NTLA,1652130,"Intellia Therapeutics, Inc.",2835,In Vitro & In Vivo Diagnostic Substances,10-Q,2021-08-05,2021-06-30,2021-08-05 20:47:34+00:00,0001564590-21-041673,https://www.sec.gov/Archives/edgar/data/1652130/000156459021041673/ntla-10q_20210630.htm,46622,3753,data/interim/text/000156459021041673.txt.gz,000156459021041673,2021Q3,2021-08-05 16:47:34-04:00,2021-08-06,2021-08-06,2021-08-06,2021-08-05,165.16000366210938,233,1165
1105,NTLA,1652130,"Intellia Therapeutics, Inc.",2835,In Vitro & In Vivo Diagnostic Substances,10-Q,2021-11-04,2021-09-30,2021-11-04 20:32:07+00:00,0000950170-21-003088,https://www.sec.gov/Archives/edgar/data/1652130/000095017021003088/ntla-20210930.htm,47292,3837,data/interim/text/000095017021003088.txt.gz,000095017021003088,2021Q4,2021-11-04 16:32:07-04:00,2021-11-05,2021-11-05,2021-11-05,2021-11-04,133.94000244140625,297,1101
1106,NTLA,1652130,"Intellia Therapeutics, Inc.",2835,In Vitro & In Vivo Diagnostic Substances,10-K,2022-02-24,2021-12-31,2022-02-24 21:22:35+00:00,0000950170-22-001981,https://www.sec.gov/Archives/edgar/data/1652130/000095017022001981/ntla-20211231.htm,76876,4955,data/interim/text/000095017022001981.txt.gz,000095017022001981,2022Q1,2022-02-24 16:22:35-05:00,2022-02-25,2022-02-25,2022-02-25,2022-02-24,87.45999908447266,373,1025
1107,NTLA,1652130,"Intellia Therapeutics, Inc.",2835,In Vitro & In Vivo Diagnostic Substances,10-Q,2022-05-05,2022-03-31,2022-05-05 20:06:30+00:00,0000950170-22-007805,https://www.sec.gov/Archives/edgar/data/1652130/000095017022007805/ntla-20220331.htm,46487,3710,data/interim/text/000095017022007805.txt.gz,000095017022007805,2022Q2,2022-05-05 16:06:30-04:00,2022-05-06,2022-05-06,2022-05-06,2022-05-05,50.02999877929688,422,976
1108,NTLA,1652130,"Intellia Therapeutics, Inc.",2835,In Vitro & In Vivo Diagnostic Substances,10-Q,2022-08-04,2022-06-30,2022-08-04 20:04:02+00:00,0000950170-22-014731,https://www.sec.gov/Archives/edgar/data/1652130/000095017022014731/ntla-20220630.htm,46952,3736,data/interim/text/000095017022014731.txt.gz,000095017022014731,2022Q3,2022-08-04 16:04:02-04:00,2022-08-05,2022-08-05,2022-08-05,2022-08-04,65.43000030517578,484,914
1109,NTLA,1652130,"Intellia Therapeutics, Inc.",2835,In Vitro & In Vivo Diagnostic Substances,10-Q,2022-11-03,2022-09-30,2022-11-03 20:03:31+00:00,0000950170-22-021835,https://www.sec.gov/Archives/edgar/data/1652130/000095017022021835/ntla-20220930.htm,47500,3774,data/interim/text/000095017022021835.txt.gz,000095017022021835,2022Q4,2022-11-03 16:03:31-04:00,2022-11-04,2022-11-04,2022-11-04,2022-11-03,51.61000061035156,548,850
1110,NTLA,1652130,"Intellia Therapeutics, Inc.",2835,In Vitro & In Vivo Diagnostic Substances,10-K,2023-02-23,2022-12-31,2023-02-23 21:07:39+00:00,0000950170-23-004097,https://www.sec.gov/Archives/edgar/data/1652130/000095017023004097/ntla-20221231.htm,74665,4899,data/interim/text/000095017023004097.txt.gz,000095017023004097,2023Q1,2023-02-23 16:07:39-05:00,2023-02-24,2023-02-24,2023-02-24,2023-02-23,38.970001220703125,623,775
1111,NTLA,1652130,"Intellia Therapeutics, Inc.",2835,In Vitro & In Vivo Diagnostic Substances,10-Q,2023-05-04,2023-03-31,2023-05-04 20:12:48+00:00,0000950170-23-017866,https://www.sec.gov/Archives/edgar/data/1652130/000095017023017866/ntla-20230331.htm,41791,3456,data/interim/text/000095017023017866.txt.gz,000095017023017866,2023Q2,2023-05-04 16:12:48-04:00,2023-05-05,2023-05-05,2023-05-05,2023-05-04,43.650001525878906,672,726
1112,NTLA,1652130,"Intellia Therapeutics, Inc.",2835,In Vitro & In Vivo Diagnostic Substances,10-Q,2023-08-03,2023-06-30,2023-08-03 20:13:53+00:00,0000950170-23-037996,https://www.sec.gov/Archives/edgar/data/1652130/000095017023037996/ntla-20230630.htm,42877,3446,data/interim/text/000095017023037996.txt.gz,000095017023037996,2023Q3,2023-08-03 16:13:53-04:00,2023-08-04,2023-08-04,2023-08-04,2023-08-03,39.09000015258789,734,664
1113,NTLA,1652130,"Intellia Therapeutics, Inc.",2835,In Vitro & In Vivo Diagnostic Substances,10-Q,2023-11-09,2023-09-30,2023-11-09 21:05:36+00:00,0000950170-23-062011,https://www.sec.gov/Archives/edgar/data/1652130/000095017023062011/ntla-20230930.htm,43334,3483,data/interim/text/000095017023062011.txt.gz,000095017023062011,2023Q4,2023-11-09 16:05:36-05:00,2023-11-10,2023-11-10,2023-11-10,2023-11-09,24.959999084472656,803,595
1114,NTLA,1652130,"Intellia Therapeutics, Inc.",2835,In Vitro & In Vivo Diagnostic Substances,10-K,2024-02-22,2023-12-31,2024-02-22 21:02:42+00:00,0000950170-24-018736,https://www.sec.gov/Archives/edgar/data/1652130/000095017024018736/ntla-20231231.htm,73022,4775,data/interim/text/000095017024018736.txt.gz,000095017024018736,2024Q1,2024-02-22 16:02:42-05:00,2024-02-23,2024-02-23,2024-02-23,2024-02-22,27.18000030517578,873,525
1115,NTLA,1652130,"Intellia Therapeutics, Inc.",2835,In Vitro & In Vivo Diagnostic Substances,10-Q,2024-05-09,2024-03-31,2024-05-09 20:25:24+00:00,0000950170-24-057046,https://www.sec.gov/Archives/edgar/data/1652130/000095017024057046/ntla-20240331.htm,41394,3371,data/interim/text/000095017024057046.txt.gz,000095017024057046,2024Q2,2024-05-09 16:25:24-04:00,2024-05-10,2024-05-10,2024-05-10,2024-05-09,24.86000061035156,927,471
1116,NTLA,1652130,"Intellia Therapeutics, Inc.",2835,In Vitro & In Vivo Diagnostic Substances,10-Q,2024-08-08,2024-06-30,2024-08-08 20:06:13+00:00,0000950170-24-093907,https://www.sec.gov/Archives/edgar/data/1652130/000095017024093907/ntla-20240630.htm,42530,3445,data/interim/text/000095017024093907.txt.gz,000095017024093907,2024Q3,2024-08-08 16:06:13-04:00,2024-08-09,2024-08-09,2024-08-09,2024-08-08,22.3799991607666,989,409
1117,NTLA,1652130,"Intellia Therapeutics, Inc.",2835,In Vitro & In Vivo Diagnostic Substances,10-Q,2024-11-07,2024-09-30,2024-11-07 21:05:30+00:00,0000950170-24-123276,https://www.sec.gov/Archives/edgar/data/1652130/000095017024123276/ntla-20240930.htm,42854,3477,data/interim/text/000095017024123276.txt.gz,000095017024123276,2024Q4,2024-11-07 16:05:30-05:00,2024-11-08,2024-11-08,2024-11-08,2024-11-07,16.0,1053,345
1118,NTLA,1652130,"Intellia Therapeutics, Inc.",2835,In Vitro & In Vivo Diagnostic Substances,10-K,2025-02-27,2024-12-31,2025-02-27 21:03:58+00:00,0000950170-25-029007,https://www.sec.gov/Archives/edgar/data/1652130/000095017025029007/ntla-20241231.htm,67885,4550,data/interim/text/000095017025029007.txt.gz,000095017025029007,2025Q1,2025-02-27 16:03:58-05:00,2025-02-28,2025-02-28,2025-02-28,2025-02-27,10.859999656677246,1127,271
1119,NTLA,1652130,"Intellia Therapeutics, Inc.",2835,In Vitro & In Vivo Diagnostic Substances,10-Q,2025-05-08,2025-03-31,2025-05-08 20:05:38+00:00,0000950170-25-066914,https://www.sec.gov/Archives/edgar/data/1652130/000095017025066914/ntla-20250331.htm,41741,3391,data/interim/text/000095017025066914.txt.gz,000095017025066914,2025Q2,2025-05-08 16:05:38-04:00,2025-05-09,2025-05-09,2025-05-09,2025-05-08,8.279999732971191,1176,222
1120,NTLA,1652130,"Intellia Therapeutics, Inc.",2835,In Vitro & In Vivo Diagnostic Substances,10-Q,2025-08-07,2025-06-30,2025-08-07 20:06:00+00:00,0000950170-25-104987,https://www.sec.gov/Archives/edgar/data/1652130/000095017025104987/ntla-20250630.htm,43405,3520,data/interim/text/000095017025104987.txt.gz,000095017025104987,2025Q3,2025-08-07 16:06:00-04:00,2025-08-08,2025-08-08,2025-08-08,2025-08-07,11.460000038146973,1238,160
1121,NTLA,1652130,"Intellia Therapeutics, Inc.",2835,In Vitro & In Vivo Diagnostic Substances,10-Q,2025-11-06,2025-09-30,2025-11-06 21:26:55+00:00,0001193125-25-269680,https://www.sec.gov/Archives/edgar/data/1652130/000119312525269680/ntla-20250930.htm,44513,3539,data/interim/text/000119312525269680.txt.gz,000119312525269680,2025Q4,2025-11-06 16:26:55-05:00,2025-11-07,2025-11-07,2025-11-07,2025-11-06,12.31999969482422,1302,96
1123,GTLB,1653482,Gitlab Inc.,7372,Services-Prepackaged Software,10-K,2022-04-08,2022-01-31,2022-04-08 20:49:23+00:00,0001628280-22-008836,https://www.sec.gov/Archives/edgar/data/1653482/000162828022008836/gtlb-20220131.htm,49525,3822,data/interim/text/000162828022008836.txt.gz,000162828022008836,2022Q2,2022-04-08 16:49:23-04:00,2022-04-09,2022-04-09,2022-04-11,2022-04-08,47.720001220703125,122,994
1124,GTLB,1653482,Gitlab Inc.,7372,Services-Prepackaged Software,10-Q,2022-09-07,2022-07-31,2022-09-06 23:10:38+00:00,0001628280-22-024415,https://www.sec.gov/Archives/edgar/data/1653482/000162828022024415/gtlb-20220731.htm,38745,3045,data/interim/text/000162828022024415.txt.gz,000162828022024415,2022Q3,2022-09-06 19:10:38-04:00,2022-09-07,2022-09-07,2022-09-07,2022-09-06,47.400001525878906,224,892
1125,GTLB,1653482,Gitlab Inc.,7372,Services-Prepackaged Software,10-Q,2022-12-06,2022-10-31,2022-12-06 00:14:44+00:00,0001628280-22-031412,https://www.sec.gov/Archives/edgar/data/1653482/000162828022031412/gtlb-20221031.htm,38947,3049,data/interim/text/000162828022031412.txt.gz,000162828022031412,2022Q4,2022-12-05 19:14:44-05:00,2022-12-06,2022-12-06,2022-12-06,2022-12-05,38.33000183105469,287,829
1126,GTLB,1653482,Gitlab Inc.,7372,Services-Prepackaged Software,10-K,2023-03-30,2023-01-31,2023-03-30 20:42:40+00:00,0001628280-23-009925,https://www.sec.gov/Archives/edgar/data/1653482/000162828023009925/gtlb-20230131.htm,50017,3846,data/interim/text/000162828023009925.txt.gz,000162828023009925,2023Q1,2023-03-30 16:42:40-04:00,2023-03-31,2023-03-31,2023-03-31,2023-03-30,33.0099983215332,366,750
1127,GTLB,1653482,Gitlab Inc.,7372,Services-Prepackaged Software,10-Q,2023-06-06,2023-04-30,2023-06-05 21:49:07+00:00,0001628280-23-020942,https://www.sec.gov/Archives/edgar/data/1653482/000162828023020942/gtlb-20230430.htm,38655,3103,data/interim/text/000162828023020942.txt.gz,000162828023020942,2023Q2,2023-06-05 17:49:07-04:00,2023-06-06,2023-06-06,2023-06-06,2023-06-05,35.400001525878906,411,705
1128,GTLB,1653482,Gitlab Inc.,7372,Services-Prepackaged Software,10-Q,2023-09-06,2023-07-31,2023-09-05 23:16:30+00:00,0001628280-23-031433,https://www.sec.gov/Archives/edgar/data/1653482/000162828023031433/gtlb-20230731.htm,39802,3113,data/interim/text/000162828023031433.txt.gz,000162828023031433,2023Q3,2023-09-05 19:16:30-04:00,2023-09-06,2023-09-06,2023-09-06,2023-09-05,49.7400016784668,474,642
1129,GTLB,1653482,Gitlab Inc.,7372,Services-Prepackaged Software,10-Q,2023-12-05,2023-10-31,2023-12-05 00:13:35+00:00,0001628280-23-040671,https://www.sec.gov/Archives/edgar/data/1653482/000162828023040671/gtlb-20231031.htm,40222,3139,data/interim/text/000162828023040671.txt.gz,000162828023040671,2023Q4,2023-12-04 19:13:35-05:00,2023-12-05,2023-12-05,2023-12-05,2023-12-04,52.93000030517578,537,579
1130,GTLB,1653482,Gitlab Inc.,7372,Services-Prepackaged Software,10-K,2024-03-26,2024-01-31,2024-03-25 23:16:03+00:00,0001628280-24-012963,https://www.sec.gov/Archives/edgar/data/1653482/000162828024012963/gtlb-20240131.htm,51144,3864,data/interim/text/000162828024012963.txt.gz,000162828024012963,2024Q1,2024-03-25 19:16:03-04:00,2024-03-26,2024-03-26,2024-03-26,2024-03-25,58.79999923706055,613,503
1131,GTLB,1653482,Gitlab Inc.,7372,Services-Prepackaged Software,10-Q,2024-06-04,2024-04-30,2024-06-03 23:19:06+00:00,0001628280-24-026458,https://www.sec.gov/Archives/edgar/data/1653482/000162828024026458/gtlb-20240430.htm,38431,3105,data/interim/text/000162828024026458.txt.gz,000162828024026458,2024Q2,2024-06-03 19:19:06-04:00,2024-06-04,2024-06-04,2024-06-04,2024-06-03,47.06999969482422,661,455
1132,GTLB,1653482,Gitlab Inc.,7372,Services-Prepackaged Software,10-Q,2024-09-04,2024-07-31,2024-09-03 23:07:04+00:00,0001628280-24-039196,https://www.sec.gov/Archives/edgar/data/1653482/000162828024039196/gtlb-20240731.htm,39320,3116,data/interim/text/000162828024039196.txt.gz,000162828024039196,2024Q3,2024-09-03 19:07:04-04:00,2024-09-04,2024-09-04,2024-09-04,2024-09-03,44.68000030517578,724,392
1133,GTLB,1653482,Gitlab Inc.,7372,Services-Prepackaged Software,10-Q,2024-12-06,2024-10-31,2024-12-06 00:07:00+00:00,0001628280-24-050129,https://www.sec.gov/Archives/edgar/data/1653482/000162828024050129/gtlb-20241031.htm,39168,3111,data/interim/text/000162828024050129.txt.gz,000162828024050129,2024Q4,2024-12-05 19:07:00-05:00,2024-12-06,2024-12-06,2024-12-06,2024-12-05,66.04000091552734,790,326
1134,GTLB,1653482,Gitlab Inc.,7372,Services-Prepackaged Software,10-K,2025-03-21,2025-01-31,2025-03-21 20:40:43+00:00,0001628280-25-014344,https://www.sec.gov/Archives/edgar/data/1653482/000162828025014344/gtlb-20250131.htm,48733,3798,data/interim/text/000162828025014344.txt.gz,000162828025014344,2025Q1,2025-03-21 16:40:43-04:00,2025-03-22,2025-03-22,2025-03-24,2025-03-21,50.95000076293945,861,255
1135,GTLB,1653482,Gitlab Inc.,7372,Services-Prepackaged Software,10-Q,2025-06-11,2025-04-30,2025-06-10 21:38:12+00:00,0001628280-25-030546,https://www.sec.gov/Archives/edgar/data/1653482/000162828025030546/gtlb-20250430.htm,36618,3063,data/interim/text/000162828025030546.txt.gz,000162828025030546,2025Q2,2025-06-10 17:38:12-04:00,2025-06-11,2025-06-11,2025-06-11,2025-06-10,48.5099983215332,916,200
1136,GTLB,1653482,Gitlab Inc.,7372,Services-Prepackaged Software,10-Q,2025-09-04,2025-07-31,2025-09-03 21:37:41+00:00,0001653482-25-000010,https://www.sec.gov/Archives/edgar/data/1653482/000165348225000010/gtlb-20250731.htm,37828,3101,data/interim/text/000165348225000010.txt.gz,000165348225000010,2025Q3,2025-09-03 17:37:41-04:00,2025-09-04,2025-09-04,2025-09-04,2025-09-03,46.90999984741211,974,142
1137,GTLB,1653482,Gitlab Inc.,7372,Services-Prepackaged Software,10-Q,2025-12-03,2025-10-31,2025-12-02 22:43:06+00:00,0001628280-25-054840,https://www.sec.gov/Archives/edgar/data/1653482/000162828025054840/gtlb-20251031.htm,38017,3120,data/interim/text/000162828025054840.txt.gz,000162828025054840,2025Q4,2025-12-02 17:43:06-05:00,2025-12-03,2025-12-03,2025-12-03,2025-12-02,43.369998931884766,1037,79
1139,ABSI,1672688,Absci Corp,8731,Services-Commercial Physical & Biological Research,10-Q,2021-11-09,2021-09-30,2021-11-09 16:09:29+00:00,0001628280-21-022431,https://www.sec.gov/Archives/edgar/data/1672688/000162828021022431/absi-20210930.htm,43332,3292,data/interim/text/000162828021022431.txt.gz,000162828021022431,2021Q4,2021-11-09 11:09:29-05:00,2021-11-09,2021-11-09,2021-11-09,2021-11-08,18.030000686645508,76,1099
1140,ABSI,1672688,Absci Corp,8731,Services-Commercial Physical & Biological Research,10-K,2022-03-22,2021-12-31,2022-03-22 21:20:17+00:00,0001628280-22-006925,https://www.sec.gov/Archives/edgar/data/1672688/000162828022006925/absi-20211231.htm,63537,4362,data/interim/text/000162828022006925.txt.gz,000162828022006925,2022Q1,2022-03-22 17:20:17-04:00,2022-03-23,2022-03-23,2022-03-23,2022-03-22,7.480000019073486,168,1007
1141,ABSI,1672688,Absci Corp,8731,Services-Commercial Physical & Biological Research,10-Q,2022-05-11,2022-03-31,2022-05-11 12:38:29+00:00,0001628280-22-013760,https://www.sec.gov/Archives/edgar/data/1672688/000162828022013760/absi-20220331.htm,11167,1725,data/interim/text/000162828022013760.txt.gz,000162828022013760,2022Q2,2022-05-11 08:38:29-04:00,2022-05-11,2022-05-11,2022-05-11,2022-05-10,4.0,202,973
1142,ABSI,1672688,Absci Corp,8731,Services-Commercial Physical & Biological Research,10-Q,2022-08-11,2022-06-30,2022-08-11 12:45:31+00:00,0001628280-22-022331,https://www.sec.gov/Archives/edgar/data/1672688/000162828022022331/absi-20220630.htm,13050,1821,data/interim/text/000162828022022331.txt.gz,000162828022022331,2022Q3,2022-08-11 08:45:31-04:00,2022-08-11,2022-08-11,2022-08-11,2022-08-10,4.199999809265137,265,910
1143,ABSI,1672688,Absci Corp,8731,Services-Commercial Physical & Biological Research,10-Q,2022-11-09,2022-09-30,2022-11-09 14:21:41+00:00,0001628280-22-029092,https://www.sec.gov/Archives/edgar/data/1672688/000162828022029092/absi-20220930.htm,13341,1824,data/interim/text/000162828022029092.txt.gz,000162828022029092,2022Q4,2022-11-09 09:21:41-05:00,2022-11-09,2022-11-09,2022-11-09,2022-11-08,3.069999933242798,328,847
1144,ABSI,1672688,Absci Corp,8731,Services-Commercial Physical & Biological Research,10-K,2024-03-21,2023-12-31,2024-03-21 11:33:09+00:00,0001628280-24-012366,https://www.sec.gov/Archives/edgar/data/1672688/000162828024012366/absi-20231231.htm,62964,4325,data/interim/text/000162828024012366.txt.gz,000162828024012366,2024Q1,2024-03-21 07:33:09-04:00,2024-03-21,2024-03-21,2024-03-21,2024-03-20,5.090000152587891,669,506
1145,ABSI,1672688,Absci Corp,8731,Services-Commercial Physical & Biological Research,10-Q,2024-05-14,2024-03-31,2024-05-14 11:35:39+00:00,0001628280-24-023062,https://www.sec.gov/Archives/edgar/data/1672688/000162828024023062/absi-20240331.htm,9047,1558,data/interim/text/000162828024023062.txt.gz,000162828024023062,2024Q2,2024-05-14 07:35:39-04:00,2024-05-14,2024-05-14,2024-05-14,2024-05-13,5.059999942779541,706,469
1146,ABSI,1672688,Absci Corp,8731,Services-Commercial Physical & Biological Research,10-Q,2024-08-14,2024-06-30,2024-08-14 20:08:37+00:00,0001628280-24-037193,https://www.sec.gov/Archives/edgar/data/1672688/000162828024037193/absi-20240630.htm,9055,1470,data/interim/text/000162828024037193.txt.gz,000162828024037193,2024Q3,2024-08-14 16:08:37-04:00,2024-08-15,2024-08-15,2024-08-15,2024-08-14,3.7300000190734863,770,405
1147,ABSI,1672688,Absci Corp,8731,Services-Commercial Physical & Biological Research,10-Q,2024-11-12,2024-09-30,2024-11-12 12:40:13+00:00,0001628280-24-046862,https://www.sec.gov/Archives/edgar/data/1672688/000162828024046862/absi-20240930.htm,9077,1468,data/interim/text/000162828024046862.txt.gz,000162828024046862,2024Q4,2024-11-12 07:40:13-05:00,2024-11-12,2024-11-12,2024-11-12,2024-11-11,4.28000020980835,832,343
1148,ABSI,1672688,Absci Corp,8731,Services-Commercial Physical & Biological Research,10-K,2025-03-18,2024-12-31,2025-03-18 20:22:58+00:00,0001628280-25-013464,https://www.sec.gov/Archives/edgar/data/1672688/000162828025013464/absi-20241231.htm,65188,4486,data/interim/text/000162828025013464.txt.gz,000162828025013464,2025Q1,2025-03-18 16:22:58-04:00,2025-03-19,2025-03-19,2025-03-19,2025-03-18,3.0799999237060547,917,258
1149,ABSI,1672688,Absci Corp,8731,Services-Commercial Physical & Biological Research,10-Q,2025-11-12,2025-09-30,2025-11-12 21:13:54+00:00,0001672688-25-000084,https://www.sec.gov/Archives/edgar/data/1672688/000167268825000084/absi-20250930.htm,49427,3633,data/interim/text/000167268825000084.txt.gz,000167268825000084,2025Q4,2025-11-12 16:13:54-05:00,2025-11-13,2025-11-13,2025-11-13,2025-11-12,3.400000095367432,1083,92
1150,CRSP,1674416,CRISPR Therapeutics AG,2836,"Biological Products, (No Diagnostic Substances)",10-K,2021-02-16,2020-12-31,2021-02-16 21:14:56+00:00,0001564590-21-006074,https://www.sec.gov/Archives/edgar/data/1674416/000156459021006074/crsp-10k_20201231.htm,87771,5210,data/interim/text/000156459021006074.txt.gz,000156459021006074,2021Q1,2021-02-16 16:14:56-05:00,2021-02-17,2021-02-17,2021-02-17,2021-02-16,155.32000732421875,114,1284
1151,CRSP,1674416,CRISPR Therapeutics AG,2836,"Biological Products, (No Diagnostic Substances)",10-Q,2021-04-27,2021-03-31,2021-04-27 20:19:12+00:00,0001564590-21-020902,https://www.sec.gov/Archives/edgar/data/1674416/000156459021020902/crsp-10q_20210331.htm,8434,1479,data/interim/text/000156459021020902.txt.gz,000156459021020902,2021Q2,2021-04-27 16:19:12-04:00,2021-04-28,2021-04-28,2021-04-28,2021-04-27,133.0399932861328,163,1235
1152,CRSP,1674416,CRISPR Therapeutics AG,2836,"Biological Products, (No Diagnostic Substances)",10-Q,2021-07-29,2021-06-30,2021-07-29 20:44:35+00:00,0001564590-21-039178,https://www.sec.gov/Archives/edgar/data/1674416/000156459021039178/crsp-10q_20210630.htm,8335,1455,data/interim/text/000156459021039178.txt.gz,000156459021039178,2021Q3,2021-07-29 16:44:35-04:00,2021-07-30,2021-07-30,2021-07-30,2021-07-29,119.0,228,1170
1153,CRSP,1674416,CRISPR Therapeutics AG,2836,"Biological Products, (No Diagnostic Substances)",10-Q,2021-11-03,2021-09-30,2021-11-03 20:11:47+00:00,0000950170-21-002825,https://www.sec.gov/Archives/edgar/data/1674416/000095017021002825/crsp-20210930.htm,8288,1440,data/interim/text/000095017021002825.txt.gz,000095017021002825,2021Q4,2021-11-03 16:11:47-04:00,2021-11-04,2021-11-04,2021-11-04,2021-11-03,96.87999725341795,296,1102
1154,CRSP,1674416,CRISPR Therapeutics AG,2836,"Biological Products, (No Diagnostic Substances)",10-K,2022-02-15,2021-12-31,2022-02-15 21:14:44+00:00,0000950170-22-001282,https://www.sec.gov/Archives/edgar/data/1674416/000095017022001282/crsp-20211231.htm,93053,5420,data/interim/text/000095017022001282.txt.gz,000095017022001282,2022Q1,2022-02-15 16:14:44-05:00,2022-02-16,2022-02-16,2022-02-16,2022-02-15,60.970001220703125,367,1031
1155,CRSP,1674416,CRISPR Therapeutics AG,2836,"Biological Products, (No Diagnostic Substances)",10-Q,2022-05-09,2022-03-31,2022-05-09 20:12:04+00:00,0000950170-22-008495,https://www.sec.gov/Archives/edgar/data/1674416/000095017022008495/crsp-20220331.htm,7877,1490,data/interim/text/000095017022008495.txt.gz,000095017022008495,2022Q2,2022-05-09 16:12:04-04:00,2022-05-10,2022-05-10,2022-05-10,2022-05-09,43.22999954223633,424,974
1156,CRSP,1674416,CRISPR Therapeutics AG,2836,"Biological Products, (No Diagnostic Substances)",10-Q,2022-08-08,2022-06-30,2022-08-08 12:11:21+00:00,0000950170-22-015256,https://www.sec.gov/Archives/edgar/data/1674416/000095017022015256/crsp-20220630.htm,8806,1529,data/interim/text/000095017022015256.txt.gz,000095017022015256,2022Q3,2022-08-08 08:11:21-04:00,2022-08-08,2022-08-08,2022-08-08,2022-08-05,81.4000015258789,485,913
1157,CRSP,1674416,CRISPR Therapeutics AG,2836,"Biological Products, (No Diagnostic Substances)",10-Q,2022-11-01,2022-09-30,2022-11-01 20:12:27+00:00,0000950170-22-020845,https://www.sec.gov/Archives/edgar/data/1674416/000095017022020845/crsp-20220930.htm,8789,1513,data/interim/text/000095017022020845.txt.gz,000095017022020845,2022Q4,2022-11-01 16:12:27-04:00,2022-11-02,2022-11-02,2022-11-02,2022-11-01,52.02000045776367,546,852
1158,CRSP,1674416,CRISPR Therapeutics AG,2836,"Biological Products, (No Diagnostic Substances)",10-K,2023-02-21,2022-12-31,2023-02-21 21:11:51+00:00,0000950170-23-003441,https://www.sec.gov/Archives/edgar/data/1674416/000095017023003441/crsp-20221231.htm,95901,5505,data/interim/text/000095017023003441.txt.gz,000095017023003441,2023Q1,2023-02-21 16:11:51-05:00,2023-02-22,2023-02-22,2023-02-22,2023-02-21,46.630001068115234,621,777
1159,CRSP,1674416,CRISPR Therapeutics AG,2836,"Biological Products, (No Diagnostic Substances)",10-Q,2023-05-08,2023-03-31,2023-05-08 20:11:26+00:00,0000950170-23-018811,https://www.sec.gov/Archives/edgar/data/1674416/000095017023018811/crsp-20230331.htm,9317,1636,data/interim/text/000095017023018811.txt.gz,000095017023018811,2023Q2,2023-05-08 16:11:26-04:00,2023-05-09,2023-05-09,2023-05-09,2023-05-08,55.959999084472656,674,724
1160,CRSP,1674416,CRISPR Therapeutics AG,2836,"Biological Products, (No Diagnostic Substances)",10-Q,2023-08-07,2023-06-30,2023-08-07 20:12:38+00:00,0000950170-23-039075,https://www.sec.gov/Archives/edgar/data/1674416/000095017023039075/crsp-20230630.htm,9245,1564,data/interim/text/000095017023039075.txt.gz,000095017023039075,2023Q3,2023-08-07 16:12:38-04:00,2023-08-08,2023-08-08,2023-08-08,2023-08-07,48.34000015258789,736,662
1161,CRSP,1674416,CRISPR Therapeutics AG,2836,"Biological Products, (No Diagnostic Substances)",10-Q,2023-11-06,2023-09-30,2023-11-06 21:42:03+00:00,0000950170-23-059476,https://www.sec.gov/Archives/edgar/data/1674416/000095017023059476/crsp-20230930.htm,8989,1512,data/interim/text/000095017023059476.txt.gz,000095017023059476,2023Q4,2023-11-06 16:42:03-05:00,2023-11-07,2023-11-07,2023-11-07,2023-11-06,51.58000183105469,800,598
1162,CRSP,1674416,CRISPR Therapeutics AG,2836,"Biological Products, (No Diagnostic Substances)",10-K,2024-02-21,2023-12-31,2024-02-21 12:50:50+00:00,0000950170-24-017571,https://www.sec.gov/Archives/edgar/data/1674416/000095017024017571/crsp-20231231.htm,93425,5382,data/interim/text/000095017024017571.txt.gz,000095017024017571,2024Q1,2024-02-21 07:50:50-05:00,2024-02-21,2024-02-21,2024-02-21,2024-02-20,78.7300033569336,871,527
1163,CRSP,1674416,CRISPR Therapeutics AG,2836,"Biological Products, (No Diagnostic Substances)",10-Q,2024-05-08,2024-03-31,2024-05-08 20:20:38+00:00,0000950170-24-055719,https://www.sec.gov/Archives/edgar/data/1674416/000095017024055719/crsp-20240331.htm,8227,1509,data/interim/text/000095017024055719.txt.gz,000095017024055719,2024Q2,2024-05-08 16:20:38-04:00,2024-05-09,2024-05-09,2024-05-09,2024-05-08,53.290000915527344,926,472
1164,CRSP,1674416,CRISPR Therapeutics AG,2836,"Biological Products, (No Diagnostic Substances)",10-Q,2024-08-05,2024-06-30,2024-08-05 20:10:26+00:00,0000950170-24-090746,https://www.sec.gov/Archives/edgar/data/1674416/000095017024090746/crsp-20240630.htm,8853,1535,data/interim/text/000095017024090746.txt.gz,000095017024090746,2024Q3,2024-08-05 16:10:26-04:00,2024-08-06,2024-08-06,2024-08-06,2024-08-05,49.65999984741211,986,412
1165,CRSP,1674416,CRISPR Therapeutics AG,2836,"Biological Products, (No Diagnostic Substances)",10-Q,2024-11-05,2024-09-30,2024-11-05 14:10:55+00:00,0000950170-24-121105,https://www.sec.gov/Archives/edgar/data/1674416/000095017024121105/crsp-20240930.htm,9004,1543,data/interim/text/000095017024121105.txt.gz,000095017024121105,2024Q4,2024-11-05 09:10:55-05:00,2024-11-05,2024-11-05,2024-11-05,2024-11-04,50.59000015258789,1050,348
1166,CRSP,1674416,CRISPR Therapeutics AG,2836,"Biological Products, (No Diagnostic Substances)",10-K,2025-02-11,2024-12-31,2025-02-11 21:10:29+00:00,0000950170-25-017899,https://www.sec.gov/Archives/edgar/data/1674416/000095017025017899/crsp-20241231.htm,92397,5312,data/interim/text/000095017025017899.txt.gz,000095017025017899,2025Q1,2025-02-11 16:10:29-05:00,2025-02-12,2025-02-12,2025-02-12,2025-02-11,39.619998931884766,1116,282
1167,CRSP,1674416,CRISPR Therapeutics AG,2836,"Biological Products, (No Diagnostic Substances)",10-Q,2025-05-06,2025-03-31,2025-05-06 20:10:28+00:00,0000950170-25-064468,https://www.sec.gov/Archives/edgar/data/1674416/000095017025064468/crsp-20250331.htm,9862,1758,data/interim/text/000095017025064468.txt.gz,000095017025064468,2025Q2,2025-05-06 16:10:28-04:00,2025-05-07,2025-05-07,2025-05-07,2025-05-06,33.15999984741211,1174,224
1168,CRSP,1674416,CRISPR Therapeutics AG,2836,"Biological Products, (No Diagnostic Substances)",10-Q,2025-08-04,2025-06-30,2025-08-04 20:30:24+00:00,0000950170-25-102052,https://www.sec.gov/Archives/edgar/data/1674416/000095017025102052/crsp-20250630.htm,10353,1718,data/interim/text/000095017025102052.txt.gz,000095017025102052,2025Q3,2025-08-04 16:30:24-04:00,2025-08-05,2025-08-05,2025-08-05,2025-08-04,59.59000015258789,1235,163
1169,CRSP,1674416,CRISPR Therapeutics AG,2836,"Biological Products, (No Diagnostic Substances)",10-Q,2025-11-10,2025-09-30,2025-11-10 13:15:47+00:00,0001193125-25-273337,https://www.sec.gov/Archives/edgar/data/1674416/000119312525273337/crsp-20250930.htm,11261,1854,data/interim/text/000119312525273337.txt.gz,000119312525273337,2025Q4,2025-11-10 08:15:47-05:00,2025-11-10,2025-11-10,2025-11-10,2025-11-07,55.119998931884766,1303,95
1171,COIN,1679788,"Coinbase Global, Inc.",6199,Finance Services,10-Q,2021-08-11,2021-06-30,2021-08-10 23:28:18+00:00,0001679788-21-000026,https://www.sec.gov/Archives/edgar/data/1679788/000167978821000026/coin-20210630.htm,50492,3893,data/interim/text/000167978821000026.txt.gz,000167978821000026,2021Q3,2021-08-10 19:28:18-04:00,2021-08-11,2021-08-11,2021-08-11,2021-08-10,269.6700134277344,82,1162
1172,COIN,1679788,"Coinbase Global, Inc.",6199,Finance Services,10-Q,2021-11-10,2021-09-30,2021-11-10 01:07:39+00:00,0001679788-21-000071,https://www.sec.gov/Archives/edgar/data/1679788/000167978821000071/coin-20210930.htm,51814,3939,data/interim/text/000167978821000071.txt.gz,000167978821000071,2021Q4,2021-11-09 20:07:39-05:00,2021-11-10,2021-11-10,2021-11-10,2021-11-09,357.3900146484375,146,1098
1173,COIN,1679788,"Coinbase Global, Inc.",6199,Finance Services,10-K,2022-02-25,2021-12-31,2022-02-25 01:57:05+00:00,0001679788-22-000031,https://www.sec.gov/Archives/edgar/data/1679788/000167978822000031/coin-20211231.htm,63006,4376,data/interim/text/000167978822000031.txt.gz,000167978822000031,2022Q1,2022-02-24 20:57:05-05:00,2022-02-25,2022-02-25,2022-02-25,2022-02-24,179.55999755859375,219,1025
1174,COIN,1679788,"Coinbase Global, Inc.",6199,Finance Services,10-Q,2022-05-10,2022-03-31,2022-05-10 20:20:44+00:00,0001679788-22-000048,https://www.sec.gov/Archives/edgar/data/1679788/000167978822000048/coin-20220331.htm,50824,3813,data/interim/text/000167978822000048.txt.gz,000167978822000048,2022Q2,2022-05-10 16:20:44-04:00,2022-05-11,2022-05-11,2022-05-11,2022-05-10,72.98999786376953,271,973
1175,COIN,1679788,"Coinbase Global, Inc.",6199,Finance Services,10-Q,2022-08-09,2022-06-30,2022-08-09 20:31:36+00:00,0001679788-22-000085,https://www.sec.gov/Archives/edgar/data/1679788/000167978822000085/coin-20220630.htm,53322,3875,data/interim/text/000167978822000085.txt.gz,000167978822000085,2022Q3,2022-08-09 16:31:36-04:00,2022-08-10,2022-08-10,2022-08-10,2022-08-09,87.68000030517578,333,911
1176,COIN,1679788,"Coinbase Global, Inc.",6199,Finance Services,10-Q,2022-11-03,2022-09-30,2022-11-03 20:15:08+00:00,0001679788-22-000116,https://www.sec.gov/Archives/edgar/data/1679788/000167978822000116/coin-20220930.htm,53981,3883,data/interim/text/000167978822000116.txt.gz,000167978822000116,2022Q4,2022-11-03 16:15:08-04:00,2022-11-04,2022-11-04,2022-11-04,2022-11-03,55.79999923706055,394,850
1177,COIN,1679788,"Coinbase Global, Inc.",6199,Finance Services,10-K,2023-02-21,2022-12-31,2023-02-21 21:37:42+00:00,0001679788-23-000031,https://www.sec.gov/Archives/edgar/data/1679788/000167978823000031/coin-20221231.htm,68839,4465,data/interim/text/000167978823000031.txt.gz,000167978823000031,2023Q1,2023-02-21 16:37:42-05:00,2023-02-22,2023-02-22,2023-02-22,2023-02-21,62.06999969482422,467,777
1178,COIN,1679788,"Coinbase Global, Inc.",6199,Finance Services,10-Q,2023-05-04,2023-03-31,2023-05-04 20:18:08+00:00,0001679788-23-000073,https://www.sec.gov/Archives/edgar/data/1679788/000167978823000073/coin-20230331.htm,56573,3990,data/interim/text/000167978823000073.txt.gz,000167978823000073,2023Q2,2023-05-04 16:18:08-04:00,2023-05-05,2023-05-05,2023-05-05,2023-05-04,49.220001220703125,518,726
1179,COIN,1679788,"Coinbase Global, Inc.",6199,Finance Services,10-Q,2023-08-03,2023-06-30,2023-08-03 20:13:52+00:00,0001679788-23-000106,https://www.sec.gov/Archives/edgar/data/1679788/000167978823000106/coin-20230630.htm,56062,3968,data/interim/text/000167978823000106.txt.gz,000167978823000106,2023Q3,2023-08-03 16:13:52-04:00,2023-08-04,2023-08-04,2023-08-04,2023-08-03,90.75,580,664
1180,COIN,1679788,"Coinbase Global, Inc.",6199,Finance Services,10-Q,2023-11-02,2023-09-30,2023-11-02 20:17:17+00:00,0001679788-23-000113,https://www.sec.gov/Archives/edgar/data/1679788/000167978823000113/coin-20230930.htm,58929,4052,data/interim/text/000167978823000113.txt.gz,000167978823000113,2023Q4,2023-11-02 16:17:17-04:00,2023-11-03,2023-11-03,2023-11-03,2023-11-02,84.5999984741211,644,600
1181,COIN,1679788,"Coinbase Global, Inc.",6199,Finance Services,10-K,2024-02-15,2023-12-31,2024-02-15 21:34:25+00:00,0001679788-24-000022,https://www.sec.gov/Archives/edgar/data/1679788/000167978824000022/coin-20231231.htm,73159,4564,data/interim/text/000167978824000022.txt.gz,000167978824000022,2024Q1,2024-02-15 16:34:25-05:00,2024-02-16,2024-02-16,2024-02-16,2024-02-15,165.6699981689453,715,529
1182,COIN,1679788,"Coinbase Global, Inc.",6199,Finance Services,10-Q,2024-05-02,2024-03-31,2024-05-02 20:11:54+00:00,0001679788-24-000089,https://www.sec.gov/Archives/edgar/data/1679788/000167978824000089/coin-20240331.htm,55328,3923,data/interim/text/000167978824000089.txt.gz,000167978824000089,2024Q2,2024-05-02 16:11:54-04:00,2024-05-03,2024-05-03,2024-05-03,2024-05-02,228.8500061035156,768,476
1183,COIN,1679788,"Coinbase Global, Inc.",6199,Finance Services,10-Q,2024-08-01,2024-06-30,2024-08-01 20:15:55+00:00,0001679788-24-000149,https://www.sec.gov/Archives/edgar/data/1679788/000167978824000149/coin-20240630.htm,55821,3923,data/interim/text/000167978824000149.txt.gz,000167978824000149,2024Q3,2024-08-01 16:15:55-04:00,2024-08-02,2024-08-02,2024-08-02,2024-08-01,212.63999938964844,830,414
1184,COIN,1679788,"Coinbase Global, Inc.",6199,Finance Services,10-Q,2024-10-30,2024-09-30,2024-10-30 20:15:11+00:00,0001679788-24-000187,https://www.sec.gov/Archives/edgar/data/1679788/000167978824000187/coin-20240930.htm,56897,3944,data/interim/text/000167978824000187.txt.gz,000167978824000187,2024Q4,2024-10-30 16:15:11-04:00,2024-10-31,2024-10-31,2024-10-31,2024-10-30,211.7400054931641,893,351
1185,COIN,1679788,"Coinbase Global, Inc.",6199,Finance Services,10-K,2025-02-13,2024-12-31,2025-02-13 21:16:43+00:00,0001679788-25-000022,https://www.sec.gov/Archives/edgar/data/1679788/000167978825000022/coin-20241231.htm,71214,4530,data/interim/text/000167978825000022.txt.gz,000167978825000022,2025Q1,2025-02-13 16:16:43-05:00,2025-02-14,2025-02-14,2025-02-14,2025-02-13,298.1099853515625,964,280
1186,COIN,1679788,"Coinbase Global, Inc.",6199,Finance Services,10-Q,2025-05-08,2025-03-31,2025-05-08 20:17:45+00:00,0001679788-25-000089,https://www.sec.gov/Archives/edgar/data/1679788/000167978825000089/coin-20250331.htm,51576,3803,data/interim/text/000167978825000089.txt.gz,000167978825000089,2025Q2,2025-05-08 16:17:45-04:00,2025-05-09,2025-05-09,2025-05-09,2025-05-08,206.5,1022,222
1187,COIN,1679788,"Coinbase Global, Inc.",6199,Finance Services,10-Q,2025-07-31,2025-06-30,2025-07-31 20:16:44+00:00,0001679788-25-000154,https://www.sec.gov/Archives/edgar/data/1679788/000167978825000154/coin-20250630.htm,52449,3832,data/interim/text/000167978825000154.txt.gz,000167978825000154,2025Q3,2025-07-31 16:16:44-04:00,2025-08-01,2025-08-01,2025-08-01,2025-07-31,377.760009765625,1079,165
1188,COIN,1679788,"Coinbase Global, Inc.",6199,Finance Services,10-Q,2025-10-30,2025-09-30,2025-10-30 20:12:04+00:00,0001679788-25-000208,https://www.sec.gov/Archives/edgar/data/1679788/000167978825000208/coin-20250930.htm,52758,3821,data/interim/text/000167978825000208.txt.gz,000167978825000208,2025Q4,2025-10-30 16:12:04-04:00,2025-10-31,2025-10-31,2025-10-31,2025-10-30,328.510009765625,1143,101
1190,TEM,1717115,"Tempus AI, Inc.",7370,"Services-Computer Programming, Data Processing, Etc.",10-Q,2024-11-04,2024-09-30,2024-11-04 21:05:28+00:00,0000950170-24-120677,https://www.sec.gov/Archives/edgar/data/1717115/000095017024120677/tem-20240930.htm,68269,4385,data/interim/text/000095017024120677.txt.gz,000095017024120677,2024Q4,2024-11-04 16:05:28-05:00,2024-11-05,2024-11-05,2024-11-05,2024-11-04,49.5,98,348
1191,TEM,1717115,"Tempus AI, Inc.",7370,"Services-Computer Programming, Data Processing, Etc.",10-K,2025-02-24,2024-12-31,2025-02-24 21:05:55+00:00,0000950170-25-025603,https://www.sec.gov/Archives/edgar/data/1717115/000095017025025603/tem-20241231.htm,94900,5507,data/interim/text/000095017025025603.txt.gz,000095017025025603,2025Q1,2025-02-24 16:05:55-05:00,2025-02-25,2025-02-25,2025-02-25,2025-02-24,69.56999969482422,172,274
1192,TEM,1717115,"Tempus AI, Inc.",7370,"Services-Computer Programming, Data Processing, Etc.",10-Q,2025-05-06,2025-03-31,2025-05-06 20:07:27+00:00,0000950170-25-064447,https://www.sec.gov/Archives/edgar/data/1717115/000095017025064447/tem-20250331.htm,13815,1849,data/interim/text/000095017025064447.txt.gz,000095017025064447,2025Q2,2025-05-06 16:07:27-04:00,2025-05-07,2025-05-07,2025-05-07,2025-05-06,52.18999862670898,222,224
1193,TEM,1717115,"Tempus AI, Inc.",7370,"Services-Computer Programming, Data Processing, Etc.",10-Q,2025-08-08,2025-06-30,2025-08-08 10:06:45+00:00,0000950170-25-105449,https://www.sec.gov/Archives/edgar/data/1717115/000095017025105449/tem-20250630.htm,19478,2083,data/interim/text/000095017025105449.txt.gz,000095017025105449,2025Q3,2025-08-08 06:06:45-04:00,2025-08-08,2025-08-08,2025-08-08,2025-08-07,58.7400016784668,286,160
1194,TEM,1717115,"Tempus AI, Inc.",7370,"Services-Computer Programming, Data Processing, Etc.",10-Q,2025-11-04,2025-09-30,2025-11-04 21:06:30+00:00,0001193125-25-264652,https://www.sec.gov/Archives/edgar/data/1717115/000119312525264652/tem-20250930.htm,18969,2022,data/interim/text/000119312525264652.txt.gz,000119312525264652,2025Q4,2025-11-04 16:06:30-05:00,2025-11-05,2025-11-05,2025-11-05,2025-11-04,84.48999786376953,348,98
1195,AVGO,1730168,Broadcom Inc.,3674,Semiconductors & Related Devices,10-Q,2021-03-12,2021-01-31,2021-03-12 21:37:52+00:00,0001730168-21-000045,https://www.sec.gov/Archives/edgar/data/1730168/000173016821000045/avgo-20210131.htm,23744,2469,data/interim/text/000173016821000045.txt.gz,000173016821000045,2021Q1,2021-03-12 16:37:52-05:00,2021-03-13,2021-03-13,2021-03-15,2021-03-12,40.43864059448242,132,1266
1196,AVGO,1730168,Broadcom Inc.,3674,Semiconductors & Related Devices,10-Q,2021-06-11,2021-05-02,2021-06-11 19:22:26+00:00,0001730168-21-000116,https://www.sec.gov/Archives/edgar/data/1730168/000173016821000116/avgo-20210502.htm,23783,2445,data/interim/text/000173016821000116.txt.gz,000173016821000116,2021Q2,2021-06-11 15:22:26-04:00,2021-06-11,2021-06-11,2021-06-11,2021-06-10,42.33552551269531,194,1204
1197,AVGO,1730168,Broadcom Inc.,3674,Semiconductors & Related Devices,10-Q,2021-09-09,2021-08-01,2021-09-09 20:19:53+00:00,0001730168-21-000123,https://www.sec.gov/Archives/edgar/data/1730168/000173016821000123/avgo-20210801.htm,24152,2453,data/interim/text/000173016821000123.txt.gz,000173016821000123,2021Q3,2021-09-09 16:19:53-04:00,2021-09-10,2021-09-10,2021-09-10,2021-09-09,44.92647933959961,257,1141
1198,AVGO,1730168,Broadcom Inc.,3674,Semiconductors & Related Devices,10-K,2021-12-17,2021-10-31,2021-12-17 21:42:51+00:00,0001730168-21-000153,https://www.sec.gov/Archives/edgar/data/1730168/000173016821000153/avgo-20211031.htm,37463,3559,data/interim/text/000173016821000153.txt.gz,000173016821000153,2021Q4,2021-12-17 16:42:51-05:00,2021-12-18,2021-12-18,2021-12-20,2021-12-17,58.22930908203125,327,1071
1199,AVGO,1730168,Broadcom Inc.,3674,Semiconductors & Related Devices,10-Q,2022-03-10,2022-01-30,2022-03-10 21:31:23+00:00,0001730168-22-000029,https://www.sec.gov/Archives/edgar/data/1730168/000173016822000029/avgo-20220130.htm,20443,2316,data/interim/text/000173016822000029.txt.gz,000173016822000029,2022Q1,2022-03-10 16:31:23-05:00,2022-03-11,2022-03-11,2022-03-11,2022-03-10,54.24285125732422,383,1015
1200,AVGO,1730168,Broadcom Inc.,3674,Semiconductors & Related Devices,10-Q,2022-06-09,2022-05-01,2022-06-09 20:12:03+00:00,0001730168-22-000081,https://www.sec.gov/Archives/edgar/data/1730168/000173016822000081/avgo-20220501.htm,24079,2491,data/interim/text/000173016822000081.txt.gz,000173016822000081,2022Q2,2022-06-09 16:12:03-04:00,2022-06-10,2022-06-10,2022-06-10,2022-06-09,51.681861877441406,446,952
1201,AVGO,1730168,Broadcom Inc.,3674,Semiconductors & Related Devices,10-Q,2022-09-08,2022-07-31,2022-09-08 20:16:55+00:00,0001730168-22-000094,https://www.sec.gov/Archives/edgar/data/1730168/000173016822000094/avgo-20220731.htm,24273,2484,data/interim/text/000173016822000094.txt.gz,000173016822000094,2022Q3,2022-09-08 16:16:55-04:00,2022-09-09,2022-09-09,2022-09-09,2022-09-08,47.96095275878906,508,890
1202,AVGO,1730168,Broadcom Inc.,3674,Semiconductors & Related Devices,10-K,2022-12-16,2022-10-30,2022-12-16 21:21:52+00:00,0001730168-22-000118,https://www.sec.gov/Archives/edgar/data/1730168/000173016822000118/avgo-20221030.htm,36757,3532,data/interim/text/000173016822000118.txt.gz,000173016822000118,2022Q4,2022-12-16 16:21:52-05:00,2022-12-17,2022-12-17,2022-12-19,2022-12-16,52.51797866821289,578,820
1203,AVGO,1730168,Broadcom Inc.,3674,Semiconductors & Related Devices,10-Q,2023-03-08,2023-01-29,2023-03-08 21:10:18+00:00,0001730168-23-000008,https://www.sec.gov/Archives/edgar/data/1730168/000173016823000008/avgo-20230129.htm,22649,2448,data/interim/text/000173016823000008.txt.gz,000173016823000008,2023Q1,2023-03-08 16:10:18-05:00,2023-03-09,2023-03-09,2023-03-09,2023-03-08,60.22931289672852,632,766
1204,AVGO,1730168,Broadcom Inc.,3674,Semiconductors & Related Devices,10-Q,2023-06-07,2023-04-30,2023-06-07 20:22:00+00:00,0001730168-23-000064,https://www.sec.gov/Archives/edgar/data/1730168/000173016823000064/avgo-20230430.htm,23043,2429,data/interim/text/000173016823000064.txt.gz,000173016823000064,2023Q2,2023-06-07 16:22:00-04:00,2023-06-08,2023-06-08,2023-06-08,2023-06-07,76.0496597290039,695,703
1205,AVGO,1730168,Broadcom Inc.,3674,Semiconductors & Related Devices,10-Q,2023-09-06,2023-07-30,2023-09-06 20:16:18+00:00,0001730168-23-000077,https://www.sec.gov/Archives/edgar/data/1730168/000173016823000077/avgo-20230730.htm,23198,2432,data/interim/text/000173016823000077.txt.gz,000173016823000077,2023Q3,2023-09-06 16:16:18-04:00,2023-09-07,2023-09-07,2023-09-07,2023-09-06,84.13667297363281,757,641
1206,AVGO,1730168,Broadcom Inc.,3674,Semiconductors & Related Devices,10-K,2023-12-14,2023-10-29,2023-12-14 21:54:05+00:00,0001730168-23-000096,https://www.sec.gov/Archives/edgar/data/1730168/000173016823000096/avgo-20231029.htm,35666,3506,data/interim/text/000173016823000096.txt.gz,000173016823000096,2023Q4,2023-12-14 16:54:05-05:00,2023-12-15,2023-12-15,2023-12-15,2023-12-14,107.3101577758789,827,571
1207,AVGO,1730168,Broadcom Inc.,3674,Semiconductors & Related Devices,10-Q,2024-03-14,2024-02-04,2024-03-14 20:59:58+00:00,0001730168-24-000023,https://www.sec.gov/Archives/edgar/data/1730168/000173016824000023/avgo-20240204.htm,21664,2369,data/interim/text/000173016824000023.txt.gz,000173016824000023,2024Q1,2024-03-14 16:59:58-04:00,2024-03-15,2024-03-15,2024-03-15,2024-03-14,122.9809799194336,888,510
1208,AVGO,1730168,Broadcom Inc.,3674,Semiconductors & Related Devices,10-Q,2024-06-13,2024-05-05,2024-06-13 00:14:25+00:00,0001730168-24-000080,https://www.sec.gov/Archives/edgar/data/1730168/000173016824000080/avgo-20240505.htm,22106,2395,data/interim/text/000173016824000080.txt.gz,000173016824000080,2024Q2,2024-06-12 20:14:25-04:00,2024-06-13,2024-06-13,2024-06-13,2024-06-12,146.32571411132812,950,448
1209,AVGO,1730168,Broadcom Inc.,3674,Semiconductors & Related Devices,10-Q,2024-09-11,2024-08-04,2024-09-11 20:37:29+00:00,0001730168-24-000099,https://www.sec.gov/Archives/edgar/data/1730168/000173016824000099/avgo-20240804.htm,22291,2411,data/interim/text/000173016824000099.txt.gz,000173016824000099,2024Q3,2024-09-11 16:37:29-04:00,2024-09-12,2024-09-12,2024-09-12,2024-09-11,155.34840393066406,1012,386
1210,AVGO,1730168,Broadcom Inc.,3674,Semiconductors & Related Devices,10-K,2024-12-20,2024-11-03,2024-12-20 22:26:46+00:00,0001730168-24-000139,https://www.sec.gov/Archives/edgar/data/1730168/000173016824000139/avgo-20241103.htm,33925,3484,data/interim/text/000173016824000139.txt.gz,000173016824000139,2024Q4,2024-12-20 17:26:46-05:00,2024-12-21,2024-12-21,2024-12-23,2024-12-20,217.4270782470703,1083,315
1211,AVGO,1730168,Broadcom Inc.,3674,Semiconductors & Related Devices,10-Q,2025-03-12,2025-02-02,2025-03-12 20:38:04+00:00,0001730168-25-000021,https://www.sec.gov/Archives/edgar/data/1730168/000173016825000021/avgo-20250202.htm,18317,2183,data/interim/text/000173016825000021.txt.gz,000173016825000021,2025Q1,2025-03-12 16:38:04-04:00,2025-03-13,2025-03-13,2025-03-13,2025-03-12,191.7841033935547,1136,262
1212,AVGO,1730168,Broadcom Inc.,3674,Semiconductors & Related Devices,10-Q,2025-06-11,2025-05-04,2025-06-11 20:08:32+00:00,0001730168-25-000064,https://www.sec.gov/Archives/edgar/data/1730168/000173016825000064/avgo-20250504.htm,19049,2203,data/interim/text/000173016825000064.txt.gz,000173016825000064,2025Q2,2025-06-11 16:08:32-04:00,2025-06-12,2025-06-12,2025-06-12,2025-06-11,250.4808349609375,1199,199
1213,AVGO,1730168,Broadcom Inc.,3674,Semiconductors & Related Devices,10-Q,2025-09-10,2025-08-03,2025-09-10 20:00:41+00:00,0001730168-25-000098,https://www.sec.gov/Archives/edgar/data/1730168/000173016825000098/avgo-20250803.htm,19375,2228,data/interim/text/000173016825000098.txt.gz,000173016825000098,2025Q3,2025-09-10 16:00:41-04:00,2025-09-11,2025-09-11,2025-09-11,2025-09-10,366.8818359375,1261,137
1214,AVGO,1730168,Broadcom Inc.,3674,Semiconductors & Related Devices,10-K,2025-12-18,2025-11-02,2025-12-18 21:04:47+00:00,0001730168-25-000121,https://www.sec.gov/Archives/edgar/data/1730168/000173016825000121/avgo-20251102.htm,31776,3248,data/interim/text/000173016825000121.txt.gz,000173016825000121,2025Q4,2025-12-18 16:04:47-05:00,2025-12-19,2025-12-19,2025-12-19,2025-12-18,328.0415954589844,1331,67
1215,BEAM,1745999,Beam Therapeutics Inc.,2836,"Biological Products, (No Diagnostic Substances)",10-K,2021-03-15,2020-12-31,2021-03-15 21:01:37+00:00,0001564590-21-013190,https://www.sec.gov/Archives/edgar/data/1745999/000156459021013190/beam-10k_20201231.htm,105323,5301,data/interim/text/000156459021013190.txt.gz,000156459021013190,2021Q1,2021-03-15 17:01:37-04:00,2021-03-16,2021-03-16,2021-03-16,2021-03-15,94.81999969482422,133,1265
1216,BEAM,1745999,Beam Therapeutics Inc.,2836,"Biological Products, (No Diagnostic Substances)",10-Q,2021-05-11,2021-03-31,2021-05-11 20:16:05+00:00,0001564590-21-026555,https://www.sec.gov/Archives/edgar/data/1745999/000156459021026555/beam-10q_20210331.htm,15152,2152,data/interim/text/000156459021026555.txt.gz,000156459021026555,2021Q2,2021-05-11 16:16:05-04:00,2021-05-12,2021-05-12,2021-05-12,2021-05-11,66.19999694824219,173,1225
1217,BEAM,1745999,Beam Therapeutics Inc.,2836,"Biological Products, (No Diagnostic Substances)",10-Q,2021-08-10,2021-06-30,2021-08-10 11:46:47+00:00,0000950170-21-001110,https://www.sec.gov/Archives/edgar/data/1745999/000095017021001110/beam-20210630.htm,16100,2198,data/interim/text/000095017021001110.txt.gz,000095017021001110,2021Q3,2021-08-10 07:46:47-04:00,2021-08-10,2021-08-10,2021-08-10,2021-08-09,106.95999908447266,235,1163
1218,BEAM,1745999,Beam Therapeutics Inc.,2836,"Biological Products, (No Diagnostic Substances)",10-Q,2021-11-08,2021-09-30,2021-11-08 13:31:03+00:00,0000950170-21-003317,https://www.sec.gov/Archives/edgar/data/1745999/000095017021003317/beam-20210930.htm,17348,2292,data/interim/text/000095017021003317.txt.gz,000095017021003317,2021Q4,2021-11-08 08:31:03-05:00,2021-11-08,2021-11-08,2021-11-08,2021-11-05,89.52999877929688,298,1100
1219,BEAM,1745999,Beam Therapeutics Inc.,2836,"Biological Products, (No Diagnostic Substances)",10-K,2022-02-28,2021-12-31,2022-02-28 12:31:52+00:00,0000950170-22-002166,https://www.sec.gov/Archives/edgar/data/1745999/000095017022002166/beam-20211231.htm,105441,5494,data/interim/text/000095017022002166.txt.gz,000095017022002166,2022Q1,2022-02-28 07:31:52-05:00,2022-02-28,2022-02-28,2022-02-28,2022-02-25,74.75,374,1024
1220,BEAM,1745999,Beam Therapeutics Inc.,2836,"Biological Products, (No Diagnostic Substances)",10-Q,2022-05-09,2022-03-31,2022-05-09 11:33:18+00:00,0000950170-22-008238,https://www.sec.gov/Archives/edgar/data/1745999/000095017022008238/beam-20220331.htm,16811,2349,data/interim/text/000095017022008238.txt.gz,000095017022008238,2022Q2,2022-05-09 07:33:18-04:00,2022-05-09,2022-05-09,2022-05-09,2022-05-06,35.68000030517578,423,975
1221,BEAM,1745999,Beam Therapeutics Inc.,2836,"Biological Products, (No Diagnostic Substances)",10-Q,2022-08-09,2022-06-30,2022-08-09 11:31:25+00:00,0000950170-22-015755,https://www.sec.gov/Archives/edgar/data/1745999/000095017022015755/beam-20220630.htm,18786,2423,data/interim/text/000095017022015755.txt.gz,000095017022015755,2022Q3,2022-08-09 07:31:25-04:00,2022-08-09,2022-08-09,2022-08-09,2022-08-08,63.68999862670898,486,912
1222,BEAM,1745999,Beam Therapeutics Inc.,2836,"Biological Products, (No Diagnostic Substances)",10-Q,2022-11-07,2022-09-30,2022-11-07 12:31:12+00:00,0000950170-22-022322,https://www.sec.gov/Archives/edgar/data/1745999/000095017022022322/beam-20220930.htm,19621,2479,data/interim/text/000095017022022322.txt.gz,000095017022022322,2022Q4,2022-11-07 07:31:12-05:00,2022-11-07,2022-11-07,2022-11-07,2022-11-04,42.79999923706055,549,849
1223,BEAM,1745999,Beam Therapeutics Inc.,2836,"Biological Products, (No Diagnostic Substances)",10-K,2023-02-28,2022-12-31,2023-02-28 12:31:07+00:00,0000950170-23-004866,https://www.sec.gov/Archives/edgar/data/1745999/000095017023004866/beam-20221231.htm,108766,5575,data/interim/text/000095017023004866.txt.gz,000095017023004866,2023Q1,2023-02-28 07:31:07-05:00,2023-02-28,2023-02-28,2023-02-28,2023-02-27,38.9900016784668,625,773
1224,BEAM,1745999,Beam Therapeutics Inc.,2836,"Biological Products, (No Diagnostic Substances)",10-Q,2023-05-10,2023-03-31,2023-05-10 11:31:14+00:00,0000950170-23-020090,https://www.sec.gov/Archives/edgar/data/1745999/000095017023020090/beam-20230331.htm,15931,2227,data/interim/text/000095017023020090.txt.gz,000095017023020090,2023Q2,2023-05-10 07:31:14-04:00,2023-05-10,2023-05-10,2023-05-10,2023-05-09,34.5099983215332,675,723
1225,BEAM,1745999,Beam Therapeutics Inc.,2836,"Biological Products, (No Diagnostic Substances)",10-Q,2023-08-08,2023-06-30,2023-08-08 11:30:55+00:00,0000950170-23-039364,https://www.sec.gov/Archives/edgar/data/1745999/000095017023039364/beam-20230630.htm,16473,2209,data/interim/text/000095017023039364.txt.gz,000095017023039364,2023Q3,2023-08-08 07:30:55-04:00,2023-08-08,2023-08-08,2023-08-08,2023-08-07,25.540000915527344,736,662
1226,BEAM,1745999,Beam Therapeutics Inc.,2836,"Biological Products, (No Diagnostic Substances)",10-Q,2023-11-08,2023-09-30,2023-11-08 12:30:30+00:00,0000950170-23-060683,https://www.sec.gov/Archives/edgar/data/1745999/000095017023060683/beam-20230930.htm,18600,2274,data/interim/text/000095017023060683.txt.gz,000095017023060683,2023Q4,2023-11-08 07:30:30-05:00,2023-11-08,2023-11-08,2023-11-08,2023-11-07,24.989999771118164,801,597
1227,BEAM,1745999,Beam Therapeutics Inc.,2836,"Biological Products, (No Diagnostic Substances)",10-K,2024-02-27,2023-12-31,2024-02-27 12:22:28+00:00,0000950170-24-020622,https://www.sec.gov/Archives/edgar/data/1745999/000095017024020622/beam-20231231.htm,104507,5367,data/interim/text/000095017024020622.txt.gz,000095017024020622,2024Q1,2024-02-27 07:22:28-05:00,2024-02-27,2024-02-27,2024-02-27,2024-02-26,35.79999923706055,875,523
1228,BEAM,1745999,Beam Therapeutics Inc.,2836,"Biological Products, (No Diagnostic Substances)",10-Q,2024-05-07,2024-03-31,2024-05-07 11:19:17+00:00,0000950170-24-053939,https://www.sec.gov/Archives/edgar/data/1745999/000095017024053939/beam-20240331.htm,10819,1701,data/interim/text/000095017024053939.txt.gz,000095017024053939,2024Q2,2024-05-07 07:19:17-04:00,2024-05-07,2024-05-07,2024-05-07,2024-05-06,22.780000686645508,924,474
1229,BEAM,1745999,Beam Therapeutics Inc.,2836,"Biological Products, (No Diagnostic Substances)",10-Q,2024-08-06,2024-06-30,2024-08-06 12:55:36+00:00,0000950170-24-091242,https://www.sec.gov/Archives/edgar/data/1745999/000095017024091242/beam-20240630.htm,11369,1680,data/interim/text/000095017024091242.txt.gz,000095017024091242,2024Q3,2024-08-06 08:55:36-04:00,2024-08-06,2024-08-06,2024-08-06,2024-08-05,25.61000061035156,986,412
1230,BEAM,1745999,Beam Therapeutics Inc.,2836,"Biological Products, (No Diagnostic Substances)",10-Q,2024-11-05,2024-09-30,2024-11-05 14:06:00+00:00,0000950170-24-121104,https://www.sec.gov/Archives/edgar/data/1745999/000095017024121104/beam-20240930.htm,15104,2006,data/interim/text/000095017024121104.txt.gz,000095017024121104,2024Q4,2024-11-05 09:06:00-05:00,2024-11-05,2024-11-05,2024-11-05,2024-11-04,24.36000061035156,1050,348
1231,BEAM,1745999,Beam Therapeutics Inc.,2836,"Biological Products, (No Diagnostic Substances)",10-K,2025-02-25,2024-12-31,2025-02-25 12:30:30+00:00,0000950170-25-026076,https://www.sec.gov/Archives/edgar/data/1745999/000095017025026076/beam-20241231.htm,104915,5193,data/interim/text/000095017025026076.txt.gz,000095017025026076,2025Q1,2025-02-25 07:30:30-05:00,2025-02-25,2025-02-25,2025-02-25,2025-02-24,30.790000915527344,1124,274
1232,BEAM,1745999,Beam Therapeutics Inc.,2836,"Biological Products, (No Diagnostic Substances)",10-Q,2025-05-06,2025-03-31,2025-05-06 11:30:14+00:00,0000950170-25-063966,https://www.sec.gov/Archives/edgar/data/1745999/000095017025063966/beam-20250331.htm,13053,2064,data/interim/text/000095017025063966.txt.gz,000095017025063966,2025Q2,2025-05-06 07:30:14-04:00,2025-05-06,2025-05-06,2025-05-06,2025-05-05,19.81999969482422,1173,225
1233,BEAM,1745999,Beam Therapeutics Inc.,2836,"Biological Products, (No Diagnostic Substances)",10-Q,2025-08-05,2025-06-30,2025-08-05 11:14:07+00:00,0000950170-25-102393,https://www.sec.gov/Archives/edgar/data/1745999/000095017025102393/beam-20250630.htm,15746,2250,data/interim/text/000095017025102393.txt.gz,000095017025102393,2025Q3,2025-08-05 07:14:07-04:00,2025-08-05,2025-08-05,2025-08-05,2025-08-04,19.1200008392334,1235,163
1234,BEAM,1745999,Beam Therapeutics Inc.,2836,"Biological Products, (No Diagnostic Substances)",10-Q,2025-11-04,2025-09-30,2025-11-04 12:11:45+00:00,0001193125-25-263542,https://www.sec.gov/Archives/edgar/data/1745999/000119312525263542/beam-20250930.htm,16360,2296,data/interim/text/000119312525263542.txt.gz,000119312525263542,2025Q4,2025-11-04 07:11:45-05:00,2025-11-04,2025-11-04,2025-11-04,2025-11-03,24.25,1299,99
1235,ARCT,1768224,Arcturus Therapeutics Holdings Inc.,2834,Pharmaceutical Preparations,10-K,2021-03-01,2020-12-31,2021-03-01 21:18:46+00:00,0001564590-21-009872,https://www.sec.gov/Archives/edgar/data/1768224/000156459021009872/arct-10k_20201231.htm,51441,4264,data/interim/text/000156459021009872.txt.gz,000156459021009872,2021Q1,2021-03-01 16:18:46-05:00,2021-03-02,2021-03-02,2021-03-02,2021-03-01,54.63999938964844,123,1275
1236,ARCT,1768224,Arcturus Therapeutics Holdings Inc.,2834,Pharmaceutical Preparations,10-Q,2021-05-10,2021-03-31,2021-05-10 20:58:20+00:00,0001564590-21-026113,https://www.sec.gov/Archives/edgar/data/1768224/000156459021026113/arct-10q_20210331.htm,8321,1350,data/interim/text/000156459021026113.txt.gz,000156459021026113,2021Q2,2021-05-10 16:58:20-04:00,2021-05-11,2021-05-11,2021-05-11,2021-05-10,28.90999984741211,172,1226
1237,ARCT,1768224,Arcturus Therapeutics Holdings Inc.,2834,Pharmaceutical Preparations,10-Q,2021-08-10,2021-06-30,2021-08-09 21:39:09+00:00,0001564590-21-042750,https://www.sec.gov/Archives/edgar/data/1768224/000156459021042750/arct-10q_20210630.htm,9540,1471,data/interim/text/000156459021042750.txt.gz,000156459021042750,2021Q3,2021-08-09 17:39:09-04:00,2021-08-10,2021-08-10,2021-08-10,2021-08-09,48.2400016784668,235,1163
1238,ARCT,1768224,Arcturus Therapeutics Holdings Inc.,2834,Pharmaceutical Preparations,10-Q,2021-11-09,2021-09-30,2021-11-09 00:10:35+00:00,0001564590-21-055372,https://www.sec.gov/Archives/edgar/data/1768224/000156459021055372/arct-10q_20210930.htm,10605,1605,data/interim/text/000156459021055372.txt.gz,000156459021055372,2021Q4,2021-11-08 19:10:35-05:00,2021-11-09,2021-11-09,2021-11-09,2021-11-08,38.650001525878906,299,1099
1239,ARCT,1768224,Arcturus Therapeutics Holdings Inc.,2834,Pharmaceutical Preparations,10-K,2022-03-01,2021-12-31,2022-03-01 02:10:45+00:00,0001564590-22-007832,https://www.sec.gov/Archives/edgar/data/1768224/000156459022007832/arct-10k_20211231.htm,49340,4262,data/interim/text/000156459022007832.txt.gz,000156459022007832,2022Q1,2022-02-28 21:10:45-05:00,2022-03-01,2022-03-01,2022-03-01,2022-02-28,23.96999931335449,375,1023
1240,ARCT,1768224,Arcturus Therapeutics Holdings Inc.,2834,Pharmaceutical Preparations,10-Q,2022-05-09,2022-03-31,2022-05-09 20:31:22+00:00,0000950170-22-008524,https://www.sec.gov/Archives/edgar/data/1768224/000095017022008524/arct-20220331.htm,9477,1564,data/interim/text/000095017022008524.txt.gz,000095017022008524,2022Q2,2022-05-09 16:31:22-04:00,2022-05-10,2022-05-10,2022-05-10,2022-05-09,16.610000610351562,424,974
1241,ARCT,1768224,Arcturus Therapeutics Holdings Inc.,2834,Pharmaceutical Preparations,10-Q,2022-08-09,2022-06-30,2022-08-09 20:08:26+00:00,0000950170-22-016043,https://www.sec.gov/Archives/edgar/data/1768224/000095017022016043/arct-20220630.htm,9016,1521,data/interim/text/000095017022016043.txt.gz,000095017022016043,2022Q3,2022-08-09 16:08:26-04:00,2022-08-10,2022-08-10,2022-08-10,2022-08-09,18.229999542236328,487,911
1242,ARCT,1768224,Arcturus Therapeutics Holdings Inc.,2834,Pharmaceutical Preparations,10-Q,2022-11-09,2022-09-30,2022-11-09 21:55:13+00:00,0000950170-22-023969,https://www.sec.gov/Archives/edgar/data/1768224/000095017022023969/arct-20220930.htm,9140,1496,data/interim/text/000095017022023969.txt.gz,000095017022023969,2022Q4,2022-11-09 16:55:13-05:00,2022-11-10,2022-11-10,2022-11-10,2022-11-09,21.09000015258789,552,846
1243,ARCT,1768224,Arcturus Therapeutics Holdings Inc.,2834,Pharmaceutical Preparations,10-K,2023-03-29,2022-12-31,2023-03-28 22:33:36+00:00,0000950170-23-010380,https://www.sec.gov/Archives/edgar/data/1768224/000095017023010380/arct-20221231.htm,50020,4451,data/interim/text/000095017023010380.txt.gz,000095017023010380,2023Q1,2023-03-28 18:33:36-04:00,2023-03-29,2023-03-29,2023-03-29,2023-03-28,15.5,646,752
1244,ARCT,1768224,Arcturus Therapeutics Holdings Inc.,2834,Pharmaceutical Preparations,10-Q,2023-05-09,2023-03-31,2023-05-09 20:36:16+00:00,0000950170-23-019773,https://www.sec.gov/Archives/edgar/data/1768224/000095017023019773/arct-20230331.htm,9172,1571,data/interim/text/000095017023019773.txt.gz,000095017023019773,2023Q2,2023-05-09 16:36:16-04:00,2023-05-10,2023-05-10,2023-05-10,2023-05-09,28.950000762939453,675,723
1245,ARCT,1768224,Arcturus Therapeutics Holdings Inc.,2834,Pharmaceutical Preparations,10-Q,2023-08-07,2023-06-30,2023-08-07 21:02:20+00:00,0000950170-23-039149,https://www.sec.gov/Archives/edgar/data/1768224/000095017023039149/arct-20230630.htm,8716,1483,data/interim/text/000095017023039149.txt.gz,000095017023039149,2023Q3,2023-08-07 17:02:20-04:00,2023-08-08,2023-08-08,2023-08-08,2023-08-07,31.850000381469727,736,662
1246,ARCT,1768224,Arcturus Therapeutics Holdings Inc.,2834,Pharmaceutical Preparations,10-Q,2023-11-14,2023-09-30,2023-11-14 21:34:02+00:00,0000950170-23-063778,https://www.sec.gov/Archives/edgar/data/1768224/000095017023063778/arct-20230930.htm,10276,1658,data/interim/text/000095017023063778.txt.gz,000095017023063778,2023Q4,2023-11-14 16:34:02-05:00,2023-11-15,2023-11-15,2023-11-15,2023-11-14,19.399999618530277,806,592
1247,ARCT,1768224,Arcturus Therapeutics Holdings Inc.,2834,Pharmaceutical Preparations,10-K,2024-03-14,2023-12-31,2024-03-14 13:09:33+00:00,0000950170-24-031156,https://www.sec.gov/Archives/edgar/data/1768224/000095017024031156/arct-20231231.htm,54179,4594,data/interim/text/000095017024031156.txt.gz,000095017024031156,2024Q1,2024-03-14 09:09:33-04:00,2024-03-14,2024-03-14,2024-03-14,2024-03-13,37.900001525878906,887,511
1248,ARCT,1768224,Arcturus Therapeutics Holdings Inc.,2834,Pharmaceutical Preparations,10-Q,2024-05-08,2024-03-31,2024-05-08 20:17:45+00:00,0000950170-24-055702,https://www.sec.gov/Archives/edgar/data/1768224/000095017024055702/arct-20240331.htm,9966,1720,data/interim/text/000095017024055702.txt.gz,000095017024055702,2024Q2,2024-05-08 16:17:45-04:00,2024-05-09,2024-05-09,2024-05-09,2024-05-08,27.209999084472656,926,472
1249,ARCT,1768224,Arcturus Therapeutics Holdings Inc.,2834,Pharmaceutical Preparations,10-Q,2024-08-05,2024-06-30,2024-08-05 20:50:11+00:00,0000950170-24-090905,https://www.sec.gov/Archives/edgar/data/1768224/000095017024090905/arct-20240630.htm,10720,1751,data/interim/text/000095017024090905.txt.gz,000095017024090905,2024Q3,2024-08-05 16:50:11-04:00,2024-08-06,2024-08-06,2024-08-06,2024-08-05,19.790000915527344,986,412
1250,ARCT,1768224,Arcturus Therapeutics Holdings Inc.,2834,Pharmaceutical Preparations,10-Q,2024-11-07,2024-09-30,2024-11-07 21:58:19+00:00,0000950170-24-123469,https://www.sec.gov/Archives/edgar/data/1768224/000095017024123469/arct-20240930.htm,11079,1829,data/interim/text/000095017024123469.txt.gz,000095017024123469,2024Q4,2024-11-07 16:58:19-05:00,2024-11-08,2024-11-08,2024-11-08,2024-11-07,18.739999771118164,1053,345
1251,ARCT,1768224,Arcturus Therapeutics Holdings Inc.,2834,Pharmaceutical Preparations,10-K,2025-03-06,2024-12-31,2025-03-06 21:39:12+00:00,0000950170-25-034787,https://www.sec.gov/Archives/edgar/data/1768224/000095017025034787/arct-20241231.htm,52301,4398,data/interim/text/000095017025034787.txt.gz,000095017025034787,2025Q1,2025-03-06 16:39:12-05:00,2025-03-07,2025-03-07,2025-03-07,2025-03-06,15.970000267028809,1132,266
1252,ARCT,1768224,Arcturus Therapeutics Holdings Inc.,2834,Pharmaceutical Preparations,10-Q,2025-05-12,2025-03-31,2025-05-12 20:11:34+00:00,0000950170-25-069210,https://www.sec.gov/Archives/edgar/data/1768224/000095017025069210/arct-20250331.htm,9624,1655,data/interim/text/000095017025069210.txt.gz,000095017025069210,2025Q2,2025-05-12 16:11:34-04:00,2025-05-13,2025-05-13,2025-05-13,2025-05-12,11.59000015258789,1178,220
1253,ARCT,1768224,Arcturus Therapeutics Holdings Inc.,2834,Pharmaceutical Preparations,10-Q,2025-08-11,2025-06-30,2025-08-11 20:14:38+00:00,0000950170-25-106560,https://www.sec.gov/Archives/edgar/data/1768224/000095017025106560/arct-20250630.htm,10535,1780,data/interim/text/000095017025106560.txt.gz,000095017025106560,2025Q3,2025-08-11 16:14:38-04:00,2025-08-12,2025-08-12,2025-08-12,2025-08-11,11.390000343322754,1240,158
1254,ARCT,1768224,Arcturus Therapeutics Holdings Inc.,2834,Pharmaceutical Preparations,10-Q,2025-11-12,2025-09-30,2025-11-12 11:25:07+00:00,0001193125-25-275758,https://www.sec.gov/Archives/edgar/data/1768224/000119312525275758/arct-20250930.htm,11670,1948,data/interim/text/000119312525275758.txt.gz,000119312525275758,2025Q4,2025-11-12 06:25:07-05:00,2025-11-12,2025-11-12,2025-11-12,2025-11-11,8.670000076293945,1305,93
1256,CRWV,1769628,"CoreWeave, Inc.",7372,Services-Prepackaged Software,10-Q,2025-08-13,2025-06-30,2025-08-12 22:18:48+00:00,0001769628-25-000041,https://www.sec.gov/Archives/edgar/data/1769628/000176962825000041/crwv-20250630.htm,49182,3359,data/interim/text/000176962825000041.txt.gz,000176962825000041,2025Q3,2025-08-12 18:18:48-04:00,2025-08-13,2025-08-13,2025-08-13,2025-08-12,148.75,93,157
1257,CRWV,1769628,"CoreWeave, Inc.",7372,Services-Prepackaged Software,10-Q,2025-11-13,2025-09-30,2025-11-13 21:19:11+00:00,0001769628-25-000062,https://www.sec.gov/Archives/edgar/data/1769628/000176962825000062/crwv-20250930.htm,48671,3398,data/interim/text/000176962825000062.txt.gz,000176962825000062,2025Q4,2025-11-13 16:19:11-05:00,2025-11-14,2025-11-14,2025-11-14,2025-11-13,78.33999633789062,159,91
1258,TXG,1770787,"10x Genomics, Inc.",3826,Laboratory Analytical Instruments,10-K,2021-02-26,2020-12-31,2021-02-26 21:10:27+00:00,0001770787-21-000009,https://www.sec.gov/Archives/edgar/data/1770787/000177078721000009/txg-20201231.htm,68114,4614,data/interim/text/000177078721000009.txt.gz,000177078721000009,2021Q1,2021-02-26 16:10:27-05:00,2021-02-27,2021-02-27,2021-03-01,2021-02-26,177.99000549316406,122,1276
1259,TXG,1770787,"10x Genomics, Inc.",3826,Laboratory Analytical Instruments,10-Q,2021-05-07,2021-03-31,2021-05-07 20:07:16+00:00,0001770787-21-000031,https://www.sec.gov/Archives/edgar/data/1770787/000177078721000031/txg-20210331.htm,42068,3299,data/interim/text/000177078721000031.txt.gz,000177078721000031,2021Q2,2021-05-07 16:07:16-04:00,2021-05-08,2021-05-08,2021-05-10,2021-05-07,146.36000061035156,171,1227
1260,TXG,1770787,"10x Genomics, Inc.",3826,Laboratory Analytical Instruments,10-Q,2021-08-06,2021-06-30,2021-08-06 20:05:41+00:00,0001770787-21-000044,https://www.sec.gov/Archives/edgar/data/1770787/000177078721000044/txg-20210630.htm,36791,3149,data/interim/text/000177078721000044.txt.gz,000177078721000044,2021Q3,2021-08-06 16:05:41-04:00,2021-08-07,2021-08-07,2021-08-09,2021-08-06,170.97000122070312,234,1164
1261,TXG,1770787,"10x Genomics, Inc.",3826,Laboratory Analytical Instruments,10-Q,2021-11-05,2021-09-30,2021-11-05 20:06:24+00:00,0001770787-21-000054,https://www.sec.gov/Archives/edgar/data/1770787/000177078721000054/txg-20210930.htm,37516,3160,data/interim/text/000177078721000054.txt.gz,000177078721000054,2021Q4,2021-11-05 16:06:24-04:00,2021-11-06,2021-11-06,2021-11-08,2021-11-05,177.97999572753906,298,1100
1262,TXG,1770787,"10x Genomics, Inc.",3826,Laboratory Analytical Instruments,10-K,2022-02-18,2021-12-31,2022-02-18 21:06:49+00:00,0001770787-22-000015,https://www.sec.gov/Archives/edgar/data/1770787/000177078722000015/txg-20211231.htm,71901,4856,data/interim/text/000177078722000015.txt.gz,000177078722000015,2022Q1,2022-02-18 16:06:49-05:00,2022-02-19,2022-02-19,2022-02-22,2022-02-18,81.55999755859375,370,1028
1263,TXG,1770787,"10x Genomics, Inc.",3826,Laboratory Analytical Instruments,10-Q,2022-05-05,2022-03-31,2022-05-05 20:06:22+00:00,0001770787-22-000029,https://www.sec.gov/Archives/edgar/data/1770787/000177078722000029/txg-20220331.htm,7481,1290,data/interim/text/000177078722000029.txt.gz,000177078722000029,2022Q2,2022-05-05 16:06:22-04:00,2022-05-06,2022-05-06,2022-05-06,2022-05-05,50.40999984741211,422,976
1264,TXG,1770787,"10x Genomics, Inc.",3826,Laboratory Analytical Instruments,10-Q,2022-08-09,2022-06-30,2022-08-08 23:30:32+00:00,0001770787-22-000049,https://www.sec.gov/Archives/edgar/data/1770787/000177078722000049/txg-20220630.htm,7240,1175,data/interim/text/000177078722000049.txt.gz,000177078722000049,2022Q3,2022-08-08 19:30:32-04:00,2022-08-09,2022-08-09,2022-08-09,2022-08-08,43.4900016784668,486,912
1265,TXG,1770787,"10x Genomics, Inc.",3826,Laboratory Analytical Instruments,10-Q,2022-11-03,2022-09-30,2022-11-03 00:43:58+00:00,0001770787-22-000057,https://www.sec.gov/Archives/edgar/data/1770787/000177078722000057/txg-20220930.htm,7795,1272,data/interim/text/000177078722000057.txt.gz,000177078722000057,2022Q4,2022-11-02 20:43:58-04:00,2022-11-03,2022-11-03,2022-11-03,2022-11-02,26.920000076293945,547,851
1266,TXG,1770787,"10x Genomics, Inc.",3826,Laboratory Analytical Instruments,10-K,2023-02-16,2022-12-31,2023-02-16 21:48:47+00:00,0001770787-23-000012,https://www.sec.gov/Archives/edgar/data/1770787/000177078723000012/txg-20221231.htm,69348,4862,data/interim/text/000177078723000012.txt.gz,000177078723000012,2023Q1,2023-02-16 16:48:47-05:00,2023-02-17,2023-02-17,2023-02-17,2023-02-16,51.43000030517578,619,779
1267,TXG,1770787,"10x Genomics, Inc.",3826,Laboratory Analytical Instruments,10-Q,2023-05-04,2023-03-31,2023-05-04 21:04:05+00:00,0001770787-23-000029,https://www.sec.gov/Archives/edgar/data/1770787/000177078723000029/txg-20230331.htm,6010,1045,data/interim/text/000177078723000029.txt.gz,000177078723000029,2023Q2,2023-05-04 17:04:05-04:00,2023-05-05,2023-05-05,2023-05-05,2023-05-04,54.70000076293945,672,726
1268,TXG,1770787,"10x Genomics, Inc.",3826,Laboratory Analytical Instruments,10-Q,2023-08-04,2023-06-30,2023-08-03 22:47:02+00:00,0001770787-23-000047,https://www.sec.gov/Archives/edgar/data/1770787/000177078723000047/txg-20230630.htm,6359,1008,data/interim/text/000177078723000047.txt.gz,000177078723000047,2023Q3,2023-08-03 18:47:02-04:00,2023-08-04,2023-08-04,2023-08-04,2023-08-03,58.4900016784668,734,664
1269,TXG,1770787,"10x Genomics, Inc.",3826,Laboratory Analytical Instruments,10-Q,2023-11-03,2023-09-30,2023-11-02 23:27:55+00:00,0001770787-23-000053,https://www.sec.gov/Archives/edgar/data/1770787/000177078723000053/txg-20230930.htm,6480,1008,data/interim/text/000177078723000053.txt.gz,000177078723000053,2023Q4,2023-11-02 19:27:55-04:00,2023-11-03,2023-11-03,2023-11-03,2023-11-02,36.52999877929688,798,600
1270,TXG,1770787,"10x Genomics, Inc.",3826,Laboratory Analytical Instruments,10-K,2024-02-15,2023-12-31,2024-02-15 22:16:21+00:00,0001770787-24-000017,https://www.sec.gov/Archives/edgar/data/1770787/000177078724000017/txg-20231231.htm,67809,4810,data/interim/text/000177078724000017.txt.gz,000177078724000017,2024Q1,2024-02-15 17:16:21-05:00,2024-02-16,2024-02-16,2024-02-16,2024-02-15,48.06999969482422,869,529
1271,TXG,1770787,"10x Genomics, Inc.",3826,Laboratory Analytical Instruments,10-Q,2024-04-30,2024-03-31,2024-04-30 20:11:02+00:00,0001770787-24-000036,https://www.sec.gov/Archives/edgar/data/1770787/000177078724000036/txg-20240331.htm,5381,984,data/interim/text/000177078724000036.txt.gz,000177078724000036,2024Q2,2024-04-30 16:11:02-04:00,2024-05-01,2024-05-01,2024-05-01,2024-04-30,29.280000686645508,920,478
1272,TXG,1770787,"10x Genomics, Inc.",3826,Laboratory Analytical Instruments,10-Q,2024-08-08,2024-06-30,2024-08-08 20:12:32+00:00,0001770787-24-000060,https://www.sec.gov/Archives/edgar/data/1770787/000177078724000060/txg-20240630.htm,5885,997,data/interim/text/000177078724000060.txt.gz,000177078724000060,2024Q3,2024-08-08 16:12:32-04:00,2024-08-09,2024-08-09,2024-08-09,2024-08-08,19.549999237060547,989,409
1273,TXG,1770787,"10x Genomics, Inc.",3826,Laboratory Analytical Instruments,10-Q,2024-10-29,2024-09-30,2024-10-29 20:10:00+00:00,0001770787-24-000073,https://www.sec.gov/Archives/edgar/data/1770787/000177078724000073/txg-20240930.htm,5933,1016,data/interim/text/000177078724000073.txt.gz,000177078724000073,2024Q4,2024-10-29 16:10:00-04:00,2024-10-30,2024-10-30,2024-10-30,2024-10-29,15.789999961853027,1046,352
1274,TXG,1770787,"10x Genomics, Inc.",3826,Laboratory Analytical Instruments,10-K,2025-02-13,2024-12-31,2025-02-12 23:23:56+00:00,0001770787-25-000013,https://www.sec.gov/Archives/edgar/data/1770787/000177078725000013/txg-20241231.htm,56666,4136,data/interim/text/000177078725000013.txt.gz,000177078725000013,2025Q1,2025-02-12 18:23:56-05:00,2025-02-13,2025-02-13,2025-02-13,2025-02-12,12.0,1117,281
1275,TXG,1770787,"10x Genomics, Inc.",3826,Laboratory Analytical Instruments,10-Q,2025-05-09,2025-03-31,2025-05-08 21:35:37+00:00,0001770787-25-000032,https://www.sec.gov/Archives/edgar/data/1770787/000177078725000032/txg-20250331.htm,44783,3529,data/interim/text/000177078725000032.txt.gz,000177078725000032,2025Q2,2025-05-08 17:35:37-04:00,2025-05-09,2025-05-09,2025-05-09,2025-05-08,8.630000114440918,1176,222
1276,TXG,1770787,"10x Genomics, Inc.",3826,Laboratory Analytical Instruments,10-Q,2025-08-08,2025-06-30,2025-08-07 21:40:53+00:00,0001770787-25-000051,https://www.sec.gov/Archives/edgar/data/1770787/000177078725000051/txg-20250630.htm,5962,986,data/interim/text/000177078725000051.txt.gz,000177078725000051,2025Q3,2025-08-07 17:40:53-04:00,2025-08-08,2025-08-08,2025-08-08,2025-08-07,12.800000190734863,1238,160
1277,TXG,1770787,"10x Genomics, Inc.",3826,Laboratory Analytical Instruments,10-Q,2025-11-07,2025-09-30,2025-11-06 22:36:08+00:00,0001628280-25-050332,https://www.sec.gov/Archives/edgar/data/1770787/000162828025050332/txg-20250930.htm,7049,1064,data/interim/text/000162828025050332.txt.gz,000162828025050332,2025Q4,2025-11-06 17:36:08-05:00,2025-11-07,2025-11-07,2025-11-07,2025-11-06,13.0,1302,96
1278,SRTA,1779128,"Strata Critical Medical, Inc.",8000,Services-Health Services,10-K,2021-03-10,2020-12-31,2021-03-10 11:04:00+00:00,0001104659-21-034054,https://www.sec.gov/Archives/edgar/data/1779128/000110465921034054/tm211147d1_10k.htm,51409,2991,data/interim/text/000110465921034054.txt.gz,000110465921034054,2021Q1,2021-03-10 06:04:00-05:00,2021-03-10,2021-03-10,2021-03-10,2021-03-09,11.789999961853027,129,1269
1279,SRTA,1779128,"Strata Critical Medical, Inc.",8000,Services-Health Services,10-Q,2021-05-24,2021-03-31,2021-05-24 21:01:07+00:00,0001104659-21-071301,https://www.sec.gov/Archives/edgar/data/1779128/000110465921071301/tm2111697d1_10q.htm,10679,1254,data/interim/text/000110465921071301.txt.gz,000110465921071301,2021Q2,2021-05-24 17:01:07-04:00,2021-05-25,2021-05-25,2021-05-25,2021-05-24,8.399999618530273,182,1216
1280,SRTA,1779128,"Strata Critical Medical, Inc.",8000,Services-Health Services,10-Q,2021-08-16,2021-06-30,2021-08-16 11:04:05+00:00,0001104659-21-105544,https://www.sec.gov/Archives/edgar/data/1779128/000110465921105544/blde-20210630x10q.htm,27485,2807,data/interim/text/000110465921105544.txt.gz,000110465921105544,2021Q3,2021-08-16 07:04:05-04:00,2021-08-16,2021-08-16,2021-08-16,2021-08-13,7.079999923706055,239,1159
1281,SRTA,1779128,"Strata Critical Medical, Inc.",8000,Services-Health Services,10-K,2021-12-20,2021-09-30,2021-12-20 21:44:31+00:00,0001779128-21-000025,https://www.sec.gov/Archives/edgar/data/1779128/000177912821000025/blde-20210930.htm,42228,3536,data/interim/text/000177912821000025.txt.gz,000177912821000025,2021Q4,2021-12-20 16:44:31-05:00,2021-12-21,2021-12-21,2021-12-21,2021-12-20,8.949999809265137,328,1070
1282,SRTA,1779128,"Strata Critical Medical, Inc.",8000,Services-Health Services,10-Q,2022-05-10,2022-03-31,2022-05-10 11:58:48+00:00,0001779128-22-000047,https://www.sec.gov/Archives/edgar/data/1779128/000177912822000047/blde-20220331.htm,8665,1547,data/interim/text/000177912822000047.txt.gz,000177912822000047,2022Q2,2022-05-10 07:58:48-04:00,2022-05-10,2022-05-10,2022-05-10,2022-05-09,6.590000152587891,424,974
1283,SRTA,1779128,"Strata Critical Medical, Inc.",8000,Services-Health Services,10-Q,2022-08-09,2022-06-30,2022-08-09 12:04:10+00:00,0001779128-22-000083,https://www.sec.gov/Archives/edgar/data/1779128/000177912822000083/blde-20220630.htm,10147,1599,data/interim/text/000177912822000083.txt.gz,000177912822000083,2022Q3,2022-08-09 08:04:10-04:00,2022-08-09,2022-08-09,2022-08-09,2022-08-08,6.21999979019165,486,912
1284,SRTA,1779128,"Strata Critical Medical, Inc.",8000,Services-Health Services,10-Q,2022-11-10,2022-09-30,2022-11-10 21:08:52+00:00,0001779128-22-000112,https://www.sec.gov/Archives/edgar/data/1779128/000177912822000112/blde-20220930.htm,10749,1666,data/interim/text/000177912822000112.txt.gz,000177912822000112,2022Q4,2022-11-10 16:08:52-05:00,2022-11-11,2022-11-11,2022-11-11,2022-11-10,4.610000133514404,553,845
1285,SRTA,1779128,"Strata Critical Medical, Inc.",8000,Services-Health Services,10-K,2023-03-16,2022-12-31,2023-03-15 22:06:03+00:00,0001779128-23-000029,https://www.sec.gov/Archives/edgar/data/1779128/000177912823000029/blde-20221231.htm,40660,3507,data/interim/text/000177912823000029.txt.gz,000177912823000029,2023Q1,2023-03-15 18:06:03-04:00,2023-03-16,2023-03-16,2023-03-16,2023-03-15,3.640000104904175,637,761
1286,SRTA,1779128,"Strata Critical Medical, Inc.",8000,Services-Health Services,10-Q,2023-08-09,2023-06-30,2023-08-09 12:29:20+00:00,0001779128-23-000077,https://www.sec.gov/Archives/edgar/data/1779128/000177912823000077/blde-20230630.htm,10896,1486,data/interim/text/000177912823000077.txt.gz,000177912823000077,2023Q3,2023-08-09 08:29:20-04:00,2023-08-09,2023-08-09,2023-08-09,2023-08-08,4.0,737,661
1287,SRTA,1779128,"Strata Critical Medical, Inc.",8000,Services-Health Services,10-Q,2024-05-07,2024-03-31,2024-05-07 17:54:48+00:00,0001779128-24-000068,https://www.sec.gov/Archives/edgar/data/1779128/000177912824000068/blde-20240331.htm,10420,1557,data/interim/text/000177912824000068.txt.gz,000177912824000068,2024Q2,2024-05-07 13:54:48-04:00,2024-05-07,2024-05-07,2024-05-07,2024-05-06,3.619999885559082,924,474
1288,SRTA,1779128,"Strata Critical Medical, Inc.",8000,Services-Health Services,10-Q,2024-11-12,2024-09-30,2024-11-12 17:20:34+00:00,0001779128-24-000126,https://www.sec.gov/Archives/edgar/data/1779128/000177912824000126/blde-20240930.htm,12052,1588,data/interim/text/000177912824000126.txt.gz,000177912824000126,2024Q4,2024-11-12 12:20:34-05:00,2024-11-12,2024-11-12,2024-11-12,2024-11-11,3.829999923706055,1055,343
1289,SRTA,1779128,"Strata Critical Medical, Inc.",8000,Services-Health Services,10-Q,2025-08-05,2025-06-30,2025-08-05 16:43:35+00:00,0001779128-25-000060,https://www.sec.gov/Archives/edgar/data/1779128/000177912825000060/blde-20250630.htm,12128,1604,data/interim/text/000177912825000060.txt.gz,000177912825000060,2025Q3,2025-08-05 12:43:35-04:00,2025-08-05,2025-08-05,2025-08-05,2025-08-04,4.429999828338623,1235,163
1290,SRTA,1779128,"Strata Critical Medical, Inc.",8000,Services-Health Services,10-Q,2025-11-10,2025-09-30,2025-11-10 16:51:14+00:00,0001628280-25-050870,https://www.sec.gov/Archives/edgar/data/1779128/000162828025050870/blde-20250930.htm,12172,1567,data/interim/text/000162828025050870.txt.gz,000162828025050870,2025Q4,2025-11-10 11:51:14-05:00,2025-11-10,2025-11-10,2025-11-10,2025-11-07,4.429999828338623,1303,95
1292,HOOD,1783879,"Robinhood Markets, Inc.",6211,"Security Brokers, Dealers & Flotation Companies",10-Q,2021-10-29,2021-09-30,2021-10-29 20:02:11+00:00,0001783879-21-000054,https://www.sec.gov/Archives/edgar/data/1783879/000178387921000054/hood-20210930.htm,62545,3926,data/interim/text/000178387921000054.txt.gz,000178387921000054,2021Q4,2021-10-29 16:02:11-04:00,2021-10-30,2021-10-30,2021-11-01,2021-10-29,34.970001220703125,65,1105
1293,HOOD,1783879,"Robinhood Markets, Inc.",6211,"Security Brokers, Dealers & Flotation Companies",10-K,2022-02-24,2021-12-31,2022-02-24 21:06:16+00:00,0001783879-22-000044,https://www.sec.gov/Archives/edgar/data/1783879/000178387922000044/hood-20211231.htm,52183,4164,data/interim/text/000178387922000044.txt.gz,000178387922000044,2022Q1,2022-02-24 16:06:16-05:00,2022-02-25,2022-02-25,2022-02-25,2022-02-24,11.510000228881836,145,1025
1294,HOOD,1783879,"Robinhood Markets, Inc.",6211,"Security Brokers, Dealers & Flotation Companies",10-Q,2022-05-06,2022-03-31,2022-05-06 20:02:40+00:00,0001783879-22-000104,https://www.sec.gov/Archives/edgar/data/1783879/000178387922000104/hood-20220331.htm,40575,3489,data/interim/text/000178387922000104.txt.gz,000178387922000104,2022Q2,2022-05-06 16:02:40-04:00,2022-05-07,2022-05-07,2022-05-09,2022-05-06,10.119999885559082,195,975
1295,HOOD,1783879,"Robinhood Markets, Inc.",6211,"Security Brokers, Dealers & Flotation Companies",10-Q,2022-08-03,2022-06-30,2022-08-03 20:02:35+00:00,0001783879-22-000165,https://www.sec.gov/Archives/edgar/data/1783879/000178387922000165/hood-20220630.htm,42016,3483,data/interim/text/000178387922000165.txt.gz,000178387922000165,2022Q3,2022-08-03 16:02:35-04:00,2022-08-04,2022-08-04,2022-08-04,2022-08-03,10.3100004196167,255,915
1296,HOOD,1783879,"Robinhood Markets, Inc.",6211,"Security Brokers, Dealers & Flotation Companies",10-Q,2022-11-03,2022-09-30,2022-11-02 21:33:43+00:00,0001783879-22-000230,https://www.sec.gov/Archives/edgar/data/1783879/000178387922000230/hood-20220930.htm,42939,3518,data/interim/text/000178387922000230.txt.gz,000178387922000230,2022Q4,2022-11-02 17:33:43-04:00,2022-11-03,2022-11-03,2022-11-03,2022-11-02,11.399999618530272,319,851
1297,HOOD,1783879,"Robinhood Markets, Inc.",6211,"Security Brokers, Dealers & Flotation Companies",10-K,2023-02-27,2022-12-31,2023-02-27 21:33:25+00:00,0001783879-23-000045,https://www.sec.gov/Archives/edgar/data/1783879/000178387923000045/hood-20221231.htm,56773,4321,data/interim/text/000178387923000045.txt.gz,000178387923000045,2023Q1,2023-02-27 16:33:25-05:00,2023-02-28,2023-02-28,2023-02-28,2023-02-27,9.720000267028809,397,773
1298,HOOD,1783879,"Robinhood Markets, Inc.",6211,"Security Brokers, Dealers & Flotation Companies",10-Q,2023-05-10,2023-03-31,2023-05-10 20:10:50+00:00,0001783879-23-000117,https://www.sec.gov/Archives/edgar/data/1783879/000178387923000117/hood-20230331.htm,40888,3496,data/interim/text/000178387923000117.txt.gz,000178387923000117,2023Q2,2023-05-10 16:10:50-04:00,2023-05-11,2023-05-11,2023-05-11,2023-05-10,9.06999969482422,448,722
1299,HOOD,1783879,"Robinhood Markets, Inc.",6211,"Security Brokers, Dealers & Flotation Companies",10-Q,2023-08-03,2023-06-30,2023-08-03 20:06:13+00:00,0001783879-23-000175,https://www.sec.gov/Archives/edgar/data/1783879/000178387923000175/hood-20230630.htm,42313,3539,data/interim/text/000178387923000175.txt.gz,000178387923000175,2023Q3,2023-08-03 16:06:13-04:00,2023-08-04,2023-08-04,2023-08-04,2023-08-03,11.539999961853027,506,664
1300,HOOD,1783879,"Robinhood Markets, Inc.",6211,"Security Brokers, Dealers & Flotation Companies",10-Q,2023-11-07,2023-09-30,2023-11-07 21:10:57+00:00,0001783879-23-000268,https://www.sec.gov/Archives/edgar/data/1783879/000178387923000268/hood-20230930.htm,43526,3591,data/interim/text/000178387923000268.txt.gz,000178387923000268,2023Q4,2023-11-07 16:10:57-05:00,2023-11-08,2023-11-08,2023-11-08,2023-11-07,9.760000228881836,573,597
1301,HOOD,1783879,"Robinhood Markets, Inc.",6211,"Security Brokers, Dealers & Flotation Companies",10-K,2024-02-27,2023-12-31,2024-02-27 21:29:14+00:00,0001783879-24-000054,https://www.sec.gov/Archives/edgar/data/1783879/000178387924000054/hood-20231231.htm,61260,4537,data/interim/text/000178387924000054.txt.gz,000178387924000054,2024Q1,2024-02-27 16:29:14-05:00,2024-02-28,2024-02-28,2024-02-28,2024-02-27,16.25,648,522
1302,HOOD,1783879,"Robinhood Markets, Inc.",6211,"Security Brokers, Dealers & Flotation Companies",10-Q,2024-05-08,2024-03-31,2024-05-08 20:11:31+00:00,0001783879-24-000145,https://www.sec.gov/Archives/edgar/data/1783879/000178387924000145/hood-20240331.htm,44622,3651,data/interim/text/000178387924000145.txt.gz,000178387924000145,2024Q2,2024-05-08 16:11:31-04:00,2024-05-09,2024-05-09,2024-05-09,2024-05-08,17.850000381469727,698,472
1303,HOOD,1783879,"Robinhood Markets, Inc.",6211,"Security Brokers, Dealers & Flotation Companies",10-Q,2024-08-08,2024-06-30,2024-08-07 21:36:17+00:00,0001783879-24-000233,https://www.sec.gov/Archives/edgar/data/1783879/000178387924000233/hood-20240630.htm,45820,3672,data/interim/text/000178387924000233.txt.gz,000178387924000233,2024Q3,2024-08-07 17:36:17-04:00,2024-08-08,2024-08-08,2024-08-08,2024-08-07,17.1200008392334,760,410
1304,HOOD,1783879,"Robinhood Markets, Inc.",6211,"Security Brokers, Dealers & Flotation Companies",10-Q,2024-10-31,2024-09-30,2024-10-30 21:36:08+00:00,0001783879-24-000296,https://www.sec.gov/Archives/edgar/data/1783879/000178387924000296/hood-20240930.htm,46729,3711,data/interim/text/000178387924000296.txt.gz,000178387924000296,2024Q4,2024-10-30 17:36:08-04:00,2024-10-31,2024-10-31,2024-10-31,2024-10-30,28.209999084472656,819,351
1305,HOOD,1783879,"Robinhood Markets, Inc.",6211,"Security Brokers, Dealers & Flotation Companies",10-K,2025-02-18,2024-12-31,2025-02-18 21:07:19+00:00,0001783879-25-000049,https://www.sec.gov/Archives/edgar/data/1783879/000178387925000049/hood-20241231.htm,64109,4604,data/interim/text/000178387925000049.txt.gz,000178387925000049,2025Q1,2025-02-18 16:07:19-05:00,2025-02-19,2025-02-19,2025-02-19,2025-02-18,60.43999862670898,892,278
1306,HOOD,1783879,"Robinhood Markets, Inc.",6211,"Security Brokers, Dealers & Flotation Companies",10-Q,2025-05-01,2025-03-31,2025-04-30 21:37:21+00:00,0001783879-25-000145,https://www.sec.gov/Archives/edgar/data/1783879/000178387925000145/hood-20250331.htm,48074,3816,data/interim/text/000178387925000145.txt.gz,000178387925000145,2025Q2,2025-04-30 17:37:21-04:00,2025-05-01,2025-05-01,2025-05-01,2025-04-30,49.11000061035156,942,228
1307,HOOD,1783879,"Robinhood Markets, Inc.",6211,"Security Brokers, Dealers & Flotation Companies",10-Q,2025-07-31,2025-06-30,2025-07-30 21:38:16+00:00,0001783879-25-000251,https://www.sec.gov/Archives/edgar/data/1783879/000178387925000251/hood-20250630.htm,52393,3958,data/interim/text/000178387925000251.txt.gz,000178387925000251,2025Q3,2025-07-30 17:38:16-04:00,2025-07-31,2025-07-31,2025-07-31,2025-07-30,106.0999984741211,1004,166
1308,HOOD,1783879,"Robinhood Markets, Inc.",6211,"Security Brokers, Dealers & Flotation Companies",10-Q,2025-11-06,2025-09-30,2025-11-05 22:36:15+00:00,0001783879-25-000310,https://www.sec.gov/Archives/edgar/data/1783879/000178387925000310/hood-20250930.htm,54234,4062,data/interim/text/000178387925000310.txt.gz,000178387925000310,2025Q4,2025-11-05 17:36:15-05:00,2025-11-06,2025-11-06,2025-11-06,2025-11-05,142.47999572753906,1073,97
1310,DASH,1792789,"DoorDash, Inc.",7389,"Services-Business Services, NEC",10-Q,2021-05-14,2021-03-31,2021-05-14 20:10:58+00:00,0001628280-21-010313,https://www.sec.gov/Archives/edgar/data/1792789/000162828021010313/dash-20210331.htm,49557,3437,data/interim/text/000162828021010313.txt.gz,000162828021010313,2021Q2,2021-05-14 16:10:58-04:00,2021-05-15,2021-05-15,2021-05-17,2021-05-14,141.07000732421875,107,1222
1311,DASH,1792789,"DoorDash, Inc.",7389,"Services-Business Services, NEC",10-Q,2021-08-13,2021-06-30,2021-08-13 20:11:14+00:00,0001628280-21-016985,https://www.sec.gov/Archives/edgar/data/1792789/000162828021016985/dash-20210630.htm,50092,3449,data/interim/text/000162828021016985.txt.gz,000162828021016985,2021Q3,2021-08-13 16:11:14-04:00,2021-08-14,2021-08-14,2021-08-16,2021-08-13,194.7899932861328,170,1159
1312,DASH,1792789,"DoorDash, Inc.",7389,"Services-Business Services, NEC",10-Q,2021-11-10,2021-09-30,2021-11-10 22:26:04+00:00,0001628280-21-022884,https://www.sec.gov/Archives/edgar/data/1792789/000162828021022884/dash-20210930.htm,52784,3580,data/interim/text/000162828021022884.txt.gz,000162828021022884,2021Q4,2021-11-10 17:26:04-05:00,2021-11-11,2021-11-11,2021-11-11,2021-11-10,214.2400054931641,232,1097
1313,DASH,1792789,"DoorDash, Inc.",7389,"Services-Business Services, NEC",10-K,2022-03-01,2021-12-31,2022-03-01 11:37:38+00:00,0001628280-22-004350,https://www.sec.gov/Archives/edgar/data/1792789/000162828022004350/dash-20211231.htm,59913,3921,data/interim/text/000162828022004350.txt.gz,000162828022004350,2022Q1,2022-03-01 06:37:38-05:00,2022-03-01,2022-03-01,2022-03-01,2022-02-28,104.9499969482422,306,1023
1314,DASH,1792789,"DoorDash, Inc.",7389,"Services-Business Services, NEC",10-Q,2022-05-06,2022-03-31,2022-05-06 20:10:44+00:00,0001628280-22-013038,https://www.sec.gov/Archives/edgar/data/1792789/000162828022013038/dash-20220331.htm,52247,3580,data/interim/text/000162828022013038.txt.gz,000162828022013038,2022Q2,2022-05-06 16:10:44-04:00,2022-05-07,2022-05-07,2022-05-09,2022-05-06,72.11000061035156,354,975
1315,DASH,1792789,"DoorDash, Inc.",7389,"Services-Business Services, NEC",10-Q,2022-08-05,2022-06-30,2022-08-05 20:22:28+00:00,0001628280-22-021372,https://www.sec.gov/Archives/edgar/data/1792789/000162828022021372/dash-20220630.htm,52196,3614,data/interim/text/000162828022021372.txt.gz,000162828022021372,2022Q3,2022-08-05 16:22:28-04:00,2022-08-06,2022-08-06,2022-08-08,2022-08-05,80.29000091552734,416,913
1316,DASH,1792789,"DoorDash, Inc.",7389,"Services-Business Services, NEC",10-Q,2022-11-04,2022-09-30,2022-11-04 20:09:29+00:00,0001628280-22-028457,https://www.sec.gov/Archives/edgar/data/1792789/000162828022028457/dash-20220930.htm,50585,3501,data/interim/text/000162828022028457.txt.gz,000162828022028457,2022Q4,2022-11-04 16:09:29-04:00,2022-11-05,2022-11-05,2022-11-07,2022-11-04,51.56999969482422,480,849
1317,DASH,1792789,"DoorDash, Inc.",7389,"Services-Business Services, NEC",10-K,2023-02-27,2022-12-31,2023-02-25 02:46:28+00:00,0001628280-23-005131,https://www.sec.gov/Archives/edgar/data/1792789/000162828023005131/dash-20221231.htm,57981,3878,data/interim/text/000162828023005131.txt.gz,000162828023005131,2023Q1,2023-02-24 21:46:28-05:00,2023-02-25,2023-02-27,2023-02-27,2023-02-24,55.09000015258789,555,774
1318,DASH,1792789,"DoorDash, Inc.",7389,"Services-Business Services, NEC",10-Q,2023-05-05,2023-03-31,2023-05-05 20:12:03+00:00,0001628280-23-016140,https://www.sec.gov/Archives/edgar/data/1792789/000162828023016140/dash-20230331.htm,49416,3477,data/interim/text/000162828023016140.txt.gz,000162828023016140,2023Q2,2023-05-05 16:12:03-04:00,2023-05-06,2023-05-06,2023-05-08,2023-05-05,62.900001525878906,604,725
1319,DASH,1792789,"DoorDash, Inc.",7389,"Services-Business Services, NEC",10-Q,2023-08-02,2023-06-30,2023-08-02 20:09:22+00:00,0001628280-23-026756,https://www.sec.gov/Archives/edgar/data/1792789/000162828023026756/dash-20230630.htm,48649,3460,data/interim/text/000162828023026756.txt.gz,000162828023026756,2023Q3,2023-08-02 16:09:22-04:00,2023-08-03,2023-08-03,2023-08-03,2023-08-02,85.9800033569336,664,665
1320,DASH,1792789,"DoorDash, Inc.",7389,"Services-Business Services, NEC",10-Q,2023-11-01,2023-09-30,2023-11-01 20:11:56+00:00,0001628280-23-035973,https://www.sec.gov/Archives/edgar/data/1792789/000162828023035973/dash-20230930.htm,46377,3397,data/interim/text/000162828023035973.txt.gz,000162828023035973,2023Q4,2023-11-01 16:11:56-04:00,2023-11-02,2023-11-02,2023-11-02,2023-11-01,75.9000015258789,728,601
1321,DASH,1792789,"DoorDash, Inc.",7389,"Services-Business Services, NEC",10-K,2024-02-20,2023-12-31,2024-02-20 21:36:05+00:00,0001628280-24-005600,https://www.sec.gov/Archives/edgar/data/1792789/000162828024005600/dash-20231231.htm,53922,3795,data/interim/text/000162828024005600.txt.gz,000162828024005600,2024Q1,2024-02-20 16:36:05-05:00,2024-02-21,2024-02-21,2024-02-21,2024-02-20,115.4800033569336,802,527
1322,DASH,1792789,"DoorDash, Inc.",7389,"Services-Business Services, NEC",10-Q,2024-05-01,2024-03-31,2024-05-01 20:08:12+00:00,0001628280-24-019605,https://www.sec.gov/Archives/edgar/data/1792789/000162828024019605/dash-20240331.htm,45686,3361,data/interim/text/000162828024019605.txt.gz,000162828024019605,2024Q2,2024-05-01 16:08:12-04:00,2024-05-02,2024-05-02,2024-05-02,2024-05-01,127.45999908447266,852,477
1323,DASH,1792789,"DoorDash, Inc.",7389,"Services-Business Services, NEC",10-Q,2024-08-01,2024-06-30,2024-08-01 20:08:27+00:00,0001628280-24-034131,https://www.sec.gov/Archives/edgar/data/1792789/000162828024034131/dash-20240630.htm,45021,3326,data/interim/text/000162828024034131.txt.gz,000162828024034131,2024Q3,2024-08-01 16:08:27-04:00,2024-08-02,2024-08-02,2024-08-02,2024-08-01,108.1999969482422,915,414
1324,DASH,1792789,"DoorDash, Inc.",7389,"Services-Business Services, NEC",10-Q,2024-10-30,2024-09-30,2024-10-30 20:07:20+00:00,0001628280-24-044312,https://www.sec.gov/Archives/edgar/data/1792789/000162828024044312/dash-20240930.htm,45155,3315,data/interim/text/000162828024044312.txt.gz,000162828024044312,2024Q4,2024-10-30 16:07:20-04:00,2024-10-31,2024-10-31,2024-10-31,2024-10-30,155.25,978,351
1325,DASH,1792789,"DoorDash, Inc.",7389,"Services-Business Services, NEC",10-K,2025-02-14,2024-12-31,2025-02-14 21:13:32+00:00,0001628280-25-005715,https://www.sec.gov/Archives/edgar/data/1792789/000162828025005715/dash-20241231.htm,50128,3607,data/interim/text/000162828025005715.txt.gz,000162828025005715,2025Q1,2025-02-14 16:13:32-05:00,2025-02-15,2025-02-15,2025-02-18,2025-02-14,213.3800048828125,1050,279
1326,DASH,1792789,"DoorDash, Inc.",7389,"Services-Business Services, NEC",10-Q,2025-05-07,2025-03-31,2025-05-07 20:11:41+00:00,0001628280-25-023171,https://www.sec.gov/Archives/edgar/data/1792789/000162828025023171/dash-20250331.htm,44314,3316,data/interim/text/000162828025023171.txt.gz,000162828025023171,2025Q2,2025-05-07 16:11:41-04:00,2025-05-08,2025-05-08,2025-05-08,2025-05-07,176.99000549316406,1106,223
1327,DASH,1792789,"DoorDash, Inc.",7389,"Services-Business Services, NEC",10-Q,2025-08-06,2025-06-30,2025-08-06 20:16:10+00:00,0001792789-25-000012,https://www.sec.gov/Archives/edgar/data/1792789/000179278925000012/dash-20250630.htm,47116,3385,data/interim/text/000179278925000012.txt.gz,000179278925000012,2025Q3,2025-08-06 16:16:10-04:00,2025-08-07,2025-08-07,2025-08-07,2025-08-06,258.0799865722656,1168,161
1328,DASH,1792789,"DoorDash, Inc.",7389,"Services-Business Services, NEC",10-Q,2025-11-06,2025-09-30,2025-11-06 21:08:32+00:00,0001792789-25-000020,https://www.sec.gov/Archives/edgar/data/1792789/000179278925000020/dash-20250930.htm,47170,3365,data/interim/text/000179278925000020.txt.gz,000179278925000020,2025Q4,2025-11-06 16:08:32-05:00,2025-11-07,2025-11-07,2025-11-07,2025-11-06,196.4600067138672,1233,96
1329,BFLY,1804176,"Butterfly Network, Inc.",3844,X-Ray Apparatus & Tubes & Related Irradiation Apparatus,10-K,2021-03-29,2020-12-31,2021-03-29 20:52:46+00:00,0001104659-21-043278,https://www.sec.gov/Archives/edgar/data/1804176/000110465921043278/tm214074d1_10k.htm,78409,4969,data/interim/text/000110465921043278.txt.gz,000110465921043278,2021Q1,2021-03-29 16:52:46-04:00,2021-03-30,2021-03-30,2021-03-30,2021-03-29,18.100000381469727,143,1255
1330,BFLY,1804176,"Butterfly Network, Inc.",3844,X-Ray Apparatus & Tubes & Related Irradiation Apparatus,10-Q,2021-05-17,2021-03-31,2021-05-17 20:14:00+00:00,0001558370-21-007403,https://www.sec.gov/Archives/edgar/data/1804176/000155837021007403/tmb-20210331x10q.htm,9705,1549,data/interim/text/000155837021007403.txt.gz,000155837021007403,2021Q2,2021-05-17 16:14:00-04:00,2021-05-18,2021-05-18,2021-05-18,2021-05-17,9.6899995803833,177,1221
1331,BFLY,1804176,"Butterfly Network, Inc.",3844,X-Ray Apparatus & Tubes & Related Irradiation Apparatus,10-Q,2021-08-09,2021-06-30,2021-08-09 20:29:51+00:00,0001558370-21-010985,https://www.sec.gov/Archives/edgar/data/1804176/000155837021010985/tmb-20210630x10q.htm,9681,1462,data/interim/text/000155837021010985.txt.gz,000155837021010985,2021Q3,2021-08-09 16:29:51-04:00,2021-08-10,2021-08-10,2021-08-10,2021-08-09,11.699999809265137,235,1163
1332,BFLY,1804176,"Butterfly Network, Inc.",3844,X-Ray Apparatus & Tubes & Related Irradiation Apparatus,10-Q,2021-11-15,2021-09-30,2021-11-15 21:07:17+00:00,0001558370-21-015970,https://www.sec.gov/Archives/edgar/data/1804176/000155837021015970/tmb-20210930x10q.htm,10074,1442,data/interim/text/000155837021015970.txt.gz,000155837021015970,2021Q4,2021-11-15 16:07:17-05:00,2021-11-16,2021-11-16,2021-11-16,2021-11-15,7.519999980926514,304,1094
1333,BFLY,1804176,"Butterfly Network, Inc.",3844,X-Ray Apparatus & Tubes & Related Irradiation Apparatus,10-K,2022-02-28,2021-12-31,2022-02-28 22:19:35+00:00,0001558370-22-002397,https://www.sec.gov/Archives/edgar/data/1804176/000155837022002397/tmb-20211231x10k.htm,82217,5160,data/interim/text/000155837022002397.txt.gz,000155837022002397,2022Q1,2022-02-28 17:19:35-05:00,2022-03-01,2022-03-01,2022-03-01,2022-02-28,5.150000095367432,375,1023
1334,BFLY,1804176,"Butterfly Network, Inc.",3844,X-Ray Apparatus & Tubes & Related Irradiation Apparatus,10-Q,2022-08-03,2022-06-30,2022-08-03 21:26:32+00:00,0001558370-22-011955,https://www.sec.gov/Archives/edgar/data/1804176/000155837022011955/tmb-20220630x10q.htm,7644,1303,data/interim/text/000155837022011955.txt.gz,000155837022011955,2022Q3,2022-08-03 17:26:32-04:00,2022-08-04,2022-08-04,2022-08-04,2022-08-03,5.659999847412109,483,915
1335,BFLY,1804176,"Butterfly Network, Inc.",3844,X-Ray Apparatus & Tubes & Related Irradiation Apparatus,10-Q,2022-11-03,2022-09-30,2022-11-03 21:09:50+00:00,0001558370-22-016291,https://www.sec.gov/Archives/edgar/data/1804176/000155837022016291/tmb-20220930x10q.htm,8395,1351,data/interim/text/000155837022016291.txt.gz,000155837022016291,2022Q4,2022-11-03 17:09:50-04:00,2022-11-04,2022-11-04,2022-11-04,2022-11-03,3.940000057220459,548,850
1336,BFLY,1804176,"Butterfly Network, Inc.",3844,X-Ray Apparatus & Tubes & Related Irradiation Apparatus,10-K,2025-02-28,2024-12-31,2025-02-28 21:16:44+00:00,0001628280-25-009036,https://www.sec.gov/Archives/edgar/data/1804176/000162828025009036/bfly-20241231.htm,36200,3672,data/interim/text/000162828025009036.txt.gz,000162828025009036,2025Q1,2025-02-28 16:16:44-05:00,2025-03-01,2025-03-01,2025-03-03,2025-02-28,3.619999885559082,1128,270
1337,QSI,1816431,Quantum-Si Inc,3829,"Measuring & Controlling Devices, NEC",10-K,2021-03-30,2020-12-31,2021-03-30 21:20:26+00:00,0001104659-21-044037,https://www.sec.gov/Archives/edgar/data/1816431/000110465921044037/tm212056d1_10k.htm,47082,2932,data/interim/text/000110465921044037.txt.gz,000110465921044037,2021Q1,2021-03-30 17:20:26-04:00,2021-03-31,2021-03-31,2021-03-31,2021-03-30,11.890000343322754,92,1254
1338,QSI,1816431,Quantum-Si Inc,3829,"Measuring & Controlling Devices, NEC",10-Q,2021-05-24,2021-03-31,2021-05-24 21:10:29+00:00,0001104659-21-071318,https://www.sec.gov/Archives/edgar/data/1816431/000110465921071318/tm2116874d2_10q.htm,11844,1355,data/interim/text/000110465921071318.txt.gz,000110465921071318,2021Q2,2021-05-24 17:10:29-04:00,2021-05-25,2021-05-25,2021-05-25,2021-05-24,9.960000038146973,130,1216
1339,QSI,1816431,Quantum-Si Inc,3829,"Measuring & Controlling Devices, NEC",10-Q,2021-08-16,2021-06-30,2021-08-16 20:35:30+00:00,0001140361-21-028466,https://www.sec.gov/Archives/edgar/data/1816431/000114036121028466/brhc10028064_10-q.htm,34546,3143,data/interim/text/000114036121028466.txt.gz,000114036121028466,2021Q3,2021-08-16 16:35:30-04:00,2021-08-17,2021-08-17,2021-08-17,2021-08-16,8.130000114440918,188,1158
1340,QSI,1816431,Quantum-Si Inc,3829,"Measuring & Controlling Devices, NEC",10-Q,2021-11-15,2021-09-30,2021-11-12 22:46:11+00:00,0001140361-21-037702,https://www.sec.gov/Archives/edgar/data/1816431/000114036121037702/brhc10030506_10q.htm,8393,1358,data/interim/text/000114036121037702.txt.gz,000114036121037702,2021Q4,2021-11-12 17:46:11-05:00,2021-11-13,2021-11-15,2021-11-15,2021-11-12,8.170000076293945,251,1095
1341,QSI,1816431,Quantum-Si Inc,3829,"Measuring & Controlling Devices, NEC",10-K,2022-03-01,2021-12-31,2022-03-01 21:07:25+00:00,0001140361-22-007334,https://www.sec.gov/Archives/edgar/data/1816431/000114036122007334/brhc10034564_10k.htm,76810,5044,data/interim/text/000114036122007334.txt.gz,000114036122007334,2022Q1,2022-03-01 16:07:25-05:00,2022-03-02,2022-03-02,2022-03-02,2022-03-01,4.71999979019165,324,1022
1342,QSI,1816431,Quantum-Si Inc,3829,"Measuring & Controlling Devices, NEC",10-Q,2022-05-10,2022-03-31,2022-05-10 00:52:12+00:00,0001140361-22-018360,https://www.sec.gov/Archives/edgar/data/1816431/000114036122018360/brhc10037350_10q.htm,7406,1307,data/interim/text/000114036122018360.txt.gz,000114036122018360,2022Q2,2022-05-09 20:52:12-04:00,2022-05-10,2022-05-10,2022-05-10,2022-05-09,3.490000009536743,372,974
1343,QSI,1816431,Quantum-Si Inc,3829,"Measuring & Controlling Devices, NEC",10-Q,2022-08-08,2022-06-30,2022-08-08 21:01:08+00:00,0001140361-22-028744,https://www.sec.gov/Archives/edgar/data/1816431/000114036122028744/brhc10040520_10q.htm,7776,1295,data/interim/text/000114036122028744.txt.gz,000114036122028744,2022Q3,2022-08-08 17:01:08-04:00,2022-08-09,2022-08-09,2022-08-09,2022-08-08,3.9600000381469727,434,912
1344,CMPS,1816590,COMPASS Pathways plc,2834,Pharmaceutical Preparations,10-K,2022-02-24,2021-12-31,2022-02-24 12:43:02+00:00,0001628280-22-003651,https://www.sec.gov/Archives/edgar/data/1816590/000162828022003651/cmps-20211231.htm,110933,5957,data/interim/text/000162828022003651.txt.gz,000162828022003651,2022Q1,2022-02-24 07:43:02-05:00,2022-02-24,2022-02-24,2022-02-24,2022-02-23,12.65999984741211,360,1026
1345,CMPS,1816590,COMPASS Pathways plc,2834,Pharmaceutical Preparations,10-Q,2022-05-10,2022-03-31,2022-05-10 10:37:41+00:00,0001628280-22-013443,https://www.sec.gov/Archives/edgar/data/1816590/000162828022013443/cmps-20220331.htm,67050,4107,data/interim/text/000162828022013443.txt.gz,000162828022013443,2022Q2,2022-05-10 06:37:41-04:00,2022-05-10,2022-05-10,2022-05-10,2022-05-09,7.360000133514404,412,974
1346,CMPS,1816590,COMPASS Pathways plc,2834,Pharmaceutical Preparations,10-Q,2022-08-04,2022-06-30,2022-08-04 11:01:56+00:00,0001628280-22-020847,https://www.sec.gov/Archives/edgar/data/1816590/000162828022020847/cmps-20220630.htm,67640,4114,data/interim/text/000162828022020847.txt.gz,000162828022020847,2022Q3,2022-08-04 07:01:56-04:00,2022-08-04,2022-08-04,2022-08-04,2022-08-03,16.040000915527344,471,915
1347,CMPS,1816590,COMPASS Pathways plc,2834,Pharmaceutical Preparations,10-Q,2022-11-03,2022-09-30,2022-11-03 11:05:39+00:00,0001816590-22-000115,https://www.sec.gov/Archives/edgar/data/1816590/000181659022000115/cmps-20220930.htm,67473,4105,data/interim/text/000181659022000115.txt.gz,000181659022000115,2022Q4,2022-11-03 07:05:39-04:00,2022-11-03,2022-11-03,2022-11-03,2022-11-02,9.800000190734863,535,851
1348,CMPS,1816590,COMPASS Pathways plc,2834,Pharmaceutical Preparations,10-K,2023-02-28,2022-12-31,2023-02-28 12:02:14+00:00,0001628280-23-005356,https://www.sec.gov/Archives/edgar/data/1816590/000162828023005356/cmps-20221231.htm,104508,5838,data/interim/text/000162828023005356.txt.gz,000162828023005356,2023Q1,2023-02-28 07:02:14-05:00,2023-02-28,2023-02-28,2023-02-28,2023-02-27,8.420000076293945,613,773
1349,CMPS,1816590,COMPASS Pathways plc,2834,Pharmaceutical Preparations,10-Q,2023-05-11,2023-03-31,2023-05-11 11:01:32+00:00,0001628280-23-017390,https://www.sec.gov/Archives/edgar/data/1816590/000162828023017390/cmps-20230331.htm,67792,4134,data/interim/text/000162828023017390.txt.gz,000162828023017390,2023Q2,2023-05-11 07:01:32-04:00,2023-05-11,2023-05-11,2023-05-11,2023-05-10,8.59000015258789,664,722
1350,CMPS,1816590,COMPASS Pathways plc,2834,Pharmaceutical Preparations,10-Q,2023-08-03,2023-06-30,2023-08-03 10:59:44+00:00,0001628280-23-026985,https://www.sec.gov/Archives/edgar/data/1816590/000162828023026985/cmps-20230630.htm,70492,4189,data/interim/text/000162828023026985.txt.gz,000162828023026985,2023Q3,2023-08-03 06:59:44-04:00,2023-08-03,2023-08-03,2023-08-03,2023-08-02,8.949999809265137,721,665
1351,CMPS,1816590,COMPASS Pathways plc,2834,Pharmaceutical Preparations,10-Q,2023-11-02,2023-09-30,2023-11-02 11:00:54+00:00,0001628280-23-036170,https://www.sec.gov/Archives/edgar/data/1816590/000162828023036170/cmps-20230930.htm,70878,4204,data/interim/text/000162828023036170.txt.gz,000162828023036170,2023Q4,2023-11-02 07:00:54-04:00,2023-11-02,2023-11-02,2023-11-02,2023-11-01,5.78000020980835,785,601
1352,CMPS,1816590,COMPASS Pathways plc,2834,Pharmaceutical Preparations,10-K,2024-02-29,2023-12-31,2024-02-29 11:59:52+00:00,0001628280-24-007787,https://www.sec.gov/Archives/edgar/data/1816590/000162828024007787/cmps-20231231.htm,109142,5844,data/interim/text/000162828024007787.txt.gz,000162828024007787,2024Q1,2024-02-29 06:59:52-05:00,2024-02-29,2024-02-29,2024-02-29,2024-02-28,12.369999885559082,865,521
1353,CMPS,1816590,COMPASS Pathways plc,2834,Pharmaceutical Preparations,10-Q,2024-05-08,2024-03-31,2024-05-08 10:45:59+00:00,0001628280-24-021351,https://www.sec.gov/Archives/edgar/data/1816590/000162828024021351/cmps-20240331.htm,69491,4190,data/interim/text/000162828024021351.txt.gz,000162828024021351,2024Q2,2024-05-08 06:45:59-04:00,2024-05-08,2024-05-08,2024-05-08,2024-05-07,8.539999961853027,913,473
1354,CMPS,1816590,COMPASS Pathways plc,2834,Pharmaceutical Preparations,10-Q,2024-08-01,2024-06-30,2024-08-01 10:30:44+00:00,0001628280-24-033853,https://www.sec.gov/Archives/edgar/data/1816590/000162828024033853/cmps-20240630.htm,69048,4173,data/interim/text/000162828024033853.txt.gz,000162828024033853,2024Q3,2024-08-01 06:30:44-04:00,2024-08-01,2024-08-01,2024-08-01,2024-07-31,7.630000114440918,971,415
1355,CMPS,1816590,COMPASS Pathways plc,2834,Pharmaceutical Preparations,10-Q,2024-10-31,2024-09-30,2024-10-31 10:30:31+00:00,0001628280-24-044398,https://www.sec.gov/Archives/edgar/data/1816590/000162828024044398/cmps-20240930.htm,69604,4195,data/interim/text/000162828024044398.txt.gz,000162828024044398,2024Q4,2024-10-31 06:30:31-04:00,2024-10-31,2024-10-31,2024-10-31,2024-10-30,6.190000057220459,1035,351
1356,CMPS,1816590,COMPASS Pathways plc,2834,Pharmaceutical Preparations,10-K,2025-02-27,2024-12-31,2025-02-27 11:28:33+00:00,0001628280-25-008412,https://www.sec.gov/Archives/edgar/data/1816590/000162828025008412/cmps-20241231.htm,107764,5671,data/interim/text/000162828025008412.txt.gz,000162828025008412,2025Q1,2025-02-27 06:28:33-05:00,2025-02-27,2025-02-27,2025-02-27,2025-02-26,3.700000047683716,1114,272
1357,CMPS,1816590,COMPASS Pathways plc,2834,Pharmaceutical Preparations,10-Q,2025-05-08,2025-03-31,2025-05-08 10:38:40+00:00,0001628280-25-023426,https://www.sec.gov/Archives/edgar/data/1816590/000162828025023426/cmps-20250331.htm,71000,4207,data/interim/text/000162828025023426.txt.gz,000162828025023426,2025Q2,2025-05-08 06:38:40-04:00,2025-05-08,2025-05-08,2025-05-08,2025-05-07,3.740000009536743,1163,223
1358,CMPS,1816590,COMPASS Pathways plc,2834,Pharmaceutical Preparations,10-Q,2025-07-31,2025-06-30,2025-07-31 10:30:58+00:00,0001816590-25-000102,https://www.sec.gov/Archives/edgar/data/1816590/000181659025000102/cmps-20250630.htm,72266,4247,data/interim/text/000181659025000102.txt.gz,000181659025000102,2025Q3,2025-07-31 06:30:58-04:00,2025-07-31,2025-07-31,2025-07-31,2025-07-30,3.940000057220459,1220,166
1359,CMPS,1816590,COMPASS Pathways plc,2834,Pharmaceutical Preparations,10-Q,2025-11-04,2025-09-30,2025-11-04 11:30:56+00:00,0001816590-25-000150,https://www.sec.gov/Archives/edgar/data/1816590/000181659025000150/cmps-20250930.htm,72768,4258,data/interim/text/000181659025000150.txt.gz,000181659025000150,2025Q4,2025-11-04 06:30:56-05:00,2025-11-04,2025-11-04,2025-11-04,2025-11-03,5.949999809265137,1287,99
1360,WGS,1818331,GeneDx Holdings Corp.,8000,Services-Health Services,10-K,2021-03-30,2020-12-31,2021-03-30 20:48:09+00:00,0001213900-21-018697,https://www.sec.gov/Archives/edgar/data/1818331/000121390021018697/f10k2020_cmlifesciences.htm,49525,2804,data/interim/text/000121390021018697.txt.gz,000121390021018697,2021Q1,2021-03-30 16:48:09-04:00,2021-03-31,2021-03-31,2021-03-31,2021-03-30,449.7900085449219,99,1254
1361,WGS,1818331,GeneDx Holdings Corp.,8000,Services-Health Services,10-Q,2021-05-24,2021-03-31,2021-05-24 13:14:58+00:00,0001213900-21-028608,https://www.sec.gov/Archives/edgar/data/1818331/000121390021028608/f10q0321_cmlifesciences.htm,14136,1439,data/interim/text/000121390021028608.txt.gz,000121390021028608,2021Q2,2021-05-24 09:14:58-04:00,2021-05-24,2021-05-24,2021-05-24,2021-05-21,389.7300109863281,136,1217
1362,WGS,1818331,GeneDx Holdings Corp.,8000,Services-Health Services,10-Q,2021-07-21,2021-06-30,2021-07-21 20:31:38+00:00,0001213900-21-037929,https://www.sec.gov/Archives/edgar/data/1818331/000121390021037929/f10q0621_cmlifesciences.htm,5530,925,data/interim/text/000121390021037929.txt.gz,000121390021037929,2021Q3,2021-07-21 16:31:38-04:00,2021-07-22,2021-07-22,2021-07-22,2021-07-21,411.8399963378906,177,1176
1363,WGS,1818331,GeneDx Holdings Corp.,8000,Services-Health Services,10-Q,2021-11-15,2021-09-30,2021-11-15 21:42:21+00:00,0001818331-21-000012,https://www.sec.gov/Archives/edgar/data/1818331/000181833121000012/cmlf-20210930.htm,46275,3704,data/interim/text/000181833121000012.txt.gz,000181833121000012,2021Q4,2021-11-15 16:42:21-05:00,2021-11-16,2021-11-16,2021-11-16,2021-11-15,258.0599975585937,259,1094
1364,WGS,1818331,GeneDx Holdings Corp.,8000,Services-Health Services,10-K,2022-03-14,2021-12-31,2022-03-14 20:32:49+00:00,0001818331-22-000037,https://www.sec.gov/Archives/edgar/data/1818331/000181833122000037/cmlf-20211231.htm,85322,5325,data/interim/text/000181833122000037.txt.gz,000181833122000037,2022Q1,2022-03-14 16:32:49-04:00,2022-03-15,2022-03-15,2022-03-15,2022-03-14,87.44999694824219,340,1013
1365,WGS,1818331,GeneDx Holdings Corp.,8000,Services-Health Services,10-Q,2022-05-12,2022-03-31,2022-05-12 20:27:45+00:00,0001818331-22-000046,https://www.sec.gov/Archives/edgar/data/1818331/000181833122000046/cmlf-20220331.htm,46697,3703,data/interim/text/000181833122000046.txt.gz,000181833122000046,2022Q2,2022-05-12 16:27:45-04:00,2022-05-13,2022-05-13,2022-05-13,2022-05-12,56.7599983215332,382,971
1366,WGS,1818331,GeneDx Holdings Corp.,8000,Services-Health Services,10-Q,2022-08-15,2022-06-30,2022-08-15 20:40:15+00:00,0001818331-22-000069,https://www.sec.gov/Archives/edgar/data/1818331/000181833122000069/cmlf-20220630.htm,49813,3795,data/interim/text/000181833122000069.txt.gz,000181833122000069,2022Q3,2022-08-15 16:40:15-04:00,2022-08-16,2022-08-16,2022-08-16,2022-08-15,79.19999694824219,446,907
1367,WGS,1818331,GeneDx Holdings Corp.,8000,Services-Health Services,10-Q,2022-11-14,2022-09-30,2022-11-14 14:02:05+00:00,0001818331-22-000078,https://www.sec.gov/Archives/edgar/data/1818331/000181833122000078/cmlf-20220930.htm,50286,3800,data/interim/text/000181833122000078.txt.gz,000181833122000078,2022Q4,2022-11-14 09:02:05-05:00,2022-11-14,2022-11-14,2022-11-14,2022-11-11,33.65999984741211,509,844
1368,WGS,1818331,GeneDx Holdings Corp.,8000,Services-Health Services,10-K,2023-03-16,2022-12-31,2023-03-16 20:41:00+00:00,0001818331-23-000024,https://www.sec.gov/Archives/edgar/data/1818331/000181833123000024/wgs-20221231.htm,60761,4419,data/interim/text/000181833123000024.txt.gz,000181833123000024,2023Q1,2023-03-16 16:41:00-04:00,2023-03-17,2023-03-17,2023-03-17,2023-03-16,11.682000160217283,593,760
1369,WGS,1818331,GeneDx Holdings Corp.,8000,Services-Health Services,10-Q,2023-05-09,2023-03-31,2023-05-09 21:10:55+00:00,0001818331-23-000043,https://www.sec.gov/Archives/edgar/data/1818331/000181833123000043/wgs-20230331.htm,42575,3556,data/interim/text/000181833123000043.txt.gz,000181833123000043,2023Q2,2023-05-09 17:10:55-04:00,2023-05-10,2023-05-10,2023-05-10,2023-05-09,8.350000381469727,630,723
1370,WGS,1818331,GeneDx Holdings Corp.,8000,Services-Health Services,10-Q,2023-08-08,2023-06-30,2023-08-08 20:27:33+00:00,0001818331-23-000064,https://www.sec.gov/Archives/edgar/data/1818331/000181833123000064/wgs-20230630.htm,44704,3579,data/interim/text/000181833123000064.txt.gz,000181833123000064,2023Q3,2023-08-08 16:27:33-04:00,2023-08-09,2023-08-09,2023-08-09,2023-08-08,6.650000095367432,692,661
1371,WGS,1818331,GeneDx Holdings Corp.,8000,Services-Health Services,10-K,2024-02-23,2023-12-31,2024-02-23 21:56:22+00:00,0001818331-24-000008,https://www.sec.gov/Archives/edgar/data/1818331/000181833124000008/wgs-20231231.htm,56369,4298,data/interim/text/000181833124000008.txt.gz,000181833124000008,2024Q1,2024-02-23 16:56:22-05:00,2024-02-24,2024-02-24,2024-02-26,2024-02-23,7.880000114440918,829,524
1372,WGS,1818331,GeneDx Holdings Corp.,8000,Services-Health Services,10-Q,2024-04-29,2024-03-31,2024-04-29 20:13:44+00:00,0001818331-24-000023,https://www.sec.gov/Archives/edgar/data/1818331/000181833124000023/wgs-20240331.htm,10601,1749,data/interim/text/000181833124000023.txt.gz,000181833124000023,2024Q2,2024-04-29 16:13:44-04:00,2024-04-30,2024-04-30,2024-04-30,2024-04-29,11.0,874,479
1373,WGS,1818331,GeneDx Holdings Corp.,8000,Services-Health Services,10-Q,2024-07-30,2024-06-30,2024-07-30 20:19:55+00:00,0001818331-24-000042,https://www.sec.gov/Archives/edgar/data/1818331/000181833124000042/wgs-20240630.htm,9818,1513,data/interim/text/000181833124000042.txt.gz,000181833124000042,2024Q3,2024-07-30 16:19:55-04:00,2024-07-31,2024-07-31,2024-07-31,2024-07-30,30.1299991607666,937,416
1374,WGS,1818331,GeneDx Holdings Corp.,8000,Services-Health Services,10-Q,2024-10-29,2024-09-30,2024-10-29 12:18:29+00:00,0001818331-24-000059,https://www.sec.gov/Archives/edgar/data/1818331/000181833124000059/wgs-20240930.htm,11198,1707,data/interim/text/000181833124000059.txt.gz,000181833124000059,2024Q4,2024-10-29 08:18:29-04:00,2024-10-29,2024-10-29,2024-10-29,2024-10-28,56.060001373291016,1000,353
1375,WGS,1818331,GeneDx Holdings Corp.,8000,Services-Health Services,10-K,2025-02-20,2024-12-31,2025-02-20 12:59:24+00:00,0001818331-25-000021,https://www.sec.gov/Archives/edgar/data/1818331/000181833125000021/wgs-20241231.htm,51345,4133,data/interim/text/000181833125000021.txt.gz,000181833125000021,2025Q1,2025-02-20 07:59:24-05:00,2025-02-20,2025-02-20,2025-02-20,2025-02-19,111.30999755859376,1076,277
1376,WGS,1818331,GeneDx Holdings Corp.,8000,Services-Health Services,10-Q,2025-04-30,2025-03-31,2025-04-30 11:04:19+00:00,0001818331-25-000071,https://www.sec.gov/Archives/edgar/data/1818331/000181833125000071/wgs-20250331.htm,9354,1612,data/interim/text/000181833125000071.txt.gz,000181833125000071,2025Q2,2025-04-30 07:04:19-04:00,2025-04-30,2025-04-30,2025-04-30,2025-04-29,116.97000122070312,1124,229
1377,WGS,1818331,GeneDx Holdings Corp.,8000,Services-Health Services,10-Q,2025-07-29,2025-06-30,2025-07-29 12:18:49+00:00,0001818331-25-000108,https://www.sec.gov/Archives/edgar/data/1818331/000181833125000108/wgs-20250630.htm,9484,1525,data/interim/text/000181833125000108.txt.gz,000181833125000108,2025Q3,2025-07-29 08:18:49-04:00,2025-07-29,2025-07-29,2025-07-29,2025-07-28,84.91000366210938,1185,168
1378,WGS,1818331,GeneDx Holdings Corp.,8000,Services-Health Services,10-Q,2025-10-28,2025-09-30,2025-10-28 10:52:11+00:00,0001818331-25-000130,https://www.sec.gov/Archives/edgar/data/1818331/000181833125000130/wgs-20250930.htm,10264,1664,data/interim/text/000181833125000130.txt.gz,000181833125000130,2025Q4,2025-10-28 06:52:11-04:00,2025-10-28,2025-10-28,2025-10-28,2025-10-27,130.66000366210938,1249,104
1380,SOFI,1818874,"SoFi Technologies, Inc.",6199,Finance Services,10-Q,2021-05-24,2021-03-31,2021-05-24 12:51:56+00:00,0001104659-21-070841,https://www.sec.gov/Archives/edgar/data/1818874/000110465921070841/tm2111831d1_10q.htm,14508,1516,data/interim/text/000110465921070841.txt.gz,000110465921070841,2021Q2,2021-05-24 08:51:56-04:00,2021-05-24,2021-05-24,2021-05-24,2021-05-21,18.780000686645508,96,1217
1381,SOFI,1818874,"SoFi Technologies, Inc.",6199,Finance Services,10-Q,2021-08-16,2021-06-30,2021-08-16 20:07:16+00:00,0001818874-21-000037,https://www.sec.gov/Archives/edgar/data/1818874/000181887421000037/sofi-20210630.htm,71539,4130,data/interim/text/000181887421000037.txt.gz,000181887421000037,2021Q3,2021-08-16 16:07:16-04:00,2021-08-17,2021-08-17,2021-08-17,2021-08-16,14.289999961853027,155,1158
1382,SOFI,1818874,"SoFi Technologies, Inc.",6199,Finance Services,10-Q,2021-11-15,2021-09-30,2021-11-15 12:18:20+00:00,0001818874-21-000081,https://www.sec.gov/Archives/edgar/data/1818874/000181887421000081/sofi-20210930.htm,72381,4172,data/interim/text/000181887421000081.txt.gz,000181887421000081,2021Q4,2021-11-15 07:18:20-05:00,2021-11-15,2021-11-15,2021-11-15,2021-11-12,22.76000022888184,218,1095
1383,SOFI,1818874,"SoFi Technologies, Inc.",6199,Finance Services,10-K,2022-03-01,2021-12-31,2022-03-01 22:03:20+00:00,0001818874-22-000031,https://www.sec.gov/Archives/edgar/data/1818874/000181887422000031/sofi-20211231.htm,93140,4867,data/interim/text/000181887422000031.txt.gz,000181887422000031,2022Q1,2022-03-01 17:03:20-05:00,2022-03-02,2022-03-02,2022-03-02,2022-03-01,11.199999809265137,291,1022
1384,SOFI,1818874,"SoFi Technologies, Inc.",6199,Finance Services,10-Q,2022-05-10,2022-03-31,2022-05-10 21:02:28+00:00,0001818874-22-000071,https://www.sec.gov/Archives/edgar/data/1818874/000181887422000071/sofi-20220331.htm,66228,4035,data/interim/text/000181887422000071.txt.gz,000181887422000071,2022Q2,2022-05-10 17:02:28-04:00,2022-05-11,2022-05-11,2022-05-11,2022-05-10,5.25,340,973
1385,SOFI,1818874,"SoFi Technologies, Inc.",6199,Finance Services,10-Q,2022-08-09,2022-06-30,2022-08-09 21:00:51+00:00,0001818874-22-000185,https://www.sec.gov/Archives/edgar/data/1818874/000181887422000185/sofi-20220630.htm,71761,4070,data/interim/text/000181887422000185.txt.gz,000181887422000185,2022Q3,2022-08-09 17:00:51-04:00,2022-08-10,2022-08-10,2022-08-10,2022-08-09,7.389999866485596,402,911
1386,SOFI,1818874,"SoFi Technologies, Inc.",6199,Finance Services,10-Q,2022-11-09,2022-09-30,2022-11-09 21:04:51+00:00,0001818874-22-000241,https://www.sec.gov/Archives/edgar/data/1818874/000181887422000241/sofi-20220930.htm,67204,3999,data/interim/text/000181887422000241.txt.gz,000181887422000241,2022Q4,2022-11-09 16:04:51-05:00,2022-11-10,2022-11-10,2022-11-10,2022-11-09,4.980000019073486,467,846
1387,SOFI,1818874,"SoFi Technologies, Inc.",6199,Finance Services,10-K,2023-03-01,2022-12-31,2023-03-01 22:06:13+00:00,0001818874-23-000018,https://www.sec.gov/Archives/edgar/data/1818874/000181887423000018/sofi-20221231.htm,91074,4849,data/interim/text/000181887423000018.txt.gz,000181887423000018,2023Q1,2023-03-01 17:06:13-05:00,2023-03-02,2023-03-02,2023-03-02,2023-03-01,6.440000057220459,542,771
1388,SOFI,1818874,"SoFi Technologies, Inc.",6199,Finance Services,10-Q,2023-05-10,2023-03-31,2023-05-10 20:05:32+00:00,0001818874-23-000095,https://www.sec.gov/Archives/edgar/data/1818874/000181887423000095/sofi-20230331.htm,69747,4251,data/interim/text/000181887423000095.txt.gz,000181887423000095,2023Q2,2023-05-10 16:05:32-04:00,2023-05-11,2023-05-11,2023-05-11,2023-05-10,5.480000019073486,591,722
1389,SOFI,1818874,"SoFi Technologies, Inc.",6199,Finance Services,10-Q,2023-08-08,2023-06-30,2023-08-08 20:03:05+00:00,0001818874-23-000144,https://www.sec.gov/Archives/edgar/data/1818874/000181887423000144/sofi-20230630.htm,71814,4281,data/interim/text/000181887423000144.txt.gz,000181887423000144,2023Q3,2023-08-08 16:03:05-04:00,2023-08-09,2023-08-09,2023-08-09,2023-08-08,9.3100004196167,652,661
1390,SOFI,1818874,"SoFi Technologies, Inc.",6199,Finance Services,10-Q,2023-11-08,2023-09-30,2023-11-08 21:02:56+00:00,0001818874-23-000173,https://www.sec.gov/Archives/edgar/data/1818874/000181887423000173/sofi-20230930.htm,73315,4285,data/interim/text/000181887423000173.txt.gz,000181887423000173,2023Q4,2023-11-08 16:02:56-05:00,2023-11-09,2023-11-09,2023-11-09,2023-11-08,7.309999942779541,717,596
1391,SOFI,1818874,"SoFi Technologies, Inc.",6199,Finance Services,10-K,2024-02-27,2023-12-31,2024-02-27 22:14:38+00:00,0001818874-24-000026,https://www.sec.gov/Archives/edgar/data/1818874/000181887424000026/sofi-20231231.htm,96440,4917,data/interim/text/000181887424000026.txt.gz,000181887424000026,2024Q1,2024-02-27 17:14:38-05:00,2024-02-28,2024-02-28,2024-02-28,2024-02-27,9.149999618530272,791,522
1392,SOFI,1818874,"SoFi Technologies, Inc.",6199,Finance Services,10-Q,2024-05-07,2024-03-31,2024-05-07 20:26:04+00:00,0001818874-24-000121,https://www.sec.gov/Archives/edgar/data/1818874/000181887424000121/sofi-20240331.htm,72522,4315,data/interim/text/000181887424000121.txt.gz,000181887424000121,2024Q2,2024-05-07 16:26:04-04:00,2024-05-08,2024-05-08,2024-05-08,2024-05-07,7.059999942779541,840,473
1393,SOFI,1818874,"SoFi Technologies, Inc.",6199,Finance Services,10-Q,2024-08-06,2024-06-30,2024-08-06 20:06:46+00:00,0001818874-24-000175,https://www.sec.gov/Archives/edgar/data/1818874/000181887424000175/sofi-20240630.htm,74105,4323,data/interim/text/000181887424000175.txt.gz,000181887424000175,2024Q3,2024-08-06 16:06:46-04:00,2024-08-07,2024-08-07,2024-08-07,2024-08-06,6.429999828338623,902,411
1394,SOFI,1818874,"SoFi Technologies, Inc.",6199,Finance Services,10-Q,2024-11-07,2024-09-30,2024-11-07 21:29:22+00:00,0001818874-24-000233,https://www.sec.gov/Archives/edgar/data/1818874/000181887424000233/sofi-20240930.htm,78194,4381,data/interim/text/000181887424000233.txt.gz,000181887424000233,2024Q4,2024-11-07 16:29:22-05:00,2024-11-08,2024-11-08,2024-11-08,2024-11-07,11.899999618530272,968,345
1395,SOFI,1818874,"SoFi Technologies, Inc.",6199,Finance Services,10-K,2025-02-24,2024-12-31,2025-02-24 21:09:10+00:00,0001818874-25-000016,https://www.sec.gov/Archives/edgar/data/1818874/000181887425000016/sofi-20241231.htm,100254,4974,data/interim/text/000181887425000016.txt.gz,000181887425000016,2025Q1,2025-02-24 16:09:10-05:00,2025-02-25,2025-02-25,2025-02-25,2025-02-24,14.359999656677246,1039,274
1396,SOFI,1818874,"SoFi Technologies, Inc.",6199,Finance Services,10-Q,2025-05-06,2025-03-31,2025-05-06 20:57:32+00:00,0001818874-25-000072,https://www.sec.gov/Archives/edgar/data/1818874/000181887425000072/sofi-20250331.htm,27386,2581,data/interim/text/000181887425000072.txt.gz,000181887425000072,2025Q2,2025-05-06 16:57:32-04:00,2025-05-07,2025-05-07,2025-05-07,2025-05-06,12.729999542236328,1089,224
1397,SOFI,1818874,"SoFi Technologies, Inc.",6199,Finance Services,10-Q,2025-08-07,2025-06-30,2025-08-07 20:08:49+00:00,0001818874-25-000180,https://www.sec.gov/Archives/edgar/data/1818874/000181887425000180/sofi-20250630.htm,30399,2656,data/interim/text/000181887425000180.txt.gz,000181887425000180,2025Q3,2025-08-07 16:08:49-04:00,2025-08-08,2025-08-08,2025-08-08,2025-08-07,22.07999992370605,1153,160
1398,SOFI,1818874,"SoFi Technologies, Inc.",6199,Finance Services,10-Q,2025-11-06,2025-09-30,2025-11-06 21:03:23+00:00,0001818874-25-000210,https://www.sec.gov/Archives/edgar/data/1818874/000181887425000210/sofi-20250930.htm,31304,2719,data/interim/text/000181887425000210.txt.gz,000181887425000210,2025Q4,2025-11-06 16:03:23-05:00,2025-11-07,2025-11-07,2025-11-07,2025-11-06,27.15999984741211,1217,96
1399,JOBY,1819848,"Joby Aviation, Inc.",3721,Aircraft,10-K,2021-03-03,2020-12-31,2021-03-03 02:48:07+00:00,0001193125-21-066191,https://www.sec.gov/Archives/edgar/data/1819848/000119312521066191/d132582d10k.htm,52206,3036,data/interim/text/000119312521066191.txt.gz,000119312521066191,2021Q1,2021-03-02 21:48:07-05:00,2021-03-03,2021-03-03,2021-03-03,2021-03-02,11.289999961853027,76,1274
1400,JOBY,1819848,"Joby Aviation, Inc.",3721,Aircraft,10-Q,2021-05-17,2021-03-31,2021-05-15 01:30:54+00:00,0001193125-21-162336,https://www.sec.gov/Archives/edgar/data/1819848/000119312521162336/d924178d10q.htm,14196,1472,data/interim/text/000119312521162336.txt.gz,000119312521162336,2021Q2,2021-05-14 21:30:54-04:00,2021-05-15,2021-05-17,2021-05-17,2021-05-14,9.880000114440918,128,1222
1401,JOBY,1819848,"Joby Aviation, Inc.",3721,Aircraft,10-Q,2021-08-13,2021-06-30,2021-08-13 20:46:11+00:00,0001193125-21-246181,https://www.sec.gov/Archives/edgar/data/1819848/000119312521246181/d387191d10q.htm,6440,1003,data/interim/text/000119312521246181.txt.gz,000119312521246181,2021Q3,2021-08-13 16:46:11-04:00,2021-08-14,2021-08-14,2021-08-16,2021-08-13,9.5,191,1159
1402,JOBY,1819848,"Joby Aviation, Inc.",3721,Aircraft,10-Q,2021-11-15,2021-09-30,2021-11-13 01:06:25+00:00,0000950170-21-004418,https://www.sec.gov/Archives/edgar/data/1819848/000095017021004418/joby-20210930.htm,13040,1742,data/interim/text/000095017021004418.txt.gz,000095017021004418,2021Q4,2021-11-12 20:06:25-05:00,2021-11-13,2021-11-15,2021-11-15,2021-11-12,9.100000381469728,255,1095
1403,JOBY,1819848,"Joby Aviation, Inc.",3721,Aircraft,10-K,2022-03-28,2021-12-31,2022-03-26 01:27:16+00:00,0000950170-22-004706,https://www.sec.gov/Archives/edgar/data/1819848/000095017022004706/joby-20211231.htm,33400,3437,data/interim/text/000095017022004706.txt.gz,000095017022004706,2022Q1,2022-03-25 21:27:16-04:00,2022-03-26,2022-03-28,2022-03-28,2022-03-25,5.980000019073486,346,1004
1404,JOBY,1819848,"Joby Aviation, Inc.",3721,Aircraft,10-Q,2022-05-13,2022-03-31,2022-05-13 20:14:51+00:00,0000950170-22-009870,https://www.sec.gov/Archives/edgar/data/1819848/000095017022009870/joby-20220331.htm,8311,1478,data/interim/text/000095017022009870.txt.gz,000095017022009870,2022Q2,2022-05-13 16:14:51-04:00,2022-05-14,2022-05-14,2022-05-16,2022-05-13,5.329999923706055,380,970
1405,JOBY,1819848,"Joby Aviation, Inc.",3721,Aircraft,10-Q,2022-08-12,2022-06-30,2022-08-12 21:04:46+00:00,0001819848-22-000085,https://www.sec.gov/Archives/edgar/data/1819848/000181984822000085/joby-20220630.htm,9443,1523,data/interim/text/000181984822000085.txt.gz,000181984822000085,2022Q3,2022-08-12 17:04:46-04:00,2022-08-13,2022-08-13,2022-08-15,2022-08-12,6.550000190734863,442,908
1406,JOBY,1819848,"Joby Aviation, Inc.",3721,Aircraft,10-Q,2022-11-04,2022-09-30,2022-11-04 20:06:39+00:00,0001819848-22-000187,https://www.sec.gov/Archives/edgar/data/1819848/000181984822000187/joby-20220930.htm,10147,1579,data/interim/text/000181984822000187.txt.gz,000181984822000187,2022Q4,2022-11-04 16:06:39-04:00,2022-11-05,2022-11-05,2022-11-07,2022-11-04,4.579999923706055,501,849
1407,JOBY,1819848,"Joby Aviation, Inc.",3721,Aircraft,10-K,2023-03-01,2022-12-31,2023-03-01 02:10:55+00:00,0001819848-23-000059,https://www.sec.gov/Archives/edgar/data/1819848/000181984823000059/joby-20221231.htm,33293,3439,data/interim/text/000181984823000059.txt.gz,000181984823000059,2023Q1,2023-02-28 21:10:55-05:00,2023-03-01,2023-03-01,2023-03-01,2023-02-28,4.699999809265137,578,772
1408,JOBY,1819848,"Joby Aviation, Inc.",3721,Aircraft,10-Q,2023-05-05,2023-03-31,2023-05-05 20:22:41+00:00,0001819848-23-000169,https://www.sec.gov/Archives/edgar/data/1819848/000181984823000169/joby-20230331.htm,8413,1499,data/interim/text/000181984823000169.txt.gz,000181984823000169,2023Q2,2023-05-05 16:22:41-04:00,2023-05-06,2023-05-06,2023-05-08,2023-05-05,4.489999771118164,625,725
1409,JOBY,1819848,"Joby Aviation, Inc.",3721,Aircraft,10-Q,2023-08-04,2023-06-30,2023-08-04 21:18:08+00:00,0001819848-23-000321,https://www.sec.gov/Archives/edgar/data/1819848/000181984823000321/joby-20230630.htm,8650,1479,data/interim/text/000181984823000321.txt.gz,000181984823000321,2023Q3,2023-08-04 17:18:08-04:00,2023-08-05,2023-08-05,2023-08-07,2023-08-04,8.15999984741211,687,663
1410,JOBY,1819848,"Joby Aviation, Inc.",3721,Aircraft,10-Q,2023-11-06,2023-09-30,2023-11-03 23:36:41+00:00,0001819848-23-000425,https://www.sec.gov/Archives/edgar/data/1819848/000181984823000425/joby-20230930.htm,8735,1474,data/interim/text/000181984823000425.txt.gz,000181984823000425,2023Q4,2023-11-03 19:36:41-04:00,2023-11-04,2023-11-06,2023-11-06,2023-11-03,6.239999771118164,751,599
1411,JOBY,1819848,"Joby Aviation, Inc.",3721,Aircraft,10-K,2024-02-27,2023-12-31,2024-02-27 02:20:05+00:00,0001819848-24-000125,https://www.sec.gov/Archives/edgar/data/1819848/000181984824000125/joby-20231231.htm,30689,3363,data/interim/text/000181984824000125.txt.gz,000181984824000125,2024Q1,2024-02-26 21:20:05-05:00,2024-02-27,2024-02-27,2024-02-27,2024-02-26,5.46999979019165,827,523
1412,JOBY,1819848,"Joby Aviation, Inc.",3721,Aircraft,10-Q,2024-05-08,2024-03-31,2024-05-08 00:02:57+00:00,0001819848-24-000270,https://www.sec.gov/Archives/edgar/data/1819848/000181984824000270/joby-20240331.htm,6960,1253,data/interim/text/000181984824000270.txt.gz,000181984824000270,2024Q2,2024-05-07 20:02:57-04:00,2024-05-08,2024-05-08,2024-05-08,2024-05-07,5.369999885559082,877,473
1413,JOBY,1819848,"Joby Aviation, Inc.",3721,Aircraft,10-Q,2024-08-08,2024-06-30,2024-08-07 22:42:58+00:00,0001819848-24-000372,https://www.sec.gov/Archives/edgar/data/1819848/000181984824000372/joby-20240630.htm,7784,1317,data/interim/text/000181984824000372.txt.gz,000181984824000372,2024Q3,2024-08-07 18:42:58-04:00,2024-08-08,2024-08-08,2024-08-08,2024-08-07,4.909999847412109,940,410
1414,JOBY,1819848,"Joby Aviation, Inc.",3721,Aircraft,10-Q,2024-11-06,2024-09-30,2024-11-06 21:12:23+00:00,0001819848-24-000474,https://www.sec.gov/Archives/edgar/data/1819848/000181984824000474/joby-20240930.htm,8714,1439,data/interim/text/000181984824000474.txt.gz,000181984824000474,2024Q4,2024-11-06 16:12:23-05:00,2024-11-07,2024-11-07,2024-11-07,2024-11-06,5.070000171661377,1004,346
1415,JOBY,1819848,"Joby Aviation, Inc.",3721,Aircraft,10-K,2025-02-27,2024-12-31,2025-02-27 22:07:25+00:00,0001819848-25-000196,https://www.sec.gov/Archives/edgar/data/1819848/000181984825000196/joby-20241231.htm,32074,3341,data/interim/text/000181984825000196.txt.gz,000181984825000196,2025Q1,2025-02-27 17:07:25-05:00,2025-02-28,2025-02-28,2025-02-28,2025-02-27,6.75,1079,271
1416,JOBY,1819848,"Joby Aviation, Inc.",3721,Aircraft,10-Q,2025-05-08,2025-03-31,2025-05-07 22:53:15+00:00,0001819848-25-000338,https://www.sec.gov/Archives/edgar/data/1819848/000181984825000338/joby-20250331.htm,7836,1363,data/interim/text/000181984825000338.txt.gz,000181984825000338,2025Q2,2025-05-07 18:53:15-04:00,2025-05-08,2025-05-08,2025-05-08,2025-05-07,6.420000076293945,1127,223
1417,JOBY,1819848,"Joby Aviation, Inc.",3721,Aircraft,10-Q,2025-08-07,2025-06-30,2025-08-07 00:32:06+00:00,0001819848-25-000499,https://www.sec.gov/Archives/edgar/data/1819848/000181984825000499/joby-20250630.htm,9393,1489,data/interim/text/000181984825000499.txt.gz,000181984825000499,2025Q3,2025-08-06 20:32:06-04:00,2025-08-07,2025-08-07,2025-08-07,2025-08-06,18.93000030517578,1189,161
1418,JOBY,1819848,"Joby Aviation, Inc.",3721,Aircraft,10-Q,2025-11-06,2025-09-30,2025-11-05 23:45:09+00:00,0001819848-25-000596,https://www.sec.gov/Archives/edgar/data/1819848/000181984825000596/joby-20250930.htm,8578,1404,data/interim/text/000181984825000596.txt.gz,000181984825000596,2025Q4,2025-11-05 18:45:09-05:00,2025-11-06,2025-11-06,2025-11-06,2025-11-05,15.0,1253,97
1419,RKLB,1819994,Rocket Lab Corp,3760,Guided Missiles & Space Vehicles & Parts,10-K,2021-03-31,2020-12-31,2021-03-31 01:11:13+00:00,0001193125-21-100852,https://www.sec.gov/Archives/edgar/data/1819994/000119312521100852/d157321d10k.htm,63663,3113,data/interim/text/000119312521100852.txt.gz,000119312521100852,2021Q1,2021-03-30 21:11:13-04:00,2021-03-31,2021-03-31,2021-03-31,2021-03-30,11.399999618530272,85,1254
1420,RKLB,1819994,Rocket Lab Corp,3760,Guided Missiles & Space Vehicles & Parts,10-Q,2021-05-24,2021-03-31,2021-05-24 20:13:47+00:00,0001213900-21-028778,https://www.sec.gov/Archives/edgar/data/1819994/000121390021028778/f10q0321_vectoracquisition.htm,15209,1487,data/interim/text/000121390021028778.txt.gz,000121390021028778,2021Q2,2021-05-24 16:13:47-04:00,2021-05-25,2021-05-25,2021-05-25,2021-05-24,9.9399995803833,123,1216
1421,RKLB,1819994,Rocket Lab Corp,3760,Guided Missiles & Space Vehicles & Parts,10-Q,2021-08-03,2021-06-30,2021-08-03 20:18:34+00:00,0001193125-21-234954,https://www.sec.gov/Archives/edgar/data/1819994/000119312521234954/d119425d10q.htm,6217,990,data/interim/text/000119312521234954.txt.gz,000119312521234954,2021Q3,2021-08-03 16:18:34-04:00,2021-08-04,2021-08-04,2021-08-04,2021-08-03,10.0,172,1167
1422,RKLB,1819994,Rocket Lab Corp,3760,Guided Missiles & Space Vehicles & Parts,10-Q,2021-11-15,2021-09-30,2021-11-15 22:26:27+00:00,0001193125-21-330184,https://www.sec.gov/Archives/edgar/data/1819994/000119312521330184/d164324d10q.htm,10972,1651,data/interim/text/000119312521330184.txt.gz,000119312521330184,2021Q4,2021-11-15 17:26:27-05:00,2021-11-16,2021-11-16,2021-11-16,2021-11-15,14.289999961853027,245,1094
1423,RKLB,1819994,Rocket Lab Corp,3760,Guided Missiles & Space Vehicles & Parts,10-K,2022-03-24,2021-12-31,2022-03-24 01:47:25+00:00,0000950170-22-004458,https://www.sec.gov/Archives/edgar/data/1819994/000095017022004458/rklb-20211231.htm,41522,3705,data/interim/text/000095017022004458.txt.gz,000095017022004458,2022Q1,2022-03-23 21:47:25-04:00,2022-03-24,2022-03-24,2022-03-24,2022-03-23,8.760000228881836,333,1006
1424,RKLB,1819994,Rocket Lab Corp,3760,Guided Missiles & Space Vehicles & Parts,10-Q,2022-05-16,2022-03-31,2022-05-16 20:39:29+00:00,0000950170-22-010114,https://www.sec.gov/Archives/edgar/data/1819994/000095017022010114/rklb-20220331.htm,8944,1592,data/interim/text/000095017022010114.txt.gz,000095017022010114,2022Q2,2022-05-16 16:39:29-04:00,2022-05-17,2022-05-17,2022-05-17,2022-05-16,5.409999847412109,370,969
1425,RKLB,1819994,Rocket Lab Corp,3760,Guided Missiles & Space Vehicles & Parts,10-Q,2022-08-11,2022-06-30,2022-08-11 20:37:26+00:00,0000950170-22-016921,https://www.sec.gov/Archives/edgar/data/1819994/000095017022016921/rklb-20220630.htm,10120,1624,data/interim/text/000095017022016921.txt.gz,000095017022016921,2022Q3,2022-08-11 16:37:26-04:00,2022-08-12,2022-08-12,2022-08-12,2022-08-11,5.860000133514404,430,909
1426,RKLB,1819994,Rocket Lab Corp,3760,Guided Missiles & Space Vehicles & Parts,10-Q,2022-11-09,2022-09-30,2022-11-09 21:31:34+00:00,0000950170-22-023923,https://www.sec.gov/Archives/edgar/data/1819994/000095017022023923/rklb-20220930.htm,10428,1647,data/interim/text/000095017022023923.txt.gz,000095017022023923,2022Q4,2022-11-09 16:31:34-05:00,2022-11-10,2022-11-10,2022-11-10,2022-11-09,4.739999771118164,493,846
1427,RKLB,1819994,Rocket Lab Corp,3760,Guided Missiles & Space Vehicles & Parts,10-K,2023-03-07,2022-12-31,2023-03-07 22:21:38+00:00,0000950170-23-006499,https://www.sec.gov/Archives/edgar/data/1819994/000095017023006499/rklb-20221231.htm,42276,3689,data/interim/text/000095017023006499.txt.gz,000095017023006499,2023Q1,2023-03-07 17:21:38-05:00,2023-03-08,2023-03-08,2023-03-08,2023-03-07,4.400000095367432,572,767
1428,RKLB,1819994,Rocket Lab Corp,3760,Guided Missiles & Space Vehicles & Parts,10-Q,2023-05-09,2023-03-31,2023-05-09 20:31:48+00:00,0000950170-23-019756,https://www.sec.gov/Archives/edgar/data/1819994/000095017023019756/rklb-20230331.htm,9408,1586,data/interim/text/000095017023019756.txt.gz,000095017023019756,2023Q2,2023-05-09 16:31:48-04:00,2023-05-10,2023-05-10,2023-05-10,2023-05-09,3.940000057220459,616,723
1429,RKLB,1819994,Rocket Lab Corp,3760,Guided Missiles & Space Vehicles & Parts,10-Q,2023-08-08,2023-06-30,2023-08-08 20:32:12+00:00,0000950170-23-039896,https://www.sec.gov/Archives/edgar/data/1819994/000095017023039896/rklb-20230630.htm,9168,1496,data/interim/text/000095017023039896.txt.gz,000095017023039896,2023Q3,2023-08-08 16:32:12-04:00,2023-08-09,2023-08-09,2023-08-09,2023-08-08,6.659999847412109,678,661
1430,RKLB,1819994,Rocket Lab Corp,3760,Guided Missiles & Space Vehicles & Parts,10-Q,2023-11-08,2023-09-30,2023-11-08 21:30:46+00:00,0000950170-23-061189,https://www.sec.gov/Archives/edgar/data/1819994/000095017023061189/rklb-20230930.htm,9612,1564,data/interim/text/000095017023061189.txt.gz,000095017023061189,2023Q4,2023-11-08 16:30:46-05:00,2023-11-09,2023-11-09,2023-11-09,2023-11-08,4.360000133514404,743,596
1431,RKLB,1819994,Rocket Lab Corp,3760,Guided Missiles & Space Vehicles & Parts,10-K,2024-02-28,2023-12-31,2024-02-28 21:33:32+00:00,0000950170-24-022160,https://www.sec.gov/Archives/edgar/data/1819994/000095017024022160/rklb-20231231.htm,42791,3726,data/interim/text/000095017024022160.txt.gz,000095017024022160,2024Q1,2024-02-28 16:33:32-05:00,2024-02-29,2024-02-29,2024-02-29,2024-02-28,4.590000152587891,818,521
1432,RKLB,1819994,Rocket Lab Corp,3760,Guided Missiles & Space Vehicles & Parts,10-Q,2024-05-06,2024-03-31,2024-05-06 20:55:43+00:00,0000950170-24-053646,https://www.sec.gov/Archives/edgar/data/1819994/000095017024053646/rklb-20240331.htm,7717,1378,data/interim/text/000095017024053646.txt.gz,000095017024053646,2024Q2,2024-05-06 16:55:43-04:00,2024-05-07,2024-05-07,2024-05-07,2024-05-06,4.059999942779541,865,474
1433,RKLB,1819994,Rocket Lab Corp,3760,Guided Missiles & Space Vehicles & Parts,10-Q,2024-08-08,2024-06-30,2024-08-08 20:43:19+00:00,0000950170-24-094122,https://www.sec.gov/Archives/edgar/data/1819994/000095017024094122/rklb-20240630.htm,8495,1390,data/interim/text/000095017024094122.txt.gz,000095017024094122,2024Q3,2024-08-08 16:43:19-04:00,2024-08-09,2024-08-09,2024-08-09,2024-08-08,4.769999980926514,930,409
1434,RKLB,1819994,Rocket Lab Corp,3760,Guided Missiles & Space Vehicles & Parts,10-Q,2024-11-12,2024-09-30,2024-11-12 21:30:56+00:00,0000950170-24-125529,https://www.sec.gov/Archives/edgar/data/1819994/000095017024125529/rklb-20240930.htm,8445,1384,data/interim/text/000095017024125529.txt.gz,000095017024125529,2024Q4,2024-11-12 16:30:56-05:00,2024-11-13,2024-11-13,2024-11-13,2024-11-12,14.65999984741211,997,342
1435,RKLB,1819994,Rocket Lab Corp,3760,Guided Missiles & Space Vehicles & Parts,10-K,2025-02-27,2024-12-31,2025-02-27 21:44:00+00:00,0001628280-25-008724,https://www.sec.gov/Archives/edgar/data/1819994/000162828025008724/rklb-20241231.htm,40058,3510,data/interim/text/000162828025008724.txt.gz,000162828025008724,2025Q1,2025-02-27 16:44:00-05:00,2025-02-28,2025-02-28,2025-02-28,2025-02-27,19.82999992370605,1068,271
1436,RKLB,1819994,Rocket Lab Corp,3760,Guided Missiles & Space Vehicles & Parts,10-Q,2025-05-08,2025-03-31,2025-05-08 20:30:52+00:00,0001628280-25-023857,https://www.sec.gov/Archives/edgar/data/1819994/000162828025023857/rklb-20250331.htm,8271,1421,data/interim/text/000162828025023857.txt.gz,000162828025023857,2025Q2,2025-05-08 16:30:52-04:00,2025-05-09,2025-05-09,2025-05-09,2025-05-08,23.100000381469727,1117,222
1437,RKLB,1819994,Rocket Lab Corp,3760,Guided Missiles & Space Vehicles & Parts,10-Q,2025-08-07,2025-06-30,2025-08-07 20:34:22+00:00,0001628280-25-038936,https://www.sec.gov/Archives/edgar/data/1819994/000162828025038936/rklb-20250630.htm,9654,1487,data/interim/text/000162828025038936.txt.gz,000162828025038936,2025Q3,2025-08-07 16:34:22-04:00,2025-08-08,2025-08-08,2025-08-08,2025-08-07,44.209999084472656,1179,160
1438,RKLB,1819994,Rocket Lab Corp,3760,Guided Missiles & Space Vehicles & Parts,10-Q,2025-11-10,2025-09-30,2025-11-10 21:26:20+00:00,0001819994-25-000021,https://www.sec.gov/Archives/edgar/data/1819994/000181999425000021/rklb-20250930.htm,10442,1586,data/interim/text/000181999425000021.txt.gz,000181999425000021,2025Q4,2025-11-10 16:26:20-05:00,2025-11-11,2025-11-11,2025-11-11,2025-11-10,51.900001525878906,1245,94
1440,ACHR,1824502,Archer Aviation Inc.,3721,Aircraft,10-Q,2021-05-24,2021-03-31,2021-05-24 21:11:07+00:00,0001104659-21-071319,https://www.sec.gov/Archives/edgar/data/1824502/000110465921071319/acic-20210331x10q.htm,5233,908,data/interim/text/000110465921071319.txt.gz,000110465921071319,2021Q2,2021-05-24 17:11:07-04:00,2021-05-25,2021-05-25,2021-05-25,2021-05-24,9.90999984741211,106,1216
1441,ACHR,1824502,Archer Aviation Inc.,3721,Aircraft,10-Q,2021-08-16,2021-06-30,2021-08-16 21:06:14+00:00,0001104659-21-106449,https://www.sec.gov/Archives/edgar/data/1824502/000110465921106449/acic-20210630x10q.htm,17711,2254,data/interim/text/000110465921106449.txt.gz,000110465921106449,2021Q3,2021-08-16 17:06:14-04:00,2021-08-17,2021-08-17,2021-08-17,2021-08-16,9.970000267028809,164,1158
1442,ACHR,1824502,Archer Aviation Inc.,3721,Aircraft,10-Q,2021-11-12,2021-09-30,2021-11-12 22:02:57+00:00,0001628280-21-023204,https://www.sec.gov/Archives/edgar/data/1824502/000162828021023204/achr-20210930.htm,24478,2568,data/interim/text/000162828021023204.txt.gz,000162828021023204,2021Q4,2021-11-12 17:02:57-05:00,2021-11-13,2021-11-13,2021-11-15,2021-11-12,5.739999771118164,227,1095
1443,ACHR,1824502,Archer Aviation Inc.,3721,Aircraft,10-Q,2022-05-12,2022-03-31,2022-05-12 20:44:06+00:00,0001628280-22-014106,https://www.sec.gov/Archives/edgar/data/1824502/000162828022014106/achr-20220331.htm,8501,1393,data/interim/text/000162828022014106.txt.gz,000162828022014106,2022Q2,2022-05-12 16:44:06-04:00,2022-05-13,2022-05-13,2022-05-13,2022-05-12,3.490000009536743,351,971
1444,ACHR,1824502,Archer Aviation Inc.,3721,Aircraft,10-Q,2022-08-10,2022-06-30,2022-08-10 21:04:31+00:00,0001628280-22-022259,https://www.sec.gov/Archives/edgar/data/1824502/000162828022022259/achr-20220630.htm,8449,1316,data/interim/text/000162828022022259.txt.gz,000162828022022259,2022Q3,2022-08-10 17:04:31-04:00,2022-08-11,2022-08-11,2022-08-11,2022-08-10,4.230000019073486,412,910
1445,ACHR,1824502,Archer Aviation Inc.,3721,Aircraft,10-Q,2023-08-14,2023-06-30,2023-08-14 20:25:29+00:00,0001628280-23-029397,https://www.sec.gov/Archives/edgar/data/1824502/000162828023029397/achr-20230630.htm,11593,1653,data/interim/text/000162828023029397.txt.gz,000162828023029397,2023Q3,2023-08-14 16:25:29-04:00,2023-08-15,2023-08-15,2023-08-15,2023-08-14,6.559999942779541,665,657
1446,ACHR,1824502,Archer Aviation Inc.,3721,Aircraft,10-Q,2023-11-09,2023-09-30,2023-11-09 21:26:19+00:00,0001628280-23-038275,https://www.sec.gov/Archives/edgar/data/1824502/000162828023038275/achr-20230930.htm,9328,1438,data/interim/text/000162828023038275.txt.gz,000162828023038275,2023Q4,2023-11-09 16:26:19-05:00,2023-11-10,2023-11-10,2023-11-10,2023-11-09,5.260000228881836,727,595
1447,ACHR,1824502,Archer Aviation Inc.,3721,Aircraft,10-K,2024-02-29,2023-12-31,2024-02-29 21:06:37+00:00,0001628280-24-007963,https://www.sec.gov/Archives/edgar/data/1824502/000162828024007963/achr-20231231.htm,36580,3255,data/interim/text/000162828024007963.txt.gz,000162828024007963,2024Q1,2024-02-29 16:06:37-05:00,2024-03-01,2024-03-01,2024-03-01,2024-02-29,4.829999923706055,802,520
1448,ACHR,1824502,Archer Aviation Inc.,3721,Aircraft,10-Q,2024-05-09,2024-03-31,2024-05-09 20:14:55+00:00,0001628280-24-022240,https://www.sec.gov/Archives/edgar/data/1824502/000162828024022240/achr-20240331.htm,7231,1242,data/interim/text/000162828024022240.txt.gz,000162828024022240,2024Q2,2024-05-09 16:14:55-04:00,2024-05-10,2024-05-10,2024-05-10,2024-05-09,3.7699999809265137,851,471
1449,ACHR,1824502,Archer Aviation Inc.,3721,Aircraft,10-Q,2024-08-09,2024-06-30,2024-08-08 22:19:11+00:00,0001628280-24-036279,https://www.sec.gov/Archives/edgar/data/1824502/000162828024036279/achr-20240630.htm,8643,1324,data/interim/text/000162828024036279.txt.gz,000162828024036279,2024Q3,2024-08-08 18:19:11-04:00,2024-08-09,2024-08-09,2024-08-09,2024-08-08,3.990000009536743,913,409
1450,ACHR,1824502,Archer Aviation Inc.,3721,Aircraft,10-Q,2024-11-08,2024-09-30,2024-11-07 23:08:40+00:00,0001628280-24-046438,https://www.sec.gov/Archives/edgar/data/1824502/000162828024046438/achr-20240930.htm,8852,1330,data/interim/text/000162828024046438.txt.gz,000162828024046438,2024Q4,2024-11-07 18:08:40-05:00,2024-11-08,2024-11-08,2024-11-08,2024-11-07,3.5,977,345
1451,ACHR,1824502,Archer Aviation Inc.,3721,Aircraft,10-K,2025-02-28,2024-12-31,2025-02-27 23:14:21+00:00,0001628280-25-008823,https://www.sec.gov/Archives/edgar/data/1824502/000162828025008823/achr-20241231.htm,33253,2950,data/interim/text/000162828025008823.txt.gz,000162828025008823,2025Q1,2025-02-27 18:14:21-05:00,2025-02-28,2025-02-28,2025-02-28,2025-02-27,7.920000076293945,1051,271
1452,ACHR,1824502,Archer Aviation Inc.,3721,Aircraft,10-Q,2025-05-12,2025-03-31,2025-05-12 21:02:23+00:00,0001628280-25-024755,https://www.sec.gov/Archives/edgar/data/1824502/000162828025024755/achr-20250331.htm,6581,1081,data/interim/text/000162828025024755.txt.gz,000162828025024755,2025Q2,2025-05-12 17:02:23-04:00,2025-05-13,2025-05-13,2025-05-13,2025-05-12,9.079999923706056,1102,220
1453,ACHR,1824502,Archer Aviation Inc.,3721,Aircraft,10-Q,2025-08-11,2025-06-30,2025-08-11 20:46:47+00:00,0001628280-25-039622,https://www.sec.gov/Archives/edgar/data/1824502/000162828025039622/achr-20250630.htm,6992,1092,data/interim/text/000162828025039622.txt.gz,000162828025039622,2025Q3,2025-08-11 16:46:47-04:00,2025-08-12,2025-08-12,2025-08-12,2025-08-11,9.539999961853027,1164,158
1454,ACHR,1824502,Archer Aviation Inc.,3721,Aircraft,10-Q,2025-11-06,2025-09-30,2025-11-06 22:19:34+00:00,0001824502-25-000010,https://www.sec.gov/Archives/edgar/data/1824502/000182450225000010/achr-20250930.htm,11634,1661,data/interim/text/000182450225000010.txt.gz,000182450225000010,2025Q4,2025-11-06 17:19:34-05:00,2025-11-07,2025-11-07,2025-11-07,2025-11-06,8.880000114440918,1226,96
1456,AUR,1828108,"Aurora Innovation, Inc.",7373,Services-Computer Integrated Systems Design,10-Q,2021-08-11,2021-06-30,2021-08-11 13:29:21+00:00,0001193125-21-242866,https://www.sec.gov/Archives/edgar/data/1828108/000119312521242866/d171238d10q.htm,7062,1095,data/interim/text/000119312521242866.txt.gz,000119312521242866,2021Q3,2021-08-11 09:29:21-04:00,2021-08-11,2021-08-11,2021-08-11,2021-08-10,9.829999923706056,64,1162
1457,AUR,1828108,"Aurora Innovation, Inc.",7373,Services-Computer Integrated Systems Design,10-Q,2021-11-15,2021-09-30,2021-11-15 21:18:19+00:00,0001193125-21-329900,https://www.sec.gov/Archives/edgar/data/1828108/000119312521329900/d245283d10q.htm,7039,1048,data/interim/text/000119312521329900.txt.gz,000119312521329900,2021Q4,2021-11-15 16:18:19-05:00,2021-11-16,2021-11-16,2021-11-16,2021-11-15,9.779999732971191,132,1094
1458,AUR,1828108,"Aurora Innovation, Inc.",7373,Services-Computer Integrated Systems Design,10-K,2022-03-11,2021-12-31,2022-03-11 21:08:26+00:00,0001628280-22-005886,https://www.sec.gov/Archives/edgar/data/1828108/000162828022005886/aur-20211231.htm,40859,3823,data/interim/text/000162828022005886.txt.gz,000162828022005886,2022Q1,2022-03-11 16:08:26-05:00,2022-03-12,2022-03-12,2022-03-14,2022-03-11,3.9700000286102295,212,1014
1459,AUR,1828108,"Aurora Innovation, Inc.",7373,Services-Computer Integrated Systems Design,10-Q,2022-05-12,2022-03-31,2022-05-12 20:39:59+00:00,0001828108-22-000046,https://www.sec.gov/Archives/edgar/data/1828108/000182810822000046/aur-20220331.htm,26579,2751,data/interim/text/000182810822000046.txt.gz,000182810822000046,2022Q2,2022-05-12 16:39:59-04:00,2022-05-13,2022-05-13,2022-05-13,2022-05-12,3.630000114440918,255,971
1460,AUR,1828108,"Aurora Innovation, Inc.",7373,Services-Computer Integrated Systems Design,10-Q,2022-08-12,2022-06-30,2022-08-12 20:23:01+00:00,0001828108-22-000103,https://www.sec.gov/Archives/edgar/data/1828108/000182810822000103/aur-20220630.htm,26885,2758,data/interim/text/000182810822000103.txt.gz,000182810822000103,2022Q3,2022-08-12 16:23:01-04:00,2022-08-13,2022-08-13,2022-08-15,2022-08-12,3.069999933242798,318,908
1461,AUR,1828108,"Aurora Innovation, Inc.",7373,Services-Computer Integrated Systems Design,10-Q,2023-08-03,2023-06-30,2023-08-02 22:27:16+00:00,0001828108-23-000168,https://www.sec.gov/Archives/edgar/data/1828108/000182810823000168/aur-20230630.htm,29222,2839,data/interim/text/000182810823000168.txt.gz,000182810823000168,2023Q3,2023-08-02 18:27:16-04:00,2023-08-03,2023-08-03,2023-08-03,2023-08-02,3.0799999237060547,561,665
1462,AUR,1828108,"Aurora Innovation, Inc.",7373,Services-Computer Integrated Systems Design,10-K,2024-02-15,2023-12-31,2024-02-14 23:13:46+00:00,0001828108-24-000028,https://www.sec.gov/Archives/edgar/data/1828108/000182810824000028/aur-20231231.htm,41624,3804,data/interim/text/000182810824000028.txt.gz,000182810824000028,2024Q1,2024-02-14 18:13:46-05:00,2024-02-15,2024-02-15,2024-02-15,2024-02-14,3.289999961853028,696,530
1463,AUR,1828108,"Aurora Innovation, Inc.",7373,Services-Computer Integrated Systems Design,10-Q,2024-05-09,2024-03-31,2024-05-08 22:30:36+00:00,0001828108-24-000088,https://www.sec.gov/Archives/edgar/data/1828108/000182810824000088/aur-20240331.htm,4198,934,data/interim/text/000182810824000088.txt.gz,000182810824000088,2024Q2,2024-05-08 18:30:36-04:00,2024-05-09,2024-05-09,2024-05-09,2024-05-08,3.359999895095825,754,472
1464,AUR,1828108,"Aurora Innovation, Inc.",7373,Services-Computer Integrated Systems Design,10-Q,2024-07-31,2024-06-30,2024-07-31 20:16:29+00:00,0001828108-24-000127,https://www.sec.gov/Archives/edgar/data/1828108/000182810824000127/aur-20240630.htm,4591,946,data/interim/text/000182810824000127.txt.gz,000182810824000127,2024Q3,2024-07-31 16:16:29-04:00,2024-08-01,2024-08-01,2024-08-01,2024-07-31,4.0,811,415
1465,AUR,1828108,"Aurora Innovation, Inc.",7373,Services-Computer Integrated Systems Design,10-Q,2024-10-31,2024-09-30,2024-10-30 22:09:27+00:00,0001828108-24-000140,https://www.sec.gov/Archives/edgar/data/1828108/000182810824000140/aur-20240930.htm,4759,966,data/interim/text/000182810824000140.txt.gz,000182810824000140,2024Q4,2024-10-30 18:09:27-04:00,2024-10-31,2024-10-31,2024-10-31,2024-10-30,6.639999866485596,875,351
1466,AUR,1828108,"Aurora Innovation, Inc.",7373,Services-Computer Integrated Systems Design,10-K,2025-02-14,2024-12-31,2025-02-14 21:30:18+00:00,0001828108-25-000028,https://www.sec.gov/Archives/edgar/data/1828108/000182810825000028/aur-20241231.htm,41329,3816,data/interim/text/000182810825000028.txt.gz,000182810825000028,2025Q1,2025-02-14 16:30:18-05:00,2025-02-15,2025-02-15,2025-02-18,2025-02-14,10.1899995803833,947,279
1467,AUR,1828108,"Aurora Innovation, Inc.",7373,Services-Computer Integrated Systems Design,10-Q,2025-05-08,2025-03-31,2025-05-08 21:14:52+00:00,0001828108-25-000087,https://www.sec.gov/Archives/edgar/data/1828108/000182810825000087/aur-20250331.htm,4257,942,data/interim/text/000182810825000087.txt.gz,000182810825000087,2025Q2,2025-05-08 17:14:52-04:00,2025-05-09,2025-05-09,2025-05-09,2025-05-08,7.75,1004,222
1468,AUR,1828108,"Aurora Innovation, Inc.",7373,Services-Computer Integrated Systems Design,10-Q,2025-07-30,2025-06-30,2025-07-30 20:45:58+00:00,0001828108-25-000139,https://www.sec.gov/Archives/edgar/data/1828108/000182810825000139/aur-20250630.htm,5627,1075,data/interim/text/000182810825000139.txt.gz,000182810825000139,2025Q3,2025-07-30 16:45:58-04:00,2025-07-31,2025-07-31,2025-07-31,2025-07-30,5.789999961853027,1060,166
1469,AUR,1828108,"Aurora Innovation, Inc.",7373,Services-Computer Integrated Systems Design,10-Q,2025-10-28,2025-09-30,2025-10-28 21:24:38+00:00,0001828108-25-000157,https://www.sec.gov/Archives/edgar/data/1828108/000182810825000157/aur-20250930.htm,5366,1025,data/interim/text/000182810825000157.txt.gz,000182810825000157,2025Q4,2025-10-28 17:24:38-04:00,2025-10-29,2025-10-29,2025-10-29,2025-10-28,5.199999809265137,1123,103
1471,BMNR,1829311,"BITMINE IMMERSION TECHNOLOGIES, INC.",6199,Finance Services,10-K,2025-11-21,2025-08-31,2025-11-21 22:03:30+00:00,0001493152-25-024679,https://www.sec.gov/Archives/edgar/data/1829311/000149315225024679/form10-k.htm,17774,2438,data/interim/text/000149315225024679.txt.gz,000149315225024679,2025Q4,2025-11-21 17:03:30-05:00,2025-11-22,2025-11-22,2025-11-24,2025-11-21,25.992366790771484,118,85
1473,SYM,1837240,Symbotic Inc.,3569,"General Industrial Machinery & Equipment, NEC",10-Q,2021-08-11,2021-06-30,2021-08-10 23:30:59+00:00,0001193125-21-242175,https://www.sec.gov/Archives/edgar/data/1837240/000119312521242175/d67123d10q.htm,5733,940,data/interim/text/000119312521242175.txt.gz,000119312521242175,2021Q3,2021-08-10 19:30:59-04:00,2021-08-11,2021-08-11,2021-08-11,2021-08-10,9.789999961853027,107,1162
1474,SYM,1837240,Symbotic Inc.,3569,"General Industrial Machinery & Equipment, NEC",10-Q,2021-11-09,2021-09-30,2021-11-09 21:47:31+00:00,0001193125-21-324570,https://www.sec.gov/Archives/edgar/data/1837240/000119312521324570/d182466d10q.htm,5649,944,data/interim/text/000119312521324570.txt.gz,000119312521324570,2021Q4,2021-11-09 16:47:31-05:00,2021-11-10,2021-11-10,2021-11-10,2021-11-09,10.050000190734863,171,1098
1475,SYM,1837240,Symbotic Inc.,3569,"General Industrial Machinery & Equipment, NEC",10-K,2022-03-23,2021-12-31,2022-03-23 20:13:19+00:00,0001193125-22-082751,https://www.sec.gov/Archives/edgar/data/1837240/000119312522082751/d315600d10k.htm,65674,3624,data/interim/text/000119312522082751.txt.gz,000119312522082751,2022Q1,2022-03-23 16:13:19-04:00,2022-03-24,2022-03-24,2022-03-24,2022-03-23,9.899999618530272,263,1006
1476,SYM,1837240,Symbotic Inc.,3569,"General Industrial Machinery & Equipment, NEC",10-Q,2022-05-13,2022-03-31,2022-05-13 19:30:41+00:00,0001193125-22-150005,https://www.sec.gov/Archives/edgar/data/1837240/000119312522150005/d317211d10q.htm,5115,899,data/interim/text/000119312522150005.txt.gz,000119312522150005,2022Q2,2022-05-13 15:30:41-04:00,2022-05-13,2022-05-13,2022-05-13,2022-05-12,9.93000030517578,298,971
1477,SYM,1837240,Symbotic Inc.,3569,"General Industrial Machinery & Equipment, NEC",10-Q,2022-08-05,2022-06-25,2022-08-05 20:07:22+00:00,0001837240-22-000008,https://www.sec.gov/Archives/edgar/data/1837240/000183724022000008/sym-20220625.htm,9634,1379,data/interim/text/000183724022000008.txt.gz,000183724022000008,2022Q3,2022-08-05 16:07:22-04:00,2022-08-06,2022-08-06,2022-08-08,2022-08-05,16.219999313354492,356,913
1478,SYM,1837240,Symbotic Inc.,3569,"General Industrial Machinery & Equipment, NEC",10-K,2022-12-09,2022-09-24,2022-12-09 21:05:37+00:00,0001837240-22-000049,https://www.sec.gov/Archives/edgar/data/1837240/000183724022000049/sym-20220924.htm,43919,3761,data/interim/text/000183724022000049.txt.gz,000183724022000049,2022Q4,2022-12-09 16:05:37-05:00,2022-12-10,2022-12-10,2022-12-12,2022-12-09,11.350000381469728,444,825
1479,SYM,1837240,Symbotic Inc.,3569,"General Industrial Machinery & Equipment, NEC",10-Q,2023-02-03,2022-12-24,2023-02-03 21:02:08+00:00,0001837240-23-000056,https://www.sec.gov/Archives/edgar/data/1837240/000183724023000056/sym-20221224.htm,7159,1218,data/interim/text/000183724023000056.txt.gz,000183724023000056,2023Q1,2023-02-03 16:02:08-05:00,2023-02-04,2023-02-04,2023-02-06,2023-02-03,15.199999809265137,481,788
1480,SYM,1837240,Symbotic Inc.,3569,"General Industrial Machinery & Equipment, NEC",10-Q,2023-05-05,2023-03-25,2023-05-05 20:11:15+00:00,0001837240-23-000116,https://www.sec.gov/Archives/edgar/data/1837240/000183724023000116/sym-20230325.htm,8636,1261,data/interim/text/000183724023000116.txt.gz,000183724023000116,2023Q2,2023-05-05 16:11:15-04:00,2023-05-06,2023-05-06,2023-05-08,2023-05-05,27.040000915527344,544,725
1481,SYM,1837240,Symbotic Inc.,3569,"General Industrial Machinery & Equipment, NEC",10-Q,2023-08-02,2023-06-24,2023-08-02 20:02:10+00:00,0001837240-23-000140,https://www.sec.gov/Archives/edgar/data/1837240/000183724023000140/sym-20230624.htm,9755,1391,data/interim/text/000183724023000140.txt.gz,000183724023000140,2023Q3,2023-08-02 16:02:10-04:00,2023-08-03,2023-08-03,2023-08-03,2023-08-02,58.97999954223633,604,665
1482,SYM,1837240,Symbotic Inc.,3569,"General Industrial Machinery & Equipment, NEC",10-K,2023-12-11,2023-09-30,2023-12-11 20:12:54+00:00,0001837240-23-000189,https://www.sec.gov/Archives/edgar/data/1837240/000183724023000189/sym-20230930.htm,45685,3855,data/interim/text/000183724023000189.txt.gz,000183724023000189,2023Q4,2023-12-11 15:12:54-05:00,2023-12-11,2023-12-11,2023-12-11,2023-12-08,50.33000183105469,694,575
1483,SYM,1837240,Symbotic Inc.,3569,"General Industrial Machinery & Equipment, NEC",10-Q,2024-02-08,2023-12-30,2024-02-08 15:44:43+00:00,0001837240-24-000039,https://www.sec.gov/Archives/edgar/data/1837240/000183724024000039/sym-20231230.htm,7935,1306,data/interim/text/000183724024000039.txt.gz,000183724024000039,2024Q1,2024-02-08 10:44:43-05:00,2024-02-08,2024-02-08,2024-02-08,2024-02-07,39.27999877929688,734,535
1484,SYM,1837240,Symbotic Inc.,3569,"General Industrial Machinery & Equipment, NEC",10-Q,2024-05-07,2024-03-30,2024-05-07 18:37:14+00:00,0001837240-24-000111,https://www.sec.gov/Archives/edgar/data/1837240/000183724024000111/sym-20240330.htm,9211,1308,data/interim/text/000183724024000111.txt.gz,000183724024000111,2024Q2,2024-05-07 14:37:14-04:00,2024-05-07,2024-05-07,2024-05-07,2024-05-06,41.93999862670898,795,474
1485,SYM,1837240,Symbotic Inc.,3569,"General Industrial Machinery & Equipment, NEC",10-Q,2024-07-31,2024-06-29,2024-07-31 20:03:06+00:00,0001837240-24-000168,https://www.sec.gov/Archives/edgar/data/1837240/000183724024000168/sym-20240629.htm,9147,1301,data/interim/text/000183724024000168.txt.gz,000183724024000168,2024Q3,2024-07-31 16:03:06-04:00,2024-08-01,2024-08-01,2024-08-01,2024-07-31,26.809999465942383,854,415
1486,SYM,1837240,Symbotic Inc.,3569,"General Industrial Machinery & Equipment, NEC",10-K,2024-12-04,2024-09-28,2024-12-04 21:33:03+00:00,0001837240-24-000232,https://www.sec.gov/Archives/edgar/data/1837240/000183724024000232/sym-20240928.htm,48639,3990,data/interim/text/000183724024000232.txt.gz,000183724024000232,2024Q4,2024-12-04 16:33:03-05:00,2024-12-05,2024-12-05,2024-12-05,2024-12-04,26.1299991607666,942,327
1487,SYM,1837240,Symbotic Inc.,3569,"General Industrial Machinery & Equipment, NEC",10-Q,2025-02-05,2024-12-28,2025-02-05 21:06:17+00:00,0001837240-25-000044,https://www.sec.gov/Archives/edgar/data/1837240/000183724025000044/sym-20241228.htm,9301,1431,data/interim/text/000183724025000044.txt.gz,000183724025000044,2025Q1,2025-02-05 16:06:17-05:00,2025-02-06,2025-02-06,2025-02-06,2025-02-05,30.920000076293945,983,286
1488,SYM,1837240,Symbotic Inc.,3569,"General Industrial Machinery & Equipment, NEC",10-Q,2025-05-07,2025-03-29,2025-05-07 20:40:11+00:00,0001837240-25-000152,https://www.sec.gov/Archives/edgar/data/1837240/000183724025000152/sym-20250329.htm,10708,1453,data/interim/text/000183724025000152.txt.gz,000183724025000152,2025Q2,2025-05-07 16:40:11-04:00,2025-05-08,2025-05-08,2025-05-08,2025-05-07,22.459999084472656,1046,223
1489,SYM,1837240,Symbotic Inc.,3569,"General Industrial Machinery & Equipment, NEC",10-Q,2025-08-06,2025-06-28,2025-08-06 20:14:19+00:00,0001837240-25-000263,https://www.sec.gov/Archives/edgar/data/1837240/000183724025000263/sym-20250628.htm,10905,1460,data/interim/text/000183724025000263.txt.gz,000183724025000263,2025Q3,2025-08-06 16:14:19-04:00,2025-08-07,2025-08-07,2025-08-07,2025-08-06,62.900001525878906,1108,161
1490,SYM,1837240,Symbotic Inc.,3569,"General Industrial Machinery & Equipment, NEC",10-K,2025-11-24,2025-09-27,2025-11-24 21:07:35+00:00,0001837240-25-000278,https://www.sec.gov/Archives/edgar/data/1837240/000183724025000278/sym-20250927.htm,47691,3858,data/interim/text/000183724025000278.txt.gz,000183724025000278,2025Q4,2025-11-24 16:07:35-05:00,2025-11-25,2025-11-25,2025-11-25,2025-11-24,55.459999084472656,1185,84
1491,LUNR,1844452,"Intuitive Machines, Inc.",3812,"Search, Detection, Navigation, Guidance, Aeronautical Sys",10-K,2022-04-14,2021-12-31,2022-04-14 21:15:25+00:00,0001213900-22-019878,https://www.sec.gov/Archives/edgar/data/1844452/000121390022019878/f10k2021_inflection.htm,52966,3133,data/interim/text/000121390022019878.txt.gz,000121390022019878,2022Q2,2022-04-14 17:15:25-04:00,2022-04-15,2022-04-15,2022-04-18,2022-04-14,9.649999618530272,102,990
1492,LUNR,1844452,"Intuitive Machines, Inc.",3812,"Search, Detection, Navigation, Guidance, Aeronautical Sys",10-Q,2022-08-12,2022-06-30,2022-08-12 20:16:24+00:00,0001213900-22-047411,https://www.sec.gov/Archives/edgar/data/1844452/000121390022047411/f10q0622_inflectionpoint.htm,7392,1044,data/interim/text/000121390022047411.txt.gz,000121390022047411,2022Q3,2022-08-12 16:16:24-04:00,2022-08-13,2022-08-13,2022-08-15,2022-08-12,9.739999771118164,184,908
1493,LUNR,1844452,"Intuitive Machines, Inc.",3812,"Search, Detection, Navigation, Guidance, Aeronautical Sys",10-Q,2022-11-10,2022-09-30,2022-11-10 22:01:26+00:00,0001213900-22-071287,https://www.sec.gov/Archives/edgar/data/1844452/000121390022071287/f10q0922_inflection.htm,12571,1321,data/interim/text/000121390022071287.txt.gz,000121390022071287,2022Q4,2022-11-10 17:01:26-05:00,2022-11-11,2022-11-11,2022-11-11,2022-11-10,9.869999885559082,247,845
1494,LUNR,1844452,"Intuitive Machines, Inc.",3812,"Search, Detection, Navigation, Guidance, Aeronautical Sys",10-K,2023-03-31,2022-12-31,2023-03-31 00:25:05+00:00,0001213900-23-024857,https://www.sec.gov/Archives/edgar/data/1844452/000121390023024857/f10k2022_intuitivemac.htm,45047,3794,data/interim/text/000121390023024857.txt.gz,000121390023024857,2023Q1,2023-03-30 20:25:05-04:00,2023-03-31,2023-03-31,2023-03-31,2023-03-30,10.720000267028809,342,750
1495,LUNR,1844452,"Intuitive Machines, Inc.",3812,"Search, Detection, Navigation, Guidance, Aeronautical Sys",10-Q,2023-05-15,2023-03-31,2023-05-15 12:43:52+00:00,0001844452-23-000025,https://www.sec.gov/Archives/edgar/data/1844452/000184445223000025/lunr-20230331.htm,12500,1868,data/interim/text/000184445223000025.txt.gz,000184445223000025,2023Q2,2023-05-15 08:43:52-04:00,2023-05-15,2023-05-15,2023-05-15,2023-05-12,8.149999618530273,372,720
1496,LUNR,1844452,"Intuitive Machines, Inc.",3812,"Search, Detection, Navigation, Guidance, Aeronautical Sys",10-Q,2023-08-14,2023-06-30,2023-08-14 20:08:41+00:00,0001844452-23-000043,https://www.sec.gov/Archives/edgar/data/1844452/000184445223000043/lunr-20230630.htm,13181,1885,data/interim/text/000184445223000043.txt.gz,000184445223000043,2023Q3,2023-08-14 16:08:41-04:00,2023-08-15,2023-08-15,2023-08-15,2023-08-14,8.329999923706055,435,657
1497,LUNR,1844452,"Intuitive Machines, Inc.",3812,"Search, Detection, Navigation, Guidance, Aeronautical Sys",10-K,2024-03-25,2023-12-31,2024-03-25 21:09:31+00:00,0001844452-24-000036,https://www.sec.gov/Archives/edgar/data/1844452/000184445224000036/lunr-20231231.htm,54874,4231,data/interim/text/000184445224000036.txt.gz,000184445224000036,2024Q1,2024-03-25 17:09:31-04:00,2024-03-26,2024-03-26,2024-03-26,2024-03-25,6.150000095367432,589,503
1498,LUNR,1844452,"Intuitive Machines, Inc.",3812,"Search, Detection, Navigation, Guidance, Aeronautical Sys",10-Q,2024-05-14,2024-03-31,2024-05-14 11:48:44+00:00,0001844452-24-000070,https://www.sec.gov/Archives/edgar/data/1844452/000184445224000070/lunr-20240331.htm,12982,1886,data/interim/text/000184445224000070.txt.gz,000184445224000070,2024Q2,2024-05-14 07:48:44-04:00,2024-05-14,2024-05-14,2024-05-14,2024-05-13,6.070000171661377,623,469
1499,LUNR,1844452,"Intuitive Machines, Inc.",3812,"Search, Detection, Navigation, Guidance, Aeronautical Sys",10-Q,2024-08-13,2024-06-30,2024-08-13 11:57:12+00:00,0001844452-24-000094,https://www.sec.gov/Archives/edgar/data/1844452/000184445224000094/lunr-20240630.htm,13870,1935,data/interim/text/000184445224000094.txt.gz,000184445224000094,2024Q3,2024-08-13 07:57:12-04:00,2024-08-13,2024-08-13,2024-08-13,2024-08-12,3.7200000286102295,685,407
1500,LUNR,1844452,"Intuitive Machines, Inc.",3812,"Search, Detection, Navigation, Guidance, Aeronautical Sys",10-Q,2024-11-15,2024-09-30,2024-11-15 02:13:16+00:00,0001844452-24-000132,https://www.sec.gov/Archives/edgar/data/1844452/000184445224000132/lunr-20240930.htm,14177,1935,data/interim/text/000184445224000132.txt.gz,000184445224000132,2024Q4,2024-11-14 21:13:16-05:00,2024-11-15,2024-11-15,2024-11-15,2024-11-14,10.229999542236328,752,340
1501,LUNR,1844452,"Intuitive Machines, Inc.",3812,"Search, Detection, Navigation, Guidance, Aeronautical Sys",10-K,2025-03-25,2024-12-31,2025-03-25 20:25:30+00:00,0001844452-25-000023,https://www.sec.gov/Archives/edgar/data/1844452/000184445225000023/lunr-20241231.htm,41402,3549,data/interim/text/000184445225000023.txt.gz,000184445225000023,2025Q1,2025-03-25 16:25:30-04:00,2025-03-26,2025-03-26,2025-03-26,2025-03-25,9.199999809265137,839,253
1502,LUNR,1844452,"Intuitive Machines, Inc.",3812,"Search, Detection, Navigation, Guidance, Aeronautical Sys",10-Q,2025-05-13,2025-03-31,2025-05-13 20:36:50+00:00,0001844452-25-000043,https://www.sec.gov/Archives/edgar/data/1844452/000184445225000043/lunr-20250331.htm,11776,1839,data/interim/text/000184445225000043.txt.gz,000184445225000043,2025Q2,2025-05-13 16:36:50-04:00,2025-05-14,2025-05-14,2025-05-14,2025-05-13,11.630000114440918,873,219
1503,LUNR,1844452,"Intuitive Machines, Inc.",3812,"Search, Detection, Navigation, Guidance, Aeronautical Sys",10-Q,2025-08-07,2025-06-30,2025-08-07 20:27:14+00:00,0001844452-25-000054,https://www.sec.gov/Archives/edgar/data/1844452/000184445225000054/lunr-20250630.htm,13787,1950,data/interim/text/000184445225000054.txt.gz,000184445225000054,2025Q3,2025-08-07 16:27:14-04:00,2025-08-08,2025-08-08,2025-08-08,2025-08-07,10.050000190734863,932,160
1504,LUNR,1844452,"Intuitive Machines, Inc.",3812,"Search, Detection, Navigation, Guidance, Aeronautical Sys",10-Q,2025-11-13,2025-09-30,2025-11-13 21:14:19+00:00,0001628280-25-052039,https://www.sec.gov/Archives/edgar/data/1844452/000162828025052039/lunr-20250930.htm,15296,2051,data/interim/text/000162828025052039.txt.gz,000162828025052039,2025Q4,2025-11-13 16:14:19-05:00,2025-11-14,2025-11-14,2025-11-14,2025-11-13,8.65999984741211,1001,91
1506,OKLO,1849056,Oklo Inc.,4911,Electric Services,10-Q,2021-11-15,2021-09-30,2021-11-15 21:08:46+00:00,0001410578-21-000267,https://www.sec.gov/Archives/edgar/data/1849056/000141057821000267/alcc-20210930x10q.htm,5189,970,data/interim/text/000141057821000267.txt.gz,000141057821000267,2021Q4,2021-11-15 16:08:46-05:00,2021-11-16,2021-11-16,2021-11-16,2021-11-15,9.90999984741211,91,1094
1507,OKLO,1849056,Oklo Inc.,4911,Electric Services,10-K,2022-03-31,2021-12-31,2022-03-31 19:39:59+00:00,0001410578-22-000756,https://www.sec.gov/Archives/edgar/data/1849056/000141057822000756/alcc-20211231x10k.htm,51005,2868,data/interim/text/000141057822000756.txt.gz,000141057822000756,2022Q1,2022-03-31 15:39:59-04:00,2022-03-31,2022-03-31,2022-03-31,2022-03-30,9.744999885559082,184,1001
1508,OKLO,1849056,Oklo Inc.,4911,Electric Services,10-Q,2022-05-16,2022-03-31,2022-05-13 21:49:09+00:00,0001410578-22-001505,https://www.sec.gov/Archives/edgar/data/1849056/000141057822001505/alcc-20220331x10q.htm,5576,954,data/interim/text/000141057822001505.txt.gz,000141057822001505,2022Q2,2022-05-13 17:49:09-04:00,2022-05-14,2022-05-16,2022-05-16,2022-05-13,9.68000030517578,215,970
1509,OKLO,1849056,Oklo Inc.,4911,Electric Services,10-Q,2022-08-12,2022-06-30,2022-08-12 20:06:07+00:00,0001410578-22-002391,https://www.sec.gov/Archives/edgar/data/1849056/000141057822002391/alcc-20220630x10q.htm,5434,910,data/interim/text/000141057822002391.txt.gz,000141057822002391,2022Q3,2022-08-12 16:06:07-04:00,2022-08-13,2022-08-13,2022-08-15,2022-08-12,9.760000228881836,277,908
1510,OKLO,1849056,Oklo Inc.,4911,Electric Services,10-Q,2022-11-10,2022-09-30,2022-11-10 21:12:35+00:00,0001410578-22-003138,https://www.sec.gov/Archives/edgar/data/1849056/000141057822003138/alcc-20220930x10q.htm,6456,1017,data/interim/text/000141057822003138.txt.gz,000141057822003138,2022Q4,2022-11-10 16:12:35-05:00,2022-11-11,2022-11-11,2022-11-11,2022-11-10,9.869999885559082,340,845
1511,OKLO,1849056,Oklo Inc.,4911,Electric Services,10-K,2023-03-31,2022-12-31,2023-03-31 19:44:13+00:00,0001410578-23-000545,https://www.sec.gov/Archives/edgar/data/1849056/000141057823000545/alcc-20221231x10k.htm,52697,2918,data/interim/text/000141057823000545.txt.gz,000141057823000545,2023Q1,2023-03-31 15:44:13-04:00,2023-03-31,2023-03-31,2023-03-31,2023-03-30,10.145000457763672,435,750
1512,OKLO,1849056,Oklo Inc.,4911,Electric Services,10-Q,2023-05-15,2023-03-31,2023-05-15 20:37:42+00:00,0001410578-23-001236,https://www.sec.gov/Archives/edgar/data/1849056/000141057823001236/alcc-20230331x10q.htm,4181,765,data/interim/text/000141057823001236.txt.gz,000141057823001236,2023Q2,2023-05-15 16:37:42-04:00,2023-05-16,2023-05-16,2023-05-16,2023-05-15,10.44499969482422,466,719
1513,OKLO,1849056,Oklo Inc.,4911,Electric Services,10-Q,2023-08-11,2023-06-30,2023-08-11 21:04:18+00:00,0001410578-23-001790,https://www.sec.gov/Archives/edgar/data/1849056/000141057823001790/alcc-20230630x10q.htm,4504,788,data/interim/text/000141057823001790.txt.gz,000141057823001790,2023Q3,2023-08-11 17:04:18-04:00,2023-08-12,2023-08-12,2023-08-14,2023-08-11,10.350000381469728,527,658
1514,OKLO,1849056,Oklo Inc.,4911,Electric Services,10-Q,2023-11-16,2023-09-30,2023-11-15 23:21:46+00:00,0001410578-23-002506,https://www.sec.gov/Archives/edgar/data/1849056/000141057823002506/alcc-20230930x10q.htm,6055,925,data/interim/text/000141057823002506.txt.gz,000141057823002506,2023Q4,2023-11-15 18:21:46-05:00,2023-11-16,2023-11-16,2023-11-16,2023-11-15,10.329999923706056,594,591
1515,OKLO,1849056,Oklo Inc.,4911,Electric Services,10-K,2024-03-29,2023-12-31,2024-03-29 20:53:36+00:00,0001410578-24-000365,https://www.sec.gov/Archives/edgar/data/1849056/000141057824000365/alcc-20231231x10k.htm,51067,2913,data/interim/text/000141057824000365.txt.gz,000141057824000365,2024Q1,2024-03-29 16:53:36-04:00,2024-03-30,2024-03-30,2024-04-01,2024-03-28,11.420000076293944,685,500
1516,OKLO,1849056,Oklo Inc.,4911,Electric Services,10-Q,2024-05-08,2024-03-31,2024-05-08 20:56:22+00:00,0001410578-24-000635,https://www.sec.gov/Archives/edgar/data/1849056/000141057824000635/alcc-20240331x10q.htm,5973,947,data/interim/text/000141057824000635.txt.gz,000141057824000635,2024Q2,2024-05-08 16:56:22-04:00,2024-05-09,2024-05-09,2024-05-09,2024-05-08,15.170000076293944,713,472
1517,OKLO,1849056,Oklo Inc.,4911,Electric Services,10-Q,2024-08-14,2024-06-30,2024-08-13 22:40:09+00:00,0001410578-24-001386,https://www.sec.gov/Archives/edgar/data/1849056/000141057824001386/oklo-20240630x10q.htm,8919,1485,data/interim/text/000141057824001386.txt.gz,000141057824001386,2024Q3,2024-08-13 18:40:09-04:00,2024-08-14,2024-08-14,2024-08-14,2024-08-13,7.420000076293945,779,406
1518,OKLO,1849056,Oklo Inc.,4911,Electric Services,10-Q,2024-11-14,2024-09-30,2024-11-14 21:02:06+00:00,0001628280-24-047875,https://www.sec.gov/Archives/edgar/data/1849056/000162828024047875/oklo-20240930.htm,9216,1525,data/interim/text/000162828024047875.txt.gz,000162828024047875,2024Q4,2024-11-14 16:02:06-05:00,2024-11-15,2024-11-15,2024-11-15,2024-11-14,23.8799991607666,845,340
1519,OKLO,1849056,Oklo Inc.,4911,Electric Services,10-K,2025-03-24,2024-12-31,2025-03-24 20:16:36+00:00,0001628280-25-014490,https://www.sec.gov/Archives/edgar/data/1849056/000162828025014490/oklo-20241231.htm,35959,3226,data/interim/text/000162828025014490.txt.gz,000162828025014490,2025Q1,2025-03-24 16:16:36-04:00,2025-03-25,2025-03-25,2025-03-25,2025-03-24,30.90999984741211,931,254
1520,OKLO,1849056,Oklo Inc.,4911,Electric Services,10-Q,2025-05-13,2025-03-31,2025-05-13 20:54:38+00:00,0001628280-25-025166,https://www.sec.gov/Archives/edgar/data/1849056/000162828025025166/oklo-20250331.htm,8313,1500,data/interim/text/000162828025025166.txt.gz,000162828025025166,2025Q2,2025-05-13 16:54:38-04:00,2025-05-14,2025-05-14,2025-05-14,2025-05-13,32.029998779296875,966,219
1521,OKLO,1849056,Oklo Inc.,4911,Electric Services,10-Q,2025-08-11,2025-06-30,2025-08-11 20:16:28+00:00,0001628280-25-039571,https://www.sec.gov/Archives/edgar/data/1849056/000162828025039571/oklo-20250630.htm,9316,1581,data/interim/text/000162828025039571.txt.gz,000162828025039571,2025Q3,2025-08-11 16:16:28-04:00,2025-08-12,2025-08-12,2025-08-12,2025-08-11,71.86000061035156,1027,158
1522,OKLO,1849056,Oklo Inc.,4911,Electric Services,10-Q,2025-11-12,2025-09-30,2025-11-12 13:27:56+00:00,0001628280-25-051349,https://www.sec.gov/Archives/edgar/data/1849056/000162828025051349/oklo-20250930.htm,11637,1780,data/interim/text/000162828025051349.txt.gz,000162828025051349,2025Q4,2025-11-12 08:27:56-05:00,2025-11-12,2025-11-12,2025-11-12,2025-11-11,104.22000122070312,1092,93
1525,CRCL,1876042,"Circle Internet Group, Inc.",6199,Finance Services,10-Q,2025-11-12,2025-09-30,2025-11-12 14:21:02+00:00,0001876042-25-000047,https://www.sec.gov/Archives/edgar/data/1876042/000187604225000047/crcl-20250930.htm,48750,3776,data/interim/text/000187604225000047.txt.gz,000187604225000047,2025Q4,2025-11-12 09:21:02-05:00,2025-11-12,2025-11-12,2025-11-12,2025-11-11,98.3000030517578,110,93
1526,DKNG,1883685,DraftKings Inc.,7990,Services-Miscellaneous Amusement & Recreation,10-Q,2022-05-06,2022-03-31,2022-05-06 11:05:46+00:00,0001883685-22-000016,https://www.sec.gov/Archives/edgar/data/1883685/000188368522000016/dkng-20220331.htm,10754,1595,data/interim/text/000188368522000016.txt.gz,000188368522000016,2022Q2,2022-05-06 07:05:46-04:00,2022-05-06,2022-05-06,2022-05-06,2022-05-05,14.4399995803833,422,976
1527,DKNG,1883685,DraftKings Inc.,7990,Services-Miscellaneous Amusement & Recreation,10-Q,2022-08-05,2022-06-30,2022-08-05 11:04:23+00:00,0001883685-22-000026,https://www.sec.gov/Archives/edgar/data/1883685/000188368522000026/dkng-20220630.htm,12420,1656,data/interim/text/000188368522000026.txt.gz,000188368522000026,2022Q3,2022-08-05 07:04:23-04:00,2022-08-05,2022-08-05,2022-08-05,2022-08-04,16.360000610351562,484,914
1528,DKNG,1883685,DraftKings Inc.,7990,Services-Miscellaneous Amusement & Recreation,10-Q,2022-11-04,2022-09-30,2022-11-04 11:07:23+00:00,0001883685-22-000036,https://www.sec.gov/Archives/edgar/data/1883685/000188368522000036/dkng-20220930.htm,12675,1649,data/interim/text/000188368522000036.txt.gz,000188368522000036,2022Q4,2022-11-04 07:07:23-04:00,2022-11-04,2022-11-04,2022-11-04,2022-11-03,15.670000076293944,548,850
1529,DKNG,1883685,DraftKings Inc.,7990,Services-Miscellaneous Amusement & Recreation,10-K,2023-02-17,2022-12-31,2023-02-17 12:06:48+00:00,0001883685-23-000013,https://www.sec.gov/Archives/edgar/data/1883685/000188368523000013/dkng-20221231.htm,52773,4053,data/interim/text/000188368523000013.txt.gz,000188368523000013,2023Q1,2023-02-17 07:06:48-05:00,2023-02-17,2023-02-17,2023-02-17,2023-02-16,17.809999465942383,619,779
1530,DKNG,1883685,DraftKings Inc.,7990,Services-Miscellaneous Amusement & Recreation,10-Q,2023-05-05,2023-03-31,2023-05-05 11:01:47+00:00,0001883685-23-000025,https://www.sec.gov/Archives/edgar/data/1883685/000188368523000025/dkng-20230331.htm,10834,1515,data/interim/text/000188368523000025.txt.gz,000188368523000025,2023Q2,2023-05-05 07:01:47-04:00,2023-05-05,2023-05-05,2023-05-05,2023-05-04,21.309999465942383,672,726
1531,DKNG,1883685,DraftKings Inc.,7990,Services-Miscellaneous Amusement & Recreation,10-Q,2023-08-04,2023-06-30,2023-08-04 11:07:13+00:00,0001883685-23-000037,https://www.sec.gov/Archives/edgar/data/1883685/000188368523000037/dkng-20230630.htm,12409,1575,data/interim/text/000188368523000037.txt.gz,000188368523000037,2023Q3,2023-08-04 07:07:13-04:00,2023-08-04,2023-08-04,2023-08-04,2023-08-03,29.989999771118164,734,664
1532,DKNG,1883685,DraftKings Inc.,7990,Services-Miscellaneous Amusement & Recreation,10-Q,2023-11-03,2023-09-30,2023-11-03 11:01:09+00:00,0001883685-23-000050,https://www.sec.gov/Archives/edgar/data/1883685/000188368523000050/dkng-20230930.htm,12534,1575,data/interim/text/000188368523000050.txt.gz,000188368523000050,2023Q4,2023-11-03 07:01:09-04:00,2023-11-03,2023-11-03,2023-11-03,2023-11-02,28.979999542236328,798,600
1533,DKNG,1883685,DraftKings Inc.,7990,Services-Miscellaneous Amusement & Recreation,10-K,2024-02-16,2023-12-31,2024-02-16 12:16:00+00:00,0001883685-24-000010,https://www.sec.gov/Archives/edgar/data/1883685/000188368524000010/dkng-20231231.htm,53762,4099,data/interim/text/000188368524000010.txt.gz,000188368524000010,2024Q1,2024-02-16 07:16:00-05:00,2024-02-16,2024-02-16,2024-02-16,2024-02-15,44.459999084472656,869,529
1534,DKNG,1883685,DraftKings Inc.,7990,Services-Miscellaneous Amusement & Recreation,10-Q,2024-05-03,2024-03-31,2024-05-03 11:01:20+00:00,0001883685-24-000018,https://www.sec.gov/Archives/edgar/data/1883685/000188368524000018/dkng-20240331.htm,12094,1634,data/interim/text/000188368524000018.txt.gz,000188368524000018,2024Q2,2024-05-03 07:01:20-04:00,2024-05-03,2024-05-03,2024-05-03,2024-05-02,43.02999877929688,922,476
1535,DKNG,1883685,DraftKings Inc.,7990,Services-Miscellaneous Amusement & Recreation,10-Q,2024-08-02,2024-06-30,2024-08-02 11:19:18+00:00,0001883685-24-000032,https://www.sec.gov/Archives/edgar/data/1883685/000188368524000032/dkng-20240630.htm,13877,1699,data/interim/text/000188368524000032.txt.gz,000188368524000032,2024Q3,2024-08-02 07:19:18-04:00,2024-08-02,2024-08-02,2024-08-02,2024-08-01,35.4900016784668,984,414
1536,DKNG,1883685,DraftKings Inc.,7990,Services-Miscellaneous Amusement & Recreation,10-Q,2024-11-08,2024-09-30,2024-11-08 12:03:00+00:00,0001883685-24-000036,https://www.sec.gov/Archives/edgar/data/1883685/000188368524000036/dkng-20240930.htm,14156,1705,data/interim/text/000188368524000036.txt.gz,000188368524000036,2024Q4,2024-11-08 07:03:00-05:00,2024-11-08,2024-11-08,2024-11-08,2024-11-07,38.97999954223633,1053,345
1537,DKNG,1883685,DraftKings Inc.,7990,Services-Miscellaneous Amusement & Recreation,10-K,2025-02-14,2024-12-31,2025-02-14 12:20:54+00:00,0001883685-25-000010,https://www.sec.gov/Archives/edgar/data/1883685/000188368525000010/dkng-20241231.htm,48559,3822,data/interim/text/000188368525000010.txt.gz,000188368525000010,2025Q1,2025-02-14 07:20:54-05:00,2025-02-14,2025-02-14,2025-02-14,2025-02-13,46.45000076293945,1118,280
1538,DKNG,1883685,DraftKings Inc.,7990,Services-Miscellaneous Amusement & Recreation,10-Q,2025-05-09,2025-03-31,2025-05-09 11:05:25+00:00,0001883685-25-000020,https://www.sec.gov/Archives/edgar/data/1883685/000188368525000020/dkng-20250331.htm,6809,1140,data/interim/text/000188368525000020.txt.gz,000188368525000020,2025Q2,2025-05-09 07:05:25-04:00,2025-05-09,2025-05-09,2025-05-09,2025-05-08,35.349998474121094,1176,222
1539,DKNG,1883685,DraftKings Inc.,7990,Services-Miscellaneous Amusement & Recreation,10-Q,2025-08-07,2025-06-30,2025-08-07 11:01:48+00:00,0001883685-25-000029,https://www.sec.gov/Archives/edgar/data/1883685/000188368525000029/dkng-20250630.htm,7839,1142,data/interim/text/000188368525000029.txt.gz,000188368525000029,2025Q3,2025-08-07 07:01:48-04:00,2025-08-07,2025-08-07,2025-08-07,2025-08-06,45.36000061035156,1237,161
1540,DKNG,1883685,DraftKings Inc.,7990,Services-Miscellaneous Amusement & Recreation,10-Q,2025-11-07,2025-09-30,2025-11-07 12:07:18+00:00,0001883685-25-000038,https://www.sec.gov/Archives/edgar/data/1883685/000188368525000038/dkng-20250930.htm,8215,1215,data/interim/text/000188368525000038.txt.gz,000188368525000038,2025Q4,2025-11-07 07:07:18-05:00,2025-11-07,2025-11-07,2025-11-07,2025-11-06,27.979999542236328,1302,96
1542,PRME,1894562,"Prime Medicine, Inc.",2836,"Biological Products, (No Diagnostic Substances)",10-K,2023-03-09,2022-12-31,2023-03-09 20:02:21+00:00,0001628280-23-007266,https://www.sec.gov/Archives/edgar/data/1894562/000162828023007266/prme-20221231.htm,118811,6153,data/interim/text/000162828023007266.txt.gz,000162828023007266,2023Q1,2023-03-09 15:02:21-05:00,2023-03-09,2023-03-09,2023-03-09,2023-03-08,15.329999923706056,94,766
1543,PRME,1894562,"Prime Medicine, Inc.",2836,"Biological Products, (No Diagnostic Substances)",10-Q,2023-05-11,2023-03-31,2023-05-11 12:22:50+00:00,0001628280-23-017423,https://www.sec.gov/Archives/edgar/data/1894562/000162828023017423/prme-20230331.htm,56135,3823,data/interim/text/000162828023017423.txt.gz,000162828023017423,2023Q2,2023-05-11 08:22:50-04:00,2023-05-11,2023-05-11,2023-05-11,2023-05-10,14.039999961853027,138,722
1544,PRME,1894562,"Prime Medicine, Inc.",2836,"Biological Products, (No Diagnostic Substances)",10-Q,2023-08-07,2023-06-30,2023-08-07 20:09:28+00:00,0001628280-23-027772,https://www.sec.gov/Archives/edgar/data/1894562/000162828023027772/prme-20230630.htm,6741,1140,data/interim/text/000162828023027772.txt.gz,000162828023027772,2023Q3,2023-08-07 16:09:28-04:00,2023-08-08,2023-08-08,2023-08-08,2023-08-07,12.550000190734863,198,662
1545,PRME,1894562,"Prime Medicine, Inc.",2836,"Biological Products, (No Diagnostic Substances)",10-Q,2023-11-03,2023-09-30,2023-11-03 21:09:29+00:00,0001628280-23-036777,https://www.sec.gov/Archives/edgar/data/1894562/000162828023036777/prme-20230930.htm,6944,1169,data/interim/text/000162828023036777.txt.gz,000162828023036777,2023Q4,2023-11-03 17:09:29-04:00,2023-11-04,2023-11-04,2023-11-06,2023-11-03,7.800000190734863,261,599
1546,PRME,1894562,"Prime Medicine, Inc.",2836,"Biological Products, (No Diagnostic Substances)",10-K,2024-03-01,2023-12-31,2024-03-01 13:04:30+00:00,0001628280-24-008116,https://www.sec.gov/Archives/edgar/data/1894562/000162828024008116/prme-20231231.htm,94720,5504,data/interim/text/000162828024008116.txt.gz,000162828024008116,2024Q1,2024-03-01 08:04:30-05:00,2024-03-01,2024-03-01,2024-03-01,2024-02-29,8.630000114440918,340,520
1547,PRME,1894562,"Prime Medicine, Inc.",2836,"Biological Products, (No Diagnostic Substances)",10-Q,2024-05-10,2024-03-31,2024-05-10 12:22:59+00:00,0001628280-24-022473,https://www.sec.gov/Archives/edgar/data/1894562/000162828024022473/prme-20240331.htm,6375,1147,data/interim/text/000162828024022473.txt.gz,000162828024022473,2024Q2,2024-05-10 08:22:59-04:00,2024-05-10,2024-05-10,2024-05-10,2024-05-09,5.71999979019165,389,471
1548,PRME,1894562,"Prime Medicine, Inc.",2836,"Biological Products, (No Diagnostic Substances)",10-Q,2024-08-08,2024-06-30,2024-08-08 12:26:47+00:00,0001628280-24-035893,https://www.sec.gov/Archives/edgar/data/1894562/000162828024035893/prme-20240630.htm,7466,1187,data/interim/text/000162828024035893.txt.gz,000162828024035893,2024Q3,2024-08-08 08:26:47-04:00,2024-08-08,2024-08-08,2024-08-08,2024-08-07,4.400000095367432,450,410
1549,PRME,1894562,"Prime Medicine, Inc.",2836,"Biological Products, (No Diagnostic Substances)",10-Q,2024-11-12,2024-09-30,2024-11-12 21:10:08+00:00,0001628280-24-047130,https://www.sec.gov/Archives/edgar/data/1894562/000162828024047130/prme-20240930.htm,7493,1218,data/interim/text/000162828024047130.txt.gz,000162828024047130,2024Q4,2024-11-12 16:10:08-05:00,2024-11-13,2024-11-13,2024-11-13,2024-11-12,4.320000171661377,518,342
1550,PRME,1894562,"Prime Medicine, Inc.",2836,"Biological Products, (No Diagnostic Substances)",10-Q,2025-08-07,2025-06-30,2025-08-07 12:36:25+00:00,0001628280-25-038619,https://www.sec.gov/Archives/edgar/data/1894562/000162828025038619/prme-20250630.htm,11324,1765,data/interim/text/000162828025038619.txt.gz,000162828025038619,2025Q3,2025-08-07 08:36:25-04:00,2025-08-07,2025-08-07,2025-08-07,2025-08-06,4.070000171661377,699,161
1551,PRME,1894562,"Prime Medicine, Inc.",2836,"Biological Products, (No Diagnostic Substances)",10-Q,2025-11-07,2025-09-30,2025-11-07 12:35:53+00:00,0001628280-25-050422,https://www.sec.gov/Archives/edgar/data/1894562/000162828025050422/prme-20250930.htm,9404,1477,data/interim/text/000162828025050422.txt.gz,000162828025050422,2025Q4,2025-11-07 07:35:53-05:00,2025-11-07,2025-11-07,2025-11-07,2025-11-06,4.179999828338623,764,96
1553,RBRK,1943896,"Rubrik, Inc.",7372,Services-Prepackaged Software,10-Q,2024-09-12,2024-07-31,2024-09-12 20:12:22+00:00,0001943896-24-000018,https://www.sec.gov/Archives/edgar/data/1943896/000194389624000018/rbrk-20240731.htm,45980,3335,data/interim/text/000194389624000018.txt.gz,000194389624000018,2024Q3,2024-09-12 16:12:22-04:00,2024-09-13,2024-09-13,2024-09-13,2024-09-12,30.75,96,385
1554,RBRK,1943896,"Rubrik, Inc.",7372,Services-Prepackaged Software,10-Q,2024-12-12,2024-10-31,2024-12-12 21:10:56+00:00,0001943896-24-000030,https://www.sec.gov/Archives/edgar/data/1943896/000194389624000030/rbrk-20241031.htm,46172,3342,data/interim/text/000194389624000030.txt.gz,000194389624000030,2024Q4,2024-12-12 16:10:56-05:00,2024-12-13,2024-12-13,2024-12-13,2024-12-12,74.19000244140625,160,321
1555,RBRK,1943896,"Rubrik, Inc.",7372,Services-Prepackaged Software,10-K,2025-03-20,2025-01-31,2025-03-20 20:04:49+00:00,0001943896-25-000012,https://www.sec.gov/Archives/edgar/data/1943896/000194389625000012/rbrk-20250131.htm,54709,3889,data/interim/text/000194389625000012.txt.gz,000194389625000012,2025Q1,2025-03-20 16:04:49-04:00,2025-03-21,2025-03-21,2025-03-21,2025-03-20,70.19000244140625,225,256
1556,RBRK,1943896,"Rubrik, Inc.",7372,Services-Prepackaged Software,10-Q,2025-06-09,2025-04-30,2025-06-06 23:07:45+00:00,0001943896-25-000030,https://www.sec.gov/Archives/edgar/data/1943896/000194389625000030/rbrk-20250430.htm,45895,3343,data/interim/text/000194389625000030.txt.gz,000194389625000030,2025Q2,2025-06-06 19:07:45-04:00,2025-06-07,2025-06-09,2025-06-09,2025-06-06,97.91000366210938,279,202
1557,RBRK,1943896,"Rubrik, Inc.",7372,Services-Prepackaged Software,10-Q,2025-09-10,2025-07-31,2025-09-10 20:46:17+00:00,0001943896-25-000042,https://www.sec.gov/Archives/edgar/data/1943896/000194389625000042/rbrk-20250731.htm,48467,3401,data/interim/text/000194389625000042.txt.gz,000194389625000042,2025Q3,2025-09-10 16:46:17-04:00,2025-09-11,2025-09-11,2025-09-11,2025-09-10,80.72000122070312,344,137
1558,RBRK,1943896,"Rubrik, Inc.",7372,Services-Prepackaged Software,10-Q,2025-12-08,2025-10-31,2025-12-08 21:06:05+00:00,0001943896-25-000054,https://www.sec.gov/Archives/edgar/data/1943896/000194389625000054/rbrk-20251031.htm,49046,3423,data/interim/text/000194389625000054.txt.gz,000194389625000054,2025Q4,2025-12-08 16:06:05-05:00,2025-12-09,2025-12-09,2025-12-09,2025-12-08,89.0999984741211,406,75
1560,FRNM,2017526,"Freenome, Inc.",8071,Services-Medical Laboratories,10-Q,2024-11-13,2024-09-30,2024-11-13 21:05:44+00:00,0001140361-24-046457,https://www.sec.gov/Archives/edgar/data/2017526/000114036124046457/ef20034550_10q.htm,5068,906,data/interim/text/000114036124046457.txt.gz,000114036124046457,2024Q4,2024-11-13 16:05:44-05:00,2024-11-14,2024-11-14,2024-11-14,2024-11-13,10.079999923706056,107,341
1561,FRNM,2017526,"Freenome, Inc.",8071,Services-Medical Laboratories,10-K,2025-03-19,2024-12-31,2025-03-19 20:50:44+00:00,0001140361-25-009447,https://www.sec.gov/Archives/edgar/data/2017526/000114036125009447/ef20039024_10k.htm,61724,3251,data/interim/text/000114036125009447.txt.gz,000114036125009447,2025Q1,2025-03-19 16:50:44-04:00,2025-03-20,2025-03-20,2025-03-20,2025-03-19,10.279999732971191,191,257
1562,FRNM,2017526,"Freenome, Inc.",8071,Services-Medical Laboratories,10-Q,2025-05-12,2025-03-31,2025-05-12 20:21:11+00:00,0001140361-25-018389,https://www.sec.gov/Archives/edgar/data/2017526/000114036125018389/ef20047569_10q.htm,5498,960,data/interim/text/000114036125018389.txt.gz,000114036125018389,2025Q2,2025-05-12 16:21:11-04:00,2025-05-13,2025-05-13,2025-05-13,2025-05-12,10.31999969482422,228,220
1563,FRNM,2017526,"Freenome, Inc.",8071,Services-Medical Laboratories,10-Q,2025-08-13,2025-06-30,2025-08-12 21:40:44+00:00,0001140361-25-030622,https://www.sec.gov/Archives/edgar/data/2017526/000114036125030622/ef20050391_10q.htm,5943,974,data/interim/text/000114036125030622.txt.gz,000114036125030622,2025Q3,2025-08-12 17:40:44-04:00,2025-08-13,2025-08-13,2025-08-13,2025-08-12,10.56999969482422,291,157
1564,FRNM,2017526,"Freenome, Inc.",8071,Services-Medical Laboratories,10-Q,2025-11-13,2025-09-30,2025-11-12 23:27:23+00:00,0001140361-25-041736,https://www.sec.gov/Archives/edgar/data/2017526/000114036125041736/ef20054968_10q.htm,5995,966,data/interim/text/000114036125041736.txt.gz,000114036125041736,2025Q4,2025-11-12 18:27:23-05:00,2025-11-13,2025-11-13,2025-11-13,2025-11-12,10.770999908447266,356,92
