,ticker,cik,company,sic,sic_desc,form,filing_date,report_date,acceptance_datetime,accession,doc_url,n_words,n_distinct,text_path,accession_clean,calendar_quarter,acceptance_et,acceptance_effective_date,day0_candidate,day0,day_minus1,price_day_minus1,n_pre_returns,n_post_returns,negative_prop,negative_tfidf,positive_prop,positive_tfidf,uncertainty_prop,uncertainty_tfidf,pre_vol,post_vol,n_pre,n_post
0,AIR,1750,AAR CORP,3720,Aircraft & Parts,10-Q,2021-03-23,2021-02-28,2021-03-23 21:24:16+00:00,0001104659-21-040394,https://www.sec.gov/Archives/edgar/data/1750/000110465921040394/air-20210228x10q.htm,5753,901,data/interim/text/000110465921040394.txt.gz,110465921040394,2021Q1,2021-03-23 17:24:16-04:00,2021-03-24,2021-03-24,2021-03-24,2021-03-23,39.97999954223633,139,1259,0.012341387102381366,11.512796993358727,0.0033026247175386753,3.666305307772415,0.011646097688162698,8.04423001433871,0.44348700632243343,0.2897419785781072,55.0,60.0
1,AIR,1750,AAR CORP,3720,Aircraft & Parts,10-K,2021-07-21,2021-05-31,2021-07-21 01:46:22+00:00,0001104659-21-094125,https://www.sec.gov/Archives/edgar/data/1750/000110465921094125/air-20210531x10k.htm,23055,2563,data/interim/text/000110465921094125.txt.gz,110465921094125,2021Q3,2021-07-20 21:46:22-04:00,2021-07-21,2021-07-21,2021-07-21,2021-07-20,36.29999923706055,221,1177,0.020949902407286922,89.38548968840097,0.004771199306007373,16.057440553035537,0.019171546302320538,14.444424061295711,0.29448072573771406,0.30072992633526047,55.0,60.0
2,AIR,1750,AAR CORP,3720,Aircraft & Parts,10-Q,2021-12-21,2021-11-30,2021-12-21 22:13:50+00:00,0001104659-21-152249,https://www.sec.gov/Archives/edgar/data/1750/000110465921152249/air-20211130x10q.htm,5668,903,data/interim/text/000110465921152249.txt.gz,110465921152249,2021Q4,2021-12-21 17:13:50-05:00,2021-12-22,2021-12-22,2021-12-22,2021-12-21,37.150001525878906,329,1069,0.01182074805928017,7.207911713123529,0.0028228652081863093,2.793944726594781,0.011644318983768526,6.161719982585692,0.3574431669413407,0.31567578269423574,55.0,60.0
3,AIR,1750,AAR CORP,3720,Aircraft & Parts,10-Q,2022-03-22,2022-02-28,2022-03-22 21:18:22+00:00,0001104659-22-036639,https://www.sec.gov/Archives/edgar/data/1750/000110465922036639/air-20220322x10q.htm,5958,947,data/interim/text/000110465922036639.txt.gz,110465922036639,2022Q1,2022-03-22 17:18:22-04:00,2022-03-23,2022-03-23,2022-03-23,2022-03-22,46.88999938964844,391,1007,0.010741859684457872,7.5509412910551355,0.0025176233635448137,2.7815313394527346,0.011413225914736489,6.7180277268298605,0.2864878068392518,0.384801767297334,55.0,60.0
4,AIR,1750,AAR CORP,3720,Aircraft & Parts,10-K,2022-07-21,2022-05-31,2022-07-21 15:04:06+00:00,0001104659-22-081498,https://www.sec.gov/Archives/edgar/data/1750/000110465922081498/air-20220531x10k.htm,23561,2622,data/interim/text/000110465922081498.txt.gz,110465922081498,2022Q3,2022-07-21 11:04:06-04:00,2022-07-21,2022-07-21,2022-07-21,2022-07-20,45.02000045776367,473,925,0.020372649717753915,89.49663894115237,0.005347820550910403,18.367527207755124,0.018972030049658334,14.290449258193117,0.4017704296821536,0.34361503235860297,55.0,60.0
5,AIR,1750,AAR CORP,3720,Aircraft & Parts,10-Q,2022-12-20,2022-11-30,2022-12-20 22:22:43+00:00,0001104659-22-128706,https://www.sec.gov/Archives/edgar/data/1750/000110465922128706/air-20221130x10q.htm,5561,846,data/interim/text/000110465922128706.txt.gz,110465922128706,2022Q4,2022-12-20 17:22:43-05:00,2022-12-21,2022-12-21,2022-12-21,2022-12-20,45.209999084472656,580,818,0.007552598453515555,3.7221673533756054,0.0032368279086495235,2.718883733832119,0.01114907390757058,2.14995009933496,0.290537476467579,0.2887825039706442,55.0,60.0
6,AIR,1750,AAR CORP,3720,Aircraft & Parts,10-Q,2023-03-21,2023-02-28,2023-03-21 21:17:11+00:00,0001104659-23-035153,https://www.sec.gov/Archives/edgar/data/1750/000110465923035153/air-20221130x10q.htm,5863,916,data/interim/text/000110465923035153.txt.gz,110465923035153,2023Q1,2023-03-21 17:17:11-04:00,2023-03-22,2023-03-22,2023-03-22,2023-03-21,52.619998931884766,641,757,0.008698618454716017,5.29974857696186,0.004264028654272557,3.254578484996924,0.012962647108988572,2.1645773719388606,0.2551191250705962,0.2888641293423984,55.0,60.0
7,AIR,1750,AAR CORP,3720,Aircraft & Parts,10-K,2023-07-18,2023-05-31,2023-07-18 21:16:55+00:00,0001104659-23-082069,https://www.sec.gov/Archives/edgar/data/1750/000110465923082069/air-20230531x10k.htm,24443,2680,data/interim/text/000110465923082069.txt.gz,110465923082069,2023Q3,2023-07-18 17:16:55-04:00,2023-07-19,2023-07-19,2023-07-19,2023-07-18,59.81999969482422,722,676,0.018451090291699054,81.5882648104773,0.006423106819948452,23.602726292814854,0.019351143476659984,12.342604632363487,0.3012544096948193,0.2464341641607188,55.0,60.0
8,AIR,1750,AAR CORP,3720,Aircraft & Parts,10-Q,2023-12-21,2023-11-30,2023-12-21 22:19:59+00:00,0001104659-23-128321,https://www.sec.gov/Archives/edgar/data/1750/000110465923128321/air-20231130x10q.htm,6260,921,data/interim/text/000110465923128321.txt.gz,110465923128321,2023Q4,2023-12-21 17:19:59-05:00,2023-12-22,2023-12-22,2023-12-22,2023-12-21,70.79000091552734,832,566,0.008626198083067093,6.178330996491641,0.004153354632587859,2.045644418040023,0.013258785942492014,2.4035561110222523,0.23399407147470977,0.30831486135973246,55.0,60.0
9,AIR,1750,AAR CORP,3720,Aircraft & Parts,10-Q,2024-03-21,2024-02-29,2024-03-21 21:26:21+00:00,0001104659-24-037408,https://www.sec.gov/Archives/edgar/data/1750/000110465924037408/air-20240229x10q.htm,8675,1210,data/interim/text/000110465924037408.txt.gz,110465924037408,2024Q1,2024-03-21 17:26:21-04:00,2024-03-22,2024-03-22,2024-03-22,2024-03-21,63.91999816894531,893,505,0.011873198847262248,16.153910064030086,0.0033429394812680116,2.2499595676184483,0.015331412103746398,5.3366872812250135,0.28805424452379996,0.22697361443311234,55.0,60.0
10,AIR,1750,AAR CORP,3720,Aircraft & Parts,10-K,2024-07-19,2024-05-31,2024-07-18 21:43:23+00:00,0001104659-24-080890,https://www.sec.gov/Archives/edgar/data/1750/000110465924080890/air-20240531x10k.htm,31045,3124,data/interim/text/000110465924080890.txt.gz,110465924080890,2024Q3,2024-07-18 17:43:23-04:00,2024-07-19,2024-07-19,2024-07-19,2024-07-18,73.29000091552734,974,424,0.022129167337735546,121.97685557033451,0.006506683846029956,26.67393549876939,0.020325334192301498,14.540041244799184,0.23199736222256553,0.3167730830852217,55.0,60.0
11,AIR,1750,AAR CORP,3720,Aircraft & Parts,10-Q,2025-01-08,2024-11-30,2025-01-07 22:45:44+00:00,0001410578-25-000003,https://www.sec.gov/Archives/edgar/data/1750/000141057825000003/air-20241130x10q.htm,7671,1199,data/interim/text/000141057825000003.txt.gz,141057825000003,2025Q1,2025-01-07 17:45:44-05:00,2025-01-08,2025-01-08,2025-01-08,2025-01-07,61.75,1093,305,0.012253943423282492,11.944209817891773,0.0032590275061921523,2.1416799618955,0.010950332420805632,3.2076008886258878,0.372790368618178,0.5200224422751787,55.0,60.0
12,AIR,1750,AAR CORP,3720,Aircraft & Parts,10-K,2025-07-22,2025-05-31,2025-07-22 01:46:43+00:00,0001410578-25-001475,https://www.sec.gov/Archives/edgar/data/1750/000141057825001475/air-20250531x10k.htm,29986,3056,data/interim/text/000141057825001475.txt.gz,141057825001475,2025Q3,2025-07-21 21:46:43-04:00,2025-07-22,2025-07-22,2025-07-22,2025-07-21,80.55000305175781,1225,173,0.023010738344560796,126.69558965742546,0.007103314880277463,33.50820269451039,0.01927566197558861,13.172344757488318,0.21099514355522386,0.34103165096734794,55.0,60.0
13,AMD,2488,ADVANCED MICRO DEVICES INC,3674,Semiconductors & Related Devices,10-K,2021-01-29,2020-12-26,2021-01-29 22:24:00+00:00,0001628280-21-001185,https://www.sec.gov/Archives/edgar/data/2488/000162828021001185/amd-20201226.htm,38776,3476,data/interim/text/000162828021001185.txt.gz,162828021001185,2021Q1,2021-01-29 17:24:00-05:00,2021-01-30,2021-01-30,2021-02-01,2021-01-29,85.63999938964844,103,1295,0.023416546317309675,105.3160659328037,0.008433051371982669,39.0529651792478,0.019883433051371982,20.339952704072854,0.39267464545502495,0.4435263149242104,55.0,60.0
14,AMD,2488,ADVANCED MICRO DEVICES INC,3674,Semiconductors & Related Devices,10-Q,2021-04-28,2021-03-27,2021-04-28 20:39:55+00:00,0000002488-21-000056,https://www.sec.gov/Archives/edgar/data/2488/000000248821000056/amd-20210327.htm,21318,2365,data/interim/text/000000248821000056.txt.gz,248821000056,2021Q2,2021-04-28 16:39:55-04:00,2021-04-29,2021-04-29,2021-04-29,2021-04-28,84.0199966430664,164,1234,0.03640116333614785,93.53558236957781,0.008209025236889014,16.52117071580146,0.028942677549488694,13.410440047705814,0.4314676955606838,0.3370724547826269,55.0,60.0
15,AMD,2488,ADVANCED MICRO DEVICES INC,3674,Semiconductors & Related Devices,10-Q,2021-07-28,2021-06-26,2021-07-28 20:46:31+00:00,0000002488-21-000116,https://www.sec.gov/Archives/edgar/data/2488/000000248821000116/amd-20210626.htm,22016,2401,data/interim/text/000000248821000116.txt.gz,248821000116,2021Q3,2021-07-28 16:46:31-04:00,2021-07-29,2021-07-29,2021-07-29,2021-07-28,97.93000030517578,227,1171,0.035655886627906974,93.43091290519138,0.007857921511627907,17.531201018497647,0.028479287790697673,13.711067599086288,0.29476356397738557,0.3505566051560686,55.0,60.0
16,AMD,2488,ADVANCED MICRO DEVICES INC,3674,Semiconductors & Related Devices,10-Q,2021-10-27,2021-09-25,2021-10-27 20:37:56+00:00,0000002488-21-000178,https://www.sec.gov/Archives/edgar/data/2488/000000248821000178/amd-20210925.htm,21791,2383,data/interim/text/000000248821000178.txt.gz,248821000178,2021Q4,2021-10-27 16:37:56-04:00,2021-10-28,2021-10-28,2021-10-28,2021-10-27,122.27999877929688,291,1107,0.03620760864577119,93.53273841781171,0.008122619430039925,18.111381117232405,0.02863567527878482,13.65058490710298,0.359763062808273,0.5982439597520133,55.0,60.0
17,AMD,2488,ADVANCED MICRO DEVICES INC,3674,Semiconductors & Related Devices,10-K,2022-02-03,2021-12-25,2022-02-03 22:22:50+00:00,0000002488-22-000016,https://www.sec.gov/Archives/edgar/data/2488/000000248822000016/amd-20211225.htm,36856,3400,data/interim/text/000000248822000016.txt.gz,248822000016,2022Q1,2022-02-03 17:22:50-05:00,2022-02-04,2022-02-04,2022-02-04,2022-02-03,120.08000183105467,359,1039,0.024962014326025614,108.9199174155256,0.008031256783156067,33.89636709928878,0.020756457564575646,17.132298319567543,0.5617618833872802,0.6713506530061994,55.0,60.0
18,AMD,2488,ADVANCED MICRO DEVICES INC,3674,Semiconductors & Related Devices,10-Q,2022-05-04,2022-03-26,2022-05-04 20:50:40+00:00,0000002488-22-000078,https://www.sec.gov/Archives/edgar/data/2488/000000248822000078/amd-20220326.htm,23924,2548,data/interim/text/000000248822000078.txt.gz,248822000078,2022Q2,2022-05-04 16:50:40-04:00,2022-05-05,2022-05-05,2022-05-05,2022-05-04,99.41999816894533,421,977,0.03452599899682327,94.96800916818471,0.007691021568299616,18.225063039120972,0.028757732820598562,16.528514000268213,0.6403708173167745,0.6025789863601358,55.0,60.0
19,AMD,2488,ADVANCED MICRO DEVICES INC,3674,Semiconductors & Related Devices,10-Q,2022-08-03,2022-06-25,2022-08-03 21:15:57+00:00,0000002488-22-000123,https://www.sec.gov/Archives/edgar/data/2488/000000248822000123/amd-20220625.htm,24727,2554,data/interim/text/000000248822000123.txt.gz,248822000123,2022Q3,2022-08-03 17:15:57-04:00,2022-08-04,2022-08-04,2022-08-04,2022-08-03,98.08999633789062,483,915,0.03344522182229951,94.30703300979013,0.007360375298256966,18.0064745824484,0.028026044404901525,16.46013427445979,0.6432698977669099,0.5431078902684124,55.0,60.0
20,AMD,2488,ADVANCED MICRO DEVICES INC,3674,Semiconductors & Related Devices,10-Q,2022-11-02,2022-09-24,2022-11-02 20:35:10+00:00,0000002488-22-000170,https://www.sec.gov/Archives/edgar/data/2488/000000248822000170/amd-20220924.htm,24655,2527,data/interim/text/000000248822000170.txt.gz,248822000170,2022Q4,2022-11-02 16:35:10-04:00,2022-11-03,2022-11-03,2022-11-03,2022-11-02,58.630001068115234,547,851,0.03467856418576354,97.6792064874479,0.007341310079091462,17.20848914994689,0.02818900831474346,17.673247680250515,0.5462286903902522,0.6258193520563226,55.0,60.0
21,AMD,2488,ADVANCED MICRO DEVICES INC,3674,Semiconductors & Related Devices,10-K,2023-02-27,2022-12-31,2023-02-27 21:20:39+00:00,0000002488-23-000047,https://www.sec.gov/Archives/edgar/data/2488/000000248823000047/amd-20221231.htm,40302,3586,data/interim/text/000000248823000047.txt.gz,248823000047,2023Q1,2023-02-27 16:20:39-05:00,2023-02-28,2023-02-28,2023-02-28,2023-02-27,78.7699966430664,625,773,0.02359684382909037,109.54228607133861,0.0073693613220187585,35.19811135202159,0.020668949431789985,20.55194729847689,0.5541289979261025,0.5017930674476297,55.0,60.0
22,AMD,2488,ADVANCED MICRO DEVICES INC,3674,Semiconductors & Related Devices,10-Q,2023-05-03,2023-04-01,2023-05-03 20:28:42+00:00,0000002488-23-000076,https://www.sec.gov/Archives/edgar/data/2488/000000248823000076/amd-20230401.htm,22403,2448,data/interim/text/000000248823000076.txt.gz,248823000076,2023Q2,2023-05-03 16:28:42-04:00,2023-05-04,2023-05-04,2023-05-04,2023-05-03,81.62000274658203,671,727,0.036780788287282956,96.39663254189675,0.00758826942820158,17.202815175146885,0.029817435164933268,16.16522114415727,0.3974853279495494,0.49048134811840166,55.0,60.0
23,AMD,2488,ADVANCED MICRO DEVICES INC,3674,Semiconductors & Related Devices,10-Q,2023-08-02,2023-07-01,2023-08-02 21:12:01+00:00,0000002488-23-000139,https://www.sec.gov/Archives/edgar/data/2488/000000248823000139/amd-20230701.htm,22671,2419,data/interim/text/000000248823000139.txt.gz,248823000139,2023Q3,2023-08-02 17:12:01-04:00,2023-08-03,2023-08-03,2023-08-03,2023-08-02,109.3499984741211,733,665,0.03555202681840237,94.92930455225627,0.007410348021701734,17.644705870210075,0.029067972299413346,16.00521764955841,0.49059523675597627,0.4446369695882855,55.0,60.0
24,AMD,2488,ADVANCED MICRO DEVICES INC,3674,Semiconductors & Related Devices,10-Q,2023-11-01,2023-09-30,2023-11-01 20:20:28+00:00,0000002488-23-000195,https://www.sec.gov/Archives/edgar/data/2488/000000248823000195/amd-20230930.htm,23459,2547,data/interim/text/000000248823000195.txt.gz,248823000195,2023Q4,2023-11-01 16:20:28-04:00,2023-11-02,2023-11-02,2023-11-02,2023-11-01,108.04000091552734,797,601,0.03444307088963724,100.87949180849148,0.007331940832942581,17.787626863288732,0.028475212072125836,15.697656041455858,0.40094827273195977,0.45451228337148797,55.0,60.0
25,AMD,2488,ADVANCED MICRO DEVICES INC,3674,Semiconductors & Related Devices,10-K,2024-01-31,2023-12-30,2024-01-31 22:16:39+00:00,0000002488-24-000012,https://www.sec.gov/Archives/edgar/data/2488/000000248824000012/amd-20231230.htm,43126,3803,data/interim/text/000000248824000012.txt.gz,248824000012,2024Q1,2024-01-31 17:16:39-05:00,2024-02-01,2024-02-01,2024-02-01,2024-01-31,167.69000244140625,858,540,0.023721189073876547,123.51386719393331,0.0070954876408662985,36.43784375300601,0.020892269164772992,21.177007247784104,0.45384387226282863,0.5341584351760986,55.0,60.0
26,AMD,2488,ADVANCED MICRO DEVICES INC,3674,Semiconductors & Related Devices,10-Q,2024-05-01,2024-03-30,2024-05-01 20:10:44+00:00,0000002488-24-000056,https://www.sec.gov/Archives/edgar/data/2488/000000248824000056/amd-20240330.htm,23025,2511,data/interim/text/000000248824000056.txt.gz,248824000056,2024Q2,2024-05-01 16:10:44-04:00,2024-05-02,2024-05-02,2024-05-02,2024-05-01,144.27000427246094,921,477,0.03700325732899023,109.06948727003575,0.006775244299674267,15.545426694576555,0.03009771986970684,17.216095117790463,0.5238639657881531,0.46823544091906777,55.0,60.0
27,AMD,2488,ADVANCED MICRO DEVICES INC,3674,Semiconductors & Related Devices,10-Q,2024-07-31,2024-06-29,2024-07-31 20:20:22+00:00,0000002488-24-000123,https://www.sec.gov/Archives/edgar/data/2488/000000248824000123/amd-20240629.htm,23484,2524,data/interim/text/000000248824000123.txt.gz,248824000123,2024Q3,2024-07-31 16:20:22-04:00,2024-08-01,2024-08-01,2024-08-01,2024-07-31,144.47999572753906,983,415,0.036578095724748766,110.05911711162517,0.0067279850110713675,15.694991215841767,0.029679781979219895,16.951609381750472,0.4425998411805346,0.48720041282644544,55.0,60.0
28,AMD,2488,ADVANCED MICRO DEVICES INC,3674,Semiconductors & Related Devices,10-Q,2024-10-30,2024-09-28,2024-10-30 20:26:03+00:00,0000002488-24-000163,https://www.sec.gov/Archives/edgar/data/2488/000000248824000163/amd-20240928.htm,24484,2567,data/interim/text/000000248824000163.txt.gz,248824000163,2024Q4,2024-10-30 16:26:03-04:00,2024-10-31,2024-10-31,2024-10-31,2024-10-30,148.60000610351562,1047,351,0.03557425257310897,113.92701609107438,0.006943309916680281,16.657298705748122,0.02944780264662637,16.609388157013473,0.4409394528737955,0.38629632402755615,55.0,60.0
29,AMD,2488,ADVANCED MICRO DEVICES INC,3674,Semiconductors & Related Devices,10-K,2025-02-05,2024-12-28,2025-02-05 21:42:57+00:00,0000002488-25-000012,https://www.sec.gov/Archives/edgar/data/2488/000000248825000012/amd-20241228.htm,40833,3663,data/interim/text/000000248825000012.txt.gz,248825000012,2025Q1,2025-02-05 16:42:57-05:00,2025-02-06,2025-02-06,2025-02-06,2025-02-05,112.01000213623048,1112,286,0.02488183577008792,125.12854775362382,0.006881688830112899,31.064042567422646,0.021624666323806725,20.342379829720326,0.38013271005839644,0.7248202323118341,55.0,60.0
30,AMD,2488,ADVANCED MICRO DEVICES INC,3674,Semiconductors & Related Devices,10-Q,2025-05-07,2025-03-29,2025-05-06 22:04:48+00:00,0000002488-25-000047,https://www.sec.gov/Archives/edgar/data/2488/000000248825000047/amd-20250329.htm,24815,2597,data/interim/text/000000248825000047.txt.gz,248825000047,2025Q2,2025-05-06 18:04:48-04:00,2025-05-07,2025-05-07,2025-05-07,2025-05-06,98.62000274658205,1174,224,0.03618778964336087,117.50838622459217,0.006770098730606488,16.823498815643024,0.030183356840620592,16.82777254503413,0.7539285954168002,0.4540217840718696,55.0,60.0
31,AMD,2488,ADVANCED MICRO DEVICES INC,3674,Semiconductors & Related Devices,10-Q,2025-08-06,2025-06-28,2025-08-05 22:08:21+00:00,0000002488-25-000108,https://www.sec.gov/Archives/edgar/data/2488/000000248825000108/amd-20250628.htm,25763,2620,data/interim/text/000000248825000108.txt.gz,248825000108,2025Q3,2025-08-05 18:08:21-04:00,2025-08-06,2025-08-06,2025-08-06,2025-08-05,174.30999755859375,1236,162,0.03582657299227574,119.33873429898628,0.006210456856732523,16.2358154132182,0.029732562201606957,17.751692446240803,0.42882667118891965,0.7029226760646544,55.0,60.0
32,AMD,2488,ADVANCED MICRO DEVICES INC,3674,Semiconductors & Related Devices,10-Q,2025-11-05,2025-09-27,2025-11-04 23:07:50+00:00,0000002488-25-000166,https://www.sec.gov/Archives/edgar/data/2488/000000248825000166/amd-20250927.htm,25907,2640,data/interim/text/000000248825000166.txt.gz,248825000166,2025Q4,2025-11-04 18:07:50-05:00,2025-11-05,2025-11-05,2025-11-05,2025-11-04,250.0500030517578,1300,98,0.03497124329331841,117.63202316722415,0.006175937005442544,16.501582746799716,0.030030493688964374,18.22838811423162,0.7212067623245857,0.6478407697908377,55.0,60.0
33,CAT,18230,CATERPILLAR INC,3531,Construction Machinery & Equip,10-K,2021-02-17,2020-12-31,2021-02-17 15:41:38+00:00,0000018230-21-000063,https://www.sec.gov/Archives/edgar/data/18230/000001823021000063/cat-20201231.htm,35082,3338,data/interim/text/000001823021000063.txt.gz,1823021000063,2021Q1,2021-02-17 10:41:38-05:00,2021-02-17,2021-02-17,2021-02-17,2021-02-16,183.8806610107422,114,1284,0.018157459665925545,94.77476759331851,0.004218687646086312,19.78181376211392,0.01650419018299983,24.149741595587777,0.24898715954345849,0.24715502005989431,55.0,60.0
34,CAT,18230,CATERPILLAR INC,3531,Construction Machinery & Equip,10-Q,2021-05-05,2021-03-31,2021-05-05 14:42:43+00:00,0000018230-21-000151,https://www.sec.gov/Archives/edgar/data/18230/000001823021000151/cat-20210331.htm,10528,1479,data/interim/text/000001823021000151.txt.gz,1823021000151,2021Q2,2021-05-05 10:42:43-04:00,2021-05-05,2021-05-05,2021-05-05,2021-05-04,213.0328369140625,168,1230,0.010923252279635259,18.247669302630058,0.006458966565349544,5.848647236055967,0.008358662613981762,3.975763847304269,0.27518332766867015,0.22431555938206327,55.0,60.0
35,CAT,18230,CATERPILLAR INC,3531,Construction Machinery & Equip,10-Q,2021-08-04,2021-06-30,2021-08-04 15:06:39+00:00,0000018230-21-000221,https://www.sec.gov/Archives/edgar/data/18230/000001823021000221/cat-20210630.htm,13009,1477,data/interim/text/000001823021000221.txt.gz,1823021000221,2021Q3,2021-08-04 11:06:39-04:00,2021-08-04,2021-08-04,2021-08-04,2021-08-03,191.3187713623047,231,1167,0.009378122838035206,18.43428257272726,0.0064570681835652245,6.4145282081845565,0.0063033284649089095,4.169860295966844,0.22068626971209893,0.26039145461273416,55.0,60.0
36,CAT,18230,CATERPILLAR INC,3531,Construction Machinery & Equip,10-Q,2021-11-03,2021-09-30,2021-11-03 19:55:20+00:00,0000018230-21-000260,https://www.sec.gov/Archives/edgar/data/18230/000001823021000260/cat-20210930.htm,13450,1510,data/interim/text/000001823021000260.txt.gz,1823021000260,2021Q4,2021-11-03 15:55:20-04:00,2021-11-03,2021-11-03,2021-11-03,2021-11-02,191.1018829345703,295,1103,0.01070631970260223,19.02546152565188,0.006840148698884758,7.18264156550722,0.006765799256505577,4.199424324167418,0.2536068994758672,0.26973715847537005,55.0,60.0
37,CAT,18230,CATERPILLAR INC,3531,Construction Machinery & Equip,10-K,2022-02-16,2021-12-31,2022-02-16 15:50:47+00:00,0000018230-22-000050,https://www.sec.gov/Archives/edgar/data/18230/000001823022000050/cat-20211231.htm,35226,3381,data/interim/text/000001823022000050.txt.gz,1823022000050,2022Q1,2022-02-16 10:50:47-05:00,2022-02-16,2022-02-16,2022-02-16,2022-02-15,188.5894927978516,367,1031,0.017827740873218645,93.72414099405535,0.005053085788905922,19.60321669520545,0.016408334752739454,24.374647681772522,0.27488811751948644,0.3300530756312972,55.0,60.0
38,CAT,18230,CATERPILLAR INC,3531,Construction Machinery & Equip,10-Q,2022-05-04,2022-03-31,2022-05-04 14:47:23+00:00,0000018230-22-000112,https://www.sec.gov/Archives/edgar/data/18230/000001823022000112/cat-20220331.htm,10332,1443,data/interim/text/000001823022000112.txt.gz,1823022000112,2022Q2,2022-05-04 10:47:23-04:00,2022-05-04,2022-05-04,2022-05-04,2022-05-03,199.00537109375,420,978,0.010936895083236546,19.985768856557577,0.00532326751838947,5.404611232889834,0.007742934572202865,3.8030632023602755,0.31683769690081137,0.3863947978648747,55.0,60.0
39,CAT,18230,CATERPILLAR INC,3531,Construction Machinery & Equip,10-Q,2022-08-03,2022-06-30,2022-08-03 14:25:33+00:00,0000018230-22-000183,https://www.sec.gov/Archives/edgar/data/18230/000001823022000183/cat-20220630.htm,12747,1467,data/interim/text/000001823022000183.txt.gz,1823022000183,2022Q3,2022-08-03 10:25:33-04:00,2022-08-03,2022-08-03,2022-08-03,2022-08-02,172.1460418701172,482,916,0.01129677571193222,18.992181513702086,0.005413038361967522,4.503227205939979,0.006668235663293324,4.13530847070217,0.36625687181445565,0.3678973613587213,55.0,60.0
40,CAT,18230,CATERPILLAR INC,3531,Construction Machinery & Equip,10-Q,2022-11-02,2022-09-30,2022-11-02 14:37:08+00:00,0000018230-22-000223,https://www.sec.gov/Archives/edgar/data/18230/000001823022000223/cat-20220930.htm,14376,1554,data/interim/text/000001823022000223.txt.gz,1823022000223,2022Q4,2022-11-02 10:37:08-04:00,2022-11-02,2022-11-02,2022-11-02,2022-11-01,206.3407440185547,546,852,0.012451307735114079,23.68963770481569,0.006469115191986645,7.596080622426602,0.00667779632721202,3.915379164987732,0.3395437257857551,0.2309813839322598,55.0,60.0
41,CAT,18230,CATERPILLAR INC,3531,Construction Machinery & Equip,10-K,2023-02-15,2022-12-31,2023-02-15 15:27:56+00:00,0000018230-23-000011,https://www.sec.gov/Archives/edgar/data/18230/000001823023000011/cat-20221231.htm,34562,3425,data/interim/text/000001823023000011.txt.gz,1823023000011,2023Q1,2023-02-15 10:27:56-05:00,2023-02-15,2023-02-15,2023-02-15,2023-02-14,231.8621826171875,617,781,0.019009316590475087,95.52520048066758,0.005092297899427116,21.7830722410351,0.016665702216306928,22.6243344714501,0.22669032209709658,0.29904667806393675,55.0,60.0
42,CAT,18230,CATERPILLAR INC,3531,Construction Machinery & Equip,10-Q,2023-05-03,2023-03-31,2023-05-03 14:19:47+00:00,0000018230-23-000022,https://www.sec.gov/Archives/edgar/data/18230/000001823023000022/cat-20230331.htm,10638,1471,data/interim/text/000001823023000022.txt.gz,1823023000022,2023Q2,2023-05-03 10:19:47-04:00,2023-05-03,2023-05-03,2023-05-03,2023-05-02,205.2542724609375,670,728,0.01259635269787554,17.64843749520489,0.005922165820642978,7.415230102165745,0.009024252679075015,3.636182418268858,0.30294498022102423,0.3243168014467882,55.0,60.0
43,CAT,18230,CATERPILLAR INC,3531,Construction Machinery & Equip,10-Q,2023-08-02,2023-06-30,2023-08-02 14:16:35+00:00,0000018230-23-000047,https://www.sec.gov/Archives/edgar/data/18230/000001823023000047/cat-20230630.htm,12661,1470,data/interim/text/000001823023000047.txt.gz,1823023000047,2023Q3,2023-08-02 10:16:35-04:00,2023-08-02,2023-08-02,2023-08-02,2023-08-01,276.7373962402344,732,666,0.011373509201484874,16.29218004583185,0.005923702709106706,6.467926608496806,0.007345391359292315,3.6466677854510925,0.27841655920600433,0.2515674707834661,55.0,60.0
44,CAT,18230,CATERPILLAR INC,3531,Construction Machinery & Equip,10-Q,2023-11-01,2023-09-30,2023-11-01 14:03:02+00:00,0000018230-23-000056,https://www.sec.gov/Archives/edgar/data/18230/000001823023000056/cat-20230930.htm,12917,1474,data/interim/text/000001823023000056.txt.gz,1823023000056,2023Q4,2023-11-01 10:03:02-04:00,2023-11-01,2023-11-01,2023-11-01,2023-10-31,217.84071350097656,796,602,0.012386777115429279,17.898917927722753,0.006657892699543238,7.5379823069544285,0.007277231555314702,4.125512678118852,0.21551177108438993,0.24109827944866116,55.0,60.0
45,CAT,18230,CATERPILLAR INC,3531,Construction Machinery & Equip,10-K,2024-02-16,2023-12-31,2024-02-16 15:05:13+00:00,0000018230-24-000009,https://www.sec.gov/Archives/edgar/data/18230/000001823024000009/cat-20231231.htm,33932,3381,data/interim/text/000001823024000009.txt.gz,1823024000009,2024Q1,2024-02-16 10:05:13-05:00,2024-02-16,2024-02-16,2024-02-16,2024-02-15,312.7797546386719,869,529,0.019303312507367675,96.10110666296416,0.0054520806318519395,22.51973642944227,0.017829777201461748,22.423997284968117,0.23806376997001336,0.2570599626862199,55.0,60.0
46,CAT,18230,CATERPILLAR INC,3531,Construction Machinery & Equip,10-Q,2024-05-01,2024-03-31,2024-05-01 14:05:24+00:00,0000018230-24-000020,https://www.sec.gov/Archives/edgar/data/18230/000001823024000020/cat-20240331.htm,10972,1464,data/interim/text/000001823024000020.txt.gz,1823024000020,2024Q2,2024-05-01 10:05:24-04:00,2024-05-01,2024-05-01,2024-05-01,2024-04-30,325.0942077636719,920,478,0.011301494713816989,17.969904144411753,0.006653299307327744,6.23404002544259,0.00966095515858549,2.954448528741363,0.20378680237219152,0.2322290599476422,55.0,60.0
47,CAT,18230,CATERPILLAR INC,3531,Construction Machinery & Equip,10-Q,2024-08-07,2024-06-30,2024-08-07 14:40:25+00:00,0000018230-24-000045,https://www.sec.gov/Archives/edgar/data/18230/000001823024000045/cat-20240630.htm,13256,1444,data/interim/text/000001823024000045.txt.gz,1823024000045,2024Q3,2024-08-07 10:40:25-04:00,2024-08-07,2024-08-07,2024-08-07,2024-08-06,318.4862365722656,987,411,0.012145443572721787,17.59463171191878,0.00656306578153289,7.069831201906596,0.007770066385033193,3.6814824074748116,0.2174915834209972,0.24603910921899513,55.0,60.0
48,CAT,18230,CATERPILLAR INC,3531,Construction Machinery & Equip,10-Q,2024-11-06,2024-09-30,2024-11-06 15:40:15+00:00,0000018230-24-000053,https://www.sec.gov/Archives/edgar/data/18230/000001823024000053/cat-20240930.htm,13610,1474,data/interim/text/000001823024000053.txt.gz,1823024000053,2024Q4,2024-11-06 10:40:15-05:00,2024-11-06,2024-11-06,2024-11-06,2024-11-05,375.3729248046875,1051,347,0.012123438648052902,19.489670770309324,0.0055841293166789124,7.015381327881634,0.007567964731814842,4.168295593338297,0.2471211834405012,0.24815905531116697,55.0,60.0
49,CAT,18230,CATERPILLAR INC,3531,Construction Machinery & Equip,10-K,2025-02-14,2024-12-31,2025-02-14 14:36:30+00:00,0000018230-25-000008,https://www.sec.gov/Archives/edgar/data/18230/000001823025000008/cat-20241231.htm,33510,3308,data/interim/text/000001823025000008.txt.gz,1823025000008,2025Q1,2025-02-14 09:36:30-05:00,2025-02-14,2025-02-14,2025-02-14,2025-02-13,347.5914611816406,1118,280,0.019098776484631454,92.6547240128,0.005371530886302597,21.090501912981196,0.017278424350940017,22.010346248407878,0.25693012814867905,0.4126945172933135,55.0,60.0
50,CAT,18230,CATERPILLAR INC,3531,Construction Machinery & Equip,10-Q,2025-05-07,2025-03-31,2025-05-07 13:31:50+00:00,0000018230-25-000016,https://www.sec.gov/Archives/edgar/data/18230/000001823025000016/cat-20250331.htm,11227,1485,data/interim/text/000001823025000016.txt.gz,1823025000016,2025Q2,2025-05-07 09:31:50-04:00,2025-05-07,2025-05-07,2025-05-07,2025-05-06,316.8664855957031,1174,224,0.012559009530595884,18.60095399148215,0.005077046405985571,9.571024871853025,0.008907098957869421,3.5416269548559876,0.40576192623688556,0.1997555003526687,55.0,60.0
51,CAT,18230,CATERPILLAR INC,3531,Construction Machinery & Equip,10-Q,2025-08-06,2025-06-30,2025-08-06 13:35:30+00:00,0000018230-25-000040,https://www.sec.gov/Archives/edgar/data/18230/000001823025000040/cat-20250630.htm,13690,1505,data/interim/text/000001823025000040.txt.gz,1823025000040,2025Q3,2025-08-06 09:35:30-04:00,2025-08-06,2025-08-06,2025-08-06,2025-08-05,430.3561401367188,1236,162,0.012856099342585829,18.050202592652727,0.004894083272461651,9.730513906329621,0.007231555880204529,3.237693487044685,0.2118970308910556,0.3509172256472435,55.0,60.0
52,CAT,18230,CATERPILLAR INC,3531,Construction Machinery & Equip,10-Q,2025-11-03,2025-09-30,2025-11-03 16:06:23+00:00,0000018230-25-000048,https://www.sec.gov/Archives/edgar/data/18230/000001823025000048/cat-20250930.htm,13978,1498,data/interim/text/000001823025000048.txt.gz,1823025000048,2025Q4,2025-11-03 11:06:23-05:00,2025-11-03,2025-11-03,2025-11-03,2025-10-31,573.7537841796875,1298,100,0.013521247674917728,17.686329621978054,0.005365574474173702,10.554524939411744,0.007797968235799113,4.611714589702801,0.2581972357338719,0.31402826967524117,55.0,60.0
53,HEI,46619,HEICO CORP,3724,Aircraft Engines & Engine Parts,10-Q,2021-02-25,2021-01-31,2021-02-25 20:21:20+00:00,0000046619-21-000021,https://www.sec.gov/Archives/edgar/data/46619/000004661921000021/hei-20210131.htm,4552,800,data/interim/text/000004661921000021.txt.gz,4661921000021,2021Q1,2021-02-25 15:21:20-05:00,2021-02-25,2021-02-25,2021-02-25,2021-02-24,132.27230834960938,120,1278,0.005052724077328647,4.6522976038791555,0.0041739894551845345,6.770054541256534,0.012082601054481546,5.123804632225209,0.29826216460152843,0.25702552728572425,55.0,60.0
54,HEI,46619,HEICO CORP,3724,Aircraft Engines & Engine Parts,10-Q,2021-05-27,2021-04-30,2021-05-27 18:38:40+00:00,0000046619-21-000035,https://www.sec.gov/Archives/edgar/data/46619/000004661921000035/hei-20210430.htm,6031,802,data/interim/text/000004661921000035.txt.gz,4661921000035,2021Q2,2021-05-27 14:38:40-04:00,2021-05-27,2021-05-27,2021-05-27,2021-05-26,134.7280731201172,184,1214,0.004476869507544354,4.014501000040079,0.005969159343392472,7.380637165899978,0.009451168960371414,5.417108281665765,0.2641663463544519,0.21866828119028983,55.0,60.0
55,HEI,46619,HEICO CORP,3724,Aircraft Engines & Engine Parts,10-Q,2021-08-26,2021-07-31,2021-08-26 20:04:09+00:00,0000046619-21-000039,https://www.sec.gov/Archives/edgar/data/46619/000004661921000039/hei-20210731.htm,6243,821,data/interim/text/000004661921000039.txt.gz,4661921000039,2021Q3,2021-08-26 16:04:09-04:00,2021-08-27,2021-08-27,2021-08-27,2021-08-26,126.0203857421875,248,1150,0.00608681723530354,6.330198903467286,0.004965561428800256,7.558691769548356,0.008649687650168188,5.2273518736365965,0.22225105463106312,0.23503132078357664,55.0,60.0
56,HEI,46619,HEICO CORP,3724,Aircraft Engines & Engine Parts,10-K,2021-12-21,2021-10-31,2021-12-21 21:06:41+00:00,0000046619-21-000085,https://www.sec.gov/Archives/edgar/data/46619/000004661921000085/hei-20211031.htm,23553,2764,data/interim/text/000004661921000085.txt.gz,4661921000085,2021Q4,2021-12-21 16:06:41-05:00,2021-12-22,2021-12-22,2021-12-22,2021-12-21,140.4459991455078,329,1069,0.012524943743896743,59.37559879126966,0.0049250626247187195,18.204415404241626,0.014562900692056213,11.663098564402786,0.26435853224186695,0.2691991151567781,55.0,60.0
57,HEI,46619,HEICO CORP,3724,Aircraft Engines & Engine Parts,10-Q,2022-02-25,2022-01-31,2022-02-25 20:35:33+00:00,0000046619-22-000008,https://www.sec.gov/Archives/edgar/data/46619/000004661922000008/hei-20220131.htm,4425,798,data/interim/text/000004661922000008.txt.gz,4661922000008,2022Q1,2022-02-25 15:35:33-05:00,2022-02-25,2022-02-25,2022-02-25,2022-02-24,140.55169677734375,373,1025,0.004971751412429379,4.495142949915952,0.007005649717514125,7.648830513060879,0.010621468926553673,3.989387006511661,0.272334061706957,0.277419098899572,55.0,60.0
58,HEI,46619,HEICO CORP,3724,Aircraft Engines & Engine Parts,10-Q,2022-05-25,2022-04-30,2022-05-25 20:21:57+00:00,0000046619-22-000030,https://www.sec.gov/Archives/edgar/data/46619/000004661922000030/hei-20220430.htm,6096,837,data/interim/text/000004661922000030.txt.gz,4661922000030,2022Q2,2022-05-25 16:21:57-04:00,2022-05-26,2022-05-26,2022-05-26,2022-05-25,136.2412872314453,436,962,0.005085301837270341,3.3741589694838723,0.007545931758530184,7.236950500362502,0.009350393700787402,4.034078233011523,0.2856522816136149,0.29227153135315326,55.0,60.0
59,HEI,46619,HEICO CORP,3724,Aircraft Engines & Engine Parts,10-Q,2022-08-31,2022-07-31,2022-08-31 19:16:31+00:00,0000046619-22-000042,https://www.sec.gov/Archives/edgar/data/46619/000004661922000042/hei-20220731.htm,6323,874,data/interim/text/000004661922000042.txt.gz,4661922000042,2022Q3,2022-08-31 15:16:31-04:00,2022-08-31,2022-08-31,2022-08-31,2022-08-30,152.23428344726562,502,896,0.00537719436976119,5.17222641098666,0.007275027676735726,8.632091996281837,0.01075438873952238,5.452690665606226,0.2856559800567118,0.3098619938623179,55.0,60.0
60,HEI,46619,HEICO CORP,3724,Aircraft Engines & Engine Parts,10-K,2022-12-21,2022-10-31,2022-12-21 21:11:10+00:00,0000046619-22-000066,https://www.sec.gov/Archives/edgar/data/46619/000004661922000066/hei-20221031.htm,23882,2762,data/interim/text/000004661922000066.txt.gz,4661922000066,2022Q4,2022-12-21 16:11:10-05:00,2022-12-22,2022-12-22,2022-12-22,2022-12-21,157.0258331298828,581,817,0.0122267816765765,59.736263211845305,0.005317812578511012,16.985448786823383,0.01465538899589649,10.575645028140835,0.28445847267832064,0.2485389529055875,55.0,60.0
61,HEI,46619,HEICO CORP,3724,Aircraft Engines & Engine Parts,10-Q,2023-03-01,2023-01-31,2023-03-01 20:26:04+00:00,0000046619-23-000052,https://www.sec.gov/Archives/edgar/data/46619/000004661923000052/hei-20230131.htm,4401,767,data/interim/text/000004661923000052.txt.gz,4661923000052,2023Q1,2023-03-01 15:26:04-05:00,2023-03-01,2023-03-01,2023-03-01,2023-02-28,165.04396057128906,626,772,0.004771642808452625,5.160600602512884,0.004998863894569416,4.685360045832657,0.011815496478073164,1.8803800015378986,0.21818103461517627,0.3052775821186847,55.0,60.0
62,HEI,46619,HEICO CORP,3724,Aircraft Engines & Engine Parts,10-Q,2023-05-24,2023-04-30,2023-05-24 20:03:18+00:00,0000046619-23-000083,https://www.sec.gov/Archives/edgar/data/46619/000004661923000083/hei-20230430.htm,7407,982,data/interim/text/000004661923000083.txt.gz,4661923000083,2023Q2,2023-05-24 16:03:18-04:00,2023-05-25,2023-05-25,2023-05-25,2023-05-24,162.7412872314453,686,712,0.009315512353179425,10.614378740814457,0.005670311867152693,6.430034274539988,0.014580801944106925,2.414178237386174,0.27046804121946016,0.19613967783299718,55.0,60.0
63,HEI,46619,HEICO CORP,3724,Aircraft Engines & Engine Parts,10-Q,2023-08-30,2023-07-31,2023-08-30 20:25:01+00:00,0000046619-23-000125,https://www.sec.gov/Archives/edgar/data/46619/000004661923000125/hei-20230731.htm,7518,976,data/interim/text/000004661923000125.txt.gz,4661923000125,2023Q3,2023-08-30 16:25:01-04:00,2023-08-31,2023-08-31,2023-08-31,2023-08-30,168.4491424560547,753,645,0.0051875498802873106,7.714888954727723,0.004123437084330939,4.763064742713699,0.009843043362596435,2.7262162028499177,0.16775692219413732,0.19080100937266298,55.0,60.0
64,HEI,46619,HEICO CORP,3724,Aircraft Engines & Engine Parts,10-K,2023-12-20,2023-10-31,2023-12-20 21:41:51+00:00,0000046619-23-000163,https://www.sec.gov/Archives/edgar/data/46619/000004661923000163/hei-20231031.htm,25532,2841,data/interim/text/000004661923000163.txt.gz,4661923000163,2023Q4,2023-12-20 16:41:51-05:00,2023-12-21,2023-12-21,2023-12-21,2023-12-20,173.50592041015625,831,567,0.012180792730690898,64.0938273520825,0.004621651261162462,15.523260823125797,0.01449161836127213,10.299640760368915,0.19597130682771138,0.20640053381920415,55.0,60.0
65,HEI,46619,HEICO CORP,3724,Aircraft Engines & Engine Parts,10-Q,2024-02-28,2024-01-31,2024-02-28 21:50:41+00:00,0000046619-24-000014,https://www.sec.gov/Archives/edgar/data/46619/000004661924000014/hei-20240131.htm,4850,836,data/interim/text/000004661924000014.txt.gz,4661924000014,2024Q1,2024-02-28 16:50:41-05:00,2024-02-29,2024-02-29,2024-02-29,2024-02-28,189.67051696777344,877,521,0.003917525773195876,3.4397500556579867,0.002268041237113402,2.9387259992910666,0.010721649484536083,2.3637673958005454,0.23705579688089923,0.17666164241568494,55.0,60.0
66,HEI,46619,HEICO CORP,3724,Aircraft Engines & Engine Parts,10-Q,2024-05-30,2024-04-30,2024-05-30 20:26:07+00:00,0000046619-24-000039,https://www.sec.gov/Archives/edgar/data/46619/000004661924000039/hei-20240430.htm,6461,882,data/interim/text/000004661924000039.txt.gz,4661924000039,2024Q2,2024-05-30 16:26:07-04:00,2024-05-31,2024-05-31,2024-05-31,2024-05-30,214.669189453125,941,457,0.005417118093174431,3.825705695879025,0.0029407212505804057,3.4651233042646723,0.011298560594335242,2.6813135680377322,0.17444550863660788,0.20129837292784902,55.0,60.0
67,HEI,46619,HEICO CORP,3724,Aircraft Engines & Engine Parts,10-Q,2024-08-28,2024-07-31,2024-08-28 20:08:11+00:00,0000046619-24-000059,https://www.sec.gov/Archives/edgar/data/46619/000004661924000059/hei-20240731.htm,6596,895,data/interim/text/000004661924000059.txt.gz,4661924000059,2024Q3,2024-08-28 16:08:11-04:00,2024-08-29,2024-08-29,2024-08-29,2024-08-28,249.95993041992188,1003,395,0.00469981807155852,2.9275807114540706,0.004548211036992117,5.486144633937141,0.010460885385081867,2.6281364914899217,0.21295766953802384,0.22371134621969774,55.0,60.0
68,HEI,46619,HEICO CORP,3724,Aircraft Engines & Engine Parts,10-K,2024-12-19,2024-10-31,2024-12-19 21:55:54+00:00,0000046619-24-000111,https://www.sec.gov/Archives/edgar/data/46619/000004661924000111/hei-20241031.htm,24952,2889,data/interim/text/000004661924000111.txt.gz,4661924000111,2024Q4,2024-12-19 16:55:54-05:00,2024-12-20,2024-12-20,2024-12-20,2024-12-19,237.3196563720703,1082,316,0.01354600833600513,64.824481519531,0.004889387624238538,17.766650940196197,0.014828470663674254,12.072672443808928,0.23520750502879587,0.3534195799745175,55.0,60.0
69,HEI,46619,HEICO CORP,3724,Aircraft Engines & Engine Parts,10-Q,2025-02-28,2025-01-31,2025-02-28 21:37:25+00:00,0000046619-25-000015,https://www.sec.gov/Archives/edgar/data/46619/000004661925000015/hei-20250131.htm,5031,877,data/interim/text/000004661925000015.txt.gz,4661925000015,2025Q1,2025-02-28 16:37:25-05:00,2025-03-01,2025-03-01,2025-03-03,2025-02-28,264.39019775390625,1128,270,0.003776585171934009,2.3082082009288625,0.005366726296958855,7.481836727526541,0.010137149672033392,2.305895834677539,0.27301064851797796,0.33299561461408345,55.0,60.0
70,HEI,46619,HEICO CORP,3724,Aircraft Engines & Engine Parts,10-Q,2025-05-29,2025-04-30,2025-05-29 21:18:02+00:00,0000046619-25-000046,https://www.sec.gov/Archives/edgar/data/46619/000004661925000046/hei-20250430.htm,6266,868,data/interim/text/000004661925000046.txt.gz,4661925000046,2025Q2,2025-05-29 17:18:02-04:00,2025-05-30,2025-05-30,2025-05-30,2025-05-29,299.8414001464844,1190,208,0.0033514203638684965,2.1299886882579684,0.005745292052345995,5.916100897135866,0.00973507819980849,2.486364605700455,0.30838139846574164,0.3094664182083745,55.0,60.0
71,HEI,46619,HEICO CORP,3724,Aircraft Engines & Engine Parts,10-Q,2025-08-27,2025-07-31,2025-08-27 20:31:46+00:00,0000046619-25-000062,https://www.sec.gov/Archives/edgar/data/46619/000004661925000062/hei-20250731.htm,6295,870,data/interim/text/000004661925000062.txt.gz,4661925000062,2025Q3,2025-08-27 16:31:46-04:00,2025-08-28,2025-08-28,2025-08-28,2025-08-27,316.32916259765625,1252,146,0.003177124702144559,2.262161732051827,0.005559968228752979,5.890785158737283,0.008895949166004766,2.4655692319661755,0.236750244228752,0.19489432156584321,55.0,60.0
72,HEI,46619,HEICO CORP,3724,Aircraft Engines & Engine Parts,10-K,2025-12-22,2025-10-31,2025-12-22 21:44:58+00:00,0000046619-25-000082,https://www.sec.gov/Archives/edgar/data/46619/000004661925000082/hei-20251031.htm,24690,2836,data/interim/text/000004661925000082.txt.gz,4661925000082,2025Q4,2025-12-22 16:44:58-05:00,2025-12-23,2025-12-23,2025-12-23,2025-12-22,334.33599853515625,1333,65,0.013082219522073713,62.27603217121245,0.004576751721344674,15.182608916180342,0.014783313082219522,11.666931170840542,0.21685460813186938,0.3353636557097023,55.0,60.0
73,LLY,59478,ELI LILLY & Co,2834,Pharmaceutical Preparations,10-K,2021-02-17,2020-12-31,2021-02-17 15:59:12+00:00,0000059478-21-000083,https://www.sec.gov/Archives/edgar/data/59478/000005947821000083/lly-20201231.htm,34334,3488,data/interim/text/000005947821000083.txt.gz,5947821000083,2021Q1,2021-02-17 10:59:12-05:00,2021-02-17,2021-02-17,2021-02-17,2021-02-16,195.1345977783203,114,1284,0.020650084464379333,121.04979320104677,0.00862119182151803,41.26046503793557,0.01773751965981243,27.432828449223543,0.39279886907521755,0.26165094127509836,55.0,60.0
74,LLY,59478,ELI LILLY & Co,2834,Pharmaceutical Preparations,10-Q,2021-04-30,2021-03-31,2021-04-30 13:23:35+00:00,0000059478-21-000122,https://www.sec.gov/Archives/edgar/data/59478/000005947821000122/lly-20210331.htm,10186,1713,data/interim/text/000005947821000122.txt.gz,5947821000122,2021Q2,2021-04-30 09:23:35-04:00,2021-04-30,2021-04-30,2021-04-30,2021-04-29,172.7911834716797,165,1233,0.01737679167484783,39.50813698395245,0.006577655605733359,13.794661769970098,0.01413705085411349,9.500718299007701,0.2759911810194751,0.3130555368160863,55.0,60.0
75,LLY,59478,ELI LILLY & Co,2834,Pharmaceutical Preparations,10-Q,2021-08-03,2021-06-30,2021-08-03 16:04:04+00:00,0000059478-21-000171,https://www.sec.gov/Archives/edgar/data/59478/000005947821000171/lly-20210630.htm,11367,1721,data/interim/text/000005947821000171.txt.gz,5947821000171,2021Q3,2021-08-03 12:04:04-04:00,2021-08-03,2021-08-03,2021-08-03,2021-08-02,234.8991241455078,230,1168,0.013811911674144453,28.84383681854259,0.006158177179554852,11.86535945750748,0.013196093956188967,9.590609849643002,0.3251578825159735,0.2401040191460233,55.0,60.0
76,LLY,59478,ELI LILLY & Co,2834,Pharmaceutical Preparations,10-Q,2021-10-27,2021-09-30,2021-10-27 13:06:59+00:00,0000059478-21-000216,https://www.sec.gov/Archives/edgar/data/59478/000005947821000216/lly-20210930.htm,10496,1522,data/interim/text/000005947821000216.txt.gz,5947821000216,2021Q4,2021-10-27 09:06:59-04:00,2021-10-27,2021-10-27,2021-10-27,2021-10-26,237.4158935546875,290,1108,0.017054115853658538,30.53267164250851,0.005811737804878049,9.772708576981397,0.01248094512195122,7.201978635974816,0.26009020699249935,0.314183729068898,55.0,60.0
77,LLY,59478,ELI LILLY & Co,2834,Pharmaceutical Preparations,10-K,2022-02-23,2021-12-31,2022-02-23 16:00:57+00:00,0000059478-22-000068,https://www.sec.gov/Archives/edgar/data/59478/000005947822000068/lly-20211231.htm,34344,3495,data/interim/text/000005947822000068.txt.gz,5947822000068,2022Q1,2022-02-23 11:00:57-05:00,2022-02-23,2022-02-23,2022-02-23,2022-02-22,230.21804809570312,371,1027,0.022653156300955043,119.08650073975451,0.008822501747030049,40.2341545193465,0.01883880736081994,28.771309274755755,0.32208727124120257,0.27318687073073444,55.0,60.0
78,LLY,59478,ELI LILLY & Co,2834,Pharmaceutical Preparations,10-Q,2022-04-29,2022-03-31,2022-04-29 15:57:54+00:00,0000059478-22-000133,https://www.sec.gov/Archives/edgar/data/59478/000005947822000133/lly-20220331.htm,7408,1354,data/interim/text/000005947822000133.txt.gz,5947822000133,2022Q2,2022-04-29 11:57:54-04:00,2022-04-29,2022-04-29,2022-04-29,2022-04-28,286.19122314453125,417,981,0.01997840172786177,30.656312851164724,0.004994600431965443,9.238885020270743,0.01687365010799136,8.554192781748522,0.23893129026182094,0.2916777551068906,55.0,60.0
79,LLY,59478,ELI LILLY & Co,2834,Pharmaceutical Preparations,10-Q,2022-08-04,2022-06-30,2022-08-04 15:31:24+00:00,0000059478-22-000196,https://www.sec.gov/Archives/edgar/data/59478/000005947822000196/lly-20220630.htm,8538,1407,data/interim/text/000005947822000196.txt.gz,5947822000196,2022Q3,2022-08-04 11:31:24-04:00,2022-08-04,2022-08-04,2022-08-04,2022-08-03,303.1522827148437,483,915,0.018739751698289998,31.812715721429353,0.005153431717029749,8.812719640505453,0.01604591239166081,8.864199904564147,0.2995724913374106,0.3042705169250104,55.0,60.0
80,LLY,59478,ELI LILLY & Co,2834,Pharmaceutical Preparations,10-Q,2022-11-01,2022-09-30,2022-11-01 15:16:21+00:00,0000059478-22-000250,https://www.sec.gov/Archives/edgar/data/59478/000005947822000250/lly-20220930.htm,9466,1483,data/interim/text/000005947822000250.txt.gz,5947822000250,2022Q4,2022-11-01 11:16:21-04:00,2022-11-01,2022-11-01,2022-11-01,2022-10-31,350.9121398925781,545,853,0.019226706106063807,34.386425360169255,0.005493344601732516,9.537836744791655,0.01616311007817452,8.591318669629215,0.30858105611676423,0.22920697778730165,55.0,60.0
81,LLY,59478,ELI LILLY & Co,2834,Pharmaceutical Preparations,10-K,2023-02-22,2022-12-31,2023-02-22 15:26:53+00:00,0000059478-23-000082,https://www.sec.gov/Archives/edgar/data/59478/000005947823000082/lly-20221231.htm,35640,3563,data/interim/text/000005947823000082.txt.gz,5947823000082,2023Q1,2023-02-22 10:26:53-05:00,2023-02-22,2023-02-22,2023-02-22,2023-02-21,319.3147888183594,621,777,0.02387766554433221,135.44634945447604,0.00867003367003367,41.622310176235544,0.018742985409652076,31.469292246031753,0.21152677798545522,0.24046317032059802,55.0,60.0
82,LLY,59478,ELI LILLY & Co,2834,Pharmaceutical Preparations,10-Q,2023-04-27,2023-03-31,2023-04-27 15:56:56+00:00,0000059478-23-000162,https://www.sec.gov/Archives/edgar/data/59478/000005947823000162/lly-20230331.htm,6951,1395,data/interim/text/000005947823000162.txt.gz,5947823000162,2023Q2,2023-04-27 11:56:56-04:00,2023-04-27,2023-04-27,2023-04-27,2023-04-26,366.8546447753906,666,732,0.017119838872104734,30.896554815701418,0.004172061573874263,8.13165020041847,0.017119838872104734,10.211159142393516,0.21735533054160522,0.23610856156698498,55.0,60.0
83,LLY,59478,ELI LILLY & Co,2834,Pharmaceutical Preparations,10-Q,2023-08-08,2023-06-30,2023-08-08 17:23:19+00:00,0000059478-23-000221,https://www.sec.gov/Archives/edgar/data/59478/000005947823000221/lly-20230630.htm,7993,1446,data/interim/text/000005947823000221.txt.gz,5947823000221,2023Q3,2023-08-08 13:23:19-04:00,2023-08-08,2023-08-08,2023-08-08,2023-08-07,443.8692321777344,736,662,0.013887151257350181,23.1080894761638,0.0040035030651820345,7.637958585846305,0.016014012260728138,9.77269850520868,0.19732009389124933,0.28989125767145774,55.0,60.0
84,LLY,59478,ELI LILLY & Co,2834,Pharmaceutical Preparations,10-Q,2023-11-02,2023-09-30,2023-11-02 15:21:53+00:00,0000059478-23-000284,https://www.sec.gov/Archives/edgar/data/59478/000005947823000284/lly-20230930.htm,8530,1498,data/interim/text/000005947823000284.txt.gz,5947823000284,2023Q4,2023-11-02 11:21:53-04:00,2023-11-02,2023-11-02,2023-11-02,2023-11-01,543.1536865234375,797,601,0.015005861664712778,24.99559147198838,0.004337631887456037,8.652568702658012,0.014654161781946073,9.701620802516151,0.2496510043908568,0.26666745251509943,55.0,60.0
85,LLY,59478,ELI LILLY & Co,2834,Pharmaceutical Preparations,10-K,2024-02-21,2023-12-31,2024-02-21 16:44:37+00:00,0000059478-24-000065,https://www.sec.gov/Archives/edgar/data/59478/000005947824000065/lly-20231231.htm,36443,3652,data/interim/text/000005947824000065.txt.gz,5947824000065,2024Q1,2024-02-21 11:44:37-05:00,2024-02-21,2024-02-21,2024-02-21,2024-02-20,742.9186401367188,871,527,0.026562028373075763,156.2761555999824,0.008149713250830063,41.34943863092478,0.019180638257004088,29.91475437422365,0.2367099610540654,0.28547448014902066,55.0,60.0
86,LLY,59478,ELI LILLY & Co,2834,Pharmaceutical Preparations,10-Q,2024-04-30,2024-03-31,2024-04-30 16:04:51+00:00,0000059478-24-000118,https://www.sec.gov/Archives/edgar/data/59478/000005947824000118/lly-20240331.htm,6993,1438,data/interim/text/000005947824000118.txt.gz,5947824000118,2024Q2,2024-04-30 12:04:51-04:00,2024-04-30,2024-04-30,2024-04-30,2024-04-29,724.7699584960938,919,479,0.013299013299013299,23.43284846097755,0.004576004576004576,11.050441463797377,0.017446017446017446,9.419275523553042,0.27727738437258725,0.27101532273046514,55.0,60.0
87,LLY,59478,ELI LILLY & Co,2834,Pharmaceutical Preparations,10-Q,2024-08-08,2024-06-30,2024-08-08 15:28:54+00:00,0000059478-24-000187,https://www.sec.gov/Archives/edgar/data/59478/000005947824000187/lly-20240630.htm,7437,1440,data/interim/text/000005947824000187.txt.gz,5947824000187,2024Q3,2024-08-08 11:28:54-04:00,2024-08-08,2024-08-08,2024-08-08,2024-08-07,760.414794921875,988,410,0.014656447492268387,23.737842536834453,0.004571735915019497,9.579515790573655,0.017211241091838105,9.24154041748844,0.26421059892018045,0.25078131551405514,55.0,60.0
88,LLY,59478,ELI LILLY & Co,2834,Pharmaceutical Preparations,10-Q,2024-10-30,2024-09-30,2024-10-30 15:54:10+00:00,0000059478-24-000245,https://www.sec.gov/Archives/edgar/data/59478/000005947824000245/lly-20240930.htm,7750,1443,data/interim/text/000005947824000245.txt.gz,5947824000245,2024Q4,2024-10-30 11:54:10-04:00,2024-10-30,2024-10-30,2024-10-30,2024-10-29,891.1022338867188,1046,352,0.01625806451612903,30.148004171059803,0.004129032258064516,8.433200068845657,0.016774193548387096,9.933036876875569,0.3213725131742478,0.33947617755224874,55.0,60.0
89,LLY,59478,ELI LILLY & Co,2834,Pharmaceutical Preparations,10-K,2025-02-19,2024-12-31,2025-02-19 15:10:59+00:00,0000059478-25-000067,https://www.sec.gov/Archives/edgar/data/59478/000005947825000067/lly-20241231.htm,35425,3514,data/interim/text/000005947825000067.txt.gz,5947825000067,2025Q1,2025-02-19 10:10:59-05:00,2025-02-19,2025-02-19,2025-02-19,2025-02-18,848.22216796875,1120,278,0.02876499647141849,169.2784258845481,0.007988708539167255,35.87923565923695,0.02111503175723359,32.29385472512168,0.3061007812424105,0.5483767942338845,55.0,60.0
90,LLY,59478,ELI LILLY & Co,2834,Pharmaceutical Preparations,10-Q,2025-05-01,2025-03-31,2025-05-01 15:30:18+00:00,0000059478-25-000132,https://www.sec.gov/Archives/edgar/data/59478/000005947825000132/lly-20250331.htm,5856,1239,data/interim/text/000005947825000132.txt.gz,5947825000132,2025Q2,2025-05-01 11:30:18-04:00,2025-05-01,2025-05-01,2025-05-01,2025-04-30,889.5348510742188,1170,228,0.01878415300546448,34.742825442766055,0.003756830601092896,5.26562225631826,0.02032103825136612,11.918608998506471,0.4698198230385178,0.3146579279552848,55.0,60.0
91,LLY,59478,ELI LILLY & Co,2834,Pharmaceutical Preparations,10-Q,2025-08-07,2025-06-30,2025-08-07 13:59:55+00:00,0000059478-25-000204,https://www.sec.gov/Archives/edgar/data/59478/000005947825000204/lly-20250630.htm,6819,1335,data/interim/text/000005947825000204.txt.gz,5947825000204,2025Q3,2025-08-07 09:59:55-04:00,2025-08-07,2025-08-07,2025-08-07,2025-08-06,740.0667114257812,1237,161,0.01745123918463118,33.79871083327866,0.0038128757882387445,5.868622103351497,0.01891772987241531,12.57000709839696,0.30532904674598693,0.3263080259832977,55.0,60.0
92,LLY,59478,ELI LILLY & Co,2834,Pharmaceutical Preparations,10-Q,2025-10-30,2025-09-30,2025-10-30 15:15:28+00:00,0000059478-25-000254,https://www.sec.gov/Archives/edgar/data/59478/000005947825000254/lly-20250930.htm,6865,1339,data/interim/text/000005947825000254.txt.gz,5947825000254,2025Q4,2025-10-30 11:15:28-04:00,2025-10-30,2025-10-30,2025-10-30,2025-10-29,808.4313354492188,1296,102,0.017042971595047342,35.2880319502965,0.003641660597232338,6.668614085461083,0.01864530225782957,13.074341496237933,0.45559525756452235,0.2881141786381063,55.0,60.0
93,TER,97210,"TERADYNE, INC",3825,Instruments For Meas & Testing of Electricity & Elec Signals,10-K,2021-02-22,2020-12-31,2021-02-22 21:04:39+00:00,0001193125-21-050735,https://www.sec.gov/Archives/edgar/data/97210/000119312521050735/d69963d10k.htm,28412,3012,data/interim/text/000119312521050735.txt.gz,119312521050735,2021Q1,2021-02-22 16:04:39-05:00,2021-02-23,2021-02-23,2021-02-23,2021-02-22,129.68218994140625,118,1280,0.01657750246374771,73.6030062226534,0.006687315218921582,27.299925006876364,0.01752780515275236,17.394728565704643,0.40751669024259696,0.5464510796835454,55.0,60.0
94,TER,97210,"TERADYNE, INC",3825,Instruments For Meas & Testing of Electricity & Elec Signals,10-Q,2021-05-07,2021-04-04,2021-05-07 18:19:39+00:00,0001193125-21-154707,https://www.sec.gov/Archives/edgar/data/97210/000119312521154707/d122241d10q.htm,6702,1133,data/interim/text/000119312521154707.txt.gz,119312521154707,2021Q2,2021-05-07 14:19:39-04:00,2021-05-07,2021-05-07,2021-05-07,2021-05-06,123.3641128540039,170,1228,0.013279618024470308,18.738879731928353,0.006415995225305879,7.590905979039039,0.017009847806624886,3.5106407939526156,0.5943903730840769,0.31091590941018593,55.0,60.0
95,TER,97210,"TERADYNE, INC",3825,Instruments For Meas & Testing of Electricity & Elec Signals,10-Q,2021-08-06,2021-07-04,2021-08-06 15:31:44+00:00,0001193125-21-238886,https://www.sec.gov/Archives/edgar/data/97210/000119312521238886/d93533d10q.htm,7400,1140,data/interim/text/000119312521238886.txt.gz,119312521238886,2021Q3,2021-08-06 11:31:44-04:00,2021-08-06,2021-08-06,2021-08-06,2021-08-05,124.08816528320312,233,1165,0.013108108108108108,18.54473700962092,0.0058108108108108104,6.778746627486613,0.015405405405405406,3.022765183078633,0.3464922919580645,0.3814014378594712,55.0,60.0
96,TER,97210,"TERADYNE, INC",3825,Instruments For Meas & Testing of Electricity & Elec Signals,10-Q,2021-11-05,2021-10-03,2021-11-05 19:48:02+00:00,0001193125-21-321554,https://www.sec.gov/Archives/edgar/data/97210/000119312521321554/d207854d10q.htm,8004,1189,data/interim/text/000119312521321554.txt.gz,119312521321554,2021Q4,2021-11-05 15:48:02-04:00,2021-11-05,2021-11-05,2021-11-05,2021-11-04,141.8588104248047,297,1101,0.01424287856071964,20.469139842164076,0.005747126436781609,6.680302955296957,0.015742128935532233,3.2966464058487777,0.3934500831560919,0.6118946147757407,55.0,60.0
97,TER,97210,"TERADYNE, INC",3825,Instruments For Meas & Testing of Electricity & Elec Signals,10-K,2022-02-23,2021-12-31,2022-02-23 20:19:17+00:00,0001193125-22-049828,https://www.sec.gov/Archives/edgar/data/97210/000119312522049828/d213661d10k.htm,27528,2985,data/interim/text/000119312522049828.txt.gz,119312522049828,2022Q1,2022-02-23 15:19:17-05:00,2022-02-23,2022-02-23,2022-02-23,2022-02-22,111.83827209472656,371,1027,0.01685556524266202,75.45293962730663,0.006793083405986632,29.09503756437795,0.01703719848881139,16.726210930529454,0.6489613368069693,0.5022795039769662,55.0,60.0
98,TER,97210,"TERADYNE, INC",3825,Instruments For Meas & Testing of Electricity & Elec Signals,10-Q,2022-05-06,2022-04-03,2022-05-06 18:57:27+00:00,0001193125-22-143504,https://www.sec.gov/Archives/edgar/data/97210/000119312522143504/d300073d10q.htm,6808,1127,data/interim/text/000119312522143504.txt.gz,119312522143504,2022Q2,2022-05-06 14:57:27-04:00,2022-05-06,2022-05-06,2022-05-06,2022-05-05,106.63008880615234,422,976,0.012485311398354876,15.326447895121966,0.005287896592244419,7.617518778126097,0.01601057579318449,4.688254218462325,0.4717075866363044,0.4615988480941707,55.0,60.0
99,TER,97210,"TERADYNE, INC",3825,Instruments For Meas & Testing of Electricity & Elec Signals,10-Q,2022-08-05,2022-07-03,2022-08-05 18:29:02+00:00,0001193125-22-213485,https://www.sec.gov/Archives/edgar/data/97210/000119312522213485/d297974d10q.htm,7902,1155,data/interim/text/000119312522213485.txt.gz,119312522213485,2022Q3,2022-08-05 14:29:02-04:00,2022-08-05,2022-08-05,2022-08-05,2022-08-04,100.05487823486328,484,914,0.012148823082763858,12.917762409832475,0.0056947608200455585,7.305275920233622,0.015186028853454821,4.656181485165062,0.4799289758591947,0.4276697473376734,55.0,60.0
100,TER,97210,"TERADYNE, INC",3825,Instruments For Meas & Testing of Electricity & Elec Signals,10-Q,2022-11-04,2022-10-02,2022-11-04 19:08:47+00:00,0001193125-22-277821,https://www.sec.gov/Archives/edgar/data/97210/000119312522277821/d386683d10q.htm,9645,1283,data/interim/text/000119312522277821.txt.gz,119312522277821,2022Q4,2022-11-04 15:08:47-04:00,2022-11-04,2022-11-04,2022-11-04,2022-11-03,78.88573455810547,548,850,0.012130637636080872,15.069967195523374,0.004458268532918611,8.686543792563114,0.015448418869880767,4.859617166360778,0.42619801442353955,0.46260503673235787,55.0,60.0
101,TER,97210,"TERADYNE, INC",3825,Instruments For Meas & Testing of Electricity & Elec Signals,10-K,2023-02-22,2022-12-31,2023-02-22 20:12:27+00:00,0001193125-23-044711,https://www.sec.gov/Archives/edgar/data/97210/000119312523044711/d414778d10k.htm,28513,2987,data/interim/text/000119312523044711.txt.gz,119312523044711,2023Q1,2023-02-22 15:12:27-05:00,2023-02-22,2023-02-22,2023-02-22,2023-02-21,99.85685729980467,621,777,0.016448637463613087,69.03003695083275,0.006944200890821731,31.755814768446708,0.016553852628625538,17.834529746328933,0.4037773157848149,0.2808125671358747,55.0,60.0
102,TER,97210,"TERADYNE, INC",3825,Instruments For Meas & Testing of Electricity & Elec Signals,10-Q,2023-05-05,2023-04-02,2023-05-05 19:14:46+00:00,0001193125-23-136994,https://www.sec.gov/Archives/edgar/data/97210/000119312523136994/d489720d10q.htm,6242,1079,data/interim/text/000119312523136994.txt.gz,119312523136994,2023Q2,2023-05-05 15:14:46-04:00,2023-05-05,2023-05-05,2023-05-05,2023-05-04,88.8208999633789,672,726,0.012015379685998077,14.97769286862089,0.004806151874399231,6.185677262381331,0.014258250560717719,2.9468820344339437,0.2743761127801766,0.33595498612060054,55.0,60.0
103,TER,97210,"TERADYNE, INC",3825,Instruments For Meas & Testing of Electricity & Elec Signals,10-Q,2023-08-04,2023-07-02,2023-08-04 19:11:43+00:00,0001193125-23-203780,https://www.sec.gov/Archives/edgar/data/97210/000119312523203780/d417157d10q.htm,7222,1115,data/interim/text/000119312523203780.txt.gz,119312523203780,2023Q3,2023-08-04 15:11:43-04:00,2023-08-04,2023-08-04,2023-08-04,2023-08-03,106.29395294189452,734,664,0.012461921905289393,16.111710255757416,0.004846302963168098,5.908790663201548,0.011908058709498754,2.7995458854018977,0.34057505962000345,0.2968228986314589,55.0,60.0
104,TER,97210,"TERADYNE, INC",3825,Instruments For Meas & Testing of Electricity & Elec Signals,10-Q,2023-11-03,2023-10-01,2023-11-03 17:25:17+00:00,0000950170-23-058679,https://www.sec.gov/Archives/edgar/data/97210/000095017023058679/ter-20231001.htm,7857,1180,data/interim/text/000095017023058679.txt.gz,95017023058679,2023Q4,2023-11-03 13:25:17-04:00,2023-11-03,2023-11-03,2023-11-03,2023-11-02,84.9759750366211,798,600,0.014254804632811506,16.9641287697117,0.004454626447753595,7.788857272841118,0.013745704467353952,2.15064557991172,0.29588901886116986,0.3586104023428976,55.0,60.0
105,TER,97210,"TERADYNE, INC",3825,Instruments For Meas & Testing of Electricity & Elec Signals,10-K,2024-02-22,2023-12-31,2024-02-22 20:34:26+00:00,0000950170-24-018701,https://www.sec.gov/Archives/edgar/data/97210/000095017024018701/ter-20231231.htm,28092,3144,data/interim/text/000095017024018701.txt.gz,95017024018701,2024Q1,2024-02-22 15:34:26-05:00,2024-02-22,2024-02-22,2024-02-22,2024-02-21,98.74282836914062,872,526,0.018510608002278228,82.90432016515813,0.006763491385447814,36.134418476793094,0.01794105083297736,17.50384856111072,0.36551180311026366,0.4007861622012754,55.0,60.0
106,TER,97210,"TERADYNE, INC",3825,Instruments For Meas & Testing of Electricity & Elec Signals,10-Q,2024-05-03,2024-03-31,2024-05-03 19:00:46+00:00,0000950170-24-052761,https://www.sec.gov/Archives/edgar/data/97210/000095017024052761/ter-20240331.htm,5213,941,data/interim/text/000095017024052761.txt.gz,95017024052761,2024Q2,2024-05-03 15:00:46-04:00,2024-05-03,2024-05-03,2024-05-03,2024-05-02,116.4030990600586,922,476,0.00959140610013428,6.888411817562539,0.005754843660080567,7.26331545276932,0.012276999808171879,1.4693005587767927,0.3972498556495987,0.5262104992247294,55.0,60.0
107,TER,97210,"TERADYNE, INC",3825,Instruments For Meas & Testing of Electricity & Elec Signals,10-Q,2024-08-02,2024-06-30,2024-08-02 19:06:00+00:00,0000950170-24-089858,https://www.sec.gov/Archives/edgar/data/97210/000095017024089858/ter-20240630.htm,6261,978,data/interim/text/000095017024089858.txt.gz,95017024089858,2024Q3,2024-08-02 15:06:00-04:00,2024-08-02,2024-08-02,2024-08-02,2024-08-01,120.8204574584961,984,414,0.009423414789969654,7.8362221115722095,0.007347069158281425,7.581901962623366,0.009583133684714902,1.3406875819267254,0.4766238299562942,0.4935275943904556,55.0,60.0
108,TER,97210,"TERADYNE, INC",3825,Instruments For Meas & Testing of Electricity & Elec Signals,10-Q,2024-11-01,2024-09-29,2024-11-01 17:00:38+00:00,0000950170-24-119923,https://www.sec.gov/Archives/edgar/data/97210/000095017024119923/ter-20240929.htm,6439,990,data/interim/text/000095017024119923.txt.gz,95017024119923,2024Q4,2024-11-01 13:00:38-04:00,2024-11-01,2024-11-01,2024-11-01,2024-10-31,105.50765228271484,1048,350,0.010715949681627581,8.834212105095098,0.006833359217269763,7.534227237268804,0.00947352073303308,1.4121144294722527,0.5050878488881164,0.39845470362628016,55.0,60.0
109,TER,97210,"TERADYNE, INC",3825,Instruments For Meas & Testing of Electricity & Elec Signals,10-K,2025-02-20,2024-12-31,2025-02-20 14:55:54+00:00,0000950170-25-023784,https://www.sec.gov/Archives/edgar/data/97210/000095017025023784/ter-20241231.htm,26041,2993,data/interim/text/000095017025023784.txt.gz,95017025023784,2025Q1,2025-02-20 09:55:54-05:00,2025-02-20,2025-02-20,2025-02-20,2025-02-19,115.38408660888672,1121,277,0.018547674820475403,78.0768539857791,0.006835374985599631,35.3531595466169,0.017856457125302407,14.979167895799238,0.4001404584433317,0.7260260625303451,55.0,60.0
110,TER,97210,"TERADYNE, INC",3825,Instruments For Meas & Testing of Electricity & Elec Signals,10-Q,2025-05-02,2025-03-30,2025-05-02 17:00:25+00:00,0000950170-25-062503,https://www.sec.gov/Archives/edgar/data/97210/000095017025062503/ter-20250330.htm,5322,934,data/interim/text/000095017025062503.txt.gz,95017025062503,2025Q2,2025-05-02 13:00:25-04:00,2025-05-02,2025-05-02,2025-05-02,2025-05-01,73.45158386230469,1171,227,0.009582863585118376,5.774651363141244,0.0062006764374295375,8.765950022332985,0.013528748590755355,2.785965208248751,0.7355006653080656,0.5325190729322207,55.0,60.0
111,TER,97210,"TERADYNE, INC",3825,Instruments For Meas & Testing of Electricity & Elec Signals,10-Q,2025-08-01,2025-06-29,2025-08-01 16:48:25+00:00,0000950170-25-101248,https://www.sec.gov/Archives/edgar/data/97210/000095017025101248/ter-20250629.htm,5960,963,data/interim/text/000095017025101248.txt.gz,95017025101248,2025Q3,2025-08-01 12:48:25-04:00,2025-08-01,2025-08-01,2025-08-01,2025-07-31,107.1145477294922,1233,165,0.009731543624161074,6.551774789898347,0.008053691275167786,7.778104550951838,0.011241610738255034,3.615727160958571,0.3823580972985618,0.6292450097026907,55.0,60.0
112,TER,97210,"TERADYNE, INC",3825,Instruments For Meas & Testing of Electricity & Elec Signals,10-Q,2025-10-30,2025-09-28,2025-10-30 20:01:16+00:00,0001193125-25-258477,https://www.sec.gov/Archives/edgar/data/97210/000119312525258477/ter-20250928.htm,6297,1010,data/interim/text/000119312525258477.txt.gz,119312525258477,2025Q4,2025-10-30 16:01:16-04:00,2025-10-31,2025-10-31,2025-10-31,2025-10-30,176.5380401611328,1297,101,0.009528346831824679,5.803255927788972,0.007622677465459742,8.218952539055856,0.010163569953946324,1.442377836560086,0.4958260190351729,0.5366131468020281,55.0,60.0
113,LHX,202058,"L3HARRIS TECHNOLOGIES, INC. /DE/",3812,"Search, Detection, Navigation, Guidance, Aeronautical Sys",10-K,2021-03-01,2021-01-01,2021-03-01 21:58:49+00:00,0000202058-21-000008,https://www.sec.gov/Archives/edgar/data/202058/000020205821000008/hrs-20210101.htm,55693,3702,data/interim/text/000020205821000008.txt.gz,20205821000008,2021Q1,2021-03-01 16:58:49-05:00,2021-03-02,2021-03-02,2021-03-02,2021-03-01,164.71180725097656,123,1275,0.021025981721221696,139.4934156920939,0.004614583520370603,29.12836730376178,0.0176862442317706,23.38208349747455,0.2324703438191048,0.16654210539539724,55.0,60.0
114,LHX,202058,"L3HARRIS TECHNOLOGIES, INC. /DE/",3812,"Search, Detection, Navigation, Guidance, Aeronautical Sys",10-Q,2021-05-03,2021-04-02,2021-05-03 19:00:29+00:00,0000202058-21-000020,https://www.sec.gov/Archives/edgar/data/202058/000020205821000020/hrs-20210402.htm,11816,1623,data/interim/text/000020205821000020.txt.gz,20205821000020,2021Q2,2021-05-03 15:00:29-04:00,2021-05-03,2021-05-03,2021-05-03,2021-04-30,187.67022705078125,166,1232,0.019211238997968855,35.14783029579752,0.004062288422477996,10.272797018650312,0.02098849018280298,9.285073581891462,0.1878288537288206,0.16747631409060187,55.0,60.0
115,LHX,202058,"L3HARRIS TECHNOLOGIES, INC. /DE/",3812,"Search, Detection, Navigation, Guidance, Aeronautical Sys",10-Q,2021-08-04,2021-07-02,2021-08-04 20:12:04+00:00,0000202058-21-000046,https://www.sec.gov/Archives/edgar/data/202058/000020205821000046/hrs-20210702.htm,13015,1567,data/interim/text/000020205821000046.txt.gz,20205821000046,2021Q3,2021-08-04 16:12:04-04:00,2021-08-05,2021-08-05,2021-08-05,2021-08-04,206.73410034179688,232,1166,0.018363426815213215,33.68918559182336,0.004302727621974645,9.759709537696354,0.018363426815213215,7.672710307878268,0.17075562539466882,0.2143313206860384,55.0,60.0
116,LHX,202058,"L3HARRIS TECHNOLOGIES, INC. /DE/",3812,"Search, Detection, Navigation, Guidance, Aeronautical Sys",10-Q,2021-10-29,2021-10-01,2021-10-29 20:48:59+00:00,0000202058-21-000054,https://www.sec.gov/Archives/edgar/data/202058/000020205821000054/hrs-20211001.htm,14081,1632,data/interim/text/000020205821000054.txt.gz,20205821000054,2021Q4,2021-10-29 16:48:59-04:00,2021-10-30,2021-10-30,2021-11-01,2021-10-29,208.6670837402344,293,1105,0.019742915986080533,37.79265100960715,0.004474114054399545,10.266868738182145,0.01874866841843619,7.890392909501811,0.16004167663483726,0.22862127323716042,55.0,60.0
117,LHX,202058,"L3HARRIS TECHNOLOGIES, INC. /DE/",3812,"Search, Detection, Navigation, Guidance, Aeronautical Sys",10-K,2022-02-25,2021-12-31,2022-02-25 21:08:24+00:00,0000202058-22-000015,https://www.sec.gov/Archives/edgar/data/202058/000020205822000015/hrs-20211231.htm,51600,3726,data/interim/text/000020205822000015.txt.gz,20205822000015,2022Q1,2022-02-25 16:08:24-05:00,2022-02-26,2022-02-26,2022-02-28,2022-02-25,212.3344573974609,374,1024,0.021627906976744184,140.67390643541745,0.004593023255813953,30.55899224912901,0.017887596899224808,24.930823113709174,0.25279211512813127,0.2932518612800365,55.0,60.0
118,LHX,202058,"L3HARRIS TECHNOLOGIES, INC. /DE/",3812,"Search, Detection, Navigation, Guidance, Aeronautical Sys",10-Q,2022-04-29,2022-04-01,2022-04-29 17:51:27+00:00,0000202058-22-000029,https://www.sec.gov/Archives/edgar/data/202058/000020205822000029/hrs-20220401.htm,9185,1434,data/interim/text/000020205822000029.txt.gz,20205822000029,2022Q2,2022-04-29 13:51:27-04:00,2022-04-29,2022-04-29,2022-04-29,2022-04-28,218.3654937744141,417,981,0.017855198693522048,29.388789977003125,0.004028307022318998,7.399358141649295,0.019379422972237343,6.8077890827531915,0.3670512752278637,0.2745476256707163,55.0,60.0
119,LHX,202058,"L3HARRIS TECHNOLOGIES, INC. /DE/",3812,"Search, Detection, Navigation, Guidance, Aeronautical Sys",10-Q,2022-07-29,2022-07-01,2022-07-29 17:17:10+00:00,0000202058-22-000051,https://www.sec.gov/Archives/edgar/data/202058/000020205822000051/hrs-20220701.htm,11238,1510,data/interim/text/000020205822000051.txt.gz,20205822000051,2022Q3,2022-07-29 13:17:10-04:00,2022-07-29,2022-07-29,2022-07-29,2022-07-28,212.6846618652344,479,919,0.0200213561131874,37.08240018031637,0.004271222637479978,6.999538059346352,0.01806371240434241,6.476266578350135,0.2677712358866353,0.30579712264824904,55.0,60.0
120,LHX,202058,"L3HARRIS TECHNOLOGIES, INC. /DE/",3812,"Search, Detection, Navigation, Guidance, Aeronautical Sys",10-Q,2022-10-31,2022-09-30,2022-10-31 21:00:12+00:00,0000202058-22-000063,https://www.sec.gov/Archives/edgar/data/202058/000020205822000063/hrs-20220930.htm,13153,1692,data/interim/text/000020205822000063.txt.gz,20205822000063,2022Q4,2022-10-31 17:00:12-04:00,2022-11-01,2022-11-01,2022-11-01,2022-10-31,227.2701873779297,545,853,0.021972173648597278,42.10225942053328,0.004485668668744773,9.338794618652614,0.017030335284725917,8.092493418464313,0.315184467959816,0.2815539676393675,55.0,60.0
121,LHX,202058,"L3HARRIS TECHNOLOGIES, INC. /DE/",3812,"Search, Detection, Navigation, Guidance, Aeronautical Sys",10-K,2023-02-24,2022-12-30,2023-02-24 20:40:58+00:00,0000202058-23-000014,https://www.sec.gov/Archives/edgar/data/202058/000020205823000014/hrs-20221230.htm,43379,3524,data/interim/text/000020205823000014.txt.gz,20205823000014,2023Q1,2023-02-24 15:40:58-05:00,2023-02-24,2023-02-24,2023-02-24,2023-02-23,194.208236694336,623,775,0.022591576569307728,131.745924440857,0.004518315313861546,27.756809052042893,0.018880103275778604,23.077726884208428,0.25081362549963804,0.1919562124155682,55.0,60.0
122,LHX,202058,"L3HARRIS TECHNOLOGIES, INC. /DE/",3812,"Search, Detection, Navigation, Guidance, Aeronautical Sys",10-Q,2023-04-28,2023-03-31,2023-04-28 17:22:59+00:00,0000202058-23-000028,https://www.sec.gov/Archives/edgar/data/202058/000020205823000028/hrs-20230331.htm,8541,1377,data/interim/text/000020205823000028.txt.gz,20205823000028,2023Q2,2023-04-28 13:22:59-04:00,2023-04-28,2023-04-28,2023-04-28,2023-04-27,184.51547241210932,667,731,0.012996136283807516,19.507988457125357,0.0030441400304414,5.939630097803241,0.01920149865355345,6.93171869637386,0.1704222102560986,0.21748477286368836,55.0,60.0
123,LHX,202058,"L3HARRIS TECHNOLOGIES, INC. /DE/",3812,"Search, Detection, Navigation, Guidance, Aeronautical Sys",10-Q,2023-07-26,2023-06-30,2023-07-26 21:02:49+00:00,0000202058-23-000047,https://www.sec.gov/Archives/edgar/data/202058/000020205823000047/hrs-20230630.htm,9517,1401,data/interim/text/000020205823000047.txt.gz,20205823000047,2023Q3,2023-07-26 17:02:49-04:00,2023-07-27,2023-07-27,2023-07-27,2023-07-26,189.99612426757807,728,670,0.014920668277818641,21.220684879436735,0.0036776295050961437,6.6081238752476095,0.017442471367027423,6.314411065416237,0.18759553963168238,0.27127380951357427,55.0,60.0
124,LHX,202058,"L3HARRIS TECHNOLOGIES, INC. /DE/",3812,"Search, Detection, Navigation, Guidance, Aeronautical Sys",10-Q,2023-10-27,2023-09-29,2023-10-27 17:56:33+00:00,0000202058-23-000057,https://www.sec.gov/Archives/edgar/data/202058/000020205823000057/hrs-20230929.htm,11130,1512,data/interim/text/000020205823000057.txt.gz,20205823000057,2023Q4,2023-10-27 13:56:33-04:00,2023-10-27,2023-10-27,2023-10-27,2023-10-26,165.40130615234375,793,605,0.01904761904761905,33.374950454271385,0.0035938903863432167,6.6016366836904385,0.01734052111410602,8.759804723146594,0.275991350098179,0.18833537661037353,55.0,60.0
125,LHX,202058,"L3HARRIS TECHNOLOGIES, INC. /DE/",3812,"Search, Detection, Navigation, Guidance, Aeronautical Sys",10-K,2024-02-20,2023-12-29,2024-02-17 02:46:41+00:00,0000202058-24-000029,https://www.sec.gov/Archives/edgar/data/202058/000020205824000029/hrs-20231229.htm,38611,3353,data/interim/text/000020205824000029.txt.gz,20205824000029,2024Q1,2024-02-16 21:46:41-05:00,2024-02-17,2024-02-20,2024-02-20,2024-02-16,201.3373413085937,870,528,0.022584237652482454,121.03929114112972,0.004765481339514646,26.138964048297655,0.019269120198907048,20.128870969760605,0.18055084491961773,0.16774715144855445,55.0,60.0
126,LHX,202058,"L3HARRIS TECHNOLOGIES, INC. /DE/",3812,"Search, Detection, Navigation, Guidance, Aeronautical Sys",10-Q,2024-04-26,2024-03-29,2024-04-26 16:16:30+00:00,0000202058-24-000103,https://www.sec.gov/Archives/edgar/data/202058/000020205824000103/hrs-20240329.htm,7995,1293,data/interim/text/000020205824000103.txt.gz,20205824000103,2024Q2,2024-04-26 12:16:30-04:00,2024-04-26,2024-04-26,2024-04-26,2024-04-25,198.01467895507807,917,481,0.012257661038148843,17.349659753522438,0.00300187617260788,4.1310654707084336,0.017385866166353972,5.743515274656696,0.1507130861975578,0.20190614169599405,55.0,60.0
127,LHX,202058,"L3HARRIS TECHNOLOGIES, INC. /DE/",3812,"Search, Detection, Navigation, Guidance, Aeronautical Sys",10-Q,2024-07-26,2024-06-28,2024-07-26 13:18:31+00:00,0000202058-24-000140,https://www.sec.gov/Archives/edgar/data/202058/000020205824000140/hrs-20240628.htm,10004,1412,data/interim/text/000020205824000140.txt.gz,20205824000140,2024Q3,2024-07-26 09:18:31-04:00,2024-07-26,2024-07-26,2024-07-26,2024-07-25,233.50135803222656,979,419,0.015593762495002,29.868861435469196,0.0030987604958016795,4.919825982885553,0.014894042383046781,5.326870787991602,0.15070939707577258,0.15133023390232603,55.0,60.0
128,LHX,202058,"L3HARRIS TECHNOLOGIES, INC. /DE/",3812,"Search, Detection, Navigation, Guidance, Aeronautical Sys",10-Q,2024-10-25,2024-09-27,2024-10-25 13:20:11+00:00,0000202058-24-000168,https://www.sec.gov/Archives/edgar/data/202058/000020205824000168/hrs-20240927.htm,8208,1188,data/interim/text/000020205824000168.txt.gz,20205824000168,2024Q4,2024-10-25 09:20:11-04:00,2024-10-25,2024-10-25,2024-10-25,2024-10-24,235.540267944336,1043,355,0.009259259259259259,17.185047900194668,0.001949317738791423,2.493312037015029,0.009746588693957114,3.380982192321222,0.15367764543360707,0.2441395513364546,55.0,60.0
129,LHX,202058,"L3HARRIS TECHNOLOGIES, INC. /DE/",3812,"Search, Detection, Navigation, Guidance, Aeronautical Sys",10-K,2025-02-14,2025-01-03,2025-02-14 21:25:17+00:00,0000202058-25-000023,https://www.sec.gov/Archives/edgar/data/202058/000020205825000023/hrs-20250103.htm,28923,3024,data/interim/text/000020205825000023.txt.gz,20205825000023,2025Q1,2025-02-14 16:25:17-05:00,2025-02-15,2025-02-15,2025-02-18,2025-02-14,191.5253448486328,1119,279,0.023199529785983473,114.61590222179055,0.004460118244995332,22.07667283655906,0.019638350101994953,17.95583402236302,0.21287586159078672,0.24798928580163165,55.0,60.0
130,LHX,202058,"L3HARRIS TECHNOLOGIES, INC. /DE/",3812,"Search, Detection, Navigation, Guidance, Aeronautical Sys",10-Q,2025-04-24,2025-03-28,2025-04-24 13:15:25+00:00,0000202058-25-000101,https://www.sec.gov/Archives/edgar/data/202058/000020205825000101/hrs-20250328.htm,7274,1227,data/interim/text/000020205825000101.txt.gz,20205825000101,2025Q2,2025-04-24 09:15:25-04:00,2025-04-24,2025-04-24,2025-04-24,2025-04-23,210.798828125,1165,233,0.010173219686554854,13.541770909241917,0.002474566950783613,2.7349524274066765,0.012372834753918064,2.3821487627928994,0.2733113519837879,0.19211200674619772,55.0,60.0
131,LHX,202058,"L3HARRIS TECHNOLOGIES, INC. /DE/",3812,"Search, Detection, Navigation, Guidance, Aeronautical Sys",10-Q,2025-07-24,2025-06-27,2025-07-24 16:00:21+00:00,0000202058-25-000151,https://www.sec.gov/Archives/edgar/data/202058/000020205825000151/hrs-20250627.htm,7565,1210,data/interim/text/000020205825000151.txt.gz,20205825000151,2025Q3,2025-07-24 12:00:21-04:00,2025-07-24,2025-07-24,2025-07-24,2025-07-23,264.0340881347656,1227,171,0.009649702577660277,12.890346635645212,0.005023132848645076,3.482677221913588,0.01163251817580965,3.663997677286422,0.1925745431845316,0.19367689522012116,55.0,60.0
132,LHX,202058,"L3HARRIS TECHNOLOGIES, INC. /DE/",3812,"Search, Detection, Navigation, Guidance, Aeronautical Sys",10-Q,2025-10-30,2025-10-03,2025-10-30 16:18:52+00:00,0000202058-25-000173,https://www.sec.gov/Archives/edgar/data/202058/000020205825000173/hrs-20251003.htm,7738,1279,data/interim/text/000020205825000173.txt.gz,20205825000173,2025Q4,2025-10-30 12:18:52-04:00,2025-10-30,2025-10-30,2025-10-30,2025-10-29,282.18798828125,1296,102,0.011889377100025847,16.777287084761014,0.003230808994572241,2.653255056338842,0.012018609459808736,4.359455317509326,0.20047338255408295,0.26930050587470544,55.0,60.0
133,DE,315189,DEERE & CO,3523,Farm Machinery & Equipment,10-Q,2021-02-25,2021-01-31,2021-02-25 19:07:21+00:00,0001558370-21-001774,https://www.sec.gov/Archives/edgar/data/315189/000155837021001774/de-20210131x10q.htm,8322,1363,data/interim/text/000155837021001774.txt.gz,155837021001774,2021Q1,2021-02-25 14:07:21-05:00,2021-02-25,2021-02-25,2021-02-25,2021-02-24,322.04766845703125,120,1278,0.015260754626291756,21.95468658934896,0.0037250660898822396,6.360141516281279,0.012136505647680845,4.564287200972329,0.3056319454660901,0.2468409694520182,55.0,60.0
134,DE,315189,DEERE & CO,3523,Farm Machinery & Equipment,10-Q,2021-05-27,2021-05-02,2021-05-27 17:21:43+00:00,0001558370-21-007781,https://www.sec.gov/Archives/edgar/data/315189/000155837021007781/de-20210502x10q.htm,9339,1399,data/interim/text/000155837021007781.txt.gz,155837021007781,2021Q2,2021-05-27 13:21:43-04:00,2021-05-27,2021-05-27,2021-05-27,2021-05-26,334.1196594238281,184,1214,0.014027197772780811,19.55849867751064,0.004497269514937359,6.758794103429439,0.017132455294999464,4.581783003608531,0.2550411630914525,0.24443753426850542,55.0,60.0
135,DE,315189,DEERE & CO,3523,Farm Machinery & Equipment,10-Q,2021-08-26,2021-08-01,2021-08-26 17:31:28+00:00,0001558370-21-012088,https://www.sec.gov/Archives/edgar/data/315189/000155837021012088/de-20210801x10q.htm,9610,1471,data/interim/text/000155837021012088.txt.gz,155837021012088,2021Q3,2021-08-26 13:31:28-04:00,2021-08-26,2021-08-26,2021-08-26,2021-08-25,352.4261779785156,247,1151,0.015400624349635796,24.96386665664128,0.004994797086368366,7.2525635499198104,0.011342351716961498,4.962560393247625,0.22740006132457172,0.32349060583651545,55.0,60.0
136,DE,315189,DEERE & CO,3523,Farm Machinery & Equipment,10-K,2021-12-16,2021-10-31,2021-12-16 16:39:34+00:00,0001558370-21-016864,https://www.sec.gov/Archives/edgar/data/315189/000155837021016864/de-20211031x10k.htm,34439,3249,data/interim/text/000155837021016864.txt.gz,155837021016864,2021Q4,2021-12-16 11:39:34-05:00,2021-12-16,2021-12-16,2021-12-16,2021-12-15,323.0175476074219,325,1073,0.020558088213943494,109.77337379168078,0.00548796422660356,26.810794833057628,0.017131740178286246,23.130953108936584,0.3266834319186863,0.33876925218820264,55.0,60.0
137,DE,315189,DEERE & CO,3523,Farm Machinery & Equipment,10-Q,2022-02-24,2022-01-30,2022-02-24 19:35:21+00:00,0001558370-22-001900,https://www.sec.gov/Archives/edgar/data/315189/000155837022001900/de-20220130x10q.htm,7154,1319,data/interim/text/000155837022001900.txt.gz,155837022001900,2022Q1,2022-02-24 14:35:21-05:00,2022-02-24,2022-02-24,2022-02-24,2022-02-23,317.9537353515625,372,1026,0.015096449538719598,26.427391403119188,0.0029354207436399216,4.372891272340337,0.01034386357282639,2.8822502113730644,0.260455741641105,0.47273885374502483,55.0,60.0
138,DE,315189,DEERE & CO,3523,Farm Machinery & Equipment,10-Q,2022-05-26,2022-05-01,2022-05-26 16:59:03+00:00,0001558370-22-009375,https://www.sec.gov/Archives/edgar/data/315189/000155837022009375/de-20220501x10q.htm,7717,1283,data/interim/text/000155837022009375.txt.gz,155837022009375,2022Q2,2022-05-26 12:59:03-04:00,2022-05-26,2022-05-26,2022-05-26,2022-05-25,323.9115295410156,436,962,0.01399507580666062,17.55301275844686,0.0042762731631463,5.861381820608975,0.015290916159129196,2.016928099989369,0.35549265007282055,0.3568320821191081,55.0,60.0
139,DE,315189,DEERE & CO,3523,Farm Machinery & Equipment,10-Q,2022-09-01,2022-07-31,2022-09-01 17:53:57+00:00,0001558370-22-014113,https://www.sec.gov/Archives/edgar/data/315189/000155837022014113/de-20220731x10q.htm,6130,1155,data/interim/text/000155837022014113.txt.gz,155837022014113,2022Q3,2022-09-01 13:53:57-04:00,2022-09-01,2022-09-01,2022-09-01,2022-08-31,346.2188720703125,503,895,0.013866231647634585,15.01204627569401,0.004241435562805873,4.811357245140514,0.010114192495921697,2.0702771666701976,0.363898031323707,0.2786508445177151,55.0,60.0
140,DE,315189,DEERE & CO,3523,Farm Machinery & Equipment,10-K,2022-12-15,2022-10-30,2022-12-15 16:32:02+00:00,0001558370-22-018703,https://www.sec.gov/Archives/edgar/data/315189/000155837022018703/de-20221030x10k.htm,32510,3354,data/interim/text/000155837022018703.txt.gz,155837022018703,2022Q4,2022-12-15 11:32:02-05:00,2022-12-15,2022-12-15,2022-12-15,2022-12-14,416.95745849609375,576,822,0.02067056290372193,107.9921942528381,0.006644109504767764,36.25499274329013,0.017871424177176253,22.76234994599327,0.27565465071742495,0.30897407651472497,55.0,60.0
141,DE,315189,DEERE & CO,3523,Farm Machinery & Equipment,10-Q,2023-02-23,2023-01-29,2023-02-23 20:21:25+00:00,0001558370-23-001877,https://www.sec.gov/Archives/edgar/data/315189/000155837023001877/de-20230129x10q.htm,5851,1166,data/interim/text/000155837023001877.txt.gz,155837023001877,2023Q1,2023-02-23 15:21:25-05:00,2023-02-23,2023-02-23,2023-02-23,2023-02-22,406.6512756347656,622,776,0.012134677832849085,14.807227050523712,0.007007349171081866,10.200440081303546,0.009400102546573235,2.0251306287115045,0.2223628916986981,0.28499416988233256,55.0,60.0
142,DE,315189,DEERE & CO,3523,Farm Machinery & Equipment,10-Q,2023-06-01,2023-04-30,2023-06-01 20:02:31+00:00,0001558370-23-010713,https://www.sec.gov/Archives/edgar/data/315189/000155837023010713/de-20230430x10q.htm,6606,1230,data/interim/text/000155837023010713.txt.gz,155837023010713,2023Q2,2023-06-01 16:02:31-04:00,2023-06-02,2023-06-02,2023-06-02,2023-06-01,337.2847595214844,691,707,0.01392673327278232,15.734277110873938,0.007114744171964881,10.688150355558946,0.010899182561307902,2.483318714733017,0.2906098525396737,0.24273655363285573,55.0,60.0
143,DE,315189,DEERE & CO,3523,Farm Machinery & Equipment,10-Q,2023-08-31,2023-07-30,2023-08-31 18:27:24+00:00,0001558370-23-015380,https://www.sec.gov/Archives/edgar/data/315189/000155837023015380/de-20230730x10q.htm,6363,1190,data/interim/text/000155837023015380.txt.gz,155837023015380,2023Q3,2023-08-31 14:27:24-04:00,2023-08-31,2023-08-31,2023-08-31,2023-08-30,396.57659912109375,753,645,0.012258368694012258,14.221657285363829,0.006600660066006601,10.929413377263346,0.008958038661008957,2.8835389110765357,0.24606636903100004,0.23071127176721903,55.0,60.0
144,DE,315189,DEERE & CO,3523,Farm Machinery & Equipment,10-K,2023-12-15,2023-10-29,2023-12-15 15:27:39+00:00,0001558370-23-019812,https://www.sec.gov/Archives/edgar/data/315189/000155837023019812/de-20231029x10k.htm,29144,3297,data/interim/text/000155837023019812.txt.gz,155837023019812,2023Q4,2023-12-15 10:27:39-05:00,2023-12-15,2023-12-15,2023-12-15,2023-12-14,374.0441284179688,827,571,0.02202854790008235,121.22704601222168,0.007205599780400768,31.112262351239977,0.01894043370848202,19.07527984847299,0.22610371080464803,0.19589453091837636,55.0,60.0
145,DE,315189,DEERE & CO,3523,Farm Machinery & Equipment,10-Q,2024-02-29,2024-01-28,2024-02-29 18:31:35+00:00,0001558370-24-002149,https://www.sec.gov/Archives/edgar/data/315189/000155837024002149/de-20240128x10q.htm,5683,1151,data/interim/text/000155837024002149.txt.gz,155837024002149,2024Q1,2024-02-29 13:31:35-05:00,2024-02-29,2024-02-29,2024-02-29,2024-02-28,352.5984802246094,877,521,0.010557803976772832,11.632257966387243,0.004047158191096252,6.23356597063595,0.010557803976772832,1.9754760697313252,0.24076607289420884,0.20800406759919696,55.0,60.0
146,DE,315189,DEERE & CO,3523,Farm Machinery & Equipment,10-Q,2024-05-30,2024-04-28,2024-05-30 19:57:36+00:00,0001558370-24-008770,https://www.sec.gov/Archives/edgar/data/315189/000155837024008770/de-20240428x10q.htm,6272,1181,data/interim/text/000155837024008770.txt.gz,155837024008770,2024Q2,2024-05-30 15:57:36-04:00,2024-05-30,2024-05-30,2024-05-30,2024-05-29,354.06884765625,940,458,0.01323341836734694,15.032777014964958,0.004942602040816327,6.080087904373887,0.009885204081632654,2.09449242893864,0.20720473746156517,0.2640157085517452,55.0,60.0
147,DE,315189,DEERE & CO,3523,Farm Machinery & Equipment,10-Q,2024-08-29,2024-07-28,2024-08-29 14:39:16+00:00,0001558370-24-012529,https://www.sec.gov/Archives/edgar/data/315189/000155837024012529/de-20240728x10q.htm,6214,1172,data/interim/text/000155837024012529.txt.gz,155837024012529,2024Q3,2024-08-29 10:39:16-04:00,2024-08-29,2024-08-29,2024-08-29,2024-08-28,368.0871276855469,1003,395,0.013678789829417445,19.201176421166377,0.0041841004184100415,6.195149948242,0.010460251046025104,2.4045386252849363,0.2705933407043541,0.26449442363862663,55.0,60.0
148,DE,315189,DEERE & CO,3523,Farm Machinery & Equipment,10-K,2024-12-12,2024-10-27,2024-12-12 16:37:47+00:00,0001558370-24-016169,https://www.sec.gov/Archives/edgar/data/315189/000155837024016169/de-20241027x10k.htm,29152,3273,data/interim/text/000155837024016169.txt.gz,155837024016169,2024Q4,2024-12-12 11:37:47-05:00,2024-12-12,2024-12-12,2024-12-12,2024-12-11,437.8782043457031,1076,322,0.025109769484083423,134.9216869125752,0.006414654226125137,30.50746365878881,0.01927826564215148,19.893029641332674,0.2690482555292406,0.2967854901163662,55.0,60.0
149,DE,315189,DEERE & CO,3523,Farm Machinery & Equipment,10-Q,2025-02-27,2025-01-26,2025-02-27 15:18:48+00:00,0001558370-25-001714,https://www.sec.gov/Archives/edgar/data/315189/000155837025001714/de-20250126x10q.htm,6451,1271,data/interim/text/000155837025001714.txt.gz,155837025001714,2025Q1,2025-02-27 10:18:48-05:00,2025-02-27,2025-02-27,2025-02-27,2025-02-26,469.4683532714844,1126,272,0.021082002790265075,35.67571148071699,0.004805456518369245,8.499833801981055,0.010075957215935514,2.1697929107607186,0.26354323141062036,0.3640132615547574,55.0,60.0
150,DE,315189,DEERE & CO,3523,Farm Machinery & Equipment,10-Q,2025-05-29,2025-04-27,2025-05-29 15:45:11+00:00,0001558370-25-008218,https://www.sec.gov/Archives/edgar/data/315189/000155837025008218/de-20250427x10q.htm,7261,1305,data/interim/text/000155837025008218.txt.gz,155837025008218,2025Q2,2025-05-29 11:45:11-04:00,2025-05-29,2025-05-29,2025-05-29,2025-05-28,500.12213134765625,1189,209,0.020245145296791077,34.41358755900868,0.0041316623054675665,4.705034674897556,0.010191433686819996,3.4879097010987445,0.3768163086792685,0.25551991804139135,55.0,60.0
151,DE,315189,DEERE & CO,3523,Farm Machinery & Equipment,10-Q,2025-08-28,2025-07-27,2025-08-28 15:39:17+00:00,0001558370-25-011789,https://www.sec.gov/Archives/edgar/data/315189/000155837025011789/de-20250727x10q.htm,7058,1306,data/interim/text/000155837025011789.txt.gz,155837025011789,2025Q3,2025-08-28 11:39:17-04:00,2025-08-28,2025-08-28,2025-08-28,2025-08-27,486.9798889160156,1252,146,0.021110796259563615,35.175424205067976,0.004675545480306036,6.562698290576443,0.010909606120714083,4.101876312282465,0.260163147067738,0.2177304116442434,55.0,60.0
152,DE,315189,DEERE & CO,3523,Farm Machinery & Equipment,10-K,2025-12-18,2025-11-02,2025-12-18 13:15:12+00:00,0001104659-25-122321,https://www.sec.gov/Archives/edgar/data/315189/000110465925122321/de-20251102x10k.htm,29396,3299,data/interim/text/000110465925122321.txt.gz,110465925122321,2025Q4,2025-12-18 08:15:12-05:00,2025-12-18,2025-12-18,2025-12-18,2025-12-17,476.7083740234375,1330,68,0.024255000680364677,139.85028845689556,0.006531500884474078,34.327037718692644,0.018641992107769765,24.641051511839652,0.23130576535567407,0.37310746341491396,55.0,60.0
153,HON,773840,HONEYWELL INTERNATIONAL INC,3724,Aircraft Engines & Engine Parts,10-K,2021-02-12,2020-12-31,2021-02-12 19:31:39+00:00,0000773840-21-000015,https://www.sec.gov/Archives/edgar/data/773840/000077384021000015/hon-20201231.htm,28162,3003,data/interim/text/000077384021000015.txt.gz,77384021000015,2021Q1,2021-02-12 14:31:39-05:00,2021-02-12,2021-02-12,2021-02-12,2021-02-11,178.06478881835938,112,1286,0.020417583978410623,102.6243047584382,0.006285064981180314,27.727462014941203,0.016298558341026916,19.61124365193393,0.20964218295708767,0.21046848842168137,55.0,60.0
154,HON,773840,HONEYWELL INTERNATIONAL INC,3724,Aircraft Engines & Engine Parts,10-Q,2021-04-23,2021-03-31,2021-04-23 13:10:16+00:00,0000773840-21-000032,https://www.sec.gov/Archives/edgar/data/773840/000077384021000032/hon-20210331.htm,6707,1069,data/interim/text/000077384021000032.txt.gz,77384021000032,2021Q2,2021-04-23 09:10:16-04:00,2021-04-23,2021-04-23,2021-04-23,2021-04-22,202.8085479736328,160,1238,0.009094975398837036,7.8172312464846065,0.006113016251677352,4.798669587061323,0.007603995825257194,4.033851457568878,0.20573211143962544,0.224512867669558,55.0,60.0
155,HON,773840,HONEYWELL INTERNATIONAL INC,3724,Aircraft Engines & Engine Parts,10-Q,2021-07-23,2021-06-30,2021-07-23 13:09:25+00:00,0000773840-21-000057,https://www.sec.gov/Archives/edgar/data/773840/000077384021000057/hon-20210630.htm,7996,1060,data/interim/text/000077384021000057.txt.gz,77384021000057,2021Q3,2021-07-23 09:09:25-04:00,2021-07-23,2021-07-23,2021-07-23,2021-07-22,206.7608795166016,223,1175,0.008629314657328664,8.59550307339229,0.009504752376188095,6.504070181961131,0.007503751875937969,4.038020480759321,0.19221121580521547,0.1357066580438559,55.0,60.0
156,HON,773840,HONEYWELL INTERNATIONAL INC,3724,Aircraft Engines & Engine Parts,10-Q,2021-10-22,2021-09-30,2021-10-22 12:31:29+00:00,0000773840-21-000065,https://www.sec.gov/Archives/edgar/data/773840/000077384021000065/hon-20210930.htm,8421,1147,data/interim/text/000077384021000065.txt.gz,77384021000065,2021Q4,2021-10-22 08:31:29-04:00,2021-10-22,2021-10-22,2021-10-22,2021-10-21,200.25372314453125,287,1111,0.008787554922218263,12.197222961822254,0.009025056406602542,6.054204222197607,0.008668804180026125,4.147517930909952,0.1378207899624865,0.18831904915472272,55.0,60.0
157,HON,773840,HONEYWELL INTERNATIONAL INC,3724,Aircraft Engines & Engine Parts,10-K,2022-02-11,2021-12-31,2022-02-11 17:37:32+00:00,0000773840-22-000018,https://www.sec.gov/Archives/edgar/data/773840/000077384022000018/hon-20211231.htm,28706,3009,data/interim/text/000077384022000018.txt.gz,77384022000018,2022Q1,2022-02-11 12:37:32-05:00,2022-02-11,2022-02-11,2022-02-11,2022-02-10,171.7646026611328,364,1034,0.019542952692816834,98.30126366210118,0.007280707865951369,30.767068003542356,0.016233540026475302,19.574489884617954,0.24816883420002508,0.25920031833828594,55.0,60.0
158,HON,773840,HONEYWELL INTERNATIONAL INC,3724,Aircraft Engines & Engine Parts,10-Q,2022-04-29,2022-03-31,2022-04-29 13:03:57+00:00,0000773840-22-000037,https://www.sec.gov/Archives/edgar/data/773840/000077384022000037/hon-20220331.htm,7763,1262,data/interim/text/000077384022000037.txt.gz,77384022000037,2022Q2,2022-04-29 09:03:57-04:00,2022-04-29,2022-04-29,2022-04-29,2022-04-28,171.0620880126953,417,981,0.016359654772639443,20.37965113868058,0.007471338400103053,5.780032743017465,0.010305294344969728,3.3573245420643447,0.2819326750444525,0.24596550444305496,55.0,60.0
159,HON,773840,HONEYWELL INTERNATIONAL INC,3724,Aircraft Engines & Engine Parts,10-Q,2022-07-28,2022-06-30,2022-07-28 13:16:12+00:00,0000773840-22-000054,https://www.sec.gov/Archives/edgar/data/773840/000077384022000054/hon-20220630.htm,9275,1279,data/interim/text/000077384022000054.txt.gz,77384022000054,2022Q3,2022-07-28 09:16:12-04:00,2022-07-28,2022-07-28,2022-07-28,2022-07-27,166.27227783203125,478,920,0.01660377358490566,18.11464830393785,0.008948787061994609,5.620010530042142,0.009595687331536389,3.763978657663834,0.2613301743818821,0.2529999104380645,55.0,60.0
160,HON,773840,HONEYWELL INTERNATIONAL INC,3724,Aircraft Engines & Engine Parts,10-Q,2022-10-27,2022-09-30,2022-10-27 13:09:11+00:00,0000773840-22-000071,https://www.sec.gov/Archives/edgar/data/773840/000077384022000071/hon-20220930.htm,9603,1329,data/interim/text/000077384022000071.txt.gz,77384022000071,2022Q4,2022-10-27 09:09:11-04:00,2022-10-27,2022-10-27,2022-10-27,2022-10-26,173.1166534423828,542,856,0.016765594085181714,17.71148227730098,0.009059668853483286,6.1234781524197475,0.009892741851504738,4.768471871800161,0.24914853377485996,0.2116712895666235,55.0,60.0
161,HON,773840,HONEYWELL INTERNATIONAL INC,3724,Aircraft Engines & Engine Parts,10-K,2023-02-10,2022-12-31,2023-02-10 19:09:31+00:00,0000773840-23-000013,https://www.sec.gov/Archives/edgar/data/773840/000077384023000013/hon-20221231.htm,29141,3032,data/interim/text/000077384023000013.txt.gz,77384023000013,2023Q1,2023-02-10 14:09:31-05:00,2023-02-10,2023-02-10,2023-02-10,2023-02-09,182.1474456787109,614,784,0.019251226793864314,88.27590539588871,0.007172025668302392,30.010323725505263,0.016265742424762364,17.863996218822685,0.20186857553312407,0.184706121072286,55.0,60.0
162,HON,773840,HONEYWELL INTERNATIONAL INC,3724,Aircraft Engines & Engine Parts,10-Q,2023-04-27,2023-03-31,2023-04-27 13:09:13+00:00,0000773840-23-000038,https://www.sec.gov/Archives/edgar/data/773840/000077384023000038/hon-20230331.htm,6733,1133,data/interim/text/000077384023000038.txt.gz,77384023000038,2023Q2,2023-04-27 09:09:13-04:00,2023-04-27,2023-04-27,2023-04-27,2023-04-26,175.4649658203125,666,732,0.008168721223822962,9.171537377813912,0.004901232734293777,5.985843014260858,0.008465765631961978,3.3586682477543723,0.17763621067822308,0.19608628571950087,55.0,60.0
163,HON,773840,HONEYWELL INTERNATIONAL INC,3724,Aircraft Engines & Engine Parts,10-Q,2023-07-27,2023-06-30,2023-07-27 13:02:54+00:00,0000773840-23-000073,https://www.sec.gov/Archives/edgar/data/773840/000077384023000073/hon-20230630.htm,7317,1117,data/interim/text/000077384023000073.txt.gz,77384023000073,2023Q3,2023-07-27 09:02:54-04:00,2023-07-27,2023-07-27,2023-07-27,2023-07-26,192.42564392089844,728,670,0.008336750034167008,9.770794525476774,0.005056717233839005,6.159535546538475,0.00943009430094301,3.4237671779317624,0.16141013381165278,0.15308267157104863,55.0,60.0
164,HON,773840,HONEYWELL INTERNATIONAL INC,3724,Aircraft Engines & Engine Parts,10-Q,2023-10-26,2023-09-30,2023-10-26 13:15:45+00:00,0000773840-23-000085,https://www.sec.gov/Archives/edgar/data/773840/000077384023000085/hon-20230930.htm,7590,1129,data/interim/text/000077384023000085.txt.gz,77384023000085,2023Q4,2023-10-26 09:15:45-04:00,2023-10-26,2023-10-26,2023-10-26,2023-10-25,165.4500274658203,792,606,0.007773386034255599,9.885829769878066,0.0044795783926218705,5.6180801063305115,0.010144927536231883,3.495499197260261,0.15398519722828988,0.14170458631423294,55.0,60.0
165,HON,773840,HONEYWELL INTERNATIONAL INC,3724,Aircraft Engines & Engine Parts,10-K,2024-02-16,2023-12-31,2024-02-16 18:40:36+00:00,0000773840-24-000014,https://www.sec.gov/Archives/edgar/data/773840/000077384024000014/hon-20231231.htm,30846,3192,data/interim/text/000077384024000014.txt.gz,77384024000014,2024Q1,2024-02-16 13:40:36-05:00,2024-02-16,2024-02-16,2024-02-16,2024-02-15,184.9825592041016,869,529,0.018640990728133307,98.29604948432326,0.0065810802048888025,24.337074365609226,0.01705245412695325,20.04421571073193,0.15298149501760705,0.14605480564651485,55.0,60.0
166,HON,773840,HONEYWELL INTERNATIONAL INC,3724,Aircraft Engines & Engine Parts,10-Q,2024-04-25,2024-03-31,2024-04-25 13:42:46+00:00,0000773840-24-000051,https://www.sec.gov/Archives/edgar/data/773840/000077384024000051/hon-20240331.htm,6680,1126,data/interim/text/000077384024000051.txt.gz,77384024000051,2024Q2,2024-04-25 09:42:46-04:00,2024-04-25,2024-04-25,2024-04-25,2024-04-24,183.03012084960932,916,482,0.008383233532934131,9.253013130113935,0.004041916167664671,6.179946441727496,0.009281437125748504,3.98699189399726,0.16283413558793194,0.18043850026458275,55.0,60.0
167,HON,773840,HONEYWELL INTERNATIONAL INC,3724,Aircraft Engines & Engine Parts,10-Q,2024-07-25,2024-06-30,2024-07-25 13:38:50+00:00,0000773840-24-000082,https://www.sec.gov/Archives/edgar/data/773840/000077384024000082/hon-20240630.htm,8167,1209,data/interim/text/000077384024000082.txt.gz,77384024000082,2024Q3,2024-07-25 09:38:50-04:00,2024-07-25,2024-07-25,2024-07-25,2024-07-24,201.8143920898437,978,420,0.009060854658993511,10.962291347093881,0.003061099546957267,4.55136573763934,0.013101506060977102,4.585611835491068,0.13444253248559268,0.14879120912976507,55.0,60.0
168,HON,773840,HONEYWELL INTERNATIONAL INC,3724,Aircraft Engines & Engine Parts,10-Q,2024-10-24,2024-09-30,2024-10-24 13:37:57+00:00,0000773840-24-000099,https://www.sec.gov/Archives/edgar/data/773840/000077384024000099/hon-20240930.htm,8834,1248,data/interim/text/000077384024000099.txt.gz,77384024000099,2024Q4,2024-10-24 09:37:57-04:00,2024-10-24,2024-10-24,2024-10-24,2024-10-23,209.27264404296875,1042,356,0.010640706361784016,10.816915642093996,0.00350916911931175,5.200784267777768,0.013583880461851936,5.152132965347256,0.1520695295191663,0.21574304121157836,55.0,60.0
169,HON,773840,HONEYWELL INTERNATIONAL INC,3724,Aircraft Engines & Engine Parts,10-K,2025-02-14,2024-12-31,2025-02-14 19:50:25+00:00,0000773840-25-000010,https://www.sec.gov/Archives/edgar/data/773840/000077384025000010/hon-20241231.htm,30489,3066,data/interim/text/000077384025000010.txt.gz,77384025000010,2025Q1,2025-02-14 14:50:25-05:00,2025-02-14,2025-02-14,2025-02-14,2025-02-13,195.9193572998047,1118,280,0.019088851717012693,94.78807833367932,0.005936567286562367,26.066123065898164,0.017153727573879105,19.757420932882866,0.21691453082658121,0.34970106667646134,55.0,60.0
170,HON,773840,HONEYWELL INTERNATIONAL INC,3724,Aircraft Engines & Engine Parts,10-Q,2025-04-29,2025-03-31,2025-04-29 13:46:21+00:00,0000773840-25-000037,https://www.sec.gov/Archives/edgar/data/773840/000077384025000037/hon-20250331.htm,8084,1292,data/interim/text/000077384025000037.txt.gz,77384025000037,2025Q2,2025-04-29 09:46:21-04:00,2025-04-29,2025-04-29,2025-04-29,2025-04-28,192.5443572998047,1168,230,0.011999010390895596,16.70241175233842,0.004453240969816922,7.90298724413954,0.012122711528946067,2.9462731563024978,0.3544565611770876,0.21045180393831636,55.0,60.0
171,HON,773840,HONEYWELL INTERNATIONAL INC,3724,Aircraft Engines & Engine Parts,10-Q,2025-07-24,2025-06-30,2025-07-24 13:38:39+00:00,0000773840-25-000064,https://www.sec.gov/Archives/edgar/data/773840/000077384025000064/hon-20250630.htm,8698,1251,data/interim/text/000077384025000064.txt.gz,77384025000064,2025Q3,2025-07-24 09:38:39-04:00,2025-07-24,2025-07-24,2025-07-24,2025-07-23,230.76583862304688,1227,171,0.008277765003449069,11.446481598860759,0.003793975626580823,6.289088594250845,0.010232237295930098,2.205409031201113,0.20141788806972133,0.1694173593486296,55.0,60.0
172,HON,773840,HONEYWELL INTERNATIONAL INC,3724,Aircraft Engines & Engine Parts,10-Q,2025-10-23,2025-09-30,2025-10-23 13:35:09+00:00,0000773840-25-000105,https://www.sec.gov/Archives/edgar/data/773840/000077384025000105/hon-20250930.htm,9513,1345,data/interim/text/000077384025000105.txt.gz,77384025000105,2025Q4,2025-10-23 09:35:09-04:00,2025-10-23,2025-10-23,2025-10-23,2025-10-22,200.3039703369141,1291,107,0.01261431725007884,20.834206226068833,0.0042047724166929465,6.723724849177166,0.011563124145905603,2.4922081036468136,0.16818175955260548,0.19285813950168376,55.0,60.0
173,TRMB,864749,TRIMBLE INC.,3829,"Measuring & Controlling Devices, NEC",10-K,2021-02-26,2021-01-01,2021-02-26 21:47:39+00:00,0000864749-21-000029,https://www.sec.gov/Archives/edgar/data/864749/000086474921000029/trmb-20210101.htm,30684,3387,data/interim/text/000086474921000029.txt.gz,86474921000029,2021Q1,2021-02-26 16:47:39-05:00,2021-02-27,2021-02-27,2021-03-01,2021-02-26,74.13999938964844,122,1276,0.018478685960109504,97.489273613628,0.008603832616347283,34.499291522165834,0.01991265806283405,17.65371032392653,0.2785031828797666,0.3342880828353015,55.0,60.0
174,TRMB,864749,TRIMBLE INC.,3829,"Measuring & Controlling Devices, NEC",10-Q,2021-05-07,2021-04-02,2021-05-07 20:39:07+00:00,0000864749-21-000050,https://www.sec.gov/Archives/edgar/data/864749/000086474921000050/trmb-20210402.htm,7533,1162,data/interim/text/000086474921000050.txt.gz,86474921000050,2021Q2,2021-05-07 16:39:07-04:00,2021-05-08,2021-05-08,2021-05-10,2021-05-07,79.33000183105469,171,1227,0.011283685118810567,13.031444844108904,0.005177220230983672,4.79833461535463,0.01725740076994557,6.549177711608069,0.3460067763705398,0.19283473630575976,55.0,60.0
175,TRMB,864749,TRIMBLE INC.,3829,"Measuring & Controlling Devices, NEC",10-Q,2021-08-09,2021-07-02,2021-08-06 22:28:20+00:00,0000864749-21-000109,https://www.sec.gov/Archives/edgar/data/864749/000086474921000109/trmb-20210702.htm,7580,1186,data/interim/text/000086474921000109.txt.gz,86474921000109,2021Q3,2021-08-06 18:28:20-04:00,2021-08-07,2021-08-09,2021-08-09,2021-08-06,89.36000061035156,234,1164,0.009102902374670185,13.178511153528174,0.007519788918205805,7.193791307926243,0.01569920844327177,7.575789878615635,0.19071721846160428,0.21620552464527137,55.0,60.0
176,TRMB,864749,TRIMBLE INC.,3829,"Measuring & Controlling Devices, NEC",10-Q,2021-11-04,2021-10-01,2021-11-03 22:23:50+00:00,0000864749-21-000137,https://www.sec.gov/Archives/edgar/data/864749/000086474921000137/trmb-20211001.htm,7510,1198,data/interim/text/000086474921000137.txt.gz,86474921000137,2021Q4,2021-11-03 18:23:50-04:00,2021-11-04,2021-11-04,2021-11-04,2021-11-03,88.12999725341797,296,1102,0.009720372836218375,13.003593405417188,0.007057256990679095,6.595723684411305,0.015978695073235686,7.138405182548232,0.21514965491792454,0.346156775291762,55.0,60.0
177,TRMB,864749,TRIMBLE INC.,3829,"Measuring & Controlling Devices, NEC",10-K,2022-02-23,2021-12-31,2022-02-23 01:13:12+00:00,0000864749-22-000044,https://www.sec.gov/Archives/edgar/data/864749/000086474922000044/trmb-20211231.htm,30908,3585,data/interim/text/000086474922000044.txt.gz,86474922000044,2022Q1,2022-02-22 20:13:12-05:00,2022-02-23,2022-02-23,2022-02-23,2022-02-22,67.06999969482422,371,1027,0.018733014106380227,110.52010694662611,0.010385660670376601,46.801549827207324,0.018247702860100946,20.84722755670503,0.36107773219355865,0.4256130812447253,55.0,60.0
178,TRMB,864749,TRIMBLE INC.,3829,"Measuring & Controlling Devices, NEC",10-Q,2022-05-05,2022-04-01,2022-05-05 20:33:19+00:00,0000864749-22-000088,https://www.sec.gov/Archives/edgar/data/864749/000086474922000088/trmb-20220401.htm,6920,1219,data/interim/text/000086474922000088.txt.gz,86474922000088,2022Q2,2022-05-05 16:33:19-04:00,2022-05-06,2022-05-06,2022-05-06,2022-05-05,63.27000045776367,422,976,0.013728323699421965,19.05023059452224,0.00476878612716763,4.208744398922106,0.01705202312138728,6.6012515179845215,0.38747645611560083,0.3846266891009722,55.0,60.0
179,TRMB,864749,TRIMBLE INC.,3829,"Measuring & Controlling Devices, NEC",10-Q,2022-08-05,2022-07-01,2022-08-05 20:47:47+00:00,0000864749-22-000162,https://www.sec.gov/Archives/edgar/data/864749/000086474922000162/trmb-20220701.htm,7124,1150,data/interim/text/000086474922000162.txt.gz,86474922000162,2022Q3,2022-08-05 16:47:47-04:00,2022-08-06,2022-08-06,2022-08-08,2022-08-05,68.0999984741211,485,913,0.01501965188096575,15.954180607464686,0.005614823133071308,5.890313812779039,0.012633352049410443,7.741303330385772,0.3921503080139997,0.43642340778938365,55.0,60.0
180,TRMB,864749,TRIMBLE INC.,3829,"Measuring & Controlling Devices, NEC",10-Q,2022-11-02,2022-09-30,2022-11-02 21:06:34+00:00,0000864749-22-000187,https://www.sec.gov/Archives/edgar/data/864749/000086474922000187/trmb-20220930.htm,7596,1198,data/interim/text/000086474922000187.txt.gz,86474922000187,2022Q4,2022-11-02 17:06:34-04:00,2022-11-03,2022-11-03,2022-11-03,2022-11-02,53.650001525878906,547,851,0.01724591890468668,20.30040712844319,0.006055818852027383,8.17985808319901,0.012111637704054766,7.321942173138335,0.386207116809151,0.4094863919005091,55.0,60.0
181,TRMB,864749,TRIMBLE INC.,3829,"Measuring & Controlling Devices, NEC",10-K,2023-02-17,2022-12-30,2023-02-17 21:55:04+00:00,0000864749-23-000012,https://www.sec.gov/Archives/edgar/data/864749/000086474923000012/trmb-20221230.htm,33434,3699,data/interim/text/000086474923000012.txt.gz,86474923000012,2023Q1,2023-02-17 16:55:04-05:00,2023-02-18,2023-02-18,2023-02-21,2023-02-17,55.20000076293945,620,778,0.020218938804809475,118.89016765341961,0.010348746784710176,45.51491300643555,0.018095352036848717,19.714105932701994,0.3737847948821531,0.27099886110341664,55.0,60.0
182,TRMB,864749,TRIMBLE INC.,3829,"Measuring & Controlling Devices, NEC",10-Q,2023-05-03,2023-03-31,2023-05-03 20:39:35+00:00,0000864749-23-000077,https://www.sec.gov/Archives/edgar/data/864749/000086474923000077/trmb-20230331.htm,6828,1195,data/interim/text/000086474923000077.txt.gz,86474923000077,2023Q2,2023-05-03 16:39:35-04:00,2023-05-04,2023-05-04,2023-05-04,2023-05-03,47.40999984741211,671,727,0.013034563561804335,17.98231230286231,0.006004686584651435,6.914068909036685,0.015231400117164616,7.572877004043624,0.29417636630359734,0.2588572901303527,55.0,60.0
183,TRMB,864749,TRIMBLE INC.,3829,"Measuring & Controlling Devices, NEC",10-Q,2023-08-04,2023-06-30,2023-08-04 20:45:46+00:00,0000864749-23-000173,https://www.sec.gov/Archives/edgar/data/864749/000086474923000173/trmb-20230630.htm,6887,1167,data/interim/text/000086474923000173.txt.gz,86474923000173,2023Q3,2023-08-04 16:45:46-04:00,2023-08-05,2023-08-05,2023-08-07,2023-08-04,55.77000045776367,735,663,0.012051691592856106,17.37485876619392,0.006534049658777407,5.586429453689157,0.014520110352838681,7.31989987641315,0.2610116897741777,0.39155023424661267,55.0,60.0
184,TRMB,864749,TRIMBLE INC.,3829,"Measuring & Controlling Devices, NEC",10-Q,2023-11-03,2023-09-29,2023-11-03 20:14:30+00:00,0000864749-23-000191,https://www.sec.gov/Archives/edgar/data/864749/000086474923000191/trmb-20230929.htm,7851,1282,data/interim/text/000086474923000191.txt.gz,86474923000191,2023Q4,2023-11-03 16:14:30-04:00,2023-11-04,2023-11-04,2023-11-06,2023-11-03,42.40999984741211,799,599,0.013628837090816456,20.465130134197214,0.006878104700038212,6.819971171696974,0.016048910966755828,8.107535308337454,0.29191219651334577,0.27358283136778083,55.0,60.0
185,TRMB,864749,TRIMBLE INC.,3829,"Measuring & Controlling Devices, NEC",10-K,2024-02-26,2023-12-29,2024-02-26 21:35:46+00:00,0000864749-24-000047,https://www.sec.gov/Archives/edgar/data/864749/000086474924000047/trmb-20231229.htm,32429,3583,data/interim/text/000086474924000047.txt.gz,86474924000047,2024Q1,2024-02-26 16:35:46-05:00,2024-02-27,2024-02-27,2024-02-27,2024-02-26,61.810001373291016,875,523,0.021585617811218354,117.40076703339457,0.010083567177526289,42.98255371840238,0.019642912208208702,21.64895908478584,0.28819350142653904,0.23015509492051558,55.0,60.0
186,TRMB,864749,TRIMBLE INC.,3829,"Measuring & Controlling Devices, NEC",10-Q,2025-01-16,2024-03-29,2025-01-16 02:47:14+00:00,0000864749-25-000012,https://www.sec.gov/Archives/edgar/data/864749/000086474925000012/trmb-20240329.htm,7205,1225,data/interim/text/000086474925000012.txt.gz,86474925000012,2025Q1,2025-01-15 21:47:14-05:00,2025-01-16,2025-01-16,2025-01-16,2025-01-15,72.72000122070312,1098,300,0.014712005551700208,15.979638192804092,0.005135322692574601,4.728063770168098,0.014989590562109646,6.401441238265207,0.41899600437441004,0.4300349427277239,55.0,60.0
187,TRMB,864749,TRIMBLE INC.,3829,"Measuring & Controlling Devices, NEC",10-K,2025-04-25,2025-01-03,2025-04-25 19:04:22+00:00,0000864749-25-000090,https://www.sec.gov/Archives/edgar/data/864749/000086474925000090/trmb-20250103.htm,31583,3424,data/interim/text/000086474925000090.txt.gz,86474925000090,2025Q2,2025-04-25 15:04:22-04:00,2025-04-25,2025-04-25,2025-04-25,2025-04-24,61.650001525878906,1166,232,0.023810277681030934,117.96756134632312,0.011240224171231359,45.218687824965855,0.018712598549852768,19.085633479992957,0.4480065091040961,0.19822290254314193,55.0,60.0
188,TRMB,864749,TRIMBLE INC.,3829,"Measuring & Controlling Devices, NEC",10-Q,2025-08-06,2025-07-04,2025-08-06 20:37:19+00:00,0000864749-25-000245,https://www.sec.gov/Archives/edgar/data/864749/000086474925000245/trmb-20250704.htm,7604,1240,data/interim/text/000086474925000245.txt.gz,86474925000245,2025Q3,2025-08-06 16:37:19-04:00,2025-08-07,2025-08-07,2025-08-07,2025-08-06,84.12999725341797,1237,161,0.01657022619673856,16.69820159124491,0.0061809573908469225,7.890981514706916,0.01459758022093635,8.63588809117563,0.16867038087507738,0.24782041550964687,55.0,60.0
189,TRMB,864749,TRIMBLE INC.,3829,"Measuring & Controlling Devices, NEC",10-Q,2025-11-05,2025-10-03,2025-11-05 22:26:26+00:00,0000864749-25-000286,https://www.sec.gov/Archives/edgar/data/864749/000086474925000286/trmb-20251003.htm,7642,1239,data/interim/text/000086474925000286.txt.gz,86474925000286,2025Q4,2025-11-05 17:26:26-05:00,2025-11-06,2025-11-06,2025-11-06,2025-11-05,80.56999969482422,1301,97,0.017403820989269826,19.57881609252938,0.00654278984559016,8.290516316425743,0.014263281863386547,6.763452646263331,0.25013712451840286,0.3313456475910455,55.0,60.0
190,IONS,874015,IONIS PHARMACEUTICALS INC,2834,Pharmaceutical Preparations,10-K,2021-02-24,2020-12-31,2021-02-24 20:34:10+00:00,0000874015-21-000056,https://www.sec.gov/Archives/edgar/data/874015/000087401521000056/form10k.htm,53280,4302,data/interim/text/000087401521000056.txt.gz,87401521000056,2021Q1,2021-02-24 15:34:10-05:00,2021-02-24,2021-02-24,2021-02-24,2021-02-23,56.04999923706055,119,1279,0.016516516516516516,148.0651266391211,0.010172672672672673,61.48953634391793,0.014358108108108109,25.345558535228168,0.43646797325531456,0.5926361424962712,55.0,60.0
191,IONS,874015,IONIS PHARMACEUTICALS INC,2834,Pharmaceutical Preparations,10-Q,2021-05-05,2021-03-31,2021-05-05 18:58:30+00:00,0000874015-21-000074,https://www.sec.gov/Archives/edgar/data/874015/000087401521000074/form10q.htm,20315,2489,data/interim/text/000087401521000074.txt.gz,87401521000074,2021Q2,2021-05-05 14:58:30-04:00,2021-05-05,2021-05-05,2021-05-05,2021-05-04,41.97999954223633,168,1230,0.024612355402412012,85.76425640767448,0.008122077282795964,23.458586297933934,0.024415456559192715,12.246114496220061,0.6015073279932225,0.32744744993767816,55.0,60.0
192,IONS,874015,IONIS PHARMACEUTICALS INC,2834,Pharmaceutical Preparations,10-Q,2021-08-04,2021-06-30,2021-08-04 19:20:09+00:00,0000874015-21-000144,https://www.sec.gov/Archives/edgar/data/874015/000087401521000144/form10q.htm,20799,2493,data/interim/text/000087401521000144.txt.gz,87401521000144,2021Q3,2021-08-04 15:20:09-04:00,2021-08-04,2021-08-04,2021-08-04,2021-08-03,37.810001373291016,231,1167,0.02384730035097841,81.59417008081317,0.008846579162459733,22.95438124080445,0.023799221116399826,12.150108944376116,0.32542777715940757,0.42904623729475183,55.0,60.0
193,IONS,874015,IONIS PHARMACEUTICALS INC,2834,Pharmaceutical Preparations,10-Q,2021-11-03,2021-09-30,2021-11-03 19:37:03+00:00,0000874015-21-000166,https://www.sec.gov/Archives/edgar/data/874015/000087401521000166/form10q.htm,21234,2553,data/interim/text/000087401521000166.txt.gz,87401521000166,2021Q4,2021-11-03 15:37:03-04:00,2021-11-03,2021-11-03,2021-11-03,2021-11-02,32.970001220703125,295,1103,0.023264575680512385,82.76162645550728,0.00913629085429029,25.013171264036878,0.023405858528774606,12.827342109002966,0.42383716667936666,0.5466635595881254,55.0,60.0
194,IONS,874015,IONIS PHARMACEUTICALS INC,2834,Pharmaceutical Preparations,10-K,2022-02-25,2021-12-31,2022-02-24 22:38:52+00:00,0000874015-22-000079,https://www.sec.gov/Archives/edgar/data/874015/000087401522000079/form10k.htm,53377,4368,data/interim/text/000087401522000079.txt.gz,87401522000079,2022Q1,2022-02-24 17:38:52-05:00,2022-02-25,2022-02-25,2022-02-25,2022-02-24,32.4900016784668,373,1025,0.016804990913689418,145.05237314903712,0.010603818123911047,56.526477288140825,0.01440695430616183,28.264977524566454,0.554848306231278,0.5401736922223501,55.0,60.0
195,IONS,874015,IONIS PHARMACEUTICALS INC,2834,Pharmaceutical Preparations,10-Q,2022-05-04,2022-03-31,2022-05-04 21:11:19+00:00,0000874015-22-000104,https://www.sec.gov/Archives/edgar/data/874015/000087401522000104/form10q.htm,20930,2574,data/interim/text/000087401522000104.txt.gz,87401522000104,2022Q2,2022-05-04 17:11:19-04:00,2022-05-05,2022-05-05,2022-05-05,2022-05-04,39.58000183105469,421,977,0.023315814620162446,88.66193873809743,0.009794553272814142,26.021205237063366,0.02259913999044434,12.142872519413514,0.3958578977971209,0.4932669753399556,55.0,60.0
196,IONS,874015,IONIS PHARMACEUTICALS INC,2834,Pharmaceutical Preparations,10-Q,2022-08-09,2022-06-30,2022-08-09 19:56:06+00:00,0000874015-22-000148,https://www.sec.gov/Archives/edgar/data/874015/000087401522000148/form10q.htm,21840,2616,data/interim/text/000087401522000148.txt.gz,87401522000148,2022Q3,2022-08-09 15:56:06-04:00,2022-08-09,2022-08-09,2022-08-09,2022-08-08,45.709999084472656,486,912,0.024175824175824177,94.46443369427834,0.00934065934065934,27.877299450320507,0.021794871794871794,12.156852813590763,0.43371283375520886,0.3638174030494573,55.0,60.0
197,IONS,874015,IONIS PHARMACEUTICALS INC,2834,Pharmaceutical Preparations,10-Q,2022-11-09,2022-09-30,2022-11-09 19:38:31+00:00,0000874015-22-000168,https://www.sec.gov/Archives/edgar/data/874015/000087401522000168/form10q.htm,21914,2652,data/interim/text/000087401522000168.txt.gz,87401522000168,2022Q4,2022-11-09 14:38:31-05:00,2022-11-09,2022-11-09,2022-11-09,2022-11-08,42.25,551,847,0.024048553436159532,95.9158771359174,0.009126585744273068,27.201669855851154,0.021675641142648534,12.342902432474828,0.35208010065828443,0.34591718711566755,55.0,60.0
198,IONS,874015,IONIS PHARMACEUTICALS INC,2834,Pharmaceutical Preparations,10-K,2023-02-22,2022-12-31,2023-02-22 21:39:54+00:00,0000874015-23-000105,https://www.sec.gov/Archives/edgar/data/874015/000087401523000105/form10k.htm,50149,4150,data/interim/text/000087401523000105.txt.gz,87401523000105,2023Q1,2023-02-22 16:39:54-05:00,2023-02-23,2023-02-23,2023-02-23,2023-02-22,36.79999923706055,622,776,0.01589263993299966,127.40385509888999,0.010827733354603282,57.24610521422616,0.014576561845699814,25.338851780342882,0.3568147287166492,0.33705617952753747,55.0,60.0
199,IONS,874015,IONIS PHARMACEUTICALS INC,2834,Pharmaceutical Preparations,10-Q,2023-05-03,2023-03-31,2023-05-03 20:28:20+00:00,0000874015-23-000136,https://www.sec.gov/Archives/edgar/data/874015/000087401523000136/form10q.htm,19027,2389,data/interim/text/000087401523000136.txt.gz,87401523000136,2023Q2,2023-05-03 16:28:20-04:00,2023-05-04,2023-05-04,2023-05-04,2023-05-03,34.72999954223633,671,727,0.021443212277290166,66.67147371878133,0.00972302517475167,24.399885391659673,0.02301991906238503,10.000955116197964,0.30436740203658474,0.3896997097152427,55.0,60.0
200,IONS,874015,IONIS PHARMACEUTICALS INC,2834,Pharmaceutical Preparations,10-Q,2023-08-09,2023-06-30,2023-08-09 17:50:14+00:00,0000874015-23-000186,https://www.sec.gov/Archives/edgar/data/874015/000087401523000186/form10q.htm,19725,2431,data/interim/text/000087401523000186.txt.gz,87401523000186,2023Q3,2023-08-09 13:50:14-04:00,2023-08-09,2023-08-09,2023-08-09,2023-08-08,39.54999923706055,737,661,0.02164765525982256,68.82253345340158,0.010038022813688213,24.80209959943944,0.0223574144486692,10.247609277705433,0.3996575651914617,0.40929870336639396,55.0,60.0
201,IONS,874015,IONIS PHARMACEUTICALS INC,2834,Pharmaceutical Preparations,10-Q,2023-11-02,2023-09-30,2023-11-02 18:43:27+00:00,0000874015-23-000209,https://www.sec.gov/Archives/edgar/data/874015/000087401523000209/form10q.htm,19933,2427,data/interim/text/000087401523000209.txt.gz,87401523000209,2023Q4,2023-11-02 14:43:27-04:00,2023-11-02,2023-11-02,2023-11-02,2023-11-01,45.2599983215332,797,601,0.021622435157778556,68.2704987117851,0.009883108413184167,24.62149890602756,0.02207394772487834,9.913913766335524,0.3655819367064607,0.31166631754040885,55.0,60.0
202,IONS,874015,IONIS PHARMACEUTICALS INC,2834,Pharmaceutical Preparations,10-K,2024-02-21,2023-12-31,2024-02-21 21:38:27+00:00,0000874015-24-000116,https://www.sec.gov/Archives/edgar/data/874015/000087401524000116/form10k.htm,54050,4329,data/interim/text/000087401524000116.txt.gz,87401524000116,2024Q1,2024-02-21 16:38:27-05:00,2024-02-22,2024-02-22,2024-02-22,2024-02-21,43.52999877929688,872,526,0.015337650323774283,136.3036859101126,0.010619796484736356,56.07827081167021,0.014283071230342276,27.37191684186089,0.31489129200965527,0.27891011993945375,55.0,60.0
203,IONS,874015,IONIS PHARMACEUTICALS INC,2834,Pharmaceutical Preparations,10-Q,2024-05-07,2024-03-31,2024-05-07 19:55:10+00:00,0000874015-24-000142,https://www.sec.gov/Archives/edgar/data/874015/000087401524000142/form10q.htm,19348,2484,data/interim/text/000087401524000142.txt.gz,87401524000142,2024Q2,2024-05-07 15:55:10-04:00,2024-05-07,2024-05-07,2024-05-07,2024-05-06,42.27999877929688,924,474,0.021500930328716146,72.27579504973029,0.0098718213768865,26.514841264767302,0.022741368616911308,9.72214503073428,0.30352867396623145,0.4036097549738446,55.0,60.0
204,IONS,874015,IONIS PHARMACEUTICALS INC,2834,Pharmaceutical Preparations,10-Q,2024-08-01,2024-06-30,2024-08-01 20:57:19+00:00,0000874015-24-000187,https://www.sec.gov/Archives/edgar/data/874015/000087401524000187/form10q.htm,19583,2502,data/interim/text/000087401524000187.txt.gz,87401524000187,2024Q3,2024-08-01 16:57:19-04:00,2024-08-02,2024-08-02,2024-08-02,2024-08-01,51.31999969482422,984,414,0.02160036766583261,72.50132779588759,0.010161875095746311,27.12637537641345,0.0225195322473574,9.959358174586136,0.39716594071563227,0.3892374904070003,55.0,60.0
205,IONS,874015,IONIS PHARMACEUTICALS INC,2834,Pharmaceutical Preparations,10-Q,2024-11-06,2024-09-30,2024-11-06 21:06:54+00:00,0000874015-24-000232,https://www.sec.gov/Archives/edgar/data/874015/000087401524000232/form10q.htm,19937,2514,data/interim/text/000087401524000232.txt.gz,87401524000232,2024Q4,2024-11-06 16:06:54-05:00,2024-11-07,2024-11-07,2024-11-07,2024-11-06,39.040000915527344,1052,346,0.02116667502633295,72.03538340864058,0.010131915533931885,27.342742074973096,0.022219992977880323,9.926528190706303,0.4000298271439283,0.4360037491656311,55.0,60.0
206,IONS,874015,IONIS PHARMACEUTICALS INC,2834,Pharmaceutical Preparations,10-K,2025-02-19,2024-12-31,2025-02-19 21:06:39+00:00,0000874015-25-000089,https://www.sec.gov/Archives/edgar/data/874015/000087401525000089/form10k.htm,48185,4028,data/interim/text/000087401525000089.txt.gz,87401525000089,2025Q1,2025-02-19 16:06:39-05:00,2025-02-20,2025-02-20,2025-02-20,2025-02-19,31.809999465942383,1121,277,0.016063090173290443,116.16723125390912,0.010397426585036838,53.63639911997674,0.014153782297395456,19.949566021344133,0.42288312395118005,0.5121715967843343,55.0,60.0
207,IONS,874015,IONIS PHARMACEUTICALS INC,2834,Pharmaceutical Preparations,10-Q,2025-04-30,2025-03-31,2025-04-30 19:56:17+00:00,0000874015-25-000123,https://www.sec.gov/Archives/edgar/data/874015/000087401525000123/form10q.htm,20179,2557,data/interim/text/000087401525000123.txt.gz,87401525000123,2025Q2,2025-04-30 15:56:17-04:00,2025-04-30,2025-04-30,2025-04-30,2025-04-29,29.809999465942383,1169,229,0.021557064274741067,73.17490198657637,0.010059963328212499,28.647649326367436,0.022895088953862927,10.977087556854705,0.5125929347590802,0.3723601747789547,55.0,60.0
208,IONS,874015,IONIS PHARMACEUTICALS INC,2834,Pharmaceutical Preparations,10-Q,2025-07-30,2025-06-30,2025-07-30 19:56:18+00:00,0000874015-25-000167,https://www.sec.gov/Archives/edgar/data/874015/000087401525000167/form10q.htm,20360,2573,data/interim/text/000087401525000167.txt.gz,87401525000167,2025Q3,2025-07-30 15:56:18-04:00,2025-07-30,2025-07-30,2025-07-30,2025-07-29,41.47999954223633,1231,167,0.021954813359528487,73.89555093450959,0.010412573673870334,29.8970025987595,0.022986247544204322,10.853096535799322,0.379397264478301,0.7677795766847784,55.0,60.0
209,IONS,874015,IONIS PHARMACEUTICALS INC,2834,Pharmaceutical Preparations,10-Q,2025-10-29,2025-09-30,2025-10-29 20:43:55+00:00,0000874015-25-000266,https://www.sec.gov/Archives/edgar/data/874015/000087401525000266/form10q.htm,20306,2577,data/interim/text/000087401525000266.txt.gz,87401525000266,2025Q4,2025-10-29 16:43:55-04:00,2025-10-30,2025-10-30,2025-10-30,2025-10-29,71.87999725341797,1296,102,0.021668472372697724,73.56864270405462,0.010341770905151187,29.874644596956884,0.02319511474441052,11.115625699929243,0.7989324763757812,0.31986426710405297,55.0,60.0
210,SNPS,883241,SYNOPSYS INC,7372,Services-Prepackaged Software,10-Q,2021-02-19,2021-01-31,2021-02-19 21:32:17+00:00,0000883241-21-000009,https://www.sec.gov/Archives/edgar/data/883241/000088324121000009/snps-20210131.htm,16370,2108,data/interim/text/000088324121000009.txt.gz,88324121000009,2021Q1,2021-02-19 16:32:17-05:00,2021-02-20,2021-02-20,2021-02-22,2021-02-19,268.07000732421875,117,1281,0.026023213194868663,67.50739950141711,0.006536346976175932,14.2582399664499,0.02687843616371411,14.17970512694919,0.286803625626548,0.3492907614594271,55.0,60.0
211,SNPS,883241,SYNOPSYS INC,7372,Services-Prepackaged Software,10-Q,2021-05-21,2021-04-30,2021-05-21 20:37:13+00:00,0000883241-21-000012,https://www.sec.gov/Archives/edgar/data/883241/000088324121000012/snps-20210430.htm,17024,2125,data/interim/text/000088324121000012.txt.gz,88324121000012,2021Q2,2021-05-21 16:37:13-04:00,2021-05-22,2021-05-22,2021-05-24,2021-05-21,242.0,181,1217,0.025728383458646618,67.9613768854569,0.006343984962406015,14.168857098863928,0.026903195488721804,13.91196761654339,0.35581593521750343,0.22338726346134716,55.0,60.0
212,SNPS,883241,SYNOPSYS INC,7372,Services-Prepackaged Software,10-Q,2021-08-20,2021-07-31,2021-08-20 20:57:33+00:00,0000883241-21-000017,https://www.sec.gov/Archives/edgar/data/883241/000088324121000017/snps-20210731.htm,17213,2138,data/interim/text/000088324121000017.txt.gz,88324121000017,2021Q3,2021-08-20 16:57:33-04:00,2021-08-21,2021-08-21,2021-08-23,2021-08-20,316.8800048828125,244,1154,0.025794457677336898,68.13838209353325,0.0064486144193342245,14.238496265697206,0.026259222680532157,14.532507922569609,0.14230683143843484,0.24581843864179406,55.0,60.0
213,SNPS,883241,SYNOPSYS INC,7372,Services-Prepackaged Software,10-K,2021-12-13,2021-10-31,2021-12-13 22:22:49+00:00,0000883241-21-000022,https://www.sec.gov/Archives/edgar/data/883241/000088324121000022/snps-20211031.htm,29831,3375,data/interim/text/000088324121000022.txt.gz,88324121000022,2021Q4,2021-12-13 17:22:49-05:00,2021-12-14,2021-12-14,2021-12-14,2021-12-13,362.2300109863281,323,1075,0.0199792162515504,93.7026934686405,0.006972612383091415,34.40575531274372,0.0199792162515504,21.059247982444784,0.30509179531601655,0.45536281629941144,55.0,60.0
214,SNPS,883241,SYNOPSYS INC,7372,Services-Prepackaged Software,10-Q,2022-02-18,2022-01-31,2022-02-18 21:34:08+00:00,0000883241-22-000003,https://www.sec.gov/Archives/edgar/data/883241/000088324122000003/snps-20220131.htm,17002,2189,data/interim/text/000088324122000003.txt.gz,88324122000003,2022Q1,2022-02-18 16:34:08-05:00,2022-02-19,2022-02-19,2022-02-22,2022-02-18,287.6300048828125,370,1028,0.028055522879661215,74.68139585292445,0.006234560639924715,13.60397369918789,0.027820256440418776,14.489012133099765,0.4362145308109687,0.5073420371669602,55.0,60.0
215,SNPS,883241,SYNOPSYS INC,7372,Services-Prepackaged Software,10-Q,2022-05-20,2022-04-30,2022-05-20 20:31:49+00:00,0000883241-22-000011,https://www.sec.gov/Archives/edgar/data/883241/000088324122000011/snps-20220430.htm,17684,2170,data/interim/text/000088324122000011.txt.gz,88324122000011,2022Q2,2022-05-20 16:31:49-04:00,2022-05-21,2022-05-21,2022-05-23,2022-05-20,306.7200012207031,433,965,0.027765211490612982,73.77565815996368,0.006050667269848451,13.262318718893388,0.027425921737163537,13.794709792900779,0.4675002851869707,0.34365657929106563,55.0,60.0
216,SNPS,883241,SYNOPSYS INC,7372,Services-Prepackaged Software,10-Q,2022-08-19,2022-07-31,2022-08-19 20:39:35+00:00,0000883241-22-000014,https://www.sec.gov/Archives/edgar/data/883241/000088324122000014/snps-20220731.htm,18149,2216,data/interim/text/000088324122000014.txt.gz,88324122000014,2022Q3,2022-08-19 16:39:35-04:00,2022-08-20,2022-08-20,2022-08-22,2022-08-19,363.0,495,903,0.027219130530607746,73.3990491697901,0.0058405421786324315,13.235107567297618,0.027108931621576945,14.209723414114213,0.34541150719066954,0.40590171974498973,55.0,60.0
217,SNPS,883241,SYNOPSYS INC,7372,Services-Prepackaged Software,10-K,2022-12-12,2022-10-31,2022-12-12 22:28:23+00:00,0000883241-22-000017,https://www.sec.gov/Archives/edgar/data/883241/000088324122000017/snps-20221031.htm,30763,3431,data/interim/text/000088324122000017.txt.gz,88324122000017,2022Q4,2022-12-12 17:28:23-05:00,2022-12-13,2022-12-13,2022-12-13,2022-12-12,334.3399963378906,574,824,0.021356824757013296,107.39209139584513,0.00734648766375191,38.05811090600464,0.020999252348600592,20.426894001855636,0.4421037188710237,0.2770255170358221,55.0,60.0
218,SNPS,883241,SYNOPSYS INC,7372,Services-Prepackaged Software,10-Q,2023-02-17,2023-01-31,2023-02-17 21:36:40+00:00,0000883241-23-000005,https://www.sec.gov/Archives/edgar/data/883241/000088324123000005/snps-20230131.htm,18114,2266,data/interim/text/000088324123000005.txt.gz,88324123000005,2023Q1,2023-02-17 16:36:40-05:00,2023-02-18,2023-02-18,2023-02-21,2023-02-17,354.45001220703125,620,778,0.02936954841559015,87.32857146867738,0.006072650988185934,14.089677009014217,0.02804460638180413,13.465689388940401,0.3143192835883475,0.2580764204944074,55.0,60.0
219,SNPS,883241,SYNOPSYS INC,7372,Services-Prepackaged Software,10-Q,2023-05-19,2023-04-30,2023-05-19 20:28:32+00:00,0000883241-23-000012,https://www.sec.gov/Archives/edgar/data/883241/000088324123000012/snps-20230430.htm,18649,2260,data/interim/text/000088324123000012.txt.gz,88324123000012,2023Q2,2023-05-19 16:28:32-04:00,2023-05-20,2023-05-20,2023-05-22,2023-05-19,408.5,683,715,0.029653064507480294,91.0117026824795,0.0058448174164834575,13.83458393791454,0.02740093302589951,13.114142244026347,0.19201074412712166,0.22472819294654384,55.0,60.0
220,SNPS,883241,SYNOPSYS INC,7372,Services-Prepackaged Software,10-Q,2023-08-18,2023-07-31,2023-08-18 20:32:11+00:00,0000883241-23-000016,https://www.sec.gov/Archives/edgar/data/883241/000088324123000016/snps-20230731.htm,18735,2274,data/interim/text/000088324123000016.txt.gz,88324123000016,2023Q3,2023-08-18 16:32:11-04:00,2023-08-19,2023-08-19,2023-08-21,2023-08-18,426.0199890136719,745,653,0.02978382706164932,90.97589904540494,0.005817987723512143,13.841591337508092,0.027381905524419537,12.94225943564186,0.30543283448956543,0.23848737075157103,55.0,60.0
221,SNPS,883241,SYNOPSYS INC,7372,Services-Prepackaged Software,10-K,2023-12-12,2023-10-31,2023-12-12 22:22:32+00:00,0000883241-23-000019,https://www.sec.gov/Archives/edgar/data/883241/000088324123000019/snps-20231031.htm,31902,3458,data/interim/text/000088324123000019.txt.gz,88324123000019,2023Q4,2023-12-12 17:22:32-05:00,2023-12-13,2023-12-13,2023-12-13,2023-12-12,567.0599975585938,825,573,0.022694501912105824,124.33437438524805,0.007523039307880384,36.78854389542137,0.021064510062065073,20.411579223801255,0.23314177054995955,0.36343609757926565,55.0,60.0
222,SNPS,883241,SYNOPSYS INC,7372,Services-Prepackaged Software,10-Q,2024-02-23,2024-01-31,2024-02-23 21:27:58+00:00,0000883241-24-000013,https://www.sec.gov/Archives/edgar/data/883241/000088324124000013/snps-20240131.htm,23042,2416,data/interim/text/000088324124000013.txt.gz,88324124000013,2024Q1,2024-02-23 16:27:58-05:00,2024-02-24,2024-02-24,2024-02-26,2024-02-23,575.6500244140625,874,524,0.029294332089228367,105.10417158047832,0.006249457512368718,16.06813445966267,0.030162312299279577,16.270607266290376,0.3381361828593051,0.28117203660914164,55.0,60.0
223,SNPS,883241,SYNOPSYS INC,7372,Services-Prepackaged Software,10-Q,2024-05-24,2024-04-30,2024-05-24 20:31:20+00:00,0000883241-24-000016,https://www.sec.gov/Archives/edgar/data/883241/000088324124000016/snps-20240430.htm,23477,2410,data/interim/text/000088324124000016.txt.gz,88324124000016,2024Q2,2024-05-24 16:31:20-04:00,2024-05-25,2024-05-25,2024-05-28,2024-05-24,587.4000244140625,938,460,0.029177492865357584,94.9963048115152,0.006772585935170592,15.825217015200504,0.03045533926821996,17.09523703822415,0.2880594337526539,0.4048810853065849,55.0,60.0
224,SNPS,883241,SYNOPSYS INC,7372,Services-Prepackaged Software,10-Q,2024-08-23,2024-07-31,2024-08-23 20:50:41+00:00,0000883241-24-000021,https://www.sec.gov/Archives/edgar/data/883241/000088324124000021/snps-20240731.htm,23534,2407,data/interim/text/000088324124000021.txt.gz,88324124000021,2024Q3,2024-08-23 16:50:41-04:00,2024-08-24,2024-08-24,2024-08-26,2024-08-23,539.3900146484375,1000,398,0.029191807597518483,96.19120917052643,0.006883657686751084,16.947352537800878,0.02991416673748619,16.906164303839528,0.41488178661240804,0.3835933221294077,55.0,60.0
225,SNPS,883241,SYNOPSYS INC,7372,Services-Prepackaged Software,10-K,2024-12-19,2024-10-31,2024-12-19 02:23:35+00:00,0000883241-24-000024,https://www.sec.gov/Archives/edgar/data/883241/000088324124000024/snps-20241031.htm,34120,3361,data/interim/text/000088324124000024.txt.gz,88324124000024,2024Q4,2024-12-18 21:23:35-05:00,2024-12-19,2024-12-19,2024-12-19,2024-12-18,494.4299926757813,1081,317,0.022039859320046894,110.3176709976927,0.008206330597889801,42.500737032777664,0.02347596717467761,19.49219931391312,0.4463346384146302,0.3481738269275794,55.0,60.0
226,SNPS,883241,SYNOPSYS INC,7372,Services-Prepackaged Software,10-Q,2025-02-26,2025-01-31,2025-02-26 21:43:03+00:00,0000883241-25-000014,https://www.sec.gov/Archives/edgar/data/883241/000088324125000014/snps-20250131.htm,22020,2325,data/interim/text/000088324125000014.txt.gz,88324125000014,2025Q1,2025-02-26 16:43:03-05:00,2025-02-27,2025-02-27,2025-02-27,2025-02-26,470.4599914550781,1126,272,0.029427792915531336,92.37999641396762,0.006857402361489555,17.368152519647627,0.030563124432334242,14.755381880882013,0.42173219828130987,0.4804892974482909,55.0,60.0
227,SNPS,883241,SYNOPSYS INC,7372,Services-Prepackaged Software,10-Q,2025-05-28,2025-04-30,2025-05-28 20:41:11+00:00,0000883241-25-000017,https://www.sec.gov/Archives/edgar/data/883241/000088324125000017/snps-20250430.htm,23229,2340,data/interim/text/000088324125000017.txt.gz,88324125000017,2025Q2,2025-05-28 16:41:11-04:00,2025-05-29,2025-05-29,2025-05-29,2025-05-28,462.4299926757813,1189,209,0.027982263549873005,92.83565598165309,0.006156097980972061,16.540854166232503,0.029575100090404236,14.547480222867446,0.44529019794549185,0.30793725534078337,55.0,60.0
228,SNPS,883241,SYNOPSYS INC,7372,Services-Prepackaged Software,10-Q,2025-09-09,2025-07-31,2025-09-09 20:33:44+00:00,0000883241-25-000024,https://www.sec.gov/Archives/edgar/data/883241/000088324125000024/snps-20250731.htm,23307,2412,data/interim/text/000088324125000024.txt.gz,88324125000024,2025Q3,2025-09-09 16:33:44-04:00,2025-09-10,2025-09-10,2025-09-10,2025-09-09,604.3699951171875,1260,138,0.029089972969494143,96.72978404691905,0.005878062384691294,16.99472486359559,0.028188956107607157,15.926004964192728,0.3197841716466315,0.48519385401684484,55.0,60.0
229,SNPS,883241,SYNOPSYS INC,7372,Services-Prepackaged Software,10-K,2025-12-22,2025-10-31,2025-12-20 02:37:00+00:00,0000883241-25-000028,https://www.sec.gov/Archives/edgar/data/883241/000088324125000028/snps-20251031.htm,34493,3494,data/interim/text/000088324125000028.txt.gz,88324125000028,2025Q4,2025-12-19 21:37:00-05:00,2025-12-20,2025-12-22,2025-12-22,2025-12-19,463.7300109863281,1332,66,0.021192705766387383,119.64156790544776,0.007885657959586003,38.13675362801602,0.02035195546922564,20.082933308352256,0.3929576880605033,0.4281778973355344,55.0,60.0
230,INTU,896878,INTUIT INC.,7372,Services-Prepackaged Software,10-Q,2021-02-23,2021-01-31,2021-02-23 21:09:29+00:00,0000896878-21-000059,https://www.sec.gov/Archives/edgar/data/896878/000089687821000059/intu-20210131.htm,24233,2479,data/interim/text/000089687821000059.txt.gz,89687821000059,2021Q1,2021-02-23 16:09:29-05:00,2021-02-24,2021-02-24,2021-02-24,2021-02-23,383.78167724609375,119,1279,0.031114595799116906,108.93987817244822,0.005282053398258573,18.01339049255895,0.023727974249989684,14.581391009851304,0.26327371430008967,0.29363539529492105,55.0,60.0
231,INTU,896878,INTUIT INC.,7372,Services-Prepackaged Software,10-Q,2021-05-25,2021-04-30,2021-05-25 20:06:47+00:00,0000896878-21-000115,https://www.sec.gov/Archives/edgar/data/896878/000089687821000115/intu-20210430.htm,24107,2473,data/interim/text/000089687821000115.txt.gz,89687821000115,2021Q2,2021-05-25 16:06:47-04:00,2021-05-26,2021-05-26,2021-05-26,2021-05-25,422.757568359375,183,1215,0.03094536856514705,107.56570281179593,0.005185215912390592,18.02050389271545,0.024017920106193223,15.064446045958427,0.29625481915331964,0.13242321422155984,55.0,60.0
232,INTU,896878,INTUIT INC.,7372,Services-Prepackaged Software,10-K,2021-09-08,2021-07-31,2021-09-08 20:09:57+00:00,0000896878-21-000233,https://www.sec.gov/Archives/edgar/data/896878/000089687821000233/intu-20210731.htm,38702,3541,data/interim/text/000089687821000233.txt.gz,89687821000233,2021Q3,2021-09-08 16:09:57-04:00,2021-09-09,2021-09-09,2021-09-09,2021-09-08,547.2405395507812,256,1142,0.021032504780114723,109.98192841250663,0.006278745284481422,35.67834110680197,0.018965428143248413,21.379480395366002,0.1279382020947774,0.38225794554900394,55.0,60.0
233,INTU,896878,INTUIT INC.,7372,Services-Prepackaged Software,10-Q,2021-11-18,2021-10-31,2021-11-18 21:36:00+00:00,0000896878-21-000260,https://www.sec.gov/Archives/edgar/data/896878/000089687821000260/intu-20211031.htm,22412,2462,data/interim/text/000089687821000260.txt.gz,89687821000260,2021Q4,2021-11-18 16:36:00-05:00,2021-11-19,2021-11-19,2021-11-19,2021-11-18,607.1630859375,307,1091,0.032214884883098344,104.96322352674089,0.005488131358200964,19.67336452262534,0.024808138497233626,12.28732030182189,0.22989295889089736,0.40548990595309653,55.0,60.0
234,INTU,896878,INTUIT INC.,7372,Services-Prepackaged Software,10-Q,2022-03-02,2022-01-31,2022-03-02 20:03:42+00:00,0000896878-22-000010,https://www.sec.gov/Archives/edgar/data/896878/000089687822000010/intu-20220131.htm,23602,2481,data/interim/text/000089687822000010.txt.gz,89687822000010,2022Q1,2022-03-02 15:03:42-05:00,2022-03-02,2022-03-02,2022-03-02,2022-03-01,452.8807678222656,376,1022,0.030844843657317177,104.75923320223708,0.005380899923735276,19.509443959366013,0.02364206423184476,12.128565376928115,0.38616910340965493,0.5602479790342287,55.0,60.0
235,INTU,896878,INTUIT INC.,7372,Services-Prepackaged Software,10-Q,2022-05-24,2022-04-30,2022-05-24 20:04:31+00:00,0000896878-22-000021,https://www.sec.gov/Archives/edgar/data/896878/000089687822000021/intu-20220430.htm,23594,2478,data/interim/text/000089687822000021.txt.gz,89687822000021,2022Q2,2022-05-24 16:04:31-04:00,2022-05-25,2022-05-25,2022-05-25,2022-05-24,347.4203796386719,435,963,0.03081291853861151,105.53759193266235,0.005467491735186912,20.179539812596243,0.024031533440705265,12.130866469324172,0.5429230807484451,0.435039086633768,55.0,60.0
236,INTU,896878,INTUIT INC.,7372,Services-Prepackaged Software,10-K,2022-09-02,2022-07-31,2022-09-02 21:09:05+00:00,0000896878-22-000028,https://www.sec.gov/Archives/edgar/data/896878/000089687822000028/intu-20220731.htm,37461,3523,data/interim/text/000089687822000028.txt.gz,89687822000028,2022Q3,2022-09-02 17:09:05-04:00,2022-09-03,2022-09-03,2022-09-06,2022-09-02,407.21881103515625,505,893,0.021782653960118522,116.25397538989853,0.00619310749846507,36.99609844247013,0.019059822215103706,20.576592216296635,0.4397653748737277,0.4963769287183028,55.0,60.0
237,INTU,896878,INTUIT INC.,7372,Services-Prepackaged Software,10-Q,2022-11-29,2022-10-31,2022-11-29 21:02:57+00:00,0000896878-22-000036,https://www.sec.gov/Archives/edgar/data/896878/000089687822000036/intu-20221031.htm,21816,2455,data/interim/text/000089687822000036.txt.gz,89687822000036,2022Q4,2022-11-29 16:02:57-05:00,2022-11-30,2022-11-30,2022-11-30,2022-11-29,368.7978820800781,565,833,0.03291162449578291,109.0006470202143,0.005500550055005501,16.74094126449684,0.024248258159149248,12.0052914699578,0.48297786650868413,0.38001847038872566,55.0,60.0
238,INTU,896878,INTUIT INC.,7372,Services-Prepackaged Software,10-Q,2023-02-23,2023-01-31,2023-02-23 21:19:24+00:00,0000896878-23-000010,https://www.sec.gov/Archives/edgar/data/896878/000089687823000010/intu-20230131.htm,22697,2459,data/interim/text/000089687823000010.txt.gz,89687823000010,2023Q1,2023-02-23 16:19:24-05:00,2023-02-24,2023-02-24,2023-02-24,2023-02-23,400.852294921875,623,775,0.03185443010089439,109.41861710793384,0.0052870423403974095,16.543731319886028,0.023439221042428515,11.87938804593264,0.41942391888885433,0.33520534423434295,55.0,60.0
239,INTU,896878,INTUIT INC.,7372,Services-Prepackaged Software,10-Q,2023-05-23,2023-04-30,2023-05-23 20:03:14+00:00,0000896878-23-000020,https://www.sec.gov/Archives/edgar/data/896878/000089687823000020/intu-20230430.htm,22915,2468,data/interim/text/000089687823000020.txt.gz,89687823000020,2023Q2,2023-05-23 16:03:14-04:00,2023-05-24,2023-05-24,2023-05-24,2023-05-23,438.535888671875,685,713,0.031856862317259434,109.10210611937335,0.005411302640192014,17.59868323148602,0.02365262928212961,11.94641622445763,0.294625274538316,0.25353486736134834,55.0,60.0
240,INTU,896878,INTUIT INC.,7372,Services-Prepackaged Software,10-K,2023-09-01,2023-07-31,2023-09-01 20:08:03+00:00,0000896878-23-000034,https://www.sec.gov/Archives/edgar/data/896878/000089687823000034/intu-20230731.htm,38145,3546,data/interim/text/000089687823000034.txt.gz,89687823000034,2023Q3,2023-09-01 16:08:03-04:00,2023-09-02,2023-09-02,2023-09-05,2023-09-01,536.7639770507812,755,643,0.022519334119806004,124.39421370079617,0.006553938917289291,38.34686642452802,0.0190326386158081,20.53911387552839,0.2248427075752984,0.25034071417136367,55.0,60.0
241,INTU,896878,INTUIT INC.,7372,Services-Prepackaged Software,10-Q,2023-11-28,2023-10-31,2023-11-28 21:17:02+00:00,0000896878-23-000041,https://www.sec.gov/Archives/edgar/data/896878/000089687823000041/intu-20231031.htm,23267,2520,data/interim/text/000089687823000041.txt.gz,89687823000041,2023Q4,2023-11-28 16:17:02-05:00,2023-11-29,2023-11-29,2023-11-29,2023-11-28,552.834228515625,815,583,0.032449391842523746,116.55275825924444,0.005458374521854987,17.8946296226413,0.023982464434606953,12.951523738517437,0.2556491894565859,0.21456640129243992,55.0,60.0
242,INTU,896878,INTUIT INC.,7372,Services-Prepackaged Software,10-Q,2024-02-22,2024-01-31,2024-02-22 21:09:42+00:00,0000896878-24-000011,https://www.sec.gov/Archives/edgar/data/896878/000089687824000011/intu-20240131.htm,24100,2509,data/interim/text/000089687824000011.txt.gz,89687824000011,2024Q1,2024-02-22 16:09:42-05:00,2024-02-23,2024-02-23,2024-02-23,2024-02-22,644.6432495117188,873,525,0.03136929460580913,116.06577435690646,0.0053941908713692945,18.2327670871644,0.02319502074688797,12.79850627206462,0.21010822961895662,0.23393053546148312,55.0,60.0
243,INTU,896878,INTUIT INC.,7372,Services-Prepackaged Software,10-Q,2024-05-23,2024-04-30,2024-05-23 20:14:03+00:00,0000896878-24-000026,https://www.sec.gov/Archives/edgar/data/896878/000089687824000026/intu-20240430.htm,24213,2511,data/interim/text/000089687824000026.txt.gz,89687824000026,2024Q2,2024-05-23 16:14:03-04:00,2024-05-24,2024-05-24,2024-05-24,2024-05-23,649.802001953125,937,461,0.031305497047040845,114.79774822186354,0.005369016643951596,17.798054421708613,0.02316937182505266,12.992811146384817,0.23977312968885706,0.29155324819831635,55.0,60.0
244,INTU,896878,INTUIT INC.,7372,Services-Prepackaged Software,10-K,2024-09-04,2024-07-31,2024-09-04 22:26:27+00:00,0000896878-24-000039,https://www.sec.gov/Archives/edgar/data/896878/000089687824000039/intu-20240731.htm,39065,3528,data/interim/text/000089687824000039.txt.gz,89687824000039,2024Q3,2024-09-04 18:26:27-04:00,2024-09-05,2024-09-05,2024-09-05,2024-09-04,612.2257080078125,1007,391,0.023704082938691924,127.32930613577528,0.006450787149622424,35.96579068855078,0.01963394342762063,20.305083386091226,0.2993046621028975,0.29489851916718335,55.0,60.0
245,INTU,896878,INTUIT INC.,7372,Services-Prepackaged Software,10-Q,2024-11-21,2024-10-31,2024-11-21 21:17:51+00:00,0000896878-24-000053,https://www.sec.gov/Archives/edgar/data/896878/000089687824000053/intu-20241031.htm,23360,2527,data/interim/text/000089687824000053.txt.gz,89687824000053,2024Q4,2024-11-21 16:17:51-05:00,2024-11-22,2024-11-22,2024-11-22,2024-11-21,667.9730834960938,1063,335,0.03347602739726027,117.96291318580572,0.006121575342465753,19.579799786755277,0.02401541095890411,12.48308693824148,0.2310516690829302,0.35585215547550364,55.0,60.0
246,INTU,896878,INTUIT INC.,7372,Services-Prepackaged Software,10-Q,2025-02-25,2025-01-31,2025-02-25 21:11:24+00:00,0000896878-25-000015,https://www.sec.gov/Archives/edgar/data/896878/000089687825000015/intu-20250131.htm,24987,2533,data/interim/text/000089687825000015.txt.gz,89687825000015,2025Q1,2025-02-25 16:11:24-05:00,2025-02-26,2025-02-26,2025-02-26,2025-02-25,547.7581176757812,1125,273,0.031336294873334135,115.7494016004601,0.005682955136671069,19.458587864781716,0.022731820546684278,12.795201567392338,0.2282381366549829,0.3968281438521066,55.0,60.0
247,INTU,896878,INTUIT INC.,7372,Services-Prepackaged Software,10-Q,2025-05-22,2025-04-30,2025-05-22 20:17:32+00:00,0000896878-25-000022,https://www.sec.gov/Archives/edgar/data/896878/000089687825000022/intu-20250430.htm,24716,2522,data/interim/text/000089687825000022.txt.gz,89687825000022,2025Q2,2025-05-22 16:17:32-04:00,2025-05-23,2025-05-23,2025-05-23,2025-05-22,657.7803955078125,1186,212,0.03167988347629066,115.930855123741,0.005704806603010196,19.465013930370702,0.02314290338242434,12.616269318238764,0.3817823176136237,0.23440831299249093,55.0,60.0
248,INTU,896878,INTUIT INC.,7372,Services-Prepackaged Software,10-K,2025-09-03,2025-07-31,2025-09-03 20:16:09+00:00,0000896878-25-000035,https://www.sec.gov/Archives/edgar/data/896878/000089687825000035/intu-20250731.htm,36991,3432,data/interim/text/000089687825000035.txt.gz,89687825000035,2025Q3,2025-09-03 16:16:09-04:00,2025-09-04,2025-09-04,2025-09-04,2025-09-03,661.2514038085938,1256,142,0.023600335216674328,122.69460587793266,0.0067854342948284714,35.890392067503164,0.01957232840420643,21.401047650785234,0.24121048503568865,0.23292517642043595,55.0,60.0
249,INTU,896878,INTUIT INC.,7372,Services-Prepackaged Software,10-Q,2025-11-20,2025-10-31,2025-11-20 21:16:24+00:00,0000896878-25-000048,https://www.sec.gov/Archives/edgar/data/896878/000089687825000048/intu-20251031.htm,23311,2528,data/interim/text/000089687825000048.txt.gz,89687825000048,2025Q4,2025-11-20 16:16:24-05:00,2025-11-21,2025-11-21,2025-11-21,2025-11-20,631.5105590820312,1312,86,0.03328900519068251,117.16362582571718,0.006477628587362189,20.9894858818201,0.024666466475054695,13.594198934654425,0.19702185837059139,0.4584911816788935,55.0,60.0
250,LMT,936468,LOCKHEED MARTIN CORP,3760,Guided Missiles & Space Vehicles & Parts,10-K,2021-01-28,2020-12-31,2021-01-28 22:08:55+00:00,0000936468-21-000013,https://www.sec.gov/Archives/edgar/data/936468/000093646821000013/lmt-20201231.htm,48687,3528,data/interim/text/000093646821000013.txt.gz,93646821000013,2021Q1,2021-01-28 17:08:55-05:00,2021-01-29,2021-01-29,2021-01-29,2021-01-28,280.7504272460937,102,1296,0.015815310041694907,97.8825118244061,0.005360773923223859,32.00955198941174,0.019532934869677738,31.143178428812625,0.20084339006904325,0.16507388844041762,55.0,60.0
251,LMT,936468,LOCKHEED MARTIN CORP,3760,Guided Missiles & Space Vehicles & Parts,10-Q,2021-04-21,2021-03-28,2021-04-21 20:38:21+00:00,0000936468-21-000044,https://www.sec.gov/Archives/edgar/data/936468/000093646821000044/lmt-20210328.htm,12906,1711,data/interim/text/000093646821000044.txt.gz,93646821000044,2021Q2,2021-04-21 16:38:21-04:00,2021-04-22,2021-04-22,2021-04-22,2021-04-21,334.0694885253906,159,1239,0.008988067565473424,21.711427819507357,0.005346350534635054,17.0324097095719,0.014179451417945141,7.951174801652071,0.19281861880124276,0.14594309348143902,55.0,60.0
252,LMT,936468,LOCKHEED MARTIN CORP,3760,Guided Missiles & Space Vehicles & Parts,10-Q,2021-07-26,2021-06-27,2021-07-26 20:15:03+00:00,0000936468-21-000072,https://www.sec.gov/Archives/edgar/data/936468/000093646821000072/lmt-20210627.htm,15090,1793,data/interim/text/000093646821000072.txt.gz,93646821000072,2021Q3,2021-07-26 16:15:03-04:00,2021-07-27,2021-07-27,2021-07-27,2021-07-26,319.6598205566406,225,1173,0.00974155069582505,28.601937839497758,0.004108681245858184,10.415005717416394,0.015573227302849569,8.090745634031832,0.13883610552828088,0.12881671727108532,55.0,60.0
253,LMT,936468,LOCKHEED MARTIN CORP,3760,Guided Missiles & Space Vehicles & Parts,10-Q,2021-10-26,2021-09-26,2021-10-26 20:33:36+00:00,0000936468-21-000101,https://www.sec.gov/Archives/edgar/data/936468/000093646821000101/lmt-20210926.htm,17633,1926,data/interim/text/000093646821000101.txt.gz,93646821000101,2021Q4,2021-10-26 16:33:36-04:00,2021-10-27,2021-10-27,2021-10-27,2021-10-26,290.3565673828125,290,1108,0.010434979867294279,38.30073838599085,0.003856405603130494,13.578348403136243,0.018488062156184426,10.45272568959344,0.1321043636288247,0.15687331856997375,55.0,60.0
254,LMT,936468,LOCKHEED MARTIN CORP,3760,Guided Missiles & Space Vehicles & Parts,10-K,2022-01-25,2021-12-31,2022-01-25 12:58:39+00:00,0000936468-22-000008,https://www.sec.gov/Archives/edgar/data/936468/000093646822000008/lmt-20211231.htm,47634,3575,data/interim/text/000093646822000008.txt.gz,93646822000008,2022Q1,2022-01-25 07:58:39-05:00,2022-01-25,2022-01-25,2022-01-25,2022-01-24,329.2929992675781,351,1047,0.017466515514128565,117.57112208126007,0.0055422597304446404,36.110236248438724,0.020300625603560482,34.09941340715133,0.1396484959300833,0.31602531209299844,55.0,60.0
255,LMT,936468,LOCKHEED MARTIN CORP,3760,Guided Missiles & Space Vehicles & Parts,10-Q,2022-04-20,2022-03-27,2022-04-20 20:31:57+00:00,0000936468-22-000048,https://www.sec.gov/Archives/edgar/data/936468/000093646822000048/lmt-20220327.htm,11778,1705,data/interim/text/000093646822000048.txt.gz,93646822000048,2022Q2,2022-04-20 16:31:57-04:00,2022-04-21,2022-04-21,2022-04-21,2022-04-20,403.0889587402344,411,987,0.011292239769060962,26.63079692895914,0.005518763796909493,11.714310969108356,0.01545253863134658,8.03813535067042,0.32425292269844236,0.24969092723338834,55.0,60.0
256,LMT,936468,LOCKHEED MARTIN CORP,3760,Guided Missiles & Space Vehicles & Parts,10-Q,2022-07-19,2022-06-26,2022-07-19 20:25:15+00:00,0000936468-22-000096,https://www.sec.gov/Archives/edgar/data/936468/000093646822000096/lmt-20220626.htm,16118,1860,data/interim/text/000093646822000096.txt.gz,93646822000096,2022Q3,2022-07-19 16:25:15-04:00,2022-07-20,2022-07-20,2022-07-20,2022-07-19,348.8705749511719,472,926,0.010981511353765976,30.715475510049885,0.005645861769450304,10.377561543333613,0.01625511850105472,9.388341182467917,0.25069023133959206,0.28365491238926527,55.0,60.0
257,LMT,936468,LOCKHEED MARTIN CORP,3760,Guided Missiles & Space Vehicles & Parts,10-Q,2022-10-18,2022-09-25,2022-10-18 20:19:45+00:00,0000936468-22-000120,https://www.sec.gov/Archives/edgar/data/936468/000093646822000120/lmt-20220925.htm,15362,1851,data/interim/text/000093646822000120.txt.gz,93646822000120,2022Q4,2022-10-18 16:19:45-04:00,2022-10-19,2022-10-19,2022-10-19,2022-10-18,388.48089599609375,536,862,0.011847415701080588,34.96767657903282,0.006444473375862518,10.56481813261822,0.015557870069001433,9.21122522630892,0.19036823682985404,0.20992293948425064,55.0,60.0
258,LMT,936468,LOCKHEED MARTIN CORP,3760,Guided Missiles & Space Vehicles & Parts,10-K,2023-01-26,2022-12-31,2023-01-26 21:29:45+00:00,0000936468-23-000009,https://www.sec.gov/Archives/edgar/data/936468/000093646823000009/lmt-20221231.htm,45630,3545,data/interim/text/000093646823000009.txt.gz,93646823000009,2023Q1,2023-01-26 16:29:45-05:00,2023-01-27,2023-01-27,2023-01-27,2023-01-26,416.221923828125,604,794,0.018058294981371903,119.29067913149389,0.006377383300460224,34.13986121130467,0.01963620425158887,33.915599207402536,0.20354392866643034,0.1706762549167707,55.0,60.0
259,LMT,936468,LOCKHEED MARTIN CORP,3760,Guided Missiles & Space Vehicles & Parts,10-Q,2023-04-18,2023-03-26,2023-04-18 20:19:29+00:00,0000936468-23-000051,https://www.sec.gov/Archives/edgar/data/936468/000093646823000051/lmt-20230326.htm,11648,1674,data/interim/text/000093646823000051.txt.gz,93646823000051,2023Q2,2023-04-18 16:19:29-04:00,2023-04-19,2023-04-19,2023-04-19,2023-04-18,456.7360229492188,660,738,0.009186126373626374,28.756889856679262,0.00575206043956044,10.112250491401259,0.015024038461538462,7.206539703849502,0.15272170087990247,0.1701195762149739,55.0,60.0
260,LMT,936468,LOCKHEED MARTIN CORP,3760,Guided Missiles & Space Vehicles & Parts,10-Q,2023-07-19,2023-06-25,2023-07-18 22:43:40+00:00,0000936468-23-000099,https://www.sec.gov/Archives/edgar/data/936468/000093646823000099/lmt-20230625.htm,12791,1686,data/interim/text/000093646823000099.txt.gz,93646823000099,2023Q3,2023-07-18 18:43:40-04:00,2023-07-19,2023-07-19,2023-07-19,2023-07-18,417.8972473144531,722,676,0.008130716910327573,22.601345817694607,0.005785317801579235,9.379171928258955,0.013681494801031976,6.672352936075796,0.16172209789551745,0.24034571441132707,55.0,60.0
261,LMT,936468,LOCKHEED MARTIN CORP,3760,Guided Missiles & Space Vehicles & Parts,10-Q,2023-10-17,2023-09-24,2023-10-17 20:11:06+00:00,0000936468-23-000123,https://www.sec.gov/Archives/edgar/data/936468/000093646823000123/lmt-20230924.htm,13277,1746,data/interim/text/000093646823000123.txt.gz,93646823000123,2023Q4,2023-10-17 16:11:06-04:00,2023-10-18,2023-10-18,2023-10-18,2023-10-17,407.2363586425781,786,612,0.009565413873616029,28.047605813652194,0.005498230021842284,9.305108833118295,0.014159825261730813,8.191373984053913,0.24823815865015314,0.12798545019244273,55.0,60.0
262,LMT,936468,LOCKHEED MARTIN CORP,3760,Guided Missiles & Space Vehicles & Parts,10-K,2024-01-23,2023-12-31,2024-01-23 21:17:08+00:00,0000936468-24-000010,https://www.sec.gov/Archives/edgar/data/936468/000093646824000010/lmt-20231231.htm,41113,3463,data/interim/text/000093646824000010.txt.gz,93646824000010,2024Q1,2024-01-23 16:17:08-05:00,2024-01-24,2024-01-24,2024-01-24,2024-01-23,408.7820434570313,852,546,0.018315374699000315,110.1256671572868,0.006324033760610999,34.97798255489871,0.01965315107143726,30.095251523987997,0.1257899215915206,0.11947481768466638,55.0,60.0
263,LMT,936468,LOCKHEED MARTIN CORP,3760,Guided Missiles & Space Vehicles & Parts,10-Q,2024-04-23,2024-03-31,2024-04-23 20:15:51+00:00,0000936468-24-000052,https://www.sec.gov/Archives/edgar/data/936468/000093646824000052/lmt-20240331.htm,10749,1655,data/interim/text/000093646824000052.txt.gz,93646824000052,2024Q2,2024-04-23 16:15:51-04:00,2024-04-24,2024-04-24,2024-04-24,2024-04-23,430.8966369628906,915,483,0.008279839985114895,20.52004316848705,0.004930691227090892,9.584579482630447,0.014047818401711787,5.677090900659984,0.11919324439979816,0.16843795894583302,55.0,60.0
264,LMT,936468,LOCKHEED MARTIN CORP,3760,Guided Missiles & Space Vehicles & Parts,10-Q,2024-07-23,2024-06-30,2024-07-23 20:14:20+00:00,0000936468-24-000095,https://www.sec.gov/Archives/edgar/data/936468/000093646824000095/lmt-20240630.htm,12485,1686,data/interim/text/000093646824000095.txt.gz,93646824000095,2024Q3,2024-07-23 16:14:20-04:00,2024-07-24,2024-07-24,2024-07-24,2024-07-23,472.658203125,977,421,0.008249899879855827,18.9067621020153,0.005606728073688426,10.807631524818877,0.012975570684821787,5.761521847926805,0.11376992115732938,0.1893097569607472,55.0,60.0
265,LMT,936468,LOCKHEED MARTIN CORP,3760,Guided Missiles & Space Vehicles & Parts,10-Q,2024-10-22,2024-09-29,2024-10-22 20:28:35+00:00,0000936468-24-000110,https://www.sec.gov/Archives/edgar/data/936468/000093646824000110/lmt-20240929.htm,12579,1725,data/interim/text/000093646824000110.txt.gz,93646824000110,2024Q4,2024-10-22 16:28:35-04:00,2024-10-23,2024-10-23,2024-10-23,2024-10-22,547.0582885742188,1041,357,0.00882423086095874,19.1973596726265,0.005644327848000636,11.112684437527484,0.012878607202480324,5.771112736694015,0.13995309416469234,0.20434734225464818,55.0,60.0
266,LMT,936468,LOCKHEED MARTIN CORP,3760,Guided Missiles & Space Vehicles & Parts,10-K,2025-01-28,2024-12-31,2025-01-28 21:12:50+00:00,0000936468-25-000009,https://www.sec.gov/Archives/edgar/data/936468/000093646825000009/lmt-20241231.htm,40075,3405,data/interim/text/000093646825000009.txt.gz,93646825000009,2025Q1,2025-01-28 16:12:50-05:00,2025-01-29,2025-01-29,2025-01-29,2025-01-28,436.4476013183594,1106,292,0.01781659388646288,102.18887263969236,0.006512788521522146,34.128282751278455,0.0195134123518403,29.671392281003445,0.20725144547757712,0.27072065809790635,55.0,60.0
267,LMT,936468,LOCKHEED MARTIN CORP,3760,Guided Missiles & Space Vehicles & Parts,10-Q,2025-04-22,2025-03-30,2025-04-22 21:03:01+00:00,0000936468-25-000035,https://www.sec.gov/Archives/edgar/data/936468/000093646825000035/lmt-20250330.htm,11035,1706,data/interim/text/000093646825000035.txt.gz,93646825000035,2025Q2,2025-04-22 17:03:01-04:00,2025-04-23,2025-04-23,2025-04-23,2025-04-22,444.1192626953125,1164,234,0.009424558223833257,28.041509957462086,0.005165382872677843,9.77230704203593,0.01549614861803353,9.283154596665272,0.3370099649987227,0.32514617118024197,55.0,60.0
268,LMT,936468,LOCKHEED MARTIN CORP,3760,Guided Missiles & Space Vehicles & Parts,10-Q,2025-07-22,2025-06-29,2025-07-22 20:21:03+00:00,0001628280-25-035565,https://www.sec.gov/Archives/edgar/data/936468/000162828025035565/lmt-20250629.htm,13172,1764,data/interim/text/000162828025035565.txt.gz,162828025035565,2025Q3,2025-07-22 16:21:03-04:00,2025-07-23,2025-07-23,2025-07-23,2025-07-22,397.4941101074219,1226,172,0.011387792286668691,27.988890166921276,0.005086547221378682,11.393894867685455,0.013893106589735802,8.568674098194585,0.24746216732542525,0.1633525625138863,55.0,60.0
269,LMT,936468,LOCKHEED MARTIN CORP,3760,Guided Missiles & Space Vehicles & Parts,10-Q,2025-10-21,2025-09-28,2025-10-21 20:14:32+00:00,0001628280-25-045693,https://www.sec.gov/Archives/edgar/data/936468/000162828025045693/lmt-20250928.htm,12175,1734,data/interim/text/000162828025045693.txt.gz,162828025045693,2025Q4,2025-10-21 16:14:32-04:00,2025-10-22,2025-10-22,2025-10-22,2025-10-21,477.1701965332031,1290,108,0.012073921971252568,27.62121799878325,0.004517453798767967,10.581438651106675,0.014127310061601643,6.494544203236577,0.13988321783978144,0.2665681176893123,55.0,60.0
270,AMZN,1018724,AMAZON COM INC,5961,Retail-Catalog & Mail-Order Houses,10-K,2021-02-03,2020-12-31,2021-02-03 00:44:10+00:00,0001018724-21-000004,https://www.sec.gov/Archives/edgar/data/1018724/000101872421000004/amzn-20201231.htm,21546,2363,data/interim/text/000101872421000004.txt.gz,101872421000004,2021Q1,2021-02-02 19:44:10-05:00,2021-02-03,2021-02-03,2021-02-03,2021-02-02,169.0,105,1293,0.02074631021999443,71.09910594191174,0.006776199758655899,20.902474659225852,0.018425693864290354,15.421941682291468,0.2590614453723666,0.24074034739417802,55.0,60.0
271,AMZN,1018724,AMAZON COM INC,5961,Retail-Catalog & Mail-Order Houses,10-Q,2021-04-30,2021-03-31,2021-04-29 22:48:35+00:00,0001018724-21-000010,https://www.sec.gov/Archives/edgar/data/1018724/000101872421000010/amzn-20210331.htm,15001,1905,data/interim/text/000101872421000010.txt.gz,101872421000010,2021Q2,2021-04-29 18:48:35-04:00,2021-04-30,2021-04-30,2021-04-30,2021-04-29,173.5655059814453,165,1233,0.026798213452436503,66.31582141087738,0.006932871141923872,14.83185531297903,0.02333177788147457,13.80147974425393,0.2391171953222715,0.25975305439616064,55.0,60.0
272,AMZN,1018724,AMAZON COM INC,5961,Retail-Catalog & Mail-Order Houses,10-Q,2021-07-30,2021-06-30,2021-07-29 23:02:39+00:00,0001018724-21-000020,https://www.sec.gov/Archives/edgar/data/1018724/000101872421000020/amzn-20210630.htm,15452,1906,data/interim/text/000101872421000020.txt.gz,101872421000020,2021Q3,2021-07-29 19:02:39-04:00,2021-07-30,2021-07-30,2021-07-30,2021-07-29,179.99600219726562,228,1170,0.025433600828371733,65.18595730970983,0.006730520320994046,14.692315475725483,0.022650789541806885,13.536831814899228,0.20980729060300105,0.19417254819156077,55.0,60.0
273,AMZN,1018724,AMAZON COM INC,5961,Retail-Catalog & Mail-Order Houses,10-Q,2021-10-29,2021-09-30,2021-10-28 22:29:31+00:00,0001018724-21-000028,https://www.sec.gov/Archives/edgar/data/1018724/000101872421000028/amzn-20210930.htm,15335,1898,data/interim/text/000101872421000028.txt.gz,101872421000028,2021Q4,2021-10-28 18:29:31-04:00,2021-10-29,2021-10-29,2021-10-29,2021-10-28,172.32850646972656,292,1106,0.026540593413759375,67.43410445296122,0.006651450929246821,14.575502185240854,0.022041082491033582,12.88460664647897,0.18598038029929975,0.3023050534097264,55.0,60.0
274,AMZN,1018724,AMAZON COM INC,5961,Retail-Catalog & Mail-Order Houses,10-K,2022-02-04,2021-12-31,2022-02-03 23:46:51+00:00,0001018724-22-000005,https://www.sec.gov/Archives/edgar/data/1018724/000101872422000005/amzn-20211231.htm,21523,2355,data/interim/text/000101872422000005.txt.gz,101872422000005,2022Q1,2022-02-03 18:46:51-05:00,2022-02-04,2022-02-04,2022-02-04,2022-02-03,138.8455047607422,359,1039,0.02151187102169772,73.4157318199895,0.007015750592389537,21.09175518296844,0.018631231705617247,14.57009479155159,0.2843708870702789,0.5030947605108848,55.0,60.0
275,AMZN,1018724,AMAZON COM INC,5961,Retail-Catalog & Mail-Order Houses,10-Q,2022-04-29,2022-03-31,2022-04-28 22:29:24+00:00,0001018724-22-000013,https://www.sec.gov/Archives/edgar/data/1018724/000101872422000013/amzn-20220331.htm,15302,1936,data/interim/text/000101872422000013.txt.gz,101872422000013,2022Q2,2022-04-28 18:29:24-04:00,2022-04-29,2022-04-29,2022-04-29,2022-04-28,144.59649658203125,417,981,0.028558358384524897,69.98411421258173,0.007123251862501634,15.776878955985932,0.02261142334335381,13.005337342390389,0.5054338947726897,0.5638552747267166,55.0,60.0
276,AMZN,1018724,AMAZON COM INC,5961,Retail-Catalog & Mail-Order Houses,10-Q,2022-07-29,2022-06-30,2022-07-28 22:24:06+00:00,0001018724-22-000019,https://www.sec.gov/Archives/edgar/data/1018724/000101872422000019/amzn-20220630.htm,15856,1949,data/interim/text/000101872422000019.txt.gz,101872422000019,2022Q3,2022-07-28 18:24:06-04:00,2022-07-29,2022-07-29,2022-07-29,2022-07-28,122.27999877929688,479,919,0.027371342078708377,68.68495552304437,0.0068743693239152375,15.629761354169785,0.02175832492431887,12.559636476757351,0.5198495830601788,0.40171811106872773,55.0,60.0
277,AMZN,1018724,AMAZON COM INC,5961,Retail-Catalog & Mail-Order Houses,10-Q,2022-10-28,2022-09-30,2022-10-27 22:23:57+00:00,0001018724-22-000023,https://www.sec.gov/Archives/edgar/data/1018724/000101872422000023/amzn-20220930.htm,15775,1924,data/interim/text/000101872422000023.txt.gz,101872422000023,2022Q4,2022-10-27 18:23:57-04:00,2022-10-28,2022-10-28,2022-10-28,2022-10-27,110.95999908447266,543,855,0.02744849445324881,70.90919397535552,0.007036450079239302,16.19147910084047,0.021933438985736926,12.598879956568858,0.3943750230196856,0.4436284333577694,55.0,60.0
278,AMZN,1018724,AMAZON COM INC,5961,Retail-Catalog & Mail-Order Houses,10-K,2023-02-03,2022-12-31,2023-02-02 23:27:34+00:00,0001018724-23-000004,https://www.sec.gov/Archives/edgar/data/1018724/000101872423000004/amzn-20221231.htm,22204,2409,data/interim/text/000101872423000004.txt.gz,101872423000004,2023Q1,2023-02-02 18:27:34-05:00,2023-02-03,2023-02-03,2023-02-03,2023-02-02,112.91000366210938,609,789,0.022383354350567465,80.69947474630276,0.0072059088452531075,22.423868971915198,0.01846514141596109,14.537078870169896,0.4480808205566784,0.32041269668523853,55.0,60.0
279,AMZN,1018724,AMAZON COM INC,5961,Retail-Catalog & Mail-Order Houses,10-Q,2023-04-28,2023-03-31,2023-04-27 22:24:51+00:00,0001018724-23-000008,https://www.sec.gov/Archives/edgar/data/1018724/000101872423000008/amzn-20230331.htm,15478,1960,data/interim/text/000101872423000008.txt.gz,101872423000008,2023Q2,2023-04-27 18:24:51-04:00,2023-04-28,2023-04-28,2023-04-28,2023-04-27,109.81999969482422,667,731,0.029008915880604728,76.95193646249115,0.007688331825817289,17.24544020341733,0.02287117198604471,12.609692353459206,0.37187849462991207,0.2716662605487808,55.0,60.0
280,AMZN,1018724,AMAZON COM INC,5961,Retail-Catalog & Mail-Order Houses,10-Q,2023-08-04,2023-06-30,2023-08-03 22:24:35+00:00,0001018724-23-000012,https://www.sec.gov/Archives/edgar/data/1018724/000101872423000012/amzn-20230630.htm,15791,1954,data/interim/text/000101872423000012.txt.gz,101872423000012,2023Q3,2023-08-03 18:24:35-04:00,2023-08-04,2023-08-04,2023-08-04,2023-08-03,128.91000366210938,734,664,0.028497245266290924,76.35562867978548,0.007662592616047115,17.33684601573873,0.02241783294281553,12.515467785742501,0.27630385682685416,0.3376193432447074,55.0,60.0
281,AMZN,1018724,AMAZON COM INC,5961,Retail-Catalog & Mail-Order Houses,10-Q,2023-10-27,2023-09-30,2023-10-26 22:36:51+00:00,0001018724-23-000018,https://www.sec.gov/Archives/edgar/data/1018724/000101872423000018/amzn-20230930.htm,16040,1957,data/interim/text/000101872423000018.txt.gz,101872423000018,2023Q4,2023-10-26 18:36:51-04:00,2023-10-27,2023-10-27,2023-10-27,2023-10-26,119.56999969482422,793,605,0.028179551122194512,76.35278584969468,0.007543640897755611,17.258021468787373,0.022069825436408976,12.458564351450022,0.3271953764626272,0.19369172935255857,55.0,60.0
282,AMZN,1018724,AMAZON COM INC,5961,Retail-Catalog & Mail-Order Houses,10-K,2024-02-02,2023-12-31,2024-02-01 23:48:30+00:00,0001018724-24-000008,https://www.sec.gov/Archives/edgar/data/1018724/000101872424000008/amzn-20231231.htm,23305,2506,data/interim/text/000101872424000008.txt.gz,101872424000008,2024Q1,2024-02-01 18:48:30-05:00,2024-02-02,2024-02-02,2024-02-02,2024-02-01,159.27999877929688,859,539,0.02274190087963956,85.44899032575358,0.007637845955803475,24.155994084208746,0.018579703926196095,14.478818272294177,0.1970769604014609,0.243818506201309,55.0,60.0
283,AMZN,1018724,AMAZON COM INC,5961,Retail-Catalog & Mail-Order Houses,10-Q,2024-05-01,2024-03-31,2024-04-30 22:38:29+00:00,0001018724-24-000083,https://www.sec.gov/Archives/edgar/data/1018724/000101872424000083/amzn-20240331.htm,15789,1990,data/interim/text/000101872424000083.txt.gz,101872424000083,2024Q2,2024-04-30 18:38:29-04:00,2024-05-01,2024-05-01,2024-05-01,2024-04-30,175.0,920,478,0.028247514092089428,76.64038792110797,0.00753689277344987,17.00174719468328,0.022800684020520615,12.607021293570858,0.21328612797546204,0.22110667921956323,55.0,60.0
284,AMZN,1018724,AMAZON COM INC,5961,Retail-Catalog & Mail-Order Houses,10-Q,2024-08-02,2024-06-30,2024-08-01 22:39:50+00:00,0001018724-24-000130,https://www.sec.gov/Archives/edgar/data/1018724/000101872424000130/amzn-20240630.htm,16131,1989,data/interim/text/000101872424000130.txt.gz,101872424000130,2024Q3,2024-08-01 18:39:50-04:00,2024-08-02,2024-08-02,2024-08-02,2024-08-01,184.07000732421875,984,414,0.02764862686752216,76.09696113387994,0.0073151075568780605,16.862557457616163,0.022317277292170354,12.510825453824772,0.21642625785716352,0.25583170582692255,55.0,60.0
285,AMZN,1018724,AMAZON COM INC,5961,Retail-Catalog & Mail-Order Houses,10-Q,2024-11-01,2024-09-30,2024-10-31 22:44:54+00:00,0001018724-24-000161,https://www.sec.gov/Archives/edgar/data/1018724/000101872424000161/amzn-20240930.htm,16660,2043,data/interim/text/000101872424000161.txt.gz,101872424000161,2024Q4,2024-10-31 18:44:54-04:00,2024-11-01,2024-11-01,2024-11-01,2024-10-31,186.3999938964844,1048,350,0.027070828331332532,76.80567765484587,0.007202881152460984,17.764647496684816,0.021908763505402162,12.463698664137373,0.254521763419305,0.26439008502058675,55.0,60.0
286,AMZN,1018724,AMAZON COM INC,5961,Retail-Catalog & Mail-Order Houses,10-K,2025-02-07,2024-12-31,2025-02-06 23:40:29+00:00,0001018724-25-000004,https://www.sec.gov/Archives/edgar/data/1018724/000101872425000004/amzn-20241231.htm,22639,2465,data/interim/text/000101872425000004.txt.gz,101872425000004,2025Q1,2025-02-06 18:40:29-05:00,2025-02-07,2025-02-07,2025-02-07,2025-02-06,238.8300018310547,1113,285,0.02252749679756173,83.50115665726318,0.007244136225098282,23.45033067511419,0.018419541499182825,15.53247045077659,0.2653613018308983,0.461431635115591,55.0,60.0
287,AMZN,1018724,AMAZON COM INC,5961,Retail-Catalog & Mail-Order Houses,10-Q,2025-05-02,2025-03-31,2025-05-01 22:14:53+00:00,0001018724-25-000036,https://www.sec.gov/Archives/edgar/data/1018724/000101872425000036/amzn-20250331.htm,15609,1988,data/interim/text/000101872425000036.txt.gz,101872425000036,2025Q2,2025-05-01 18:14:53-04:00,2025-05-02,2025-05-02,2025-05-02,2025-05-01,190.1999969482422,1171,227,0.028829521429944265,78.80989869119247,0.007816003587673778,18.013873124434635,0.023255813953488372,12.01005308788636,0.4806984755478764,0.30924176840540285,55.0,60.0
288,AMZN,1018724,AMAZON COM INC,5961,Retail-Catalog & Mail-Order Houses,10-Q,2025-08-01,2025-06-30,2025-07-31 22:13:08+00:00,0001018724-25-000086,https://www.sec.gov/Archives/edgar/data/1018724/000101872425000086/amzn-20250630.htm,16073,1995,data/interim/text/000101872425000086.txt.gz,101872425000086,2025Q3,2025-07-31 18:13:08-04:00,2025-08-01,2025-08-01,2025-08-01,2025-07-31,234.1100006103516,1233,165,0.027872830212157033,78.10821421220305,0.0075903689417034775,17.77413815497516,0.0223978099919119,11.909745858877328,0.26200079901592754,0.2581727853413308,55.0,60.0
289,AMZN,1018724,AMAZON COM INC,5961,Retail-Catalog & Mail-Order Houses,10-Q,2025-10-31,2025-09-30,2025-10-30 22:18:21+00:00,0001018724-25-000123,https://www.sec.gov/Archives/edgar/data/1018724/000101872425000123/amzn-20250930.htm,16609,2047,data/interim/text/000101872425000123.txt.gz,101872425000123,2025Q4,2025-10-30 18:18:21-04:00,2025-10-31,2025-10-31,2025-10-31,2025-10-30,222.8600006103516,1297,101,0.02739478595941959,78.80518571203102,0.00740562345716178,17.780133974626906,0.02203624540911554,11.882517425205695,0.2564314929228211,0.2585856547923133,55.0,60.0
290,CERS,1020214,CERUS CORP,3841,Surgical & Medical Instruments & Apparatus,10-K,2021-02-25,2020-12-31,2021-02-25 22:20:41+00:00,0001564590-21-008958,https://www.sec.gov/Archives/edgar/data/1020214/000156459021008958/cers-10k_20201231.htm,69400,4126,data/interim/text/000156459021008958.txt.gz,156459021008958,2021Q1,2021-02-25 17:20:41-05:00,2021-02-26,2021-02-26,2021-02-26,2021-02-25,6.449999809265137,121,1277,0.028429394812680114,235.77011204855032,0.007190201729106629,37.93846342473554,0.02249279538904899,23.850603363629823,0.5875050545739356,0.5089098744271487,55.0,60.0
291,CERS,1020214,CERUS CORP,3841,Surgical & Medical Instruments & Apparatus,10-Q,2021-05-04,2021-03-31,2021-05-04 21:16:24+00:00,0001564590-21-023418,https://www.sec.gov/Archives/edgar/data/1020214/000156459021023418/cers-10q_20210331.htm,50166,3577,data/interim/text/000156459021023418.txt.gz,156459021023418,2021Q2,2021-05-04 17:16:24-04:00,2021-05-05,2021-05-05,2021-05-05,2021-05-04,5.599999904632568,168,1230,0.03384762588207152,218.01748950550555,0.007953594067695252,28.054491971531117,0.025555156879161184,18.756107511885176,0.5382090005760845,0.547379635491276,55.0,60.0
292,CERS,1020214,CERUS CORP,3841,Surgical & Medical Instruments & Apparatus,10-Q,2021-08-03,2021-06-30,2021-08-03 21:01:42+00:00,0001564590-21-040301,https://www.sec.gov/Archives/edgar/data/1020214/000156459021040301/cers-10q_20210630.htm,51766,3644,data/interim/text/000156459021040301.txt.gz,156459021040301,2021Q3,2021-08-03 17:01:42-04:00,2021-08-04,2021-08-04,2021-08-04,2021-08-03,5.130000114440918,231,1167,0.032820770389831166,220.07845833721817,0.00774639724915968,27.75807094985365,0.025113008538422903,20.74671670291039,0.36424372165003005,0.3559350422869849,55.0,60.0
293,CERS,1020214,CERUS CORP,3841,Surgical & Medical Instruments & Apparatus,10-Q,2021-11-02,2021-09-30,2021-11-02 21:16:08+00:00,0001564590-21-053617,https://www.sec.gov/Archives/edgar/data/1020214/000156459021053617/cers-10q_20210930.htm,50652,3600,data/interim/text/000156459021053617.txt.gz,156459021053617,2021Q4,2021-11-02 17:16:08-04:00,2021-11-03,2021-11-03,2021-11-03,2021-11-02,6.690000057220459,295,1103,0.033522861881070835,221.34825721157048,0.007916765379451947,27.899550178018476,0.025467898602226962,21.08089650712565,0.3502361935036678,0.5096723418775326,55.0,60.0
294,CERS,1020214,CERUS CORP,3841,Surgical & Medical Instruments & Apparatus,10-K,2022-02-22,2021-12-31,2022-02-22 22:14:46+00:00,0000950170-22-001641,https://www.sec.gov/Archives/edgar/data/1020214/000095017022001641/cers-20211231.htm,63554,4076,data/interim/text/000095017022001641.txt.gz,95017022001641,2022Q1,2022-02-22 17:14:46-05:00,2022-02-23,2022-02-23,2022-02-23,2022-02-22,5.25,371,1027,0.026921987601095133,226.3535284308567,0.007064858230795858,37.313459807994235,0.022421877458539196,28.981839465219277,0.5446643571300224,0.6704206546616572,55.0,60.0
295,CERS,1020214,CERUS CORP,3841,Surgical & Medical Instruments & Apparatus,10-Q,2022-05-05,2022-03-31,2022-05-05 21:02:21+00:00,0000950170-22-007920,https://www.sec.gov/Archives/edgar/data/1020214/000095017022007920/cers-20220331.htm,41674,3351,data/interim/text/000095017022007920.txt.gz,95017022007920,2022Q2,2022-05-05 17:02:21-04:00,2022-05-06,2022-05-06,2022-05-06,2022-05-05,4.800000190734863,422,976,0.03364207899409704,199.38558502898493,0.007438690790420886,23.50662480805094,0.026227383980419447,22.326698082594923,0.5796180541431516,0.668779865309233,55.0,60.0
296,CERS,1020214,CERUS CORP,3841,Surgical & Medical Instruments & Apparatus,10-Q,2022-08-04,2022-06-30,2022-08-04 21:02:26+00:00,0000950170-22-014855,https://www.sec.gov/Archives/edgar/data/1020214/000095017022014855/cers-20220630.htm,43331,3429,data/interim/text/000095017022014855.txt.gz,95017022014855,2022Q3,2022-08-04 17:02:26-04:00,2022-08-05,2022-08-05,2022-08-05,2022-08-04,5.820000171661377,484,914,0.03357873116244721,202.94409048223258,0.007454247536405807,24.861948353871384,0.025893701968567537,22.891716288635372,0.6913236744095861,0.46711201326047974,55.0,60.0
297,CERS,1020214,CERUS CORP,3841,Surgical & Medical Instruments & Apparatus,10-Q,2022-11-03,2022-09-30,2022-11-03 21:05:19+00:00,0000950170-22-021968,https://www.sec.gov/Archives/edgar/data/1020214/000095017022021968/cers-20220930.htm,43838,3438,data/interim/text/000095017022021968.txt.gz,95017022021968,2022Q4,2022-11-03 17:05:19-04:00,2022-11-04,2022-11-04,2022-11-04,2022-11-03,3.380000114440918,548,850,0.03346411788858981,204.17305913622678,0.007550526940097632,25.364517373672033,0.025753912131027876,22.458544437931234,0.4700103799737621,0.8200157416650092,55.0,60.0
298,ISRG,1035267,INTUITIVE SURGICAL INC,3842,"Orthopedic, Prosthetic & Surgical Appliances & Supplies",10-K,2021-02-10,2020-12-31,2021-02-10 02:47:57+00:00,0001035267-21-000028,https://www.sec.gov/Archives/edgar/data/1035267/000103526721000028/isrg-20201231.htm,59938,4520,data/interim/text/000103526721000028.txt.gz,103526721000028,2021Q1,2021-02-09 21:47:57-05:00,2021-02-10,2021-02-10,2021-02-10,2021-02-09,259.7833251953125,110,1288,0.022923687810737763,200.4569046343479,0.006089625946811706,47.26224512675874,0.021221929326971204,31.595935352796705,0.27765981203142465,0.34592648498858775,55.0,60.0
299,ISRG,1035267,INTUITIVE SURGICAL INC,3842,"Orthopedic, Prosthetic & Surgical Appliances & Supplies",10-Q,2021-04-21,2021-03-31,2021-04-21 20:25:33+00:00,0001035267-21-000067,https://www.sec.gov/Archives/edgar/data/1035267/000103526721000067/isrg-20210331.htm,14825,2000,data/interim/text/000103526721000067.txt.gz,103526721000067,2021Q2,2021-04-21 16:25:33-04:00,2021-04-22,2021-04-22,2021-04-22,2021-04-21,297.1266784667969,159,1239,0.009106239460370995,31.404132040869765,0.00418212478920742,14.155997948235374,0.01632377740303541,9.894719004782276,0.2764721640534777,0.19400227691953278,55.0,60.0
300,ISRG,1035267,INTUITIVE SURGICAL INC,3842,"Orthopedic, Prosthetic & Surgical Appliances & Supplies",10-Q,2021-07-21,2021-06-30,2021-07-21 21:14:15+00:00,0001035267-21-000119,https://www.sec.gov/Archives/edgar/data/1035267/000103526721000119/isrg-20210630.htm,17725,2139,data/interim/text/000103526721000119.txt.gz,103526721000119,2021Q3,2021-07-21 17:14:15-04:00,2021-07-22,2021-07-22,2021-07-22,2021-07-21,314.9800109863281,222,1176,0.012806770098730607,52.55461652249907,0.004062059238363893,15.199688193121546,0.01681241184767278,12.651864407344627,0.17942213616926508,0.23235205495416375,55.0,60.0
301,ISRG,1035267,INTUITIVE SURGICAL INC,3842,"Orthopedic, Prosthetic & Surgical Appliances & Supplies",10-Q,2021-10-20,2021-09-30,2021-10-20 21:01:06+00:00,0001035267-21-000178,https://www.sec.gov/Archives/edgar/data/1035267/000103526721000178/isrg-20210930.htm,18411,2192,data/interim/text/000103526721000178.txt.gz,103526721000178,2021Q4,2021-10-20 17:01:06-04:00,2021-10-21,2021-10-21,2021-10-21,2021-10-20,339.79998779296875,286,1112,0.013470208027809462,55.593381398209466,0.004290913041116724,18.475829545813703,0.017055021454565205,14.740529555045569,0.23850096272364657,0.3446180771865549,55.0,60.0
302,ISRG,1035267,INTUITIVE SURGICAL INC,3842,"Orthopedic, Prosthetic & Surgical Appliances & Supplies",10-K,2022-02-03,2021-12-31,2022-02-03 21:59:03+00:00,0001035267-22-000014,https://www.sec.gov/Archives/edgar/data/1035267/000103526722000014/isrg-20211231.htm,64060,4765,data/interim/text/000103526722000014.txt.gz,103526722000014,2022Q1,2022-02-03 16:59:03-05:00,2022-02-04,2022-02-04,2022-02-04,2022-02-03,285.6000061035156,359,1039,0.024539494224164845,224.47857118630233,0.006712457071495473,53.42001481207161,0.021932563221979395,38.360855221218195,0.3534258792115059,0.5205390833404326,55.0,60.0
303,ISRG,1035267,INTUITIVE SURGICAL INC,3842,"Orthopedic, Prosthetic & Surgical Appliances & Supplies",10-Q,2022-04-22,2022-03-31,2022-04-22 21:26:40+00:00,0001035267-22-000085,https://www.sec.gov/Archives/edgar/data/1035267/000103526722000085/isrg-20220331.htm,15839,2126,data/interim/text/000103526722000085.txt.gz,103526722000085,2022Q2,2022-04-22 17:26:40-04:00,2022-04-23,2022-04-23,2022-04-25,2022-04-22,252.33999633789065,413,985,0.013321548077530146,42.864660076968626,0.0049876886167056,17.302422527479393,0.017614748405833703,10.36139029022135,0.3925364823473733,0.44506046456890175,55.0,60.0
304,ISRG,1035267,INTUITIVE SURGICAL INC,3842,"Orthopedic, Prosthetic & Surgical Appliances & Supplies",10-Q,2022-07-22,2022-06-30,2022-07-22 21:24:57+00:00,0001035267-22-000128,https://www.sec.gov/Archives/edgar/data/1035267/000103526722000128/isrg-20220630.htm,17902,2167,data/interim/text/000103526722000128.txt.gz,103526722000128,2022Q3,2022-07-22 17:24:57-04:00,2022-07-23,2022-07-23,2022-07-25,2022-07-22,211.8500061035156,475,923,0.01346218299631326,42.48261209526303,0.004859792201988605,17.284609567319237,0.017372360630097197,11.592481704793478,0.4371937211825435,0.40008710682541226,55.0,60.0
305,ISRG,1035267,INTUITIVE SURGICAL INC,3842,"Orthopedic, Prosthetic & Surgical Appliances & Supplies",10-Q,2022-10-21,2022-09-30,2022-10-21 21:03:02+00:00,0001035267-22-000169,https://www.sec.gov/Archives/edgar/data/1035267/000103526722000169/isrg-20220930.htm,18704,2322,data/interim/text/000103526722000169.txt.gz,103526722000169,2022Q4,2022-10-21 17:03:02-04:00,2022-10-22,2022-10-22,2022-10-24,2022-10-21,218.4900054931641,539,859,0.01293840889649273,43.54328222257132,0.005560307955517536,19.205141722612336,0.01657399486740804,11.029846446002267,0.34672824381446177,0.35074929910052904,55.0,60.0
306,ISRG,1035267,INTUITIVE SURGICAL INC,3842,"Orthopedic, Prosthetic & Surgical Appliances & Supplies",10-K,2023-02-10,2022-12-31,2023-02-10 22:11:19+00:00,0001035267-23-000019,https://www.sec.gov/Archives/edgar/data/1035267/000103526723000019/isrg-20221231.htm,66639,4817,data/interim/text/000103526723000019.txt.gz,103526723000019,2023Q1,2023-02-10 17:11:19-05:00,2023-02-11,2023-02-11,2023-02-13,2023-02-10,245.2700042724609,615,783,0.025630636714236408,229.75034961547408,0.006842839778508081,57.041341369661936,0.021909092273293417,34.29737880005061,0.305586700601105,0.3077771617092826,55.0,60.0
307,ISRG,1035267,INTUITIVE SURGICAL INC,3842,"Orthopedic, Prosthetic & Surgical Appliances & Supplies",10-Q,2023-04-20,2023-03-31,2023-04-20 20:45:19+00:00,0001035267-23-000092,https://www.sec.gov/Archives/edgar/data/1035267/000103526723000092/isrg-20230331.htm,17803,2296,data/interim/text/000103526723000092.txt.gz,103526723000092,2023Q2,2023-04-20 16:45:19-04:00,2023-04-21,2023-04-21,2023-04-21,2023-04-20,297.4100036621094,662,736,0.023310677975622085,75.31809865689044,0.004774476211874403,15.092286198741345,0.022524293658372184,15.272941773390974,0.3019565285702409,0.2153697619064045,55.0,60.0
308,ISRG,1035267,INTUITIVE SURGICAL INC,3842,"Orthopedic, Prosthetic & Surgical Appliances & Supplies",10-Q,2023-07-24,2023-06-30,2023-07-21 23:22:59+00:00,0001035267-23-000159,https://www.sec.gov/Archives/edgar/data/1035267/000103526723000159/isrg-20230630.htm,20131,2337,data/interim/text/000103526723000159.txt.gz,103526723000159,2023Q3,2023-07-21 19:22:59-04:00,2023-07-22,2023-07-24,2023-07-24,2023-07-21,336.6600036621094,725,673,0.021211067507823755,74.65889067150405,0.004669415329591178,15.906817823260484,0.021509115294818935,17.08547509969986,0.1884665790033006,0.2950084665995076,55.0,60.0
309,ISRG,1035267,INTUITIVE SURGICAL INC,3842,"Orthopedic, Prosthetic & Surgical Appliances & Supplies",10-Q,2023-10-20,2023-09-30,2023-10-20 21:04:46+00:00,0001035267-23-000196,https://www.sec.gov/Archives/edgar/data/1035267/000103526723000196/isrg-20230930.htm,21336,2462,data/interim/text/000103526723000196.txt.gz,103526723000196,2023Q4,2023-10-20 17:04:46-04:00,2023-10-21,2023-10-21,2023-10-23,2023-10-20,266.9100036621094,789,609,0.0224034495688039,84.8006600725209,0.00431196100487439,15.983998993601508,0.02226284214473191,17.104307327382024,0.30401390327675604,0.30557670364689793,55.0,60.0
310,ISRG,1035267,INTUITIVE SURGICAL INC,3842,"Orthopedic, Prosthetic & Surgical Appliances & Supplies",10-K,2024-01-31,2023-12-31,2024-01-31 22:16:45+00:00,0001035267-24-000021,https://www.sec.gov/Archives/edgar/data/1035267/000103526724000021/isrg-20231231.htm,70174,4934,data/interim/text/000103526724000021.txt.gz,103526724000021,2024Q1,2024-01-31 17:16:45-05:00,2024-02-01,2024-02-01,2024-02-01,2024-01-31,378.2200012207031,858,540,0.027360560891498277,250.57651368255634,0.0065836349645167725,59.38928037199348,0.022800467409581898,36.7574936313606,0.30958502596248333,0.22069484476104023,55.0,60.0
311,ISRG,1035267,INTUITIVE SURGICAL INC,3842,"Orthopedic, Prosthetic & Surgical Appliances & Supplies",10-Q,2024-04-19,2024-03-31,2024-04-19 13:00:40+00:00,0001035267-24-000137,https://www.sec.gov/Archives/edgar/data/1035267/000103526724000137/isrg-20240331.htm,15476,2083,data/interim/text/000103526724000137.txt.gz,103526724000137,2024Q2,2024-04-19 09:00:40-04:00,2024-04-19,2024-04-19,2024-04-19,2024-04-18,372.6300048828125,912,486,0.009304729904368054,35.47168639162884,0.004846213491858362,16.674468086271542,0.016477125872318428,12.379349922060587,0.21578745733238203,0.27273975442459225,55.0,60.0
312,ISRG,1035267,INTUITIVE SURGICAL INC,3842,"Orthopedic, Prosthetic & Surgical Appliances & Supplies",10-Q,2024-07-19,2024-06-30,2024-07-19 21:03:43+00:00,0001035267-24-000207,https://www.sec.gov/Archives/edgar/data/1035267/000103526724000207/isrg-20240630.htm,16775,2059,data/interim/text/000103526724000207.txt.gz,103526724000207,2024Q3,2024-07-19 17:03:43-04:00,2024-07-20,2024-07-20,2024-07-22,2024-07-19,455.010009765625,975,423,0.009061102831594635,31.62020709513628,0.0045901639344262295,14.769333953075707,0.016154992548435172,12.725391462408155,0.18426660878549844,0.29040314240669685,55.0,60.0
313,ISRG,1035267,INTUITIVE SURGICAL INC,3842,"Orthopedic, Prosthetic & Surgical Appliances & Supplies",10-Q,2024-10-18,2024-09-30,2024-10-18 20:45:39+00:00,0001035267-24-000247,https://www.sec.gov/Archives/edgar/data/1035267/000103526724000247/isrg-20240930.htm,16475,2037,data/interim/text/000103526724000247.txt.gz,103526724000247,2024Q4,2024-10-18 16:45:39-04:00,2024-10-19,2024-10-19,2024-10-21,2024-10-18,521.1500244140625,1039,359,0.00874051593323217,31.018487936686753,0.004370257966616085,14.088608556855478,0.015963581183611533,11.542830747708797,0.21222101145677377,0.24390248417265967,55.0,60.0
314,ISRG,1035267,INTUITIVE SURGICAL INC,3842,"Orthopedic, Prosthetic & Surgical Appliances & Supplies",10-K,2025-01-31,2024-12-31,2025-01-31 22:20:49+00:00,0001035267-25-000017,https://www.sec.gov/Archives/edgar/data/1035267/000103526725000017/isrg-20241231.htm,68827,4886,data/interim/text/000103526725000017.txt.gz,103526725000017,2025Q1,2025-01-31 17:20:49-05:00,2025-02-01,2025-02-01,2025-02-03,2025-01-31,571.8800048828125,1109,289,0.026878986444273324,241.4856572445391,0.006668894474552138,53.19369722225611,0.022897990614148517,35.476823250130316,0.26597601322700426,0.4965421801008131,55.0,60.0
315,ISRG,1035267,INTUITIVE SURGICAL INC,3842,"Orthopedic, Prosthetic & Surgical Appliances & Supplies",10-Q,2025-04-23,2025-03-31,2025-04-23 21:13:16+00:00,0001035267-25-000109,https://www.sec.gov/Archives/edgar/data/1035267/000103526725000109/isrg-20250331.htm,15378,2106,data/interim/text/000103526725000109.txt.gz,103526725000109,2025Q2,2025-04-23 17:13:16-04:00,2025-04-24,2025-04-24,2025-04-24,2025-04-23,487.9299926757813,1165,233,0.008453635063077123,34.70356113648886,0.004291845493562232,12.598308897168092,0.016191962543893875,11.770508965638953,0.501833905907476,0.2306255895341849,55.0,60.0
316,ISRG,1035267,INTUITIVE SURGICAL INC,3842,"Orthopedic, Prosthetic & Surgical Appliances & Supplies",10-Q,2025-07-23,2025-06-30,2025-07-23 20:53:33+00:00,0001035267-25-000192,https://www.sec.gov/Archives/edgar/data/1035267/000103526725000192/isrg-20250630.htm,18132,2187,data/interim/text/000103526725000192.txt.gz,103526725000192,2025Q3,2025-07-23 16:53:33-04:00,2025-07-24,2025-07-24,2025-07-24,2025-07-23,501.9500122070313,1227,171,0.008052062651665564,34.86614713492016,0.004301786896095301,14.415642505297258,0.015773218619016104,12.872242582460785,0.22699782948435912,0.3949151917943911,55.0,60.0
317,ISRG,1035267,INTUITIVE SURGICAL INC,3842,"Orthopedic, Prosthetic & Surgical Appliances & Supplies",10-Q,2025-10-22,2025-09-30,2025-10-22 21:18:20+00:00,0001035267-25-000209,https://www.sec.gov/Archives/edgar/data/1035267/000103526725000209/isrg-20250930.htm,17556,2174,data/interim/text/000103526725000209.txt.gz,103526725000209,2025Q4,2025-10-22 17:18:20-04:00,2025-10-23,2025-10-23,2025-10-23,2025-10-22,527.030029296875,1291,107,0.007974481658692184,33.01946108540697,0.004499886078833447,14.041459505363694,0.015607199817726134,12.447185609118554,0.2687150983263703,0.24090676641534958,55.0,60.0
318,NVDA,1045810,NVIDIA CORP,3674,Semiconductors & Related Devices,10-K,2021-02-26,2021-01-31,2021-02-26 22:03:14+00:00,0001045810-21-000010,https://www.sec.gov/Archives/edgar/data/1045810/000104581021000010/nvda-20210131.htm,30251,3413,data/interim/text/000104581021000010.txt.gz,104581021000010,2021Q1,2021-02-26 17:03:14-05:00,2021-02-27,2021-02-27,2021-03-01,2021-02-26,13.644112586975098,122,1276,0.01930514693729133,95.76289507571468,0.006313840864764801,37.65824996620065,0.01831344418366335,19.274785788725552,0.34778812539915693,0.4435200724545966,55.0,60.0
319,NVDA,1045810,NVIDIA CORP,3674,Semiconductors & Related Devices,10-Q,2021-05-26,2021-05-02,2021-05-26 20:35:56+00:00,0001045810-21-000064,https://www.sec.gov/Archives/edgar/data/1045810/000104581021000064/nvda-20210502.htm,7987,1386,data/interim/text/000104581021000064.txt.gz,104581021000064,2021Q2,2021-05-26 16:35:56-04:00,2021-05-27,2021-05-27,2021-05-27,2021-05-26,15.624814987182615,184,1214,0.009891072993614624,14.721441875785715,0.0038813071240766245,8.206660950749347,0.021034180543382998,6.368230353793941,0.45371552480406285,0.3424900896727793,55.0,60.0
320,NVDA,1045810,NVIDIA CORP,3674,Semiconductors & Related Devices,10-Q,2021-08-20,2021-08-01,2021-08-20 20:32:40+00:00,0001045810-21-000131,https://www.sec.gov/Archives/edgar/data/1045810/000104581021000131/nvda-20210801.htm,9711,1562,data/interim/text/000104581021000131.txt.gz,104581021000131,2021Q3,2021-08-20 16:32:40-04:00,2021-08-21,2021-08-21,2021-08-23,2021-08-20,20.721059799194336,244,1154,0.017094017094017096,29.416383986961474,0.004222016270209041,11.402011836918026,0.018947585212645453,6.327843310279061,0.3221561917483876,0.44703700816074243,55.0,60.0
321,NVDA,1045810,NVIDIA CORP,3674,Semiconductors & Related Devices,10-Q,2021-11-22,2021-10-31,2021-11-20 02:16:20+00:00,0001045810-21-000163,https://www.sec.gov/Archives/edgar/data/1045810/000104581021000163/nvda-20211031.htm,12650,1853,data/interim/text/000104581021000163.txt.gz,104581021000163,2021Q4,2021-11-19 21:16:20-05:00,2021-11-20,2021-11-22,2021-11-22,2021-11-19,32.84035873413086,308,1090,0.021739130434782608,52.55183654935501,0.005612648221343873,12.624224890142566,0.022687747035573122,10.642711155564077,0.42138768121484405,0.6290980770892705,55.0,60.0
322,NVDA,1045810,NVIDIA CORP,3674,Semiconductors & Related Devices,10-K,2022-03-18,2022-01-30,2022-03-18 00:33:34+00:00,0001045810-22-000036,https://www.sec.gov/Archives/edgar/data/1045810/000104581022000036/nvda-20220130.htm,30778,3511,data/interim/text/000104581022000036.txt.gz,104581022000036,2022Q1,2022-03-17 20:33:34-04:00,2022-03-18,2022-03-18,2022-03-18,2022-03-17,24.664623260498047,388,1010,0.02124894405094548,104.7935246991485,0.007017999870037039,37.96741867188876,0.01868217557995971,18.558379399895767,0.6088115069755469,0.7140743641224685,55.0,60.0
323,NVDA,1045810,NVIDIA CORP,3674,Semiconductors & Related Devices,10-Q,2022-05-27,2022-05-01,2022-05-27 20:21:55+00:00,0001045810-22-000079,https://www.sec.gov/Archives/edgar/data/1045810/000104581022000079/nvda-20220501.htm,11278,1687,data/interim/text/000104581022000079.txt.gz,104581022000079,2022Q2,2022-05-27 16:21:55-04:00,2022-05-28,2022-05-28,2022-05-31,2022-05-27,18.733997344970703,438,960,0.02039368682390495,42.161348794695215,0.0034580599397056213,8.063985163534493,0.024295087781521545,6.006611944388611,0.7358508596311544,0.5772624091815594,55.0,60.0
324,NVDA,1045810,NVIDIA CORP,3674,Semiconductors & Related Devices,10-Q,2022-08-31,2022-07-31,2022-08-31 21:01:35+00:00,0001045810-22-000147,https://www.sec.gov/Archives/edgar/data/1045810/000104581022000147/nvda-20220731.htm,16163,2016,data/interim/text/000104581022000147.txt.gz,104581022000147,2022Q3,2022-08-31 17:01:35-04:00,2022-09-01,2022-09-01,2022-09-01,2022-08-31,15.035386085510254,503,895,0.026232753820454122,78.21478417223778,0.003650312441997154,8.362258638079508,0.022768050485677163,11.694148900295295,0.5590347125146353,0.6130990374865862,55.0,60.0
325,NVDA,1045810,NVIDIA CORP,3674,Semiconductors & Related Devices,10-Q,2022-11-18,2022-10-30,2022-11-18 21:35:31+00:00,0001045810-22-000166,https://www.sec.gov/Archives/edgar/data/1045810/000104581022000166/nvda-20221030.htm,13397,1802,data/interim/text/000104581022000166.txt.gz,104581022000166,2022Q4,2022-11-18 16:35:31-05:00,2022-11-19,2022-11-19,2022-11-21,2022-11-18,15.353723526000977,559,839,0.0235873703067851,60.030807279197724,0.0035828916921698886,9.881414416301123,0.02224378592222139,9.254009351663592,0.655394481531031,0.6373312282679807,55.0,60.0
326,NVDA,1045810,NVIDIA CORP,3674,Semiconductors & Related Devices,10-K,2023-02-24,2023-01-29,2023-02-24 22:23:43+00:00,0001045810-23-000017,https://www.sec.gov/Archives/edgar/data/1045810/000104581023000017/nvda-20230129.htm,32597,3538,data/interim/text/000104581023000017.txt.gz,104581023000017,2023Q1,2023-02-24 17:23:43-05:00,2023-02-25,2023-02-25,2023-02-27,2023-02-24,23.208404541015625,624,774,0.024450102770193577,123.65258800788214,0.006565021320980458,38.016180515912914,0.020124551339080282,18.497040503931263,0.5846662274432125,0.5919678193170794,55.0,60.0
327,NVDA,1045810,NVIDIA CORP,3674,Semiconductors & Related Devices,10-Q,2023-05-26,2023-04-30,2023-05-26 20:17:32+00:00,0001045810-23-000093,https://www.sec.gov/Archives/edgar/data/1045810/000104581023000093/nvda-20230430.htm,14201,1988,data/interim/text/000104581023000093.txt.gz,104581023000093,2023Q2,2023-05-26 16:17:32-04:00,2023-05-27,2023-05-27,2023-05-30,2023-05-26,38.82280731201172,688,710,0.030983733539891558,84.25768877238133,0.003943384268713471,10.879338356862146,0.02605450320399972,8.806547356885078,0.342317206601674,0.42148285664126406,55.0,60.0
328,NVDA,1045810,NVIDIA CORP,3674,Semiconductors & Related Devices,10-Q,2023-08-28,2023-07-30,2023-08-25 23:36:34+00:00,0001045810-23-000175,https://www.sec.gov/Archives/edgar/data/1045810/000104581023000175/nvda-20230730.htm,14347,1883,data/interim/text/000104581023000175.txt.gz,104581023000175,2023Q3,2023-08-25 19:36:34-04:00,2023-08-26,2023-08-28,2023-08-28,2023-08-25,45.87719345092773,750,648,0.024186241025998468,60.5760838266994,0.004530563880950722,12.779617320495996,0.022374015473618176,8.597582665831663,0.3939984284252703,0.34156408260481974,55.0,60.0
329,NVDA,1045810,NVIDIA CORP,3674,Semiconductors & Related Devices,10-Q,2023-11-21,2023-10-29,2023-11-21 21:36:29+00:00,0001045810-23-000227,https://www.sec.gov/Archives/edgar/data/1045810/000104581023000227/nvda-20231029.htm,15249,1894,data/interim/text/000104581023000227.txt.gz,104581023000227,2023Q4,2023-11-21 16:36:29-05:00,2023-11-22,2023-11-22,2023-11-22,2023-11-21,49.7952766418457,811,587,0.023017902813299233,59.78264718044558,0.0043281526657485735,14.243991586870107,0.022952324742606073,11.10529408276231,0.35489197971862396,0.4691928057552238,55.0,60.0
330,NVDA,1045810,NVIDIA CORP,3674,Semiconductors & Related Devices,10-K,2024-02-21,2024-01-28,2024-02-21 21:36:57+00:00,0001045810-24-000029,https://www.sec.gov/Archives/edgar/data/1045810/000104581024000029/nvda-20240128.htm,35783,3617,data/interim/text/000104581024000029.txt.gz,104581024000029,2024Q1,2024-02-21 16:36:57-05:00,2024-02-22,2024-02-22,2024-02-22,2024-02-21,67.27702331542969,872,526,0.02531928569432412,130.87948645564597,0.006287902076404997,40.3086527384585,0.02182600676298801,17.72002397889455,0.32944606341104893,0.4813988356506626,55.0,60.0
331,NVDA,1045810,NVIDIA CORP,3674,Semiconductors & Related Devices,10-Q,2024-05-29,2024-04-28,2024-05-29 20:36:32+00:00,0001045810-24-000124,https://www.sec.gov/Archives/edgar/data/1045810/000104581024000124/nvda-20240428.htm,12835,1762,data/interim/text/000104581024000124.txt.gz,104581024000124,2024Q2,2024-05-29 16:36:32-04:00,2024-05-30,2024-05-30,2024-05-30,2024-05-29,114.49851989746094,940,458,0.017841838722243864,45.35224313220646,0.003506038176860148,10.678920401650254,0.020880405142189327,7.613245990527543,0.4890185167661637,0.6436125751049252,55.0,60.0
332,NVDA,1045810,NVIDIA CORP,3674,Semiconductors & Related Devices,10-Q,2024-08-28,2024-07-28,2024-08-28 21:05:08+00:00,0001045810-24-000264,https://www.sec.gov/Archives/edgar/data/1045810/000104581024000264/nvda-20240728.htm,13813,1795,data/interim/text/000104581024000264.txt.gz,104581024000264,2024Q3,2024-08-28 17:05:08-04:00,2024-08-29,2024-08-29,2024-08-29,2024-08-28,125.26314544677734,1003,395,0.016723376529356404,45.32233349080874,0.0038369651777311227,11.204489402682798,0.02019836386013176,7.18634020730663,0.6411380199892118,0.4119722151579414,55.0,60.0
333,NVDA,1045810,NVIDIA CORP,3674,Semiconductors & Related Devices,10-Q,2024-11-20,2024-10-27,2024-11-20 21:31:22+00:00,0001045810-24-000316,https://www.sec.gov/Archives/edgar/data/1045810/000104581024000316/nvda-20241027.htm,12908,1717,data/interim/text/000104581024000316.txt.gz,104581024000316,2024Q4,2024-11-20 16:31:22-05:00,2024-11-21,2024-11-21,2024-11-21,2024-11-20,145.4995880126953,1062,336,0.016656337155252558,43.87770402412587,0.004028509451502944,10.866462866809721,0.0206848466067555,6.109079870988429,0.4726005289916362,0.5730536714804658,55.0,60.0
334,NVDA,1045810,NVIDIA CORP,3674,Semiconductors & Related Devices,10-K,2025-02-26,2025-01-26,2025-02-26 21:48:33+00:00,0001045810-25-000023,https://www.sec.gov/Archives/edgar/data/1045810/000104581025000023/nvda-20250126.htm,36247,3615,data/interim/text/000104581025000023.txt.gz,104581025000023,2025Q1,2025-02-26 16:48:33-05:00,2025-02-27,2025-02-27,2025-02-27,2025-02-26,130.9376983642578,1126,272,0.024802052583662096,128.00254444854727,0.006372941208927636,43.217427254497096,0.021187960382928243,17.590396281748507,0.5799022900355656,0.6493458428044333,55.0,60.0
335,NVDA,1045810,NVIDIA CORP,3674,Semiconductors & Related Devices,10-Q,2025-05-28,2025-04-27,2025-05-28 20:32:57+00:00,0001045810-25-000116,https://www.sec.gov/Archives/edgar/data/1045810/000104581025000116/nvda-20250427.htm,12228,1757,data/interim/text/000104581025000116.txt.gz,104581025000116,2025Q2,2025-05-28 16:32:57-04:00,2025-05-29,2025-05-29,2025-05-29,2025-05-28,134.4708709716797,1189,209,0.017909715407262022,50.16390087024733,0.0034347399411187437,10.454827608166388,0.021344455348380767,6.954432194777933,0.670750891689193,0.24783066898778758,55.0,60.0
336,NVDA,1045810,NVIDIA CORP,3674,Semiconductors & Related Devices,10-Q,2025-08-27,2025-07-27,2025-08-27 20:52:07+00:00,0001045810-25-000209,https://www.sec.gov/Archives/edgar/data/1045810/000104581025000209/nvda-20250727.htm,11897,1708,data/interim/text/000104581025000209.txt.gz,104581025000209,2025Q3,2025-08-27 16:52:07-04:00,2025-08-28,2025-08-28,2025-08-28,2025-08-27,181.1557464599609,1252,146,0.017315289568798856,41.88481323400887,0.0036143565604774314,10.582386401942726,0.018744221232243424,3.9342411867098246,0.2598607923005483,0.37917147356524344,55.0,60.0
337,NVDA,1045810,NVIDIA CORP,3674,Semiconductors & Related Devices,10-Q,2025-11-19,2025-10-26,2025-11-19 21:36:17+00:00,0001045810-25-000230,https://www.sec.gov/Archives/edgar/data/1045810/000104581025000230/nvda-20251026.htm,14220,1907,data/interim/text/000104581025000230.txt.gz,104581025000230,2025Q4,2025-11-19 16:36:17-05:00,2025-11-20,2025-11-20,2025-11-20,2025-11-19,186.0742034912109,1311,87,0.020042194092827006,64.69816687614984,0.004641350210970464,9.853066304831366,0.021940928270042195,8.866036558994262,0.36957307545459456,0.32165123834604525,55.0,60.0
338,NFLX,1065280,NETFLIX INC,7841,Services-Video Tape Rental,10-K,2021-01-28,2020-12-31,2021-01-28 21:21:59+00:00,0001065280-21-000040,https://www.sec.gov/Archives/edgar/data/1065280/000106528021000040/nflx-20201231.htm,22371,2567,data/interim/text/000106528021000040.txt.gz,106528021000040,2021Q1,2021-01-28 16:21:59-05:00,2021-01-29,2021-01-29,2021-01-29,2021-01-28,53.86000061035156,102,1296,0.024317196370300834,101.21448998894417,0.006481605650172098,31.41274448976817,0.02364668544097269,14.817464526628001,0.49094067777645334,0.3188561140562531,55.0,60.0
339,NFLX,1065280,NETFLIX INC,7841,Services-Video Tape Rental,10-Q,2021-04-22,2021-03-31,2021-04-22 20:02:41+00:00,0001065280-21-000144,https://www.sec.gov/Archives/edgar/data/1065280/000106528021000144/nflx-20210331.htm,7096,1256,data/interim/text/000106528021000144.txt.gz,106528021000144,2021Q2,2021-04-22 16:02:41-04:00,2021-04-23,2021-04-23,2021-04-23,2021-04-22,50.87799835205078,160,1238,0.005496054114994363,8.298310453345238,0.005496054114994363,8.882900082352778,0.017474633596392335,8.207732537943194,0.33559524794482687,0.2012150354609018,55.0,60.0
340,NFLX,1065280,NETFLIX INC,7841,Services-Video Tape Rental,10-Q,2021-07-22,2021-06-30,2021-07-22 20:02:47+00:00,0001065280-21-000250,https://www.sec.gov/Archives/edgar/data/1065280/000106528021000250/nflx-20210630.htm,8129,1274,data/interim/text/000106528021000250.txt.gz,106528021000250,2021Q3,2021-07-22 16:02:47-04:00,2021-07-23,2021-07-23,2021-07-23,2021-07-22,51.17699813842773,223,1175,0.0059047853364497475,6.907663633482852,0.004428589002337311,8.574258900270516,0.01476196334112437,8.11280569283293,0.189403734995691,0.24309153247230106,55.0,60.0
341,NFLX,1065280,NETFLIX INC,7841,Services-Video Tape Rental,10-Q,2021-10-21,2021-09-30,2021-10-21 20:02:00+00:00,0001065280-21-000363,https://www.sec.gov/Archives/edgar/data/1065280/000106528021000363/nflx-20210930.htm,8108,1267,data/interim/text/000106528021000363.txt.gz,106528021000363,2021Q4,2021-10-21 16:02:00-04:00,2021-10-22,2021-10-22,2021-10-22,2021-10-21,65.31600189208984,287,1111,0.0059200789343857915,6.975145563188657,0.005056734089787864,8.670015002380643,0.01480019733596448,8.109396793326002,0.2287027836147765,0.5175230989114705,55.0,60.0
342,NFLX,1065280,NETFLIX INC,7841,Services-Video Tape Rental,10-K,2022-01-27,2021-12-31,2022-01-27 22:03:33+00:00,0001065280-22-000036,https://www.sec.gov/Archives/edgar/data/1065280/000106528022000036/nflx-20211231.htm,21637,2519,data/interim/text/000106528022000036.txt.gz,106528022000036,2022Q1,2022-01-27 17:03:33-05:00,2022-01-28,2022-01-28,2022-01-28,2022-01-27,38.66999816894531,354,1044,0.02389425521098119,88.51440149622232,0.006932569210149281,32.10021146725165,0.02366316957064288,13.591512356455478,0.27504666403433226,0.8456348462063199,55.0,60.0
343,NFLX,1065280,NETFLIX INC,7841,Services-Video Tape Rental,10-Q,2022-04-21,2022-03-31,2022-04-21 20:03:01+00:00,0001065280-22-000145,https://www.sec.gov/Archives/edgar/data/1065280/000106528022000145/nflx-20220331.htm,6455,1173,data/interim/text/000106528022000145.txt.gz,106528022000145,2022Q2,2022-04-21 16:03:01-04:00,2022-04-22,2022-04-22,2022-04-22,2022-04-21,21.82200050354004,412,986,0.004802478698683191,5.635849802554553,0.005577072037180481,8.406624235434705,0.016266460108443067,6.821317891485628,0.5487909036270597,0.6407736479116659,55.0,60.0
344,NFLX,1065280,NETFLIX INC,7841,Services-Video Tape Rental,10-Q,2022-07-21,2022-06-30,2022-07-21 20:02:17+00:00,0001065280-22-000257,https://www.sec.gov/Archives/edgar/data/1065280/000106528022000257/nflx-20220630.htm,7488,1176,data/interim/text/000106528022000257.txt.gz,106528022000257,2022Q3,2022-07-21 16:02:17-04:00,2022-07-22,2022-07-22,2022-07-22,2022-07-21,22.38800048828125,474,924,0.004941239316239316,5.631399252388516,0.00547542735042735,8.213688703671504,0.014556623931623932,6.481399273652476,0.6299556941578028,0.5781558591078324,55.0,60.0
345,NFLX,1065280,NETFLIX INC,7841,Services-Video Tape Rental,10-Q,2022-10-20,2022-09-30,2022-10-20 20:04:17+00:00,0001065280-22-000368,https://www.sec.gov/Archives/edgar/data/1065280/000106528022000368/nflx-20220930.htm,7303,1178,data/interim/text/000106528022000368.txt.gz,106528022000368,2022Q4,2022-10-20 16:04:17-04:00,2022-10-21,2022-10-21,2022-10-21,2022-10-20,26.81599998474121,538,860,0.004244830891414487,5.398048528386285,0.005614131178967548,8.405950241459461,0.015062303163083664,7.253942775128179,0.5149694650522129,0.5072145474294727,55.0,60.0
346,NFLX,1065280,NETFLIX INC,7841,Services-Video Tape Rental,10-K,2023-01-26,2022-12-31,2023-01-26 21:03:50+00:00,0001065280-23-000035,https://www.sec.gov/Archives/edgar/data/1065280/000106528023000035/nflx-20221231.htm,21557,2536,data/interim/text/000106528023000035.txt.gz,106528023000035,2023Q1,2023-01-26 16:03:50-05:00,2023-01-27,2023-01-27,2023-01-27,2023-01-26,36.48699951171875,604,794,0.023426265250266736,83.72102582152179,0.00663357610057058,31.5701249890256,0.024307649487405485,13.848766570678885,0.49032132837040515,0.3575841086771236,55.0,60.0
347,NFLX,1065280,NETFLIX INC,7841,Services-Video Tape Rental,10-Q,2023-04-21,2023-03-31,2023-04-21 20:02:01+00:00,0001065280-23-000120,https://www.sec.gov/Archives/edgar/data/1065280/000106528023000120/nflx-20230331.htm,5522,1025,data/interim/text/000106528023000120.txt.gz,106528023000120,2023Q2,2023-04-21 16:02:01-04:00,2023-04-22,2023-04-22,2023-04-24,2023-04-21,32.79800033569336,663,735,0.00597609561752988,3.4524446861768916,0.0050706265845708075,8.186517181597432,0.014125316914161535,6.2678369073008415,0.36733163998722207,0.38705357070153285,55.0,60.0
348,NFLX,1065280,NETFLIX INC,7841,Services-Video Tape Rental,10-Q,2023-07-21,2023-06-30,2023-07-21 20:02:00+00:00,0001065280-23-000198,https://www.sec.gov/Archives/edgar/data/1065280/000106528023000198/nflx-20230630.htm,6529,1055,data/interim/text/000106528023000198.txt.gz,106528023000198,2023Q3,2023-07-21 16:02:00-04:00,2023-07-22,2023-07-22,2023-07-24,2023-07-21,42.75,725,673,0.005667024046561495,3.697158779238228,0.004594884362076888,8.364060990572211,0.012559350589676827,6.261838633669049,0.3330409769549263,0.4448074142881447,55.0,60.0
349,NFLX,1065280,NETFLIX INC,7841,Services-Video Tape Rental,10-Q,2023-10-20,2023-09-30,2023-10-20 20:01:48+00:00,0001065280-23-000273,https://www.sec.gov/Archives/edgar/data/1065280/000106528023000273/nflx-20230930.htm,7024,1093,data/interim/text/000106528023000273.txt.gz,106528023000273,2023Q4,2023-10-20 16:01:48-04:00,2023-10-21,2023-10-21,2023-10-23,2023-10-20,40.09600067138672,789,609,0.0056947608200455585,6.081859542119668,0.005979498861047836,8.774968049856176,0.012813211845102505,6.612256194234146,0.29825046270723743,0.31490649836902895,55.0,60.0
350,NFLX,1065280,NETFLIX INC,7841,Services-Video Tape Rental,10-K,2024-01-26,2023-12-31,2024-01-26 21:01:56+00:00,0001065280-24-000030,https://www.sec.gov/Archives/edgar/data/1065280/000106528024000030/nflx-20231231.htm,22756,2633,data/interim/text/000106528024000030.txt.gz,106528024000030,2024Q1,2024-01-26 16:01:56-05:00,2024-01-27,2024-01-27,2024-01-29,2024-01-26,57.04199981689453,855,543,0.024784672174371594,93.08583570070799,0.006679557039901565,32.9699472732305,0.024037616452803657,13.522928792158,0.2318056715092337,0.3246757729578621,55.0,60.0
351,NFLX,1065280,NETFLIX INC,7841,Services-Video Tape Rental,10-Q,2024-04-22,2024-03-31,2024-04-22 20:01:53+00:00,0001065280-24-000128,https://www.sec.gov/Archives/edgar/data/1065280/000106528024000128/nflx-20240331.htm,5874,1037,data/interim/text/000106528024000128.txt.gz,106528024000128,2024Q2,2024-04-22 16:01:53-04:00,2024-04-23,2024-04-23,2024-04-23,2024-04-22,55.459999084472656,914,484,0.006979911474293497,5.000126309742733,0.006128702757916241,8.481403715728144,0.014640789921688798,5.456287214107844,0.24778059933857707,0.22155343437566158,55.0,60.0
352,NFLX,1065280,NETFLIX INC,7841,Services-Video Tape Rental,10-Q,2024-07-19,2024-06-30,2024-07-19 20:04:45+00:00,0001065280-24-000200,https://www.sec.gov/Archives/edgar/data/1065280/000106528024000200/nflx-20240630.htm,6754,1047,data/interim/text/000106528024000200.txt.gz,106528024000200,2024Q3,2024-07-19 16:04:45-04:00,2024-07-20,2024-07-20,2024-07-22,2024-07-19,63.33399963378906,975,423,0.006514657980456026,5.62996486507431,0.005626295528575659,8.09535031286232,0.013473497186852236,5.304318540627666,0.2374850234582198,0.32367387381221835,55.0,60.0
353,NFLX,1065280,NETFLIX INC,7841,Services-Video Tape Rental,10-Q,2024-10-18,2024-09-30,2024-10-18 20:01:49+00:00,0001065280-24-000287,https://www.sec.gov/Archives/edgar/data/1065280/000106528024000287/nflx-20240930.htm,7128,1071,data/interim/text/000106528024000287.txt.gz,106528024000287,2024Q4,2024-10-18 16:01:49-04:00,2024-10-19,2024-10-19,2024-10-21,2024-10-18,76.38899993896484,1039,359,0.007435465768799102,5.5960555305684725,0.006593714927048261,8.064268514799792,0.013748597081930415,5.3276573711897175,0.23486948485219203,0.311283960074793,55.0,60.0
354,NFLX,1065280,NETFLIX INC,7841,Services-Video Tape Rental,10-K,2025-01-27,2024-12-31,2025-01-27 21:01:56+00:00,0001065280-25-000044,https://www.sec.gov/Archives/edgar/data/1065280/000106528025000044/nflx-20241231.htm,22593,2582,data/interim/text/000106528025000044.txt.gz,106528025000044,2025Q1,2025-01-27 16:01:56-05:00,2025-01-28,2025-01-28,2025-01-28,2025-01-27,97.18900299072266,1105,293,0.02412251582348515,90.21078063140497,0.006860532023193025,31.562721228165405,0.024255300314256628,13.607664215407816,0.2455899089582358,0.4375059601131848,55.0,60.0
355,NFLX,1065280,NETFLIX INC,7841,Services-Video Tape Rental,10-Q,2025-04-18,2025-03-31,2025-04-18 20:02:54+00:00,0001065280-25-000176,https://www.sec.gov/Archives/edgar/data/1065280/000106528025000176/nflx-20250331.htm,6260,1054,data/interim/text/000106528025000176.txt.gz,106528025000176,2025Q2,2025-04-18 16:02:54-04:00,2025-04-19,2025-04-19,2025-04-21,2025-04-17,97.3030014038086,1162,236,0.008945686900958467,5.595627610639527,0.006549520766773163,6.230660907587092,0.015654952076677317,5.363379954996967,0.4218664442737666,0.25384907695204784,55.0,60.0
356,NFLX,1065280,NETFLIX INC,7841,Services-Video Tape Rental,10-Q,2025-07-18,2025-06-30,2025-07-18 20:02:28+00:00,0001065280-25-000323,https://www.sec.gov/Archives/edgar/data/1065280/000106528025000323/nflx-20250630.htm,7081,1060,data/interim/text/000106528025000323.txt.gz,106528025000323,2025Q3,2025-07-18 16:02:28-04:00,2025-07-19,2025-07-19,2025-07-21,2025-07-18,120.92400360107422,1224,174,0.008614602457280044,6.096627472230106,0.0062138116085298685,6.023420249636741,0.014263522101398108,5.153990962419008,0.23535904240974942,0.22029923242809785,55.0,60.0
357,NFLX,1065280,NETFLIX INC,7841,Services-Video Tape Rental,10-Q,2025-10-22,2025-09-30,2025-10-22 20:02:46+00:00,0001065280-25-000406,https://www.sec.gov/Archives/edgar/data/1065280/000106528025000406/nflx-20250930.htm,7371,1080,data/interim/text/000106528025000406.txt.gz,106528025000406,2025Q4,2025-10-22 16:02:46-04:00,2025-10-23,2025-10-23,2025-10-23,2025-10-22,111.63700103759766,1291,107,0.008682675349342016,6.647527568449187,0.005833672500339167,7.067794483951391,0.013702347035680369,5.183165227202638,0.22505002291098178,0.28779747630210967,55.0,60.0
358,KTOS,1069258,"KRATOS DEFENSE & SECURITY SOLUTIONS, INC.",3760,Guided Missiles & Space Vehicles & Parts,10-K,2021-02-25,2020-12-27,2021-02-25 21:26:01+00:00,0001069258-21-000009,https://www.sec.gov/Archives/edgar/data/1069258/000106925821000009/ktos-20201227.htm,44863,3521,data/interim/text/000106925821000009.txt.gz,106925821000009,2021Q1,2021-02-25 16:26:01-05:00,2021-02-26,2021-02-26,2021-02-26,2021-02-25,28.51000022888184,121,1277,0.028575886588056973,163.61965596905804,0.008158170429975704,41.761565404706005,0.024496801373069123,25.83233561404407,0.516621636924804,0.43114914697489676,55.0,60.0
359,KTOS,1069258,"KRATOS DEFENSE & SECURITY SOLUTIONS, INC.",3760,Guided Missiles & Space Vehicles & Parts,10-Q,2021-05-05,2021-03-28,2021-05-05 20:27:46+00:00,0001069258-21-000022,https://www.sec.gov/Archives/edgar/data/1069258/000106925821000022/ktos-20210328.htm,8657,1506,data/interim/text/000106925821000022.txt.gz,106925821000022,2021Q2,2021-05-05 16:27:46-04:00,2021-05-06,2021-05-06,2021-05-06,2021-05-05,25.200000762939453,169,1229,0.01721150514034885,38.2159100575175,0.004736051750028878,7.183005888504503,0.0159408571098533,10.264063991785827,0.5122118254863687,0.39075283479991446,55.0,60.0
360,KTOS,1069258,"KRATOS DEFENSE & SECURITY SOLUTIONS, INC.",3760,Guided Missiles & Space Vehicles & Parts,10-Q,2021-08-03,2021-06-27,2021-08-03 20:31:42+00:00,0001069258-21-000038,https://www.sec.gov/Archives/edgar/data/1069258/000106925821000038/ktos-20210627.htm,9816,1518,data/interim/text/000106925821000038.txt.gz,106925821000038,2021Q3,2021-08-03 16:31:42-04:00,2021-08-04,2021-08-04,2021-08-04,2021-08-03,27.11000061035156,231,1167,0.01823553382233089,36.62350280766875,0.004686226568867156,6.813209029131786,0.014364303178484108,9.847152564392278,0.32615107407784183,0.4009230753799817,55.0,60.0
361,KTOS,1069258,"KRATOS DEFENSE & SECURITY SOLUTIONS, INC.",3760,Guided Missiles & Space Vehicles & Parts,10-Q,2021-11-03,2021-09-26,2021-11-03 20:22:16+00:00,0001069258-21-000044,https://www.sec.gov/Archives/edgar/data/1069258/000106925821000044/ktos-20210926.htm,9988,1554,data/interim/text/000106925821000044.txt.gz,106925821000044,2021Q4,2021-11-03 16:22:16-04:00,2021-11-04,2021-11-04,2021-11-04,2021-11-03,23.280000686645508,296,1102,0.017821385662795355,37.667298654245656,0.004104925911093312,6.752205689974445,0.014817781337605127,12.764702089744649,0.3981729830277689,0.324283988234785,55.0,60.0
362,KTOS,1069258,"KRATOS DEFENSE & SECURITY SOLUTIONS, INC.",3760,Guided Missiles & Space Vehicles & Parts,10-K,2022-02-22,2021-12-26,2022-02-22 21:44:05+00:00,0001069258-22-000014,https://www.sec.gov/Archives/edgar/data/1069258/000106925822000014/ktos-20211226.htm,46422,3620,data/interim/text/000106925822000014.txt.gz,106925822000014,2022Q1,2022-02-22 16:44:05-05:00,2022-02-23,2022-02-23,2022-02-23,2022-02-22,16.309999465942383,371,1027,0.0288440825470682,174.96504212311314,0.00829348153892551,42.923295363812294,0.025031235190211536,31.627164634507775,0.3380503518393092,0.6074360397523111,55.0,60.0
363,KTOS,1069258,"KRATOS DEFENSE & SECURITY SOLUTIONS, INC.",3760,Guided Missiles & Space Vehicles & Parts,10-Q,2022-05-05,2022-03-27,2022-05-05 20:24:55+00:00,0001069258-22-000031,https://www.sec.gov/Archives/edgar/data/1069258/000106925822000031/ktos-20220327.htm,8939,1494,data/interim/text/000106925822000031.txt.gz,106925822000031,2022Q2,2022-05-05 16:24:55-04:00,2022-05-06,2022-05-06,2022-05-06,2022-05-05,15.43000030517578,422,976,0.01935339523436626,40.65247369139957,0.004362904127978521,8.244815633075076,0.015661707126076743,13.105995154680775,0.7321170429911474,0.47977231583815955,55.0,60.0
364,KTOS,1069258,"KRATOS DEFENSE & SECURITY SOLUTIONS, INC.",3760,Guided Missiles & Space Vehicles & Parts,10-Q,2022-08-04,2022-06-26,2022-08-04 20:18:13+00:00,0001069258-22-000054,https://www.sec.gov/Archives/edgar/data/1069258/000106925822000054/ktos-20220626.htm,10154,1465,data/interim/text/000106925822000054.txt.gz,106925822000054,2022Q3,2022-08-04 16:18:13-04:00,2022-08-05,2022-08-05,2022-08-05,2022-08-04,15.050000190734863,484,914,0.019302737837305496,33.5533966313255,0.004037817608824109,5.920341606573223,0.013295253102225724,8.710207146229687,0.5028315205659727,0.45383734250007035,55.0,60.0
365,KTOS,1069258,"KRATOS DEFENSE & SECURITY SOLUTIONS, INC.",3760,Guided Missiles & Space Vehicles & Parts,10-Q,2022-11-03,2022-09-25,2022-11-03 20:21:48+00:00,0001069258-22-000061,https://www.sec.gov/Archives/edgar/data/1069258/000106925822000061/ktos-20220925.htm,10192,1467,data/interim/text/000106925822000061.txt.gz,106925822000061,2022Q4,2022-11-03 16:21:48-04:00,2022-11-04,2022-11-04,2022-11-04,2022-11-03,10.800000190734863,548,850,0.019525117739403453,33.61369519819741,0.003924646781789639,5.992938914365664,0.013932496075353218,9.504278876636183,0.45328656493007147,0.4450668597158992,55.0,60.0
366,KTOS,1069258,"KRATOS DEFENSE & SECURITY SOLUTIONS, INC.",3760,Guided Missiles & Space Vehicles & Parts,10-K,2023-02-23,2022-12-25,2023-02-23 21:16:47+00:00,0001069258-23-000008,https://www.sec.gov/Archives/edgar/data/1069258/000106925823000008/ktos-20221225.htm,47177,3675,data/interim/text/000106925823000008.txt.gz,106925823000008,2023Q1,2023-02-23 16:16:47-05:00,2023-02-24,2023-02-24,2023-02-24,2023-02-23,11.470000267028809,623,775,0.02876401636390614,169.5150277980001,0.008436314305699811,42.621294741762775,0.02446107213260699,28.69577088230026,0.3646998608272756,0.33037719030885154,55.0,60.0
367,KTOS,1069258,"KRATOS DEFENSE & SECURITY SOLUTIONS, INC.",3760,Guided Missiles & Space Vehicles & Parts,10-Q,2023-05-03,2023-03-26,2023-05-03 20:20:59+00:00,0001069258-23-000027,https://www.sec.gov/Archives/edgar/data/1069258/000106925823000027/ktos-20230326.htm,8534,1440,data/interim/text/000106925823000027.txt.gz,106925823000027,2023Q2,2023-05-03 16:20:59-04:00,2023-05-04,2023-05-04,2023-05-04,2023-05-03,13.0,671,727,0.01827982188891493,29.237811805267356,0.003866885399578158,5.53822689636079,0.015584719943754394,8.61635733603817,0.40748774553851275,0.526093170024275,55.0,60.0
368,KTOS,1069258,"KRATOS DEFENSE & SECURITY SOLUTIONS, INC.",3760,Guided Missiles & Space Vehicles & Parts,10-Q,2023-08-03,2023-06-25,2023-08-03 20:19:59+00:00,0001069258-23-000046,https://www.sec.gov/Archives/edgar/data/1069258/000106925823000046/ktos-20230625.htm,9236,1407,data/interim/text/000106925823000046.txt.gz,106925823000046,2023Q3,2023-08-03 16:19:59-04:00,2023-08-04,2023-08-04,2023-08-04,2023-08-03,14.43000030517578,734,664,0.0167821567778259,26.12273163435243,0.0037895192724122996,5.507029663660742,0.0129926375054136,7.375139177146896,0.44255422497058094,0.38107672711873625,55.0,60.0
369,KTOS,1069258,"KRATOS DEFENSE & SECURITY SOLUTIONS, INC.",3760,Guided Missiles & Space Vehicles & Parts,10-Q,2023-11-02,2023-10-01,2023-11-02 20:27:58+00:00,0001069258-23-000062,https://www.sec.gov/Archives/edgar/data/1069258/000106925823000062/ktos-20231001.htm,9427,1427,data/interim/text/000106925823000062.txt.gz,106925823000062,2023Q4,2023-11-02 16:27:58-04:00,2023-11-03,2023-11-03,2023-11-03,2023-11-02,17.950000762939453,798,600,0.0170786040097592,27.34746397146525,0.0041370531452211735,5.770099746181167,0.013153707436087833,7.4646449975471505,0.3847068058297926,0.32942306441991764,55.0,60.0
370,KTOS,1069258,"KRATOS DEFENSE & SECURITY SOLUTIONS, INC.",3760,Guided Missiles & Space Vehicles & Parts,10-K,2024-02-13,2023-12-31,2024-02-13 21:20:39+00:00,0001069258-24-000007,https://www.sec.gov/Archives/edgar/data/1069258/000106925824000007/ktos-20231231.htm,49389,3858,data/interim/text/000106925824000007.txt.gz,106925824000007,2024Q1,2024-02-13 16:20:39-05:00,2024-02-14,2024-02-14,2024-02-14,2024-02-13,17.799999237060547,867,531,0.02905505274453826,177.1795829428493,0.008524165299965579,43.68547601766618,0.02427666079491385,26.885398856192875,0.32709655889006095,0.3831914011574166,55.0,60.0
371,KTOS,1069258,"KRATOS DEFENSE & SECURITY SOLUTIONS, INC.",3760,Guided Missiles & Space Vehicles & Parts,10-Q,2024-05-07,2024-03-31,2024-05-07 20:16:50+00:00,0001069258-24-000036,https://www.sec.gov/Archives/edgar/data/1069258/000106925824000036/ktos-20240331.htm,7444,1342,data/interim/text/000106925824000036.txt.gz,106925824000036,2024Q2,2024-05-07 16:16:50-04:00,2024-05-08,2024-05-08,2024-05-08,2024-05-07,18.76000022888184,925,473,0.014373992477162815,26.20241375866885,0.004030091348737238,5.378834183243112,0.016254701773240194,8.342375991949378,0.5199982419872603,0.3068300436165155,55.0,60.0
372,KTOS,1069258,"KRATOS DEFENSE & SECURITY SOLUTIONS, INC.",3760,Guided Missiles & Space Vehicles & Parts,10-Q,2024-08-07,2024-06-30,2024-08-07 20:14:59+00:00,0001069258-24-000051,https://www.sec.gov/Archives/edgar/data/1069258/000106925824000051/ktos-20240630.htm,8745,1379,data/interim/text/000106925824000051.txt.gz,106925824000051,2024Q3,2024-08-07 16:14:59-04:00,2024-08-08,2024-08-08,2024-08-08,2024-08-07,20.06999969482422,988,410,0.013036020583190394,24.679850601345073,0.0038879359634076617,5.276689633636192,0.01452258433390509,8.4543617060392,0.28585395687120857,0.34628491235982745,55.0,60.0
373,KTOS,1069258,"KRATOS DEFENSE & SECURITY SOLUTIONS, INC.",3760,Guided Missiles & Space Vehicles & Parts,10-Q,2024-11-07,2024-09-29,2024-11-07 21:22:29+00:00,0001069258-24-000061,https://www.sec.gov/Archives/edgar/data/1069258/000106925824000061/ktos-20240929.htm,9220,1448,data/interim/text/000106925824000061.txt.gz,106925824000061,2024Q4,2024-11-07 16:22:29-05:00,2024-11-08,2024-11-08,2024-11-08,2024-11-07,23.81999969482422,1053,345,0.013557483731019523,25.97206305507062,0.004013015184381779,5.631223482940334,0.01420824295010846,11.401538379809356,0.349221886779482,0.4898181236023828,55.0,60.0
374,KTOS,1069258,"KRATOS DEFENSE & SECURITY SOLUTIONS, INC.",3760,Guided Missiles & Space Vehicles & Parts,10-K,2025-02-26,2024-12-29,2025-02-26 21:22:19+00:00,0001069258-25-000008,https://www.sec.gov/Archives/edgar/data/1069258/000106925825000008/ktos-20241229.htm,46871,3711,data/interim/text/000106925825000008.txt.gz,106925825000008,2025Q1,2025-02-26 16:22:19-05:00,2025-02-27,2025-02-27,2025-02-27,2025-02-26,24.959999084472656,1126,272,0.029058479656930723,172.3910650955364,0.008064688186725268,40.72599662733833,0.024812784024236735,25.614153825554094,0.4951278243922339,0.5264431616545621,55.0,60.0
375,KTOS,1069258,"KRATOS DEFENSE & SECURITY SOLUTIONS, INC.",3760,Guided Missiles & Space Vehicles & Parts,10-Q,2025-05-07,2025-03-30,2025-05-07 20:26:13+00:00,0001069258-25-000028,https://www.sec.gov/Archives/edgar/data/1069258/000106925825000028/ktos-20250330.htm,7753,1400,data/interim/text/000106925825000028.txt.gz,106925825000028,2025Q2,2025-05-07 16:26:13-04:00,2025-05-08,2025-05-08,2025-05-08,2025-05-07,36.060001373291016,1175,223,0.012382303624403457,23.220833980486578,0.004256416870888688,5.780635797489137,0.015864826518766927,7.299778200089361,0.5719478264175246,0.5879586991123802,55.0,60.0
376,KTOS,1069258,"KRATOS DEFENSE & SECURITY SOLUTIONS, INC.",3760,Guided Missiles & Space Vehicles & Parts,10-Q,2025-08-07,2025-06-29,2025-08-07 20:09:31+00:00,0001069258-25-000048,https://www.sec.gov/Archives/edgar/data/1069258/000106925825000048/ktos-20250629.htm,9118,1442,data/interim/text/000106925825000048.txt.gz,106925825000048,2025Q3,2025-08-07 16:09:31-04:00,2025-08-08,2025-08-08,2025-08-08,2025-08-07,59.08000183105469,1238,160,0.010967317394165387,21.712356826314547,0.004496600131607809,6.88901537023277,0.013818819916648387,7.79726953292256,0.5803600434365566,0.6023116784572622,55.0,60.0
377,KTOS,1069258,"KRATOS DEFENSE & SECURITY SOLUTIONS, INC.",3760,Guided Missiles & Space Vehicles & Parts,10-Q,2025-11-04,2025-09-28,2025-11-04 21:29:30+00:00,0001069258-25-000058,https://www.sec.gov/Archives/edgar/data/1069258/000106925825000058/ktos-20250928.htm,8853,1424,data/interim/text/000106925825000058.txt.gz,106925825000058,2025Q4,2025-11-04 16:29:30-05:00,2025-11-05,2025-11-05,2025-11-05,2025-11-04,90.22000122070312,1300,98,0.012876990850559133,23.941912955038305,0.004179374223427087,6.6805474608569355,0.015136112052411612,8.234578269497343,0.5281317934739068,0.7985245070989636,55.0,60.0
378,TDY,1094285,TELEDYNE TECHNOLOGIES INC,3812,"Search, Detection, Navigation, Guidance, Aeronautical Sys",10-K,2021-02-26,2021-01-03,2021-02-26 01:33:11+00:00,0001094285-21-000066,https://www.sec.gov/Archives/edgar/data/1094285/000109428521000066/tdy-20210103.htm,33390,3258,data/interim/text/000109428521000066.txt.gz,109428521000066,2021Q1,2021-02-25 20:33:11-05:00,2021-02-26,2021-02-26,2021-02-26,2021-02-25,378.0499877929688,121,1277,0.01925726265348907,98.0567318690161,0.004522312069481881,17.836276670085358,0.01940700808625337,19.858086884684763,0.3280237639205404,0.24168730382988957,55.0,60.0
379,TDY,1094285,TELEDYNE TECHNOLOGIES INC,3812,"Search, Detection, Navigation, Guidance, Aeronautical Sys",10-Q,2021-04-30,2021-04-04,2021-04-30 01:36:26+00:00,0001094285-21-000111,https://www.sec.gov/Archives/edgar/data/1094285/000109428521000111/tdy-20210404.htm,7703,1210,data/interim/text/000109428521000111.txt.gz,109428521000111,2021Q2,2021-04-29 21:36:26-04:00,2021-04-30,2021-04-30,2021-04-30,2021-04-29,452.2200012207031,165,1233,0.007918992600285602,11.662240091475123,0.0032454887706088536,4.559962357989716,0.013631052836557186,5.230697691812072,0.26563481413124307,0.2397592822516173,55.0,60.0
380,TDY,1094285,TELEDYNE TECHNOLOGIES INC,3812,"Search, Detection, Navigation, Guidance, Aeronautical Sys",10-Q,2021-08-02,2021-07-04,2021-07-31 01:26:05+00:00,0001094285-21-000140,https://www.sec.gov/Archives/edgar/data/1094285/000109428521000140/tdy-20210704.htm,10553,1318,data/interim/text/000109428521000140.txt.gz,109428521000140,2021Q3,2021-07-30 21:26:05-04:00,2021-07-31,2021-08-02,2021-08-02,2021-07-30,452.7699890136719,229,1169,0.010613095802141571,23.770039510696098,0.0027480337344830854,5.524687926708015,0.01459300672794466,9.902760611095466,0.23680300528728607,0.16579850534498922,55.0,60.0
381,TDY,1094285,TELEDYNE TECHNOLOGIES INC,3812,"Search, Detection, Navigation, Guidance, Aeronautical Sys",10-Q,2021-10-28,2021-10-03,2021-10-28 21:18:29+00:00,0001094285-21-000170,https://www.sec.gov/Archives/edgar/data/1094285/000109428521000170/tdy-20211003.htm,10678,1395,data/interim/text/000109428521000170.txt.gz,109428521000170,2021Q4,2021-10-28 17:18:29-04:00,2021-10-29,2021-10-29,2021-10-29,2021-10-28,446.5700073242188,292,1106,0.012268215021539615,26.40095675866954,0.002622213897733658,5.5348376096705545,0.012642817006930136,9.288445519904103,0.14972414751962823,0.24595606928984792,55.0,60.0
382,TDY,1094285,TELEDYNE TECHNOLOGIES INC,3812,"Search, Detection, Navigation, Guidance, Aeronautical Sys",10-K,2022-02-25,2022-01-02,2022-02-25 22:20:39+00:00,0001094285-22-000049,https://www.sec.gov/Archives/edgar/data/1094285/000109428522000049/tdy-20220102.htm,36690,3437,data/interim/text/000109428522000049.txt.gz,109428522000049,2022Q1,2022-02-25 17:20:39-05:00,2022-02-26,2022-02-26,2022-02-28,2022-02-25,428.6300048828125,374,1024,0.019242300354319977,110.88019685847829,0.004415372035977106,18.628369285208198,0.020632324884164624,23.525489492093193,0.2485325402684188,0.2896904661371306,55.0,60.0
383,TDY,1094285,TELEDYNE TECHNOLOGIES INC,3812,"Search, Detection, Navigation, Guidance, Aeronautical Sys",10-Q,2022-05-03,2022-04-03,2022-05-02 23:07:05+00:00,0001094285-22-000081,https://www.sec.gov/Archives/edgar/data/1094285/000109428522000081/tdy-20220403.htm,6862,1185,data/interim/text/000109428522000081.txt.gz,109428522000081,2022Q2,2022-05-02 19:07:05-04:00,2022-05-03,2022-05-03,2022-05-03,2022-05-02,428.4599914550781,419,979,0.010346837656659866,13.462288559362577,0.0033517924803264354,4.341983716613665,0.017633343048673856,9.283424889610382,0.24771917054109813,0.3475356807478287,55.0,60.0
384,TDY,1094285,TELEDYNE TECHNOLOGIES INC,3812,"Search, Detection, Navigation, Guidance, Aeronautical Sys",10-Q,2022-08-01,2022-07-03,2022-08-01 21:11:31+00:00,0001094285-22-000099,https://www.sec.gov/Archives/edgar/data/1094285/000109428522000099/tdy-20220703.htm,8052,1140,data/interim/text/000109428522000099.txt.gz,109428522000099,2022Q3,2022-08-01 17:11:31-04:00,2022-08-02,2022-08-02,2022-08-02,2022-08-01,393.1499938964844,481,917,0.009066070541480377,14.156605620826523,0.003974167908594138,4.765197090065355,0.013412816691505217,6.473083321019563,0.3251358334973866,0.30308322245115465,55.0,60.0
385,TDY,1094285,TELEDYNE TECHNOLOGIES INC,3812,"Search, Detection, Navigation, Guidance, Aeronautical Sys",10-Q,2022-11-02,2022-10-02,2022-11-01 23:50:54+00:00,0001094285-22-000121,https://www.sec.gov/Archives/edgar/data/1094285/000109428522000121/tdy-20221002.htm,7890,1148,data/interim/text/000109428522000121.txt.gz,109428522000121,2022Q4,2022-11-01 19:50:54-04:00,2022-11-02,2022-11-02,2022-11-02,2022-11-01,400.9599914550781,546,852,0.01064638783269962,15.007466539133315,0.0034220532319391636,4.909302994868838,0.013307984790874524,6.198640496907294,0.2848794972615352,0.2629712710499103,55.0,60.0
386,TDY,1094285,TELEDYNE TECHNOLOGIES INC,3812,"Search, Detection, Navigation, Guidance, Aeronautical Sys",10-K,2023-02-24,2023-01-01,2023-02-24 22:26:54+00:00,0001094285-23-000053,https://www.sec.gov/Archives/edgar/data/1094285/000109428523000053/tdy-20230101.htm,31991,3304,data/interim/text/000109428523000053.txt.gz,109428523000053,2023Q1,2023-02-24 17:26:54-05:00,2023-02-25,2023-02-25,2023-02-27,2023-02-24,429.6400146484375,624,774,0.022381294739145383,113.22281990220408,0.004501265981057172,18.203842133484745,0.02169360132537276,23.004201024653838,0.2469673446356727,0.20972874484718507,55.0,60.0
387,TDY,1094285,TELEDYNE TECHNOLOGIES INC,3812,"Search, Detection, Navigation, Guidance, Aeronautical Sys",10-Q,2023-04-28,2023-04-02,2023-04-28 20:40:16+00:00,0001094285-23-000083,https://www.sec.gov/Archives/edgar/data/1094285/000109428523000083/tdy-20230402.htm,5523,1075,data/interim/text/000109428523000083.txt.gz,109428523000083,2023Q2,2023-04-28 16:40:16-04:00,2023-04-29,2023-04-29,2023-05-01,2023-04-28,414.3999938964844,668,730,0.013036393264530146,10.813826013667573,0.0032590983161325366,4.675562216165473,0.011950027159152634,4.138193930984571,0.18592680581495316,0.22724789317857014,55.0,60.0
388,TDY,1094285,TELEDYNE TECHNOLOGIES INC,3812,"Search, Detection, Navigation, Guidance, Aeronautical Sys",10-Q,2023-07-31,2023-07-02,2023-07-31 21:25:13+00:00,0001094285-23-000102,https://www.sec.gov/Archives/edgar/data/1094285/000109428523000102/tdy-20230702.htm,6048,1014,data/interim/text/000109428523000102.txt.gz,109428523000102,2023Q3,2023-07-31 17:25:13-04:00,2023-08-01,2023-08-01,2023-08-01,2023-07-31,384.5299987792969,731,667,0.011739417989417989,13.217106474090937,0.0031415343915343914,3.77528967760014,0.01240079365079365,4.787310202297826,0.1825493231069878,0.19645167738291636,55.0,60.0
389,TDY,1094285,TELEDYNE TECHNOLOGIES INC,3812,"Search, Detection, Navigation, Guidance, Aeronautical Sys",10-Q,2023-10-27,2023-10-01,2023-10-27 21:08:14+00:00,0001094285-23-000129,https://www.sec.gov/Archives/edgar/data/1094285/000109428523000129/tdy-20231001.htm,6378,1037,data/interim/text/000109428523000129.txt.gz,109428523000129,2023Q4,2023-10-27 17:08:14-04:00,2023-10-28,2023-10-28,2023-10-30,2023-10-27,370.7099914550781,794,604,0.01332706177485105,14.264090769998546,0.004703668861712135,3.5056334682554042,0.011132016306052053,4.607325464423663,0.19123455016018848,0.20782401450459287,55.0,60.0
390,TDY,1094285,TELEDYNE TECHNOLOGIES INC,3812,"Search, Detection, Navigation, Guidance, Aeronautical Sys",10-K,2024-02-23,2023-12-31,2024-02-23 21:38:34+00:00,0001094285-24-000044,https://www.sec.gov/Archives/edgar/data/1094285/000109428524000044/tdy-20231231.htm,32785,3322,data/interim/text/000109428524000044.txt.gz,109428524000044,2024Q1,2024-02-23 16:38:34-05:00,2024-02-24,2024-02-24,2024-02-26,2024-02-23,432.8699951171875,874,524,0.02397437852676529,124.0669436394806,0.004910782369986274,20.505235929711983,0.021869757511056884,22.33744974397412,0.22061326123702554,0.279442213311845,55.0,60.0
391,TDY,1094285,TELEDYNE TECHNOLOGIES INC,3812,"Search, Detection, Navigation, Guidance, Aeronautical Sys",10-Q,2024-04-29,2024-03-31,2024-04-27 00:39:12+00:00,0001094285-24-000079,https://www.sec.gov/Archives/edgar/data/1094285/000109428524000079/tdy-20240331.htm,5308,1077,data/interim/text/000109428524000079.txt.gz,109428524000079,2024Q2,2024-04-26 20:39:12-04:00,2024-04-27,2024-04-29,2024-04-29,2024-04-26,374.6400146484375,918,480,0.015071590052750565,14.185945133125328,0.00452147701582517,5.110442465538941,0.012622456669178599,3.3624694701713955,0.15070990048854177,0.17985310988370304,55.0,60.0
392,TDY,1094285,TELEDYNE TECHNOLOGIES INC,3812,"Search, Detection, Navigation, Guidance, Aeronautical Sys",10-Q,2024-07-29,2024-06-30,2024-07-26 23:42:45+00:00,0001094285-24-000090,https://www.sec.gov/Archives/edgar/data/1094285/000109428524000090/tdy-20240630.htm,6872,1070,data/interim/text/000109428524000090.txt.gz,109428524000090,2024Q3,2024-07-26 19:42:45-04:00,2024-07-27,2024-07-29,2024-07-29,2024-07-26,421.55999755859375,980,418,0.013969732246798603,12.552508934115707,0.005675203725261932,5.578801845850891,0.01018626309662398,2.185400717715261,0.1661947689141327,0.20399189401716802,55.0,60.0
393,TDY,1094285,TELEDYNE TECHNOLOGIES INC,3812,"Search, Detection, Navigation, Guidance, Aeronautical Sys",10-Q,2024-10-28,2024-09-29,2024-10-25 23:15:47+00:00,0001094285-24-000104,https://www.sec.gov/Archives/edgar/data/1094285/000109428524000104/tdy-20240929.htm,6648,1049,data/interim/text/000109428524000104.txt.gz,109428524000104,2024Q4,2024-10-25 19:15:47-04:00,2024-10-26,2024-10-28,2024-10-28,2024-10-25,469.1900024414063,1044,354,0.012936221419975932,12.191825737815567,0.0069193742478941035,7.038808208721504,0.011131167268351384,2.275886677220377,0.16839033042420878,0.2262219872297853,55.0,60.0
394,TDY,1094285,TELEDYNE TECHNOLOGIES INC,3812,"Search, Detection, Navigation, Guidance, Aeronautical Sys",10-K,2025-02-21,2024-12-29,2025-02-21 00:10:07+00:00,0001094285-25-000053,https://www.sec.gov/Archives/edgar/data/1094285/000109428525000053/tdy-20241229.htm,29824,3134,data/interim/text/000109428525000053.txt.gz,109428525000053,2025Q1,2025-02-20 19:10:07-05:00,2025-02-21,2025-02-21,2025-02-21,2025-02-20,500.989990234375,1122,276,0.024275751072961375,115.16039966190891,0.004660675965665236,19.506966405063896,0.02132510729613734,19.274919974195065,0.20619227890071823,0.3202963846568554,55.0,60.0
395,TDY,1094285,TELEDYNE TECHNOLOGIES INC,3812,"Search, Detection, Navigation, Guidance, Aeronautical Sys",10-Q,2025-04-28,2025-03-30,2025-04-25 21:59:56+00:00,0001094285-25-000105,https://www.sec.gov/Archives/edgar/data/1094285/000109428525000105/tdy-20250330.htm,5175,993,data/interim/text/000109428525000105.txt.gz,109428525000105,2025Q2,2025-04-25 17:59:56-04:00,2025-04-26,2025-04-28,2025-04-28,2025-04-25,458.6000061035156,1167,231,0.01429951690821256,15.510496651963543,0.00502415458937198,4.990408932222237,0.012367149758454106,2.1749013826153116,0.3250120868566882,0.15423309734061988,55.0,60.0
396,TDY,1094285,TELEDYNE TECHNOLOGIES INC,3812,"Search, Detection, Navigation, Guidance, Aeronautical Sys",10-Q,2025-07-28,2025-06-29,2025-07-25 21:43:44+00:00,0001094285-25-000131,https://www.sec.gov/Archives/edgar/data/1094285/000109428525000131/tdy-20250629.htm,6808,1060,data/interim/text/000109428525000131.txt.gz,109428525000131,2025Q3,2025-07-25 17:43:44-04:00,2025-07-26,2025-07-28,2025-07-28,2025-07-25,555.8900146484375,1229,169,0.012925969447708578,13.341842696021269,0.0051410105757931845,6.0352366011359315,0.011163337250293772,2.4009344727417425,0.14948326687002794,0.20757035091333056,55.0,60.0
397,TDY,1094285,TELEDYNE TECHNOLOGIES INC,3812,"Search, Detection, Navigation, Guidance, Aeronautical Sys",10-Q,2025-10-24,2025-09-28,2025-10-24 21:23:50+00:00,0001094285-25-000140,https://www.sec.gov/Archives/edgar/data/1094285/000109428525000140/tdy-20250928.htm,7191,1088,data/interim/text/000109428525000140.txt.gz,109428525000140,2025Q4,2025-10-24 17:23:50-04:00,2025-10-25,2025-10-25,2025-10-27,2025-10-24,532.0900268554688,1293,105,0.01446252259769156,16.224816461347505,0.005423445974134335,6.918277255727276,0.011681268251981644,2.378695113934987,0.17830234286287616,0.28895024029375965,55.0,60.0
398,MELI,1099590,MERCADOLIBRE INC,7389,"Services-Business Services, NEC",10-K,2021-03-01,2020-12-31,2021-03-01 21:26:47+00:00,0001562762-21-000079,https://www.sec.gov/Archives/edgar/data/1099590/000156276221000079/meli-20201231x10k.htm,44193,3644,data/interim/text/000156276221000079.txt.gz,156276221000079,2021Q1,2021-03-01 16:26:47-05:00,2021-03-02,2021-03-02,2021-03-02,2021-03-01,1713.280029296875,123,1275,0.022311225759735705,163.47224306716936,0.0065394972054397755,42.75666575461079,0.018351322607652796,26.1105157583326,0.4684288056958808,0.4646006687571231,55.0,60.0
399,MELI,1099590,MERCADOLIBRE INC,7389,"Services-Business Services, NEC",10-Q,2021-05-06,2021-03-31,2021-05-06 20:23:50+00:00,0001562762-21-000200,https://www.sec.gov/Archives/edgar/data/1099590/000156276221000200/meli-20210331x10q.htm,14519,1703,data/interim/text/000156276221000200.txt.gz,156276221000200,2021Q2,2021-05-06 16:23:50-04:00,2021-05-07,2021-05-07,2021-05-07,2021-05-06,1446.3399658203125,170,1228,0.010813416901990495,18.05598657385938,0.003994765479716234,11.629338231970284,0.015359184516840003,7.096966646775075,0.5112904841116935,0.3855805647533549,55.0,60.0
400,MELI,1099590,MERCADOLIBRE INC,7389,"Services-Business Services, NEC",10-Q,2021-08-05,2021-06-30,2021-08-05 20:57:01+00:00,0001562762-21-000313,https://www.sec.gov/Archives/edgar/data/1099590/000156276221000313/meli-20210630x10q.htm,16105,1659,data/interim/text/000156276221000313.txt.gz,156276221000313,2021Q3,2021-08-05 16:57:01-04:00,2021-08-06,2021-08-06,2021-08-06,2021-08-05,1786.1099853515625,233,1165,0.008382489909965849,13.615922865162124,0.003539273517541136,9.819456117424709,0.011362930766842595,5.3282645260500106,0.2889294134157976,0.3281215185678329,55.0,60.0
401,MELI,1099590,MERCADOLIBRE INC,7389,"Services-Business Services, NEC",10-Q,2021-11-05,2021-09-30,2021-11-05 20:02:05+00:00,0001562762-21-000420,https://www.sec.gov/Archives/edgar/data/1099590/000156276221000420/meli-20210930x10q.htm,16941,1772,data/interim/text/000156276221000420.txt.gz,156276221000420,2021Q4,2021-11-05 16:02:05-04:00,2021-11-06,2021-11-06,2021-11-08,2021-11-05,1629.760009765625,298,1100,0.008795230505873325,18.22508732988215,0.0033055899887846052,10.260228417337032,0.011510536568089251,6.703286096137878,0.33268159996994306,0.6509098141449348,55.0,60.0
402,MELI,1099590,MERCADOLIBRE INC,7389,"Services-Business Services, NEC",10-K,2022-02-23,2021-12-31,2022-02-23 21:02:19+00:00,0001562762-22-000049,https://www.sec.gov/Archives/edgar/data/1099590/000156276222000049/meli-20211231x10k.htm,46678,3869,data/interim/text/000156276222000049.txt.gz,156276222000049,2022Q1,2022-02-23 16:02:19-05:00,2022-02-24,2022-02-24,2022-02-24,2022-02-23,920.5700073242188,372,1026,0.02202322293157376,168.60026685529314,0.0061056600539868885,45.438651898435225,0.017588585629204335,24.615831547558464,0.6821938501166493,0.9118548953590233,55.0,60.0
403,MELI,1099590,MERCADOLIBRE INC,7389,"Services-Business Services, NEC",10-Q,2022-05-06,2022-03-31,2022-05-06 20:01:22+00:00,0001562762-22-000223,https://www.sec.gov/Archives/edgar/data/1099590/000156276222000223/meli-20220331x10q.htm,15307,1897,data/interim/text/000156276222000223.txt.gz,156276222000223,2022Q2,2022-05-06 16:01:22-04:00,2022-05-07,2022-05-07,2022-05-09,2022-05-06,927.5499877929688,423,975,0.008819494348990658,19.09254643855896,0.0040504344417586725,12.540554731384633,0.01058339321878879,6.445500682798171,0.8125040856180552,0.8873553792745619,55.0,60.0
404,MELI,1099590,MERCADOLIBRE INC,7389,"Services-Business Services, NEC",10-Q,2022-08-04,2022-06-30,2022-08-04 20:02:16+00:00,0001562762-22-000334,https://www.sec.gov/Archives/edgar/data/1099590/000156276222000334/meli-20220630x10q.htm,16764,1850,data/interim/text/000156276222000334.txt.gz,156276222000334,2022Q3,2022-08-04 16:02:16-04:00,2022-08-05,2022-08-05,2022-08-05,2022-08-04,1034.8299560546875,484,914,0.008649486995943688,16.738975728038334,0.003698401336196612,12.349685586608723,0.01014077785731329,7.816255517695865,0.900811629432654,0.6336831218064556,55.0,60.0
405,MELI,1099590,MERCADOLIBRE INC,7389,"Services-Business Services, NEC",10-Q,2022-11-04,2022-09-30,2022-11-04 20:13:40+00:00,0001562762-22-000430,https://www.sec.gov/Archives/edgar/data/1099590/000156276222000430/meli-20220930x10q.htm,16973,1893,data/interim/text/000156276222000430.txt.gz,156276222000430,2022Q4,2022-11-04 16:13:40-04:00,2022-11-05,2022-11-05,2022-11-07,2022-11-04,938.5700073242188,549,849,0.00877864844164261,19.58272634547007,0.003593943321746303,13.200042772182368,0.010074824721616686,7.605220007544391,0.634878387429704,0.48284681187100204,55.0,60.0
406,MELI,1099590,MERCADOLIBRE INC,7389,"Services-Business Services, NEC",10-K,2023-02-24,2022-12-31,2023-02-24 21:02:21+00:00,0001099590-23-000007,https://www.sec.gov/Archives/edgar/data/1099590/000109959023000007/meli-20221231.htm,50649,4114,data/interim/text/000109959023000007.txt.gz,109959023000007,2023Q1,2023-02-24 16:02:21-05:00,2023-02-25,2023-02-25,2023-02-27,2023-02-24,1156.8800048828125,624,774,0.023119903650615017,186.6650409581091,0.006772098165807814,50.29647670992236,0.018598590297932833,25.734686405102895,0.4599226668780429,0.36266371532458597,55.0,60.0
407,MELI,1099590,MERCADOLIBRE INC,7389,"Services-Business Services, NEC",10-Q,2023-05-04,2023-03-31,2023-05-04 21:00:06+00:00,0001099590-23-000013,https://www.sec.gov/Archives/edgar/data/1099590/000109959023000013/meli-20230331.htm,15141,1834,data/interim/text/000109959023000013.txt.gz,109959023000013,2023Q2,2023-05-04 17:00:06-04:00,2023-05-05,2023-05-05,2023-05-05,2023-05-04,1213.3800048828125,672,726,0.00818968364044647,16.509769717022525,0.004292979327653391,12.924291885469726,0.011491975430949078,8.414255639544185,0.3341649685418042,0.5008692036402517,55.0,60.0
408,MELI,1099590,MERCADOLIBRE INC,7389,"Services-Business Services, NEC",10-Q,2023-08-03,2023-06-30,2023-08-03 20:07:28+00:00,0001099590-23-000020,https://www.sec.gov/Archives/edgar/data/1099590/000109959023000020/meli-20230630.htm,16574,1820,data/interim/text/000109959023000020.txt.gz,109959023000020,2023Q3,2023-08-03 16:07:28-04:00,2023-08-04,2023-08-04,2023-08-04,2023-08-03,1323.1099853515625,734,664,0.007903945939423193,16.061506702848195,0.0040424761674912515,12.29970124854689,0.010317364546880656,7.97178657565841,0.40500653053436647,0.3429065621555875,55.0,60.0
409,MELI,1099590,MERCADOLIBRE INC,7389,"Services-Business Services, NEC",10-Q,2023-11-02,2023-09-30,2023-11-02 20:21:27+00:00,0001099590-23-000033,https://www.sec.gov/Archives/edgar/data/1099590/000109959023000033/meli-20230930.htm,16556,1824,data/interim/text/000109959023000033.txt.gz,109959023000033,2023Q4,2023-11-02 16:21:27-04:00,2023-11-03,2023-11-03,2023-11-03,2023-11-02,1319.5,798,600,0.007972940323749698,15.890236243292621,0.004530079729403238,13.704942046970155,0.010268180719980672,6.843699167795661,0.3331331154928205,0.2856319001421492,55.0,60.0
410,MELI,1099590,MERCADOLIBRE INC,7389,"Services-Business Services, NEC",10-K,2024-02-23,2023-12-31,2024-02-23 21:01:42+00:00,0001099590-24-000008,https://www.sec.gov/Archives/edgar/data/1099590/000109959024000008/meli-20231231.htm,50910,4236,data/interim/text/000109959024000008.txt.gz,109959024000008,2024Q1,2024-02-23 16:01:42-05:00,2024-02-24,2024-02-24,2024-02-26,2024-02-23,1629.3199462890625,874,524,0.022687094873305835,194.64692129507438,0.00691416224710273,53.27994755167801,0.01864073855824003,28.24877814616246,0.2658475505556047,0.3085279727912466,55.0,60.0
411,MELI,1099590,MERCADOLIBRE INC,7389,"Services-Business Services, NEC",10-Q,2024-05-03,2024-03-31,2024-05-03 20:01:27+00:00,0001099590-24-000017,https://www.sec.gov/Archives/edgar/data/1099590/000109959024000017/meli-20240331.htm,16246,1814,data/interim/text/000109959024000017.txt.gz,109959024000017,2024Q2,2024-05-03 16:01:27-04:00,2024-05-04,2024-05-04,2024-05-06,2024-05-03,1630.56005859375,923,475,0.007694201649636833,14.872484115993442,0.004185645697402438,13.073048594307597,0.009848578111535148,7.798789300827391,0.34031888374299446,0.3582226247078424,55.0,60.0
412,MELI,1099590,MERCADOLIBRE INC,7389,"Services-Business Services, NEC",10-Q,2024-08-02,2024-06-30,2024-08-02 20:01:02+00:00,0001099590-24-000026,https://www.sec.gov/Archives/edgar/data/1099590/000109959024000026/meli-20240630.htm,18048,1798,data/interim/text/000109959024000026.txt.gz,109959024000026,2024Q3,2024-08-02 16:01:02-04:00,2024-08-03,2024-08-03,2024-08-05,2024-08-02,1776.1400146484375,985,413,0.0078125,14.872008880792261,0.003712322695035461,12.873141346482322,0.008865248226950355,7.639211479884267,0.27779536492458734,0.269292745086261,55.0,60.0
413,MELI,1099590,MERCADOLIBRE INC,7389,"Services-Business Services, NEC",10-Q,2024-11-07,2024-09-30,2024-11-07 21:01:08+00:00,0001099590-24-000042,https://www.sec.gov/Archives/edgar/data/1099590/000109959024000042/meli-20240930.htm,18705,1807,data/interim/text/000109959024000042.txt.gz,109959024000042,2024Q4,2024-11-07 16:01:08-05:00,2024-11-08,2024-11-08,2024-11-08,2024-11-07,1774.050048828125,1053,345,0.008072707832130446,15.20118622676224,0.003475006682705159,12.416878423872662,0.008874632451216252,7.814246502045774,0.27894990000723685,0.3421530832764852,55.0,60.0
414,MELI,1099590,MERCADOLIBRE INC,7389,"Services-Business Services, NEC",10-K,2025-02-21,2024-12-31,2025-02-21 21:07:16+00:00,0001099590-25-000007,https://www.sec.gov/Archives/edgar/data/1099590/000109959025000007/meli-20241231.htm,53297,4221,data/interim/text/000109959025000007.txt.gz,109959025000007,2025Q1,2025-02-21 16:07:16-05:00,2025-02-22,2025-02-22,2025-02-24,2025-02-21,2260.0,1123,275,0.02431656566035612,203.63953188279226,0.006510685404431769,52.16401507466762,0.01887535883820853,28.278121810184143,0.35095321019496073,0.43459327097860034,55.0,60.0
415,MELI,1099590,MERCADOLIBRE INC,7389,"Services-Business Services, NEC",10-Q,2025-05-08,2025-03-31,2025-05-08 20:00:59+00:00,0001099590-25-000028,https://www.sec.gov/Archives/edgar/data/1099590/000109959025000028/meli-20250331.htm,15104,1709,data/interim/text/000109959025000028.txt.gz,109959025000028,2025Q2,2025-05-08 16:00:59-04:00,2025-05-09,2025-05-09,2025-05-09,2025-05-08,2410.0,1176,222,0.008408368644067797,15.835880880494285,0.003840042372881356,11.289333052381087,0.011189088983050847,7.7535851060361125,0.46047917874580707,0.25860430739599033,55.0,60.0
416,MELI,1099590,MERCADOLIBRE INC,7389,"Services-Business Services, NEC",10-Q,2025-08-05,2025-06-30,2025-08-05 20:01:51+00:00,0001099590-25-000044,https://www.sec.gov/Archives/edgar/data/1099590/000109959025000044/meli-20250630.htm,16828,1726,data/interim/text/000109959025000044.txt.gz,109959025000044,2025Q3,2025-08-05 16:01:51-04:00,2025-08-06,2025-08-06,2025-08-06,2025-08-05,2408.02001953125,1236,162,0.0074875207986688855,14.95892293015627,0.0037437603993344427,10.981822523183133,0.01033990967435227,8.300094981633798,0.2616090215130551,0.39500271851807567,55.0,60.0
417,MELI,1099590,MERCADOLIBRE INC,7389,"Services-Business Services, NEC",10-Q,2025-10-30,2025-09-30,2025-10-30 20:01:40+00:00,0001099590-25-000051,https://www.sec.gov/Archives/edgar/data/1099590/000109959025000051/meli-20250930.htm,16825,1723,data/interim/text/000109959025000051.txt.gz,109959025000051,2025Q4,2025-10-30 16:01:40-04:00,2025-10-31,2025-10-31,2025-10-31,2025-10-30,2360.760009765625,1297,101,0.007548291233283804,14.885325854740575,0.003566121842496285,9.825716002151834,0.010163447251114413,7.862659303529118,0.39269630778316583,0.42429831715142446,55.0,60.0
418,ILMN,1110803,"ILLUMINA, INC.",3826,Laboratory Analytical Instruments,10-K,2021-02-17,2021-01-03,2021-02-17 00:16:24+00:00,0001110803-21-000015,https://www.sec.gov/Archives/edgar/data/1110803/000111080321000015/ilmn-20210103.htm,29760,3118,data/interim/text/000111080321000015.txt.gz,111080321000015,2021Q1,2021-02-16 19:16:24-05:00,2021-02-17,2021-02-17,2021-02-17,2021-02-16,479.1342468261719,114,1284,0.02026209677419355,84.08478337038076,0.00769489247311828,23.354248827429345,0.02415994623655914,27.9968827492985,0.3048315452325837,0.39023583774366755,55.0,60.0
419,ILMN,1110803,"ILLUMINA, INC.",3826,Laboratory Analytical Instruments,10-Q,2021-04-28,2021-04-04,2021-04-28 00:07:46+00:00,0001110803-21-000030,https://www.sec.gov/Archives/edgar/data/1110803/000111080321000030/ilmn-20210404.htm,7012,1186,data/interim/text/000111080321000030.txt.gz,111080321000030,2021Q2,2021-04-27 20:07:46-04:00,2021-04-28,2021-04-28,2021-04-28,2021-04-27,402.2859802246094,163,1235,0.011551625784369652,16.76077131744743,0.005419281232173417,5.635978874800376,0.016685681688533942,8.132752238600162,0.5050747369123109,0.24070595489599406,55.0,60.0
420,ILMN,1110803,"ILLUMINA, INC.",3826,Laboratory Analytical Instruments,10-Q,2021-08-06,2021-07-04,2021-08-05 22:12:05+00:00,0001110803-21-000042,https://www.sec.gov/Archives/edgar/data/1110803/000111080321000042/ilmn-20210704.htm,7665,1245,data/interim/text/000111080321000042.txt.gz,111080321000042,2021Q3,2021-08-05 18:12:05-04:00,2021-08-06,2021-08-06,2021-08-06,2021-08-05,501.6342468261719,233,1165,0.01213307240704501,19.42035928064079,0.005348988910632746,5.7744311053303194,0.01643835616438356,7.98809089453022,0.24158853396826296,0.28332641034461914,55.0,60.0
421,ILMN,1110803,"ILLUMINA, INC.",3826,Laboratory Analytical Instruments,10-Q,2021-11-05,2021-10-03,2021-11-04 22:35:58+00:00,0001110803-21-000046,https://www.sec.gov/Archives/edgar/data/1110803/000111080321000046/ilmn-20211003.htm,7905,1247,data/interim/text/000111080321000046.txt.gz,111080321000046,2021Q4,2021-11-04 18:35:58-04:00,2021-11-05,2021-11-05,2021-11-05,2021-11-04,410.3404541015625,297,1101,0.012144212523719165,21.867794912498095,0.005060088551549652,4.628332564118196,0.015306767868437697,6.154075509681878,0.29408637627256407,0.4900169649565207,55.0,60.0
422,ILMN,1110803,"ILLUMINA, INC.",3826,Laboratory Analytical Instruments,10-K,2022-02-18,2022-01-02,2022-02-18 20:11:17+00:00,0001110803-22-000013,https://www.sec.gov/Archives/edgar/data/1110803/000111080322000013/ilmn-20220102.htm,30070,3180,data/interim/text/000111080322000013.txt.gz,111080322000013,2022Q1,2022-02-18 15:11:17-05:00,2022-02-18,2022-02-18,2022-02-18,2022-02-17,309.1828918457031,369,1029,0.01962088460259395,88.07385387413868,0.007316262055204523,22.653431894709442,0.023844363152643832,25.91612317420703,0.5203926825706089,0.5426628220288043,55.0,60.0
423,ILMN,1110803,"ILLUMINA, INC.",3826,Laboratory Analytical Instruments,10-Q,2022-05-05,2022-04-03,2022-05-05 20:09:26+00:00,0001110803-22-000021,https://www.sec.gov/Archives/edgar/data/1110803/000111080322000021/ilmn-20220403.htm,6351,1135,data/interim/text/000111080322000021.txt.gz,111080322000021,2022Q2,2022-05-05 16:09:26-04:00,2022-05-06,2022-05-06,2022-05-06,2022-05-05,283.7743225097656,422,976,0.008660053534876398,10.375200327356826,0.005038576602109904,4.829142566958361,0.0182648401826484,6.354842070233787,0.41372701632044395,0.5275554026708836,55.0,60.0
424,ILMN,1110803,"ILLUMINA, INC.",3826,Laboratory Analytical Instruments,10-Q,2022-08-11,2022-07-03,2022-08-11 20:14:25+00:00,0001110803-22-000041,https://www.sec.gov/Archives/edgar/data/1110803/000111080322000041/ilmn-20220703.htm,8455,1344,data/interim/text/000111080322000041.txt.gz,111080322000041,2022Q3,2022-08-11 16:14:25-04:00,2022-08-12,2022-08-12,2022-08-12,2022-08-11,221.24513244628903,489,909,0.01655824955647546,32.71867281348672,0.004730928444707274,5.52254177342328,0.01655824955647546,6.522030406349406,0.5259331571305373,0.5760420966639515,55.0,60.0
425,ILMN,1110803,"ILLUMINA, INC.",3826,Laboratory Analytical Instruments,10-Q,2022-11-04,2022-10-02,2022-11-03 23:06:27+00:00,0001110803-22-000047,https://www.sec.gov/Archives/edgar/data/1110803/000111080322000047/ilmn-20221002.htm,9402,1363,data/interim/text/000111080322000047.txt.gz,111080322000047,2022Q4,2022-11-03 19:06:27-04:00,2022-11-04,2022-11-04,2022-11-04,2022-11-03,206.1575927734375,548,850,0.020846628376941078,39.337296311608,0.0052116570942352695,5.285308976089691,0.017868538608806637,8.70267866175093,0.5861072561707975,0.4975655607339698,55.0,60.0
426,ILMN,1110803,"ILLUMINA, INC.",3826,Laboratory Analytical Instruments,10-K,2023-02-17,2023-01-01,2023-02-17 21:06:30+00:00,0001110803-23-000023,https://www.sec.gov/Archives/edgar/data/1110803/000111080323000023/ilmn-20230101.htm,31589,3224,data/interim/text/000111080323000023.txt.gz,111080323000023,2023Q1,2023-02-17 16:06:30-05:00,2023-02-18,2023-02-18,2023-02-21,2023-02-17,206.0603179931641,620,778,0.022444521827218334,105.34348223916992,0.007027762828832822,23.646830502626454,0.024027351293171673,26.245452107257556,0.47240559450609143,0.5130400158280026,55.0,60.0
427,ILMN,1110803,"ILLUMINA, INC.",3826,Laboratory Analytical Instruments,10-Q,2023-05-05,2023-04-02,2023-05-05 20:32:21+00:00,0001110803-23-000035,https://www.sec.gov/Archives/edgar/data/1110803/000111080323000035/ilmn-20230402.htm,9582,1474,data/interim/text/000111080323000035.txt.gz,111080323000035,2023Q2,2023-05-05 16:32:21-04:00,2023-05-06,2023-05-06,2023-05-08,2023-05-05,194.22178649902344,673,725,0.02306407848048424,46.63836717431623,0.00480066791901482,6.932401223745008,0.019515758714255895,6.535656221800669,0.5463838863827938,0.35791036003089727,55.0,60.0
428,ILMN,1110803,"ILLUMINA, INC.",3826,Laboratory Analytical Instruments,10-Q,2023-08-10,2023-07-02,2023-08-10 20:38:55+00:00,0001110803-23-000064,https://www.sec.gov/Archives/edgar/data/1110803/000111080323000064/ilmn-20230702.htm,9448,1396,data/interim/text/000111080323000064.txt.gz,111080323000064,2023Q3,2023-08-10 16:38:55-04:00,2023-08-11,2023-08-11,2023-08-11,2023-08-10,180.07781982421875,739,659,0.02233276883996613,43.30757104131735,0.004551227773073666,6.428080525836676,0.018099068585944116,7.535073470834165,0.3709920474801543,0.3670879060476971,55.0,60.0
429,ILMN,1110803,"ILLUMINA, INC.",3826,Laboratory Analytical Instruments,10-Q,2023-11-13,2023-10-01,2023-11-09 23:30:59+00:00,0001110803-23-000086,https://www.sec.gov/Archives/edgar/data/1110803/000111080323000086/ilmn-20231001.htm,10229,1473,data/interim/text/000111080323000086.txt.gz,111080323000086,2023Q4,2023-11-09 18:30:59-05:00,2023-11-10,2023-11-13,2023-11-13,2023-11-10,95.69065856933594,804,594,0.025026884348421156,49.34128543884477,0.005474630951217128,6.846365805394928,0.017205982989539546,8.082635914660878,0.3668388379978744,0.4668746479354149,55.0,60.0
430,ILMN,1110803,"ILLUMINA, INC.",3826,Laboratory Analytical Instruments,10-K,2024-02-16,2023-12-31,2024-02-16 21:21:12+00:00,0001110803-24-000010,https://www.sec.gov/Archives/edgar/data/1110803/000111080324000010/ilmn-20231231.htm,32547,3317,data/interim/text/000111080324000010.txt.gz,111080324000010,2024Q1,2024-02-16 16:21:12-05:00,2024-02-17,2024-02-17,2024-02-20,2024-02-16,139.50389099121094,870,528,0.02513288475128276,116.57752802131026,0.006452207576735183,24.274348624755337,0.02341229606415338,26.733198695994687,0.45935021496466666,0.35120293014182186,55.0,60.0
431,ILMN,1110803,"ILLUMINA, INC.",3826,Laboratory Analytical Instruments,10-Q,2024-05-03,2024-03-31,2024-05-03 20:12:45+00:00,0001110803-24-000024,https://www.sec.gov/Archives/edgar/data/1110803/000111080324000024/ilmn-20240331.htm,9643,1482,data/interim/text/000111080324000024.txt.gz,111080324000024,2024Q2,2024-05-03 16:12:45-04:00,2024-05-04,2024-05-04,2024-05-06,2024-05-03,114.7178955078125,923,475,0.026340350513325728,55.47872931580502,0.0045628953645131184,7.1674292076945045,0.0167997511147983,6.441527313851912,0.37431680701527387,0.4052098143047273,55.0,60.0
432,ILMN,1110803,"ILLUMINA, INC.",3826,Laboratory Analytical Instruments,10-Q,2024-08-07,2024-06-30,2024-08-07 21:28:56+00:00,0001110803-24-000044,https://www.sec.gov/Archives/edgar/data/1110803/000111080324000044/ilmn-20240630.htm,9139,1443,data/interim/text/000111080324000044.txt.gz,111080324000044,2024Q3,2024-08-07 17:28:56-04:00,2024-08-08,2024-08-08,2024-08-08,2024-08-07,121.0999984741211,988,410,0.020242914979757085,29.930784275526527,0.004814531130320604,7.998250708212144,0.01772622825254404,8.22606531911156,0.41131602483335783,0.3495156863862485,55.0,60.0
433,ILMN,1110803,"ILLUMINA, INC.",3826,Laboratory Analytical Instruments,10-Q,2024-11-06,2024-09-29,2024-11-05 23:11:59+00:00,0001110803-24-000052,https://www.sec.gov/Archives/edgar/data/1110803/000111080324000052/ilmn-20240929.htm,7853,1265,data/interim/text/000111080324000052.txt.gz,111080324000052,2024Q4,2024-11-05 18:11:59-05:00,2024-11-06,2024-11-06,2024-11-06,2024-11-05,154.9600067138672,1051,347,0.019100980516999874,19.607131815112883,0.0054756144148732965,6.647899175431473,0.017827581815866547,8.388305610174836,0.3567946444144604,0.43832638755411785,55.0,60.0
434,ILMN,1110803,"ILLUMINA, INC.",3826,Laboratory Analytical Instruments,10-K,2025-02-12,2024-12-29,2025-02-12 21:21:55+00:00,0001110803-25-000019,https://www.sec.gov/Archives/edgar/data/1110803/000111080325000019/ilmn-20241229.htm,30706,3218,data/interim/text/000111080325000019.txt.gz,111080325000019,2025Q1,2025-02-12 16:21:55-05:00,2025-02-13,2025-02-13,2025-02-13,2025-02-12,103.56999969482422,1117,281,0.024197225297987363,100.72371539469293,0.006578518856249593,23.89298790401321,0.02429492607308018,24.72922161682531,0.3951969280637628,0.4997669287825309,55.0,60.0
435,ILMN,1110803,"ILLUMINA, INC.",3826,Laboratory Analytical Instruments,10-Q,2025-05-09,2025-03-30,2025-05-08 22:05:31+00:00,0001110803-25-000046,https://www.sec.gov/Archives/edgar/data/1110803/000111080325000046/ilmn-20250330.htm,6977,1188,data/interim/text/000111080325000046.txt.gz,111080325000046,2025Q2,2025-05-08 18:05:31-04:00,2025-05-09,2025-05-09,2025-05-09,2025-05-08,79.58000183105469,1176,222,0.01490612010892934,21.20552508186941,0.005733123118818977,6.6973272228810945,0.01719936935645693,5.310552972714457,0.45661982011041535,0.3930865264090026,55.0,60.0
436,ILMN,1110803,"ILLUMINA, INC.",3826,Laboratory Analytical Instruments,10-Q,2025-08-01,2025-06-29,2025-08-01 21:24:43+00:00,0001110803-25-000060,https://www.sec.gov/Archives/edgar/data/1110803/000111080325000060/ilmn-20250629.htm,7561,1196,data/interim/text/000111080325000060.txt.gz,111080325000060,2025Q3,2025-08-01 17:24:43-04:00,2025-08-02,2025-08-02,2025-08-04,2025-08-01,94.66000366210938,1234,164,0.013887051977251687,18.46075583324684,0.00581933606665785,6.504416451940988,0.017590265837852136,7.233892471089974,0.40086920200393994,0.6489321557955272,55.0,60.0
437,ILMN,1110803,"ILLUMINA, INC.",3826,Laboratory Analytical Instruments,10-Q,2025-10-31,2025-09-28,2025-10-31 20:40:12+00:00,0001110803-25-000073,https://www.sec.gov/Archives/edgar/data/1110803/000111080325000073/ilmn-20250928.htm,7916,1228,data/interim/text/000111080325000073.txt.gz,111080325000073,2025Q4,2025-10-31 16:40:12-04:00,2025-11-01,2025-11-01,2025-11-03,2025-10-31,123.54000091552734,1298,100,0.01427488630621526,18.663071583009845,0.006189994946942901,6.512111502625138,0.017685699848408287,7.563152493775119,0.40678701086974195,0.33567291381047787,55.0,60.0
438,GRMN,1121788,GARMIN LTD,3812,"Search, Detection, Navigation, Guidance, Aeronautical Sys",10-K,2021-02-17,2020-12-26,2021-02-17 12:00:53+00:00,0001564590-21-006192,https://www.sec.gov/Archives/edgar/data/1121788/000156459021006192/grmn-10k_20201226.htm,29019,3406,data/interim/text/000156459021006192.txt.gz,156459021006192,2021Q1,2021-02-17 07:00:53-05:00,2021-02-17,2021-02-17,2021-02-17,2021-02-16,117.9010238647461,114,1284,0.019125400599607153,92.9086388186767,0.006685275164547365,26.764369873082856,0.019125400599607153,20.320125604696646,0.19924558608845422,0.22435630471113144,55.0,60.0
439,GRMN,1121788,GARMIN LTD,3812,"Search, Detection, Navigation, Guidance, Aeronautical Sys",10-Q,2021-04-28,2021-03-27,2021-04-28 11:01:22+00:00,0000950170-21-000047,https://www.sec.gov/Archives/edgar/data/1121788/000095017021000047/grmn-20210327.htm,5195,998,data/interim/text/000095017021000047.txt.gz,95017021000047,2021Q2,2021-04-28 07:01:22-04:00,2021-04-28,2021-04-28,2021-04-28,2021-04-27,126.19293975830078,163,1235,0.015399422521655439,17.71005826042565,0.00519730510105871,7.175069120732346,0.019249278152069296,6.03405435379784,0.22643183171014358,0.16428997040845505,55.0,60.0
440,GRMN,1121788,GARMIN LTD,3812,"Search, Detection, Navigation, Guidance, Aeronautical Sys",10-Q,2021-07-28,2021-06-26,2021-07-28 11:00:59+00:00,0000950170-21-000551,https://www.sec.gov/Archives/edgar/data/1121788/000095017021000551/grmn-20210626.htm,6825,1028,data/interim/text/000095017021000551.txt.gz,95017021000551,2021Q3,2021-07-28 07:00:59-04:00,2021-07-28,2021-07-28,2021-07-28,2021-07-27,136.59002685546875,226,1172,0.017435897435897435,18.902703634753436,0.006153846153846154,7.536860929837546,0.01641025641025641,6.791988162417381,0.15289250845828314,0.21424844163540926,55.0,60.0
441,GRMN,1121788,GARMIN LTD,3812,"Search, Detection, Navigation, Guidance, Aeronautical Sys",10-Q,2021-10-27,2021-09-25,2021-10-27 11:01:51+00:00,0000950170-21-002333,https://www.sec.gov/Archives/edgar/data/1121788/000095017021002333/grmn-20210925.htm,6612,1030,data/interim/text/000095017021002333.txt.gz,95017021002333,2021Q4,2021-10-27 07:01:51-04:00,2021-10-27,2021-10-27,2021-10-27,2021-10-26,144.5762939453125,290,1108,0.017543859649122806,18.82801045937852,0.005898366606170599,7.569705674519856,0.01678765880217786,7.457751647610274,0.21298165934756288,0.2432062143252585,55.0,60.0
442,GRMN,1121788,GARMIN LTD,3812,"Search, Detection, Navigation, Guidance, Aeronautical Sys",10-K,2022-02-16,2021-12-25,2022-02-16 12:00:56+00:00,0000950170-22-001303,https://www.sec.gov/Archives/edgar/data/1121788/000095017022001303/grmn-20211225.htm,27428,3374,data/interim/text/000095017022001303.txt.gz,95017022001303,2022Q1,2022-02-16 07:00:56-05:00,2022-02-16,2022-02-16,2022-02-16,2022-02-15,108.6615982055664,367,1031,0.020891060230421466,90.79984844527209,0.007000145836371591,30.134201645900873,0.019651451071897332,17.20657546270216,0.2524909797427788,0.3098099347003725,55.0,60.0
443,GRMN,1121788,GARMIN LTD,3812,"Search, Detection, Navigation, Guidance, Aeronautical Sys",10-Q,2022-04-27,2022-03-26,2022-04-27 11:00:48+00:00,0000950170-22-006271,https://www.sec.gov/Archives/edgar/data/1121788/000095017022006271/grmn-20220326.htm,4603,909,data/interim/text/000095017022006271.txt.gz,95017022006271,2022Q2,2022-04-27 07:00:48-04:00,2022-04-27,2022-04-27,2022-04-27,2022-04-26,100.31834411621094,415,983,0.012600477949163589,8.359316635781152,0.006082989354768629,6.706333082071286,0.01390397566804258,4.781085910039989,0.2944520101640248,0.38261185883166565,55.0,60.0
444,GRMN,1121788,GARMIN LTD,3812,"Search, Detection, Navigation, Guidance, Aeronautical Sys",10-Q,2022-07-27,2022-06-25,2022-07-27 11:01:36+00:00,0000950170-22-013146,https://www.sec.gov/Archives/edgar/data/1121788/000095017022013146/grmn-20220625.htm,6074,938,data/interim/text/000095017022013146.txt.gz,95017022013146,2022Q3,2022-07-27 07:01:36-04:00,2022-07-27,2022-07-27,2022-07-27,2022-07-26,94.18740844726562,477,921,0.016463615409944024,11.254767245302096,0.00691471847217649,6.2450718888950405,0.011030622324662495,5.119880614785212,0.3263112103593885,0.29066973305563093,55.0,60.0
445,GRMN,1121788,GARMIN LTD,3812,"Search, Detection, Navigation, Guidance, Aeronautical Sys",10-Q,2022-10-26,2022-09-24,2022-10-26 11:01:09+00:00,0000950170-22-020097,https://www.sec.gov/Archives/edgar/data/1121788/000095017022020097/grmn-20220924.htm,5786,943,data/interim/text/000095017022020097.txt.gz,95017022020097,2022Q4,2022-10-26 07:01:09-04:00,2022-10-26,2022-10-26,2022-10-26,2022-10-25,78.65213012695312,541,857,0.017455928102315936,12.064974584828786,0.0067404078810922915,6.422105949942356,0.011579675077773938,5.217929785884798,0.2889960494301418,0.2697678777562741,55.0,60.0
446,GRMN,1121788,GARMIN LTD,3812,"Search, Detection, Navigation, Guidance, Aeronautical Sys",10-K,2023-02-22,2022-12-31,2023-02-22 12:02:02+00:00,0000950170-23-003566,https://www.sec.gov/Archives/edgar/data/1121788/000095017023003566/grmn-20221231.htm,27517,3407,data/interim/text/000095017023003566.txt.gz,95017023003566,2023Q1,2023-02-22 07:02:02-05:00,2023-02-22,2023-02-22,2023-02-22,2023-02-21,87.71674346923828,621,777,0.020968855616527966,93.31421780500882,0.007013845986117673,28.341118445165378,0.01907911472907657,17.566809816426627,0.22897825429226237,0.17730990450442088,55.0,60.0
447,GRMN,1121788,GARMIN LTD,3812,"Search, Detection, Navigation, Guidance, Aeronautical Sys",10-Q,2023-05-03,2023-04-01,2023-05-03 11:00:48+00:00,0000950170-23-016873,https://www.sec.gov/Archives/edgar/data/1121788/000095017023016873/grmn-20230401.htm,4494,901,data/interim/text/000095017023016873.txt.gz,95017023016873,2023Q2,2023-05-03 07:00:48-04:00,2023-05-03,2023-05-03,2023-05-03,2023-05-02,91.40904998779295,670,728,0.012461059190031152,9.527355504787117,0.0055629728526924785,4.913555366202787,0.013796172674677348,4.71534369166863,0.22530784377146904,0.1596790153340691,55.0,60.0
448,GRMN,1121788,GARMIN LTD,3812,"Search, Detection, Navigation, Guidance, Aeronautical Sys",10-Q,2023-08-02,2023-07-01,2023-08-02 11:01:19+00:00,0000950170-23-036762,https://www.sec.gov/Archives/edgar/data/1121788/000095017023036762/grmn-20230701.htm,5805,916,data/interim/text/000095017023036762.txt.gz,95017023036762,2023Q3,2023-08-02 07:01:19-04:00,2023-08-02,2023-08-02,2023-08-02,2023-08-01,100.73758697509766,732,666,0.01757105943152455,8.970829420632226,0.007407407407407408,5.671046149652125,0.010852713178294573,4.633888911629462,0.16466326512313376,0.15480464020265874,55.0,60.0
449,GRMN,1121788,GARMIN LTD,3812,"Search, Detection, Navigation, Guidance, Aeronautical Sys",10-Q,2023-11-01,2023-09-30,2023-11-01 11:00:57+00:00,0000950170-23-057115,https://www.sec.gov/Archives/edgar/data/1121788/000095017023057115/grmn-20230930.htm,6052,987,data/interim/text/000095017023057115.txt.gz,95017023057115,2023Q4,2023-11-01 07:00:57-04:00,2023-11-01,2023-11-01,2023-11-01,2023-10-31,97.78958892822266,796,602,0.01520158625247852,7.601929088268369,0.007105089226701917,5.802129242668367,0.011731658955717119,4.8566220746607485,0.15226785617549943,0.14040931370197343,55.0,60.0
450,GRMN,1121788,GARMIN LTD,3812,"Search, Detection, Navigation, Guidance, Aeronautical Sys",10-K,2024-02-21,2023-12-30,2024-02-21 12:00:41+00:00,0000950170-24-017559,https://www.sec.gov/Archives/edgar/data/1121788/000095017024017559/grmn-20231230.htm,26921,3384,data/interim/text/000095017024017559.txt.gz,95017024017559,2024Q1,2024-02-21 07:00:41-05:00,2024-02-21,2024-02-21,2024-02-21,2024-02-20,117.75215911865234,871,527,0.020281564577838862,83.74090653816715,0.007020541584636529,27.053446550340556,0.019390067233758034,16.324903720295055,0.13615439875981014,0.2998359993279267,55.0,60.0
451,GRMN,1121788,GARMIN LTD,3812,"Search, Detection, Navigation, Guidance, Aeronautical Sys",10-Q,2024-05-01,2024-03-30,2024-05-01 11:00:29+00:00,0000950170-24-050879,https://www.sec.gov/Archives/edgar/data/1121788/000095017024050879/grmn-20240330.htm,4298,855,data/interim/text/000095017024050879.txt.gz,95017024050879,2024Q2,2024-05-01 07:00:29-04:00,2024-05-01,2024-05-01,2024-05-01,2024-04-30,139.2731475830078,920,478,0.011633317822242903,8.445340358045867,0.005583992554676594,4.36258863178879,0.01326198231735691,4.680781461258719,0.24399301615888136,0.19877743557215907,55.0,60.0
452,GRMN,1121788,GARMIN LTD,3812,"Search, Detection, Navigation, Guidance, Aeronautical Sys",10-Q,2024-07-31,2024-06-29,2024-07-31 11:00:25+00:00,0000950170-24-088230,https://www.sec.gov/Archives/edgar/data/1121788/000095017024088230/grmn-20240629.htm,5630,884,data/interim/text/000095017024088230.txt.gz,95017024088230,2024Q3,2024-07-31 07:00:25-04:00,2024-07-31,2024-07-31,2024-07-31,2024-07-30,173.7054443359375,982,416,0.016341030195381884,9.635920609461438,0.00763765541740675,5.826735991893206,0.010657193605683837,4.995438820539914,0.17161267752637804,0.2227615650406905,55.0,60.0
453,GRMN,1121788,GARMIN LTD,3812,"Search, Detection, Navigation, Guidance, Aeronautical Sys",10-Q,2024-10-30,2024-09-28,2024-10-30 11:00:23+00:00,0000950170-24-118582,https://www.sec.gov/Archives/edgar/data/1121788/000095017024118582/grmn-20240928.htm,5808,893,data/interim/text/000095017024118582.txt.gz,95017024118582,2024Q4,2024-10-30 07:00:23-04:00,2024-10-30,2024-10-30,2024-10-30,2024-10-29,161.70970153808594,1046,352,0.013774104683195593,9.217298237814498,0.007231404958677686,5.203659978856581,0.010674931129476584,5.1176394529473015,0.22601489679012896,0.16630591961575683,55.0,60.0
454,GRMN,1121788,GARMIN LTD,3812,"Search, Detection, Navigation, Guidance, Aeronautical Sys",10-K,2025-02-19,2024-12-28,2025-02-19 12:00:25+00:00,0000950170-25-022760,https://www.sec.gov/Archives/edgar/data/1121788/000095017025022760/grmn-20241228.htm,25823,3283,data/interim/text/000095017025022760.txt.gz,95017025022760,2025Q1,2025-02-19 07:00:25-05:00,2025-02-19,2025-02-19,2025-02-19,2025-02-18,209.61715698242188,1120,278,0.020679239437710568,86.75749717779435,0.007396506989892731,29.866937895501618,0.018626805560934052,16.632681288752266,0.15835536516932522,0.5000497680187272,55.0,60.0
455,GRMN,1121788,GARMIN LTD,3812,"Search, Detection, Navigation, Guidance, Aeronautical Sys",10-Q,2025-04-30,2025-03-29,2025-04-30 11:00:21+00:00,0000950170-25-060555,https://www.sec.gov/Archives/edgar/data/1121788/000095017025060555/grmn-20250329.htm,4712,944,data/interim/text/000095017025060555.txt.gz,95017025060555,2025Q2,2025-04-30 07:00:21-04:00,2025-04-30,2025-04-30,2025-04-30,2025-04-29,199.91000366210932,1169,229,0.0116723259762309,9.554853604112115,0.005730050933786078,5.361096086508047,0.015916808149405774,4.688517088847049,0.5611202602272601,0.25128351297419643,55.0,60.0
456,GRMN,1121788,GARMIN LTD,3812,"Search, Detection, Navigation, Guidance, Aeronautical Sys",10-Q,2025-07-30,2025-06-28,2025-07-30 11:00:57+00:00,0000950170-25-099877,https://www.sec.gov/Archives/edgar/data/1121788/000095017025099877/grmn-20250628.htm,6069,962,data/interim/text/000095017025099877.txt.gz,95017025099877,2025Q3,2025-07-30 07:00:57-04:00,2025-07-30,2025-07-30,2025-07-30,2025-07-29,235.4398956298828,1231,167,0.014170374031965728,10.217854998366917,0.006096556269566651,5.630408367073009,0.013016971494480145,5.10698126506788,0.2012581528289479,0.2082813527898906,55.0,60.0
457,GRMN,1121788,GARMIN LTD,3812,"Search, Detection, Navigation, Guidance, Aeronautical Sys",10-Q,2025-10-29,2025-09-27,2025-10-29 11:00:49+00:00,0001193125-25-254605,https://www.sec.gov/Archives/edgar/data/1121788/000119312525254605/grmn-20250927.htm,6189,978,data/interim/text/000119312525254605.txt.gz,119312525254605,2025Q4,2025-10-29 07:00:49-04:00,2025-10-29,2025-10-29,2025-10-29,2025-10-28,245.0023651123047,1295,103,0.012279851349167878,10.093986652277152,0.006463079657456778,5.308786263161211,0.012441428340604297,5.021866086366626,0.21119529447681806,0.2230363854949297,55.0,60.0
458,CDNA,1217234,"CareDx, Inc.",8071,Services-Medical Laboratories,10-K,2021-02-24,2020-12-31,2021-02-24 22:03:10+00:00,0001217234-21-000046,https://www.sec.gov/Archives/edgar/data/1217234/000121723421000046/cdna-20201231.htm,56650,4206,data/interim/text/000121723421000046.txt.gz,121723421000046,2021Q1,2021-02-24 17:03:10-05:00,2021-02-25,2021-02-25,2021-02-25,2021-02-24,79.02999877929688,120,1278,0.027519858781994703,182.95271357983958,0.008490732568402472,47.15058348094307,0.021041482789055606,31.75049734104583,0.5670577518355315,0.7830566635571923,55.0,60.0
459,CDNA,1217234,"CareDx, Inc.",8071,Services-Medical Laboratories,10-Q,2021-05-05,2021-03-31,2021-05-05 21:04:50+00:00,0001217234-21-000093,https://www.sec.gov/Archives/edgar/data/1217234/000121723421000093/cdna-20210331.htm,13697,2058,data/interim/text/000121723421000093.txt.gz,121723421000093,2021Q2,2021-05-05 17:04:50-04:00,2021-05-06,2021-05-06,2021-05-06,2021-05-05,73.18000030517578,169,1229,0.01708403299992699,40.839627073799406,0.008103964371760239,20.42145219086166,0.018252172008469007,12.621511951358624,0.7675504253223037,0.43490076199902206,55.0,60.0
460,CDNA,1217234,"CareDx, Inc.",8071,Services-Medical Laboratories,10-Q,2021-07-29,2021-06-30,2021-07-29 21:10:05+00:00,0001217234-21-000190,https://www.sec.gov/Archives/edgar/data/1217234/000121723421000190/cdna-20210630.htm,15603,2175,data/interim/text/000121723421000190.txt.gz,121723421000190,2021Q3,2021-07-29 17:10:05-04:00,2021-07-30,2021-07-30,2021-07-30,2021-07-29,87.51000213623047,228,1170,0.017496635262449527,43.06076312394054,0.00801127988207396,20.67924700198298,0.01794526693584567,13.546419149927285,0.549784983720858,0.5351645740378063,55.0,60.0
461,CDNA,1217234,"CareDx, Inc.",8071,Services-Medical Laboratories,10-Q,2021-10-28,2021-09-30,2021-10-28 21:21:26+00:00,0001217234-21-000235,https://www.sec.gov/Archives/edgar/data/1217234/000121723421000235/cdna-20210930.htm,19379,2566,data/interim/text/000121723421000235.txt.gz,121723421000235,2021Q4,2021-10-28 17:21:26-04:00,2021-10-29,2021-10-29,2021-10-29,2021-10-28,70.33999633789062,292,1106,0.027091181175499253,90.40418174148084,0.007327519479849321,23.16811050445676,0.020073275194798495,16.41313201028926,0.5427317288879528,0.7192202984395457,55.0,60.0
462,CDNA,1217234,"CareDx, Inc.",8071,Services-Medical Laboratories,10-K,2022-02-24,2021-12-31,2022-02-24 22:07:19+00:00,0001217234-22-000056,https://www.sec.gov/Archives/edgar/data/1217234/000121723422000056/cdna-20211231.htm,58893,4316,data/interim/text/000121723422000056.txt.gz,121723422000056,2022Q1,2022-02-24 17:07:19-05:00,2022-02-25,2022-02-25,2022-02-25,2022-02-24,39.95000076293945,373,1025,0.02811879170699404,196.999117207875,0.008625812914947448,50.98984679381083,0.02095325420678179,34.17667286883287,0.750134672607761,0.9723776437782662,55.0,60.0
463,CDNA,1217234,"CareDx, Inc.",8071,Services-Medical Laboratories,10-Q,2022-05-05,2022-03-31,2022-05-05 21:13:34+00:00,0001217234-22-000093,https://www.sec.gov/Archives/edgar/data/1217234/000121723422000093/cdna-20220331.htm,20685,2712,data/interim/text/000121723422000093.txt.gz,121723422000093,2022Q2,2022-05-05 17:13:34-04:00,2022-05-06,2022-05-06,2022-05-06,2022-05-05,31.65999984741211,422,976,0.03002175489485134,105.68893199767005,0.007686729514140682,26.126992166665023,0.023011844331641287,19.75365175696765,0.8280581302555693,0.8248561115954206,55.0,60.0
464,CDNA,1217234,"CareDx, Inc.",8071,Services-Medical Laboratories,10-Q,2022-08-04,2022-06-30,2022-08-04 21:20:19+00:00,0001217234-22-000150,https://www.sec.gov/Archives/edgar/data/1217234/000121723422000150/cdna-20220630.htm,21940,2752,data/interim/text/000121723422000150.txt.gz,121723422000150,2022Q3,2022-08-04 17:20:19-04:00,2022-08-05,2022-08-05,2022-08-05,2022-08-04,24.299999237060547,484,914,0.029671832269826802,110.33212341350385,0.007429352780309936,25.57023110735462,0.02201458523245214,19.551168624713615,0.8503838158326898,0.6632447542064244,55.0,60.0
465,CDNA,1217234,"CareDx, Inc.",8071,Services-Medical Laboratories,10-Q,2022-11-03,2022-09-30,2022-11-03 20:23:36+00:00,0001217234-22-000184,https://www.sec.gov/Archives/edgar/data/1217234/000121723422000184/cdna-20220930.htm,24981,2933,data/interim/text/000121723422000184.txt.gz,121723422000184,2022Q4,2022-11-03 16:23:36-04:00,2022-11-04,2022-11-04,2022-11-04,2022-11-03,18.729999542236328,548,850,0.032024338497257915,137.03104971727458,0.0069652936231535964,26.302670116048557,0.021416276370041232,19.74537398377863,0.6837692010955538,0.7819419665880419,55.0,60.0
466,CDNA,1217234,"CareDx, Inc.",8071,Services-Medical Laboratories,10-K,2023-02-27,2022-12-31,2023-02-27 21:28:48+00:00,0001217234-23-000046,https://www.sec.gov/Archives/edgar/data/1217234/000121723423000046/cdna-20221231.htm,63097,4454,data/interim/text/000121723423000046.txt.gz,121723423000046,2023Q1,2023-02-27 16:28:48-05:00,2023-02-28,2023-02-28,2023-02-28,2023-02-27,14.710000038146973,625,773,0.029621059638334626,220.49055865293877,0.00841561405455093,53.38381560380018,0.020444712109925985,34.727741718587886,0.5923619527894294,0.7093110192940659,55.0,60.0
467,CDNA,1217234,"CareDx, Inc.",8071,Services-Medical Laboratories,10-Q,2023-05-10,2023-03-31,2023-05-10 20:20:16+00:00,0001217234-23-000096,https://www.sec.gov/Archives/edgar/data/1217234/000121723423000096/cdna-20230331.htm,24522,2550,data/interim/text/000121723423000096.txt.gz,121723423000096,2023Q2,2023-05-10 16:20:16-04:00,2023-05-11,2023-05-11,2023-05-11,2023-05-10,8.59000015258789,676,722,0.022265720577440664,86.2491941838679,0.007381127151129598,23.624500644898646,0.01835086860778077,15.083340469853486,1.1174141433624278,0.7735591735296137,55.0,60.0
468,CDNA,1217234,"CareDx, Inc.",8071,Services-Medical Laboratories,10-Q,2023-08-08,2023-06-30,2023-08-08 20:18:07+00:00,0001217234-23-000180,https://www.sec.gov/Archives/edgar/data/1217234/000121723423000180/cdna-20230630.htm,25796,2550,data/interim/text/000121723423000180.txt.gz,121723423000180,2023Q3,2023-08-08 16:18:07-04:00,2023-08-09,2023-08-09,2023-08-09,2023-08-08,11.039999961853027,737,661,0.021786323461001705,91.68335837707322,0.006783997518995193,22.788589555638815,0.01926655295394635,14.443527440830247,0.7401810403390128,0.6375916288501545,55.0,60.0
469,CDNA,1217234,"CareDx, Inc.",8071,Services-Medical Laboratories,10-Q,2023-11-08,2023-09-30,2023-11-08 21:16:37+00:00,0001217234-23-000226,https://www.sec.gov/Archives/edgar/data/1217234/000121723423000226/cdna-20230930.htm,29826,2833,data/interim/text/000121723423000226.txt.gz,121723423000226,2023Q4,2023-11-08 16:16:37-05:00,2023-11-09,2023-11-09,2023-11-09,2023-11-08,6.329999923706055,802,596,0.02511231811171461,116.63542583944003,0.0064373365520016095,23.91570741165794,0.019043787299671426,15.300363037973437,0.5929198780835173,0.81231743875871,55.0,60.0
470,CDNA,1217234,"CareDx, Inc.",8071,Services-Medical Laboratories,10-K,2024-02-28,2023-12-31,2024-02-28 21:27:26+00:00,0001217234-24-000033,https://www.sec.gov/Archives/edgar/data/1217234/000121723424000033/cdna-20231231.htm,65631,4367,data/interim/text/000121723424000033.txt.gz,121723424000033,2024Q1,2024-02-28 16:27:26-05:00,2024-02-29,2024-02-29,2024-02-29,2024-02-28,9.720000267028809,877,521,0.0293611250780881,221.92679976721834,0.008151635659977754,48.591776455463474,0.02017339367067392,28.12701916410222,0.8886963048781916,1.0407942295623231,55.0,60.0
471,CDNA,1217234,"CareDx, Inc.",8071,Services-Medical Laboratories,10-Q,2024-05-09,2024-03-31,2024-05-09 20:14:55+00:00,0001217234-24-000064,https://www.sec.gov/Archives/edgar/data/1217234/000121723424000064/cdna-20240331.htm,18212,2284,data/interim/text/000121723424000064.txt.gz,121723424000064,2024Q2,2024-05-09 16:14:55-04:00,2024-05-10,2024-05-10,2024-05-10,2024-05-09,11.0600004196167,927,471,0.024159894575005492,77.6555945998536,0.007906874588183616,21.73986042926091,0.01669229079727652,12.133279431840327,0.7862135318247122,0.8127064087336914,55.0,60.0
472,CDNA,1217234,"CareDx, Inc.",8071,Services-Medical Laboratories,10-Q,2024-07-31,2024-06-30,2024-07-31 20:16:12+00:00,0001217234-24-000083,https://www.sec.gov/Archives/edgar/data/1217234/000121723424000083/cdna-20240630.htm,18454,2293,data/interim/text/000121723424000083.txt.gz,121723424000083,2024Q3,2024-07-31 16:16:12-04:00,2024-08-01,2024-08-01,2024-08-01,2024-07-31,19.989999771118164,983,415,0.023409558903218813,75.10252695775202,0.008128319063617644,21.590091352650415,0.0169069036523247,14.076775868290245,1.0155340679693667,0.7588608708034262,55.0,60.0
473,CDNA,1217234,"CareDx, Inc.",8071,Services-Medical Laboratories,10-Q,2024-11-04,2024-09-30,2024-11-04 21:18:08+00:00,0001217234-24-000103,https://www.sec.gov/Archives/edgar/data/1217234/000121723424000103/cdna-20240930.htm,19089,2325,data/interim/text/000121723424000103.txt.gz,121723424000103,2024Q4,2024-11-04 16:18:08-05:00,2024-11-05,2024-11-05,2024-11-05,2024-11-04,22.93000030517578,1050,348,0.024254806433024256,79.98402579051134,0.00811985960500812,19.674706678574182,0.015191995390015192,12.886275137057659,0.7381269686239307,0.5262472852309379,55.0,60.0
474,CDNA,1217234,"CareDx, Inc.",8071,Services-Medical Laboratories,10-K,2025-02-28,2024-12-31,2025-02-27 22:49:04+00:00,0001217234-25-000012,https://www.sec.gov/Archives/edgar/data/1217234/000121723425000012/cdna-20241231.htm,50105,4037,data/interim/text/000121723425000012.txt.gz,121723425000012,2025Q1,2025-02-27 17:49:04-05:00,2025-02-28,2025-02-28,2025-02-28,2025-02-27,21.059999465942383,1127,271,0.030815287895419617,192.32357083523212,0.008721684462628481,49.291072513831644,0.021933938728669795,22.801447851182278,0.6190004954475143,0.6564697278862858,55.0,60.0
475,CDNA,1217234,"CareDx, Inc.",8071,Services-Medical Laboratories,10-Q,2025-04-30,2025-03-31,2025-04-30 20:18:38+00:00,0001217234-25-000037,https://www.sec.gov/Archives/edgar/data/1217234/000121723425000037/cdna-20250331.htm,14050,1975,data/interim/text/000121723425000037.txt.gz,121723425000037,2025Q2,2025-04-30 16:18:38-04:00,2025-05-01,2025-05-01,2025-05-01,2025-04-30,16.8799991607666,1170,228,0.02192170818505338,45.82435616654616,0.008540925266903915,18.97320585798463,0.022419928825622777,11.101851534010201,0.6638088524598879,0.9539854968705545,55.0,60.0
476,CDNA,1217234,"CareDx, Inc.",8071,Services-Medical Laboratories,10-Q,2025-08-06,2025-06-30,2025-08-06 20:11:48+00:00,0001217234-25-000046,https://www.sec.gov/Archives/edgar/data/1217234/000121723425000046/cdna-20250630.htm,35036,3215,data/interim/text/000121723425000046.txt.gz,121723425000046,2025Q3,2025-08-06 16:11:48-04:00,2025-08-07,2025-08-07,2025-08-07,2025-08-06,13.100000381469728,1237,161,0.03567758876584085,165.71693486278502,0.009019294440004566,32.02883012247999,0.02660121018381094,16.335726446503948,0.9840750623935614,0.5124044930790415,55.0,60.0
477,CDNA,1217234,"CareDx, Inc.",8071,Services-Medical Laboratories,10-Q,2025-11-04,2025-09-30,2025-11-04 21:13:11+00:00,0001217234-25-000063,https://www.sec.gov/Archives/edgar/data/1217234/000121723425000063/cdna-20250930.htm,35133,3204,data/interim/text/000121723425000063.txt.gz,121723425000063,2025Q4,2025-11-04 16:13:11-05:00,2025-11-05,2025-11-05,2025-11-05,2025-11-04,14.520000457763672,1300,98,0.03566447499501893,166.27703238693462,0.008965929468021518,32.24088583884069,0.02667008225884496,16.328203301779087,0.4509004069103928,0.6476042936650762,55.0,60.0
478,PACB,1299130,"PACIFIC BIOSCIENCES OF CALIFORNIA, INC.",3826,Laboratory Analytical Instruments,10-K,2021-02-26,2020-12-31,2021-02-26 22:17:37+00:00,0001299130-21-000098,https://www.sec.gov/Archives/edgar/data/1299130/000129913021000098/pacb-20201231x10k.htm,40403,3620,data/interim/text/000129913021000098.txt.gz,129913021000098,2021Q1,2021-02-26 17:17:37-05:00,2021-02-27,2021-02-27,2021-03-01,2021-02-26,30.56999969482422,122,1276,0.028463232928247904,141.45764132735607,0.009702249832933198,37.80445412575921,0.024824889240897954,28.41032296053427,1.0589243101207728,0.8472628342991105,55.0,60.0
479,PACB,1299130,"PACIFIC BIOSCIENCES OF CALIFORNIA, INC.",3826,Laboratory Analytical Instruments,10-Q,2021-05-06,2021-03-31,2021-05-06 20:23:01+00:00,0001299130-21-000140,https://www.sec.gov/Archives/edgar/data/1299130/000129913021000140/pacb-20210331x10q.htm,29364,2800,data/interim/text/000129913021000140.txt.gz,129913021000140,2021Q2,2021-05-06 16:23:01-04:00,2021-05-07,2021-05-07,2021-05-07,2021-05-06,24.36000061035156,170,1228,0.03599645824819507,127.31552972471326,0.009978204604277346,25.9945783446591,0.028640512191799482,16.910170482635376,1.0667948881771105,0.595917647008061,55.0,60.0
480,PACB,1299130,"PACIFIC BIOSCIENCES OF CALIFORNIA, INC.",3826,Laboratory Analytical Instruments,10-Q,2021-08-06,2021-06-30,2021-08-05 22:04:34+00:00,0001299130-21-000192,https://www.sec.gov/Archives/edgar/data/1299130/000129913021000192/pacb-20210630x10q.htm,31928,2877,data/interim/text/000129913021000192.txt.gz,129913021000192,2021Q3,2021-08-05 18:04:34-04:00,2021-08-06,2021-08-06,2021-08-06,2021-08-05,35.02000045776367,233,1165,0.03476572287647206,129.6560263944296,0.009615384615384616,26.59534227081664,0.027624655474818342,18.159045004770103,0.5549113455178035,0.5306502552898058,55.0,60.0
481,PACB,1299130,"PACIFIC BIOSCIENCES OF CALIFORNIA, INC.",3826,Laboratory Analytical Instruments,10-Q,2021-11-05,2021-09-30,2021-11-05 01:50:05+00:00,0001299130-21-000216,https://www.sec.gov/Archives/edgar/data/1299130/000129913021000216/pacb-20210930x10q.htm,31610,2805,data/interim/text/000129913021000216.txt.gz,129913021000216,2021Q4,2021-11-04 21:50:05-04:00,2021-11-05,2021-11-05,2021-11-05,2021-11-04,30.07999992370605,297,1101,0.035083834229674156,128.20519304068603,0.009079405251502689,24.382949218427488,0.028440366972477066,18.518609657229998,0.5298514591337541,0.8928421534453811,55.0,60.0
482,PACB,1299130,"PACIFIC BIOSCIENCES OF CALIFORNIA, INC.",3826,Laboratory Analytical Instruments,10-K,2022-02-28,2021-12-31,2022-02-28 21:12:34+00:00,0001299130-22-000030,https://www.sec.gov/Archives/edgar/data/1299130/000129913022000030/pacb-20211231x10k.htm,45253,3755,data/interim/text/000129913022000030.txt.gz,129913022000030,2022Q1,2022-02-28 16:12:34-05:00,2022-03-01,2022-03-01,2022-03-01,2022-02-28,11.920000076293944,375,1023,0.02839590745364948,147.58403478872367,0.009192760700948004,40.8158025263195,0.026164011225775087,30.07057805599404,0.8844828322193939,1.0879465598932159,55.0,60.0
483,PACB,1299130,"PACIFIC BIOSCIENCES OF CALIFORNIA, INC.",3826,Laboratory Analytical Instruments,10-Q,2022-05-06,2022-03-31,2022-05-06 00:39:03+00:00,0001299130-22-000053,https://www.sec.gov/Archives/edgar/data/1299130/000129913022000053/pacb-20220331x10q.htm,32962,2901,data/interim/text/000129913022000053.txt.gz,129913022000053,2022Q2,2022-05-05 20:39:03-04:00,2022-05-06,2022-05-06,2022-05-06,2022-05-05,6.420000076293945,422,976,0.0357987986165888,138.4054751871723,0.00907105151386445,29.517996972482592,0.029518839876221104,20.220757007882266,0.913309262310711,1.13780976986088,55.0,60.0
484,PACB,1299130,"PACIFIC BIOSCIENCES OF CALIFORNIA, INC.",3826,Laboratory Analytical Instruments,10-Q,2022-08-08,2022-06-30,2022-08-05 22:39:41+00:00,0001299130-22-000101,https://www.sec.gov/Archives/edgar/data/1299130/000129913022000101/pacb-20220630x10q.htm,33400,2927,data/interim/text/000129913022000101.txt.gz,129913022000101,2022Q3,2022-08-05 18:39:41-04:00,2022-08-06,2022-08-08,2022-08-08,2022-08-05,6.059999942779541,485,913,0.03595808383233533,137.74959309109244,0.009281437125748504,33.07575738256535,0.029850299401197603,19.387164246892844,1.1341582514349888,1.151493839453827,55.0,60.0
485,PACB,1299130,"PACIFIC BIOSCIENCES OF CALIFORNIA, INC.",3826,Laboratory Analytical Instruments,10-Q,2022-11-08,2022-09-30,2022-11-08 21:07:48+00:00,0001299130-22-000136,https://www.sec.gov/Archives/edgar/data/1299130/000129913022000136/pacb-20220930x10q.htm,35432,3025,data/interim/text/000129913022000136.txt.gz,129913022000136,2022Q4,2022-11-08 16:07:48-05:00,2022-11-09,2022-11-09,2022-11-09,2022-11-08,9.029999732971191,551,847,0.03547640550914428,147.88752350106952,0.009059607134793406,33.64812556996042,0.02963422894558591,22.710852396670933,1.1583303550819202,0.8273231009744798,55.0,60.0
486,PACB,1299130,"PACIFIC BIOSCIENCES OF CALIFORNIA, INC.",3826,Laboratory Analytical Instruments,10-K,2023-02-28,2022-12-31,2023-02-28 21:25:21+00:00,0001299130-23-000032,https://www.sec.gov/Archives/edgar/data/1299130/000129913023000032/pacb-20221231x10k.htm,49498,3975,data/interim/text/000129913023000032.txt.gz,129913023000032,2023Q1,2023-02-28 16:25:21-05:00,2023-03-01,2023-03-01,2023-03-01,2023-02-28,9.079999923706056,626,772,0.029879995151319245,176.80458159177277,0.008444785647904966,44.51165870403418,0.02680916400662653,31.657407981542857,0.8325225539568856,0.6353280752253333,55.0,60.0
487,PACB,1299130,"PACIFIC BIOSCIENCES OF CALIFORNIA, INC.",3826,Laboratory Analytical Instruments,10-Q,2023-05-04,2023-03-31,2023-05-04 20:42:32+00:00,0001299130-23-000048,https://www.sec.gov/Archives/edgar/data/1299130/000129913023000048/pacb-20230331.htm,33968,3009,data/interim/text/000129913023000048.txt.gz,129913023000048,2023Q2,2023-05-04 16:42:32-04:00,2023-05-05,2023-05-05,2023-05-05,2023-05-04,11.899999618530272,672,726,0.038094677343382004,158.75709891295415,0.008890720678285445,31.18728081470077,0.031411917098445596,23.166025161835673,0.7628599805083895,0.4985296465739878,55.0,60.0
488,PACB,1299130,"PACIFIC BIOSCIENCES OF CALIFORNIA, INC.",3826,Laboratory Analytical Instruments,10-Q,2023-08-04,2023-06-30,2023-08-04 20:13:21+00:00,0001299130-23-000098,https://www.sec.gov/Archives/edgar/data/1299130/000129913023000098/pacb-20230630.htm,36191,3050,data/interim/text/000129913023000098.txt.gz,129913023000098,2023Q3,2023-08-04 16:13:21-04:00,2023-08-05,2023-08-05,2023-08-07,2023-08-04,12.18000030517578,735,663,0.03650078748860214,157.0322660859778,0.008648559034013981,31.46340406757236,0.030145616313448094,24.303250055120543,0.45094638404148424,0.7134911777224764,55.0,60.0
489,PACB,1299130,"PACIFIC BIOSCIENCES OF CALIFORNIA, INC.",3826,Laboratory Analytical Instruments,10-Q,2023-11-03,2023-09-30,2023-11-03 20:30:02+00:00,0001299130-23-000139,https://www.sec.gov/Archives/edgar/data/1299130/000129913023000139/pacb-20230930.htm,36379,3031,data/interim/text/000129913023000139.txt.gz,129913023000139,2023Q4,2023-11-03 16:30:02-04:00,2023-11-04,2023-11-04,2023-11-06,2023-11-03,7.21999979019165,799,599,0.03675197229170676,162.28137295789514,0.008741306797877896,30.964391023275553,0.030154759614063057,23.07650586066565,0.6111725984637063,0.8336664420155592,55.0,60.0
490,PACB,1299130,"PACIFIC BIOSCIENCES OF CALIFORNIA, INC.",3826,Laboratory Analytical Instruments,10-K,2024-02-28,2023-12-31,2024-02-28 21:28:25+00:00,0001299130-24-000054,https://www.sec.gov/Archives/edgar/data/1299130/000129913024000054/pacb-20231231.htm,51682,4015,data/interim/text/000129913024000054.txt.gz,129913024000054,2024Q1,2024-02-28 16:28:25-05:00,2024-02-29,2024-02-29,2024-02-29,2024-02-28,5.570000171661377,877,521,0.029700862969699315,185.76775664042833,0.008145969583220464,41.6540257169486,0.02701133857048876,31.02827949781432,0.8756619566095306,1.3562579766624927,55.0,60.0
491,RBLX,1315098,Roblox Corp,7372,Services-Prepackaged Software,10-Q,2021-08-16,2021-06-30,2021-08-16 20:15:37+00:00,0001315098-21-000014,https://www.sec.gov/Archives/edgar/data/1315098/000131509821000014/rblx-20210630.htm,44380,3503,data/interim/text/000131509821000014.txt.gz,131509821000014,2021Q3,2021-08-16 16:15:37-04:00,2021-08-17,2021-08-17,2021-08-17,2021-08-16,79.56999969482422,110,1158,0.033618747183415953,164.95833148465957,0.007886435331230283,43.61281360542362,0.02537178909418657,23.378072492968307,0.5969621332471936,1.0305504311554288,55.0,60.0
492,RBLX,1315098,Roblox Corp,7372,Services-Prepackaged Software,10-Q,2021-11-09,2021-09-30,2021-11-09 21:07:27+00:00,0001315098-21-000033,https://www.sec.gov/Archives/edgar/data/1315098/000131509821000033/rblx-20210930.htm,46010,3546,data/interim/text/000131509821000033.txt.gz,131509821000033,2021Q4,2021-11-09 16:07:27-05:00,2021-11-10,2021-11-10,2021-11-10,2021-11-09,109.5199966430664,170,1098,0.0338839382742882,169.7183131983724,0.007780917191914801,42.24839144135937,0.02508150402086503,23.07760148831318,0.45278463562025084,0.8604404647598338,55.0,60.0
493,RBLX,1315098,Roblox Corp,7372,Services-Prepackaged Software,10-K,2022-02-25,2021-12-31,2022-02-25 21:13:28+00:00,0001315098-22-000058,https://www.sec.gov/Archives/edgar/data/1315098/000131509822000058/rblx-20211231.htm,60675,4418,data/interim/text/000131509822000058.txt.gz,131509822000058,2022Q1,2022-02-25 16:13:28-05:00,2022-02-26,2022-02-26,2022-02-28,2022-02-25,50.04999923706055,244,1024,0.028759785743716522,200.12343713224777,0.007878038730943551,65.5450223438269,0.021705809641532757,28.21092162888082,0.9762452518824147,1.0731818053953432,55.0,60.0
494,RBLX,1315098,Roblox Corp,7372,Services-Prepackaged Software,10-Q,2022-05-11,2022-03-31,2022-05-11 20:09:17+00:00,0001315098-22-000084,https://www.sec.gov/Archives/edgar/data/1315098/000131509822000084/rblx-20220331.htm,45296,3558,data/interim/text/000131509822000084.txt.gz,131509822000084,2022Q2,2022-05-11 16:09:17-04:00,2022-05-12,2022-05-12,2022-05-12,2022-05-11,23.96999931335449,296,972,0.03448428117273048,175.43503414392285,0.007550335570469799,41.046972660175285,0.025741787354291768,24.17171851155993,1.045826291143084,0.9627545783280719,55.0,60.0
495,RBLX,1315098,Roblox Corp,7372,Services-Prepackaged Software,10-Q,2022-08-10,2022-06-30,2022-08-10 20:06:42+00:00,0001315098-22-000125,https://www.sec.gov/Archives/edgar/data/1315098/000131509822000125/rblx-20220630.htm,46836,3593,data/interim/text/000131509822000125.txt.gz,131509822000125,2022Q3,2022-08-10 16:06:42-04:00,2022-08-11,2022-08-11,2022-08-11,2022-08-10,48.0099983215332,358,910,0.033734733965325815,178.50997418500717,0.007515586301135879,41.444816245722116,0.02519429498676232,22.85771363395504,1.0015911677616929,0.8683292709623275,55.0,60.0
496,RBLX,1315098,Roblox Corp,7372,Services-Prepackaged Software,10-Q,2022-11-09,2022-09-30,2022-11-09 21:10:30+00:00,0001315098-22-000158,https://www.sec.gov/Archives/edgar/data/1315098/000131509822000158/rblx-20220930.htm,47222,3560,data/interim/text/000131509822000158.txt.gz,131509822000158,2022Q4,2022-11-09 16:10:30-05:00,2022-11-10,2022-11-10,2022-11-10,2022-11-09,30.920000076293945,422,846,0.03345898098343992,175.53089991647397,0.007432976155181906,41.25331622491052,0.025348354580492144,23.300396619176485,0.7778858200886885,0.716730480843989,55.0,60.0
497,RBLX,1315098,Roblox Corp,7372,Services-Prepackaged Software,10-K,2023-02-28,2022-12-31,2023-02-28 21:36:51+00:00,0001315098-23-000035,https://www.sec.gov/Archives/edgar/data/1315098/000131509823000035/rblx-20221231.htm,60572,4348,data/interim/text/000131509823000035.txt.gz,131509823000035,2023Q1,2023-02-28 16:36:51-05:00,2023-03-01,2023-03-01,2023-03-01,2023-02-28,36.63999938964844,496,772,0.028808690484052036,201.65594737549824,0.007693323647890114,60.10319027131423,0.022403090536881727,26.03910180308855,0.9301196582354447,0.514801752034648,55.0,60.0
498,RBLX,1315098,Roblox Corp,7372,Services-Prepackaged Software,10-Q,2023-05-10,2023-03-31,2023-05-10 12:13:15+00:00,0001315098-23-000081,https://www.sec.gov/Archives/edgar/data/1315098/000131509823000081/rblx-20230331.htm,46976,3558,data/interim/text/000131509823000081.txt.gz,131509823000081,2023Q2,2023-05-10 08:13:15-04:00,2023-05-10,2023-05-10,2023-05-10,2023-05-09,36.18999862670898,545,723,0.03371934604904632,177.0581238971228,0.007557050408719346,41.72805103439575,0.025630108991825613,22.855002508062345,0.7821948614563086,0.6919507064493924,55.0,60.0
499,RBLX,1315098,Roblox Corp,7372,Services-Prepackaged Software,10-Q,2023-08-09,2023-06-30,2023-08-09 12:13:38+00:00,0001315098-23-000125,https://www.sec.gov/Archives/edgar/data/1315098/000131509823000125/rblx-20230630.htm,47448,3544,data/interim/text/000131509823000125.txt.gz,131509823000125,2023Q3,2023-08-09 08:13:38-04:00,2023-08-09,2023-08-09,2023-08-09,2023-08-08,37.7400016784668,607,661,0.03321530939133367,171.726163158459,0.007502950598549991,40.94308038647928,0.02520654189849941,22.61448750363922,0.5292603886700115,0.4165096839274442,55.0,60.0
500,RBLX,1315098,Roblox Corp,7372,Services-Prepackaged Software,10-Q,2023-11-08,2023-09-30,2023-11-08 13:08:06+00:00,0001315098-23-000174,https://www.sec.gov/Archives/edgar/data/1315098/000131509823000174/rblx-20230930.htm,47832,3555,data/interim/text/000131509823000174.txt.gz,131509823000174,2023Q4,2023-11-08 08:08:06-05:00,2023-11-08,2023-11-08,2023-11-08,2023-11-07,35.06999969482422,671,597,0.03328315771868205,173.31356864202505,0.007484529185482522,40.81748901361373,0.025255059374477338,23.14779202067896,0.39983733789383613,0.4142909663548201,55.0,60.0
501,RBLX,1315098,Roblox Corp,7372,Services-Prepackaged Software,10-K,2024-02-21,2023-12-31,2024-02-21 14:04:34+00:00,0001315098-24-000026,https://www.sec.gov/Archives/edgar/data/1315098/000131509824000026/rblx-20231231.htm,58203,4274,data/interim/text/000131509824000026.txt.gz,131509824000026,2024Q1,2024-02-21 09:04:34-05:00,2024-02-21,2024-02-21,2024-02-21,2024-02-20,41.40999984741211,741,527,0.02848650413208941,193.28800785780572,0.007628472759136127,57.599373433971095,0.02190608731508685,25.38727317110732,0.4183759780335436,0.6109161766658787,55.0,60.0
502,RBLX,1315098,Roblox Corp,7372,Services-Prepackaged Software,10-Q,2024-05-09,2024-03-31,2024-05-09 12:07:00+00:00,0001315098-24-000095,https://www.sec.gov/Archives/edgar/data/1315098/000131509824000095/rblx-20240331.htm,41653,3383,data/interim/text/000131509824000095.txt.gz,131509824000095,2024Q2,2024-05-09 08:07:00-04:00,2024-05-09,2024-05-09,2024-05-09,2024-05-08,39.02999877929688,796,472,0.03521955201306028,171.41376000701683,0.007490456869853312,35.01535541090065,0.026144575420738003,22.271138410169897,0.4124804612730569,0.36127402428767297,55.0,60.0
503,RBLX,1315098,Roblox Corp,7372,Services-Prepackaged Software,10-Q,2024-08-02,2024-06-30,2024-08-02 10:22:45+00:00,0001315098-24-000166,https://www.sec.gov/Archives/edgar/data/1315098/000131509824000166/rblx-20240630.htm,44262,3478,data/interim/text/000131509824000166.txt.gz,131509824000166,2024Q3,2024-08-02 06:22:45-04:00,2024-08-02,2024-08-02,2024-08-02,2024-08-01,38.84999847412109,854,414,0.03361800189779043,173.6240786528345,0.007297456057114455,36.76848875748129,0.02485201753196873,22.90364169454125,0.5764321223588348,0.5061185399207352,55.0,60.0
504,RBLX,1315098,Roblox Corp,7372,Services-Prepackaged Software,10-Q,2024-10-31,2024-09-30,2024-10-31 12:13:30+00:00,0001315098-24-000250,https://www.sec.gov/Archives/edgar/data/1315098/000131509824000250/rblx-20240930.htm,45139,3501,data/interim/text/000131509824000250.txt.gz,131509824000250,2024Q4,2024-10-31 08:13:30-04:00,2024-10-31,2024-10-31,2024-10-31,2024-10-30,43.13999938964844,917,351,0.03349653293161124,175.83657274317477,0.0073329050266953185,38.30759154846399,0.02441347836682248,23.463116819489194,0.33298302898008086,0.3655255108050552,55.0,60.0
505,RBLX,1315098,Roblox Corp,7372,Services-Prepackaged Software,10-K,2025-02-18,2024-12-31,2025-02-18 13:44:49+00:00,0001315098-25-000033,https://www.sec.gov/Archives/edgar/data/1315098/000131509825000033/rblx-20241231.htm,60660,4369,data/interim/text/000131509825000033.txt.gz,131509825000033,2025Q1,2025-02-18 08:44:49-05:00,2025-02-18,2025-02-18,2025-02-18,2025-02-14,66.75,989,279,0.02787668974612595,197.3978217044566,0.007896472139795581,62.935541507099764,0.02133201450708869,27.2314823115545,0.4324341095026273,0.538927400419552,55.0,60.0
506,RBLX,1315098,Roblox Corp,7372,Services-Prepackaged Software,10-Q,2025-05-01,2025-03-31,2025-05-01 12:15:52+00:00,0001315098-25-000118,https://www.sec.gov/Archives/edgar/data/1315098/000131509825000118/rblx-20250331.htm,44371,3520,data/interim/text/000131509825000118.txt.gz,131509825000118,2025Q2,2025-05-01 08:15:52-04:00,2025-05-01,2025-05-01,2025-05-01,2025-04-30,67.05000305175781,1040,228,0.03454959320276757,182.23277205350527,0.0075950508214825,41.05571199226889,0.02530932365734376,23.845999525154642,0.5886250327476508,0.44415151305545414,55.0,60.0
507,RBLX,1315098,Roblox Corp,7372,Services-Prepackaged Software,10-Q,2025-07-31,2025-06-30,2025-07-31 12:08:59+00:00,0001315098-25-000262,https://www.sec.gov/Archives/edgar/data/1315098/000131509825000262/rblx-20250630.htm,47093,3614,data/interim/text/000131509825000262.txt.gz,131509825000262,2025Q3,2025-07-31 08:08:59-04:00,2025-07-31,2025-07-31,2025-07-31,2025-07-30,124.94000244140624,1102,166,0.03312594228441594,187.2900495192649,0.007304694965281465,43.68117812711015,0.024844456713311956,23.419684176753204,0.3471496259009751,0.42728422779720415,55.0,60.0
508,RBLX,1315098,Roblox Corp,7372,Services-Prepackaged Software,10-Q,2025-10-30,2025-09-30,2025-10-30 11:58:02+00:00,0001315098-25-000327,https://www.sec.gov/Archives/edgar/data/1315098/000131509825000327/rblx-20250930.htm,48178,3637,data/interim/text/000131509825000327.txt.gz,131509825000327,2025Q4,2025-10-30 07:58:02-04:00,2025-10-30,2025-10-30,2025-10-30,2025-10-29,133.74000549316406,1166,102,0.03294034621611524,195.17008713930733,0.007264726638714766,45.67991719752695,0.02445099422973141,24.209607478059432,0.44102721726323024,0.5545724963704338,55.0,60.0
509,TSLA,1318605,"Tesla, Inc.",3711,Motor Vehicles & Passenger Car Bodies,10-K,2021-02-08,2020-12-31,2021-02-08 12:27:23+00:00,0001564590-21-004599,https://www.sec.gov/Archives/edgar/data/1318605/000156459021004599/tsla-10k_20201231.htm,40394,3464,data/interim/text/000156459021004599.txt.gz,156459021004599,2021Q1,2021-02-08 07:27:23-05:00,2021-02-08,2021-02-08,2021-02-08,2021-02-05,284.07666015625,108,1290,0.01767589245927613,114.11203683132993,0.005891964153092044,35.64498805324825,0.01725503787691241,23.196751172888092,0.6261789258243423,0.7186394220909859,55.0,60.0
510,TSLA,1318605,"Tesla, Inc.",3711,Motor Vehicles & Passenger Car Bodies,10-Q,2021-04-28,2021-03-31,2021-04-28 00:02:05+00:00,0000950170-21-000046,https://www.sec.gov/Archives/edgar/data/1318605/000095017021000046/tsla-20210331.htm,22454,2604,data/interim/text/000095017021000046.txt.gz,95017021000046,2021Q2,2021-04-27 20:02:05-04:00,2021-04-28,2021-04-28,2021-04-28,2021-04-27,234.913330078125,163,1235,0.024939877082034382,109.62070007102051,0.0072592856506635784,23.745495259429934,0.022891244321724416,17.191524857814393,0.7371530977986018,0.381803533264702,55.0,60.0
511,TSLA,1318605,"Tesla, Inc.",3711,Motor Vehicles & Passenger Car Bodies,10-Q,2021-07-27,2021-06-30,2021-07-27 10:47:13+00:00,0000950170-21-000524,https://www.sec.gov/Archives/edgar/data/1318605/000095017021000524/tsla-20210630.htm,24164,2629,data/interim/text/000095017021000524.txt.gz,95017021000524,2021Q3,2021-07-27 06:47:13-04:00,2021-07-27,2021-07-27,2021-07-27,2021-07-26,219.2066650390625,225,1173,0.023795729183909948,110.32476874668187,0.0069111074325442804,23.65687749274399,0.02197483860288032,16.788517046831988,0.4100710890189483,0.3717923067920706,55.0,60.0
512,TSLA,1318605,"Tesla, Inc.",3711,Motor Vehicles & Passenger Car Bodies,10-Q,2021-10-25,2021-09-30,2021-10-25 10:12:15+00:00,0000950170-21-002253,https://www.sec.gov/Archives/edgar/data/1318605/000095017021002253/tsla-20210930.htm,23620,2600,data/interim/text/000095017021002253.txt.gz,95017021002253,2021Q4,2021-10-25 06:12:15-04:00,2021-10-25,2021-10-25,2021-10-25,2021-10-22,303.2266540527344,288,1110,0.023751058425063507,105.31397462022792,0.0071972904318374255,24.980310982833164,0.022480948348856902,15.951169896147023,0.2736673787790367,0.6771494318725165,55.0,60.0
513,TSLA,1318605,"Tesla, Inc.",3711,Motor Vehicles & Passenger Car Bodies,10-K,2022-02-07,2021-12-31,2022-02-05 01:11:27+00:00,0000950170-22-000796,https://www.sec.gov/Archives/edgar/data/1318605/000095017022000796/tsla-20211231.htm,36600,3496,data/interim/text/000095017022000796.txt.gz,95017022000796,2022Q1,2022-02-04 20:11:27-05:00,2022-02-05,2022-02-07,2022-02-07,2022-02-04,307.7733459472656,360,1038,0.020601092896174865,125.83180950727868,0.00680327868852459,40.016098477698705,0.0176775956284153,20.632779767518237,0.6618477316807705,0.6753998548379083,55.0,60.0
514,TSLA,1318605,"Tesla, Inc.",3711,Motor Vehicles & Passenger Car Bodies,10-Q,2022-04-25,2022-03-31,2022-04-23 01:36:59+00:00,0000950170-22-006034,https://www.sec.gov/Archives/edgar/data/1318605/000095017022006034/tsla-20220331.htm,22065,2620,data/interim/text/000095017022006034.txt.gz,95017022006034,2022Q2,2022-04-22 21:36:59-04:00,2022-04-23,2022-04-25,2022-04-25,2022-04-22,335.01666259765625,413,985,0.028325402220711535,119.02474683358598,0.007160661681395876,23.827814653704408,0.02438250623158849,14.985345737040785,0.6742624449370508,0.7342073212692983,55.0,60.0
515,TSLA,1318605,"Tesla, Inc.",3711,Motor Vehicles & Passenger Car Bodies,10-Q,2022-07-25,2022-06-30,2022-07-25 10:07:25+00:00,0000950170-22-012936,https://www.sec.gov/Archives/edgar/data/1318605/000095017022012936/tsla-20220630.htm,23028,2606,data/interim/text/000095017022012936.txt.gz,95017022012936,2022Q3,2022-07-25 06:07:25-04:00,2022-07-25,2022-07-25,2022-07-25,2022-07-22,272.24334716796875,475,923,0.02709744658676394,116.0347741796201,0.006817787041862081,23.666360545053024,0.02301545944068091,14.87652828304888,0.7307851722721803,0.5275999420758563,55.0,60.0
516,TSLA,1318605,"Tesla, Inc.",3711,Motor Vehicles & Passenger Car Bodies,10-Q,2022-10-24,2022-09-30,2022-10-24 10:08:50+00:00,0000950170-22-019867,https://www.sec.gov/Archives/edgar/data/1318605/000095017022019867/tsla-20220930.htm,23485,2646,data/interim/text/000095017022019867.txt.gz,95017022019867,2022Q4,2022-10-24 06:08:50-04:00,2022-10-24,2022-10-24,2022-10-24,2022-10-21,214.44000244140625,539,859,0.026570151160315095,118.79150677650854,0.006599957419629551,23.345332952186304,0.022737917819885035,14.856152451294946,0.5020145325529528,0.7340819133644081,55.0,60.0
517,TSLA,1318605,"Tesla, Inc.",3711,Motor Vehicles & Passenger Car Bodies,10-K,2023-01-31,2022-12-31,2023-01-31 02:29:15+00:00,0000950170-23-001409,https://www.sec.gov/Archives/edgar/data/1318605/000095017023001409/tsla-20221231.htm,33223,3375,data/interim/text/000095017023001409.txt.gz,95017023001409,2023Q1,2023-01-30 21:29:15-05:00,2023-01-31,2023-01-31,2023-01-31,2023-01-30,166.66000366210938,606,792,0.021190139361285856,126.45626113039887,0.007645305962736658,43.317818478510716,0.018300574902928694,18.99363999405924,0.7651176627600952,0.54820903107833,55.0,60.0
518,TSLA,1318605,"Tesla, Inc.",3711,Motor Vehicles & Passenger Car Bodies,10-Q,2023-04-24,2023-03-31,2023-04-21 22:05:23+00:00,0000950170-23-013890,https://www.sec.gov/Archives/edgar/data/1318605/000095017023013890/tsla-20230331.htm,6409,1139,data/interim/text/000095017023013890.txt.gz,95017023013890,2023Q2,2023-04-21 18:05:23-04:00,2023-04-22,2023-04-24,2023-04-24,2023-04-21,165.0800018310547,663,735,0.007333437353721329,8.864097168599507,0.00904977375565611,11.10665593235564,0.010610079575596816,3.4625034046113163,0.6378429298328451,0.4623365039851396,55.0,60.0
519,TSLA,1318605,"Tesla, Inc.",3711,Motor Vehicles & Passenger Car Bodies,10-Q,2023-07-24,2023-06-30,2023-07-21 22:08:29+00:00,0000950170-23-033872,https://www.sec.gov/Archives/edgar/data/1318605/000095017023033872/tsla-20230630.htm,7025,1170,data/interim/text/000095017023033872.txt.gz,95017023033872,2023Q3,2023-07-21 18:08:29-04:00,2023-07-22,2023-07-24,2023-07-24,2023-07-21,260.0199890136719,725,673,0.008256227758007117,9.386485818037812,0.010249110320284697,12.492727351821674,0.009822064056939502,3.9298000879514254,0.4320590895579939,0.5105771938561983,55.0,60.0
520,TSLA,1318605,"Tesla, Inc.",3711,Motor Vehicles & Passenger Car Bodies,10-Q,2023-10-23,2023-09-30,2023-10-20 22:41:03+00:00,0001628280-23-034847,https://www.sec.gov/Archives/edgar/data/1318605/000162828023034847/tsla-20230930.htm,7199,1178,data/interim/text/000162828023034847.txt.gz,162828023034847,2023Q4,2023-10-20 18:41:03-04:00,2023-10-21,2023-10-23,2023-10-23,2023-10-20,211.9900054931641,789,609,0.008751215446589805,9.068050935692728,0.008195582719822198,10.250092942014199,0.01014029726350882,3.905113955568873,0.4782688431148708,0.393433962538722,55.0,60.0
521,TSLA,1318605,"Tesla, Inc.",3711,Motor Vehicles & Passenger Car Bodies,10-K,2024-01-29,2023-12-31,2024-01-27 02:00:20+00:00,0001628280-24-002390,https://www.sec.gov/Archives/edgar/data/1318605/000162828024002390/tsla-20231231.htm,33062,3371,data/interim/text/000162828024002390.txt.gz,162828024002390,2024Q1,2024-01-26 21:00:20-05:00,2024-01-27,2024-01-29,2024-01-29,2024-01-26,183.25,855,543,0.021807513157098782,118.60601673512264,0.008015244086867098,43.607990296051064,0.019266832012582422,20.239261804240034,0.3951355447316784,0.6079840593673365,55.0,60.0
522,TSLA,1318605,"Tesla, Inc.",3711,Motor Vehicles & Passenger Car Bodies,10-Q,2024-04-24,2024-03-31,2024-04-24 00:27:48+00:00,0001628280-24-017503,https://www.sec.gov/Archives/edgar/data/1318605/000162828024017503/tsla-20240331.htm,6383,1145,data/interim/text/000162828024017503.txt.gz,162828024017503,2024Q2,2024-04-23 20:27:48-04:00,2024-04-24,2024-04-24,2024-04-24,2024-04-23,144.67999267578125,915,483,0.0075199749334168885,10.4419115743932,0.007833307222309259,9.583927410124609,0.012689957700140999,4.078621507872831,0.4574735610120016,0.5738394834078553,55.0,60.0
523,TSLA,1318605,"Tesla, Inc.",3711,Motor Vehicles & Passenger Car Bodies,10-Q,2024-07-24,2024-06-30,2024-07-23 23:41:09+00:00,0001628280-24-032662,https://www.sec.gov/Archives/edgar/data/1318605/000162828024032662/tsla-20240630.htm,7044,1136,data/interim/text/000162828024032662.txt.gz,162828024032662,2024Q3,2024-07-23 19:41:09-04:00,2024-07-24,2024-07-24,2024-07-24,2024-07-23,246.3800048828125,977,421,0.008091993185689948,11.571041463796892,0.006956274843838728,7.3083732169249505,0.011357183418512209,3.9265384859853114,0.5961651655828198,0.5482452679826124,55.0,60.0
524,TSLA,1318605,"Tesla, Inc.",3711,Motor Vehicles & Passenger Car Bodies,10-Q,2024-10-24,2024-09-30,2024-10-24 00:42:47+00:00,0001628280-24-043486,https://www.sec.gov/Archives/edgar/data/1318605/000162828024043486/tsla-20240930.htm,7305,1168,data/interim/text/000162828024043486.txt.gz,162828024043486,2024Q4,2024-10-23 20:42:47-04:00,2024-10-24,2024-10-24,2024-10-24,2024-10-23,213.6499938964844,1042,356,0.0076659822039698835,11.63621116717698,0.006981519507186858,7.447801051813553,0.011225188227241615,4.643413290975397,0.5658454498291533,0.6905243835991546,55.0,60.0
525,TSLA,1318605,"Tesla, Inc.",3711,Motor Vehicles & Passenger Car Bodies,10-K,2025-01-30,2024-12-31,2025-01-30 01:42:33+00:00,0001628280-25-003063,https://www.sec.gov/Archives/edgar/data/1318605/000162828025003063/tsla-20241231.htm,32397,3393,data/interim/text/000162828025003063.txt.gz,162828025003063,2025Q1,2025-01-29 20:42:33-05:00,2025-01-30,2025-01-30,2025-01-30,2025-01-29,389.1000061035156,1107,291,0.02111306602463191,121.8940505772778,0.00845757323208939,45.79876993521846,0.019044973299996912,20.443457022505278,0.7149505310267751,0.9151988517733926,55.0,60.0
526,TSLA,1318605,"Tesla, Inc.",3711,Motor Vehicles & Passenger Car Bodies,10-Q,2025-04-23,2025-03-31,2025-04-23 01:02:10+00:00,0001628280-25-018911,https://www.sec.gov/Archives/edgar/data/1318605/000162828025018911/tsla-20250331.htm,7267,1290,data/interim/text/000162828025018911.txt.gz,162828025018911,2025Q2,2025-04-22 21:02:10-04:00,2025-04-23,2025-04-23,2025-04-23,2025-04-22,237.97000122070312,1164,234,0.01073345259391771,22.99866744138588,0.00880693546167607,11.783870298103718,0.014861703591578368,7.109799132847807,0.906755265952143,0.6054160630676585,55.0,60.0
527,TSLA,1318605,"Tesla, Inc.",3711,Motor Vehicles & Passenger Car Bodies,10-Q,2025-07-24,2025-06-30,2025-07-24 00:23:31+00:00,0001628280-25-035806,https://www.sec.gov/Archives/edgar/data/1318605/000162828025035806/tsla-20250630.htm,7689,1237,data/interim/text/000162828025035806.txt.gz,162828025035806,2025Q3,2025-07-23 20:23:31-04:00,2025-07-24,2025-07-24,2025-07-24,2025-07-23,332.5599975585937,1227,171,0.009103914683313825,14.442117922604055,0.007933411366887761,9.888668908863064,0.01443620756925478,5.09206751517935,0.601861417193151,0.4452492630586133,55.0,60.0
528,TSLA,1318605,"Tesla, Inc.",3711,Motor Vehicles & Passenger Car Bodies,10-Q,2025-10-23,2025-09-30,2025-10-23 01:08:43+00:00,0001628280-25-045968,https://www.sec.gov/Archives/edgar/data/1318605/000162828025045968/tsla-20250930.htm,7617,1221,data/interim/text/000162828025045968.txt.gz,162828025045968,2025Q4,2025-10-22 21:08:43-04:00,2025-10-23,2025-10-23,2025-10-23,2025-10-22,438.9700012207031,1291,107,0.006958119994748589,12.239215881917541,0.008796113955625575,11.11591966300401,0.012997243009058685,4.70479895279856,0.4583020881053561,0.43862107622067464,55.0,60.0
529,PLTR,1321655,Palantir Technologies Inc.,7372,Services-Prepackaged Software,10-K,2021-02-26,2020-12-31,2021-02-26 21:39:45+00:00,0001193125-21-060650,https://www.sec.gov/Archives/edgar/data/1321655/000119312521060650/d65934d10k.htm,77519,4473,data/interim/text/000119312521060650.txt.gz,119312521060650,2021Q1,2021-02-26 16:39:45-05:00,2021-02-27,2021-02-27,2021-03-01,2021-02-26,23.89999961853028,102,1276,0.026135528064087515,204.11462736040053,0.006953134070356945,48.6748979124389,0.02056270075723371,41.696184016032674,1.1560380617488497,0.6238068906531158,55.0,60.0
530,PLTR,1321655,Palantir Technologies Inc.,7372,Services-Prepackaged Software,10-Q,2021-05-12,2021-03-31,2021-05-12 20:57:06+00:00,0001193125-21-159222,https://www.sec.gov/Archives/edgar/data/1321655/000119312521159222/d158374d10q.htm,55270,3642,data/interim/text/000119312521159222.txt.gz,119312521159222,2021Q2,2021-05-12 16:57:06-04:00,2021-05-13,2021-05-13,2021-05-13,2021-05-12,18.88999938964844,154,1224,0.032784512393703634,178.94640768778035,0.007237199203908087,35.06672038979541,0.025854894155961643,32.09369446322069,0.6889264912384874,0.44821882073161395,55.0,60.0
531,PLTR,1321655,Palantir Technologies Inc.,7372,Services-Prepackaged Software,10-Q,2021-08-12,2021-06-30,2021-08-12 12:09:48+00:00,0000950123-21-010430,https://www.sec.gov/Archives/edgar/data/1321655/000095012321010430/d175251d10q.htm,52597,3488,data/interim/text/000095012321010430.txt.gz,95012321010430,2021Q3,2021-08-12 08:09:48-04:00,2021-08-12,2021-08-12,2021-08-12,2021-08-11,22.350000381469727,217,1161,0.03319580964693804,172.5551207551213,0.007319809114588284,34.3552219362661,0.026085137935623705,29.967749204090254,0.38441753181016763,0.4999854043395583,55.0,60.0
532,PLTR,1321655,Palantir Technologies Inc.,7372,Services-Prepackaged Software,10-Q,2021-11-09,2021-09-30,2021-11-09 14:01:07+00:00,0001193125-21-323920,https://www.sec.gov/Archives/edgar/data/1321655/000119312521323920/d178745d10q.htm,52544,3475,data/interim/text/000119312521323920.txt.gz,119312521323920,2021Q4,2021-11-09 09:01:07-05:00,2021-11-09,2021-11-09,2021-11-09,2021-11-08,26.75,279,1099,0.03341961023142509,172.49536431609675,0.007384287454323995,34.56457584237522,0.02622563946406821,30.08389114206977,0.4497519570529088,0.5262366547911012,55.0,60.0
533,PLTR,1321655,Palantir Technologies Inc.,7372,Services-Prepackaged Software,10-K,2022-02-24,2021-12-31,2022-02-24 11:20:34+00:00,0001193125-22-050913,https://www.sec.gov/Archives/edgar/data/1321655/000119312522050913/d273589d10k.htm,61073,3945,data/interim/text/000119312522050913.txt.gz,119312522050913,2022Q1,2022-02-24 06:20:34-05:00,2022-02-24,2022-02-24,2022-02-24,2022-02-23,10.43000030517578,352,1026,0.03043898285658147,186.8393704117069,0.007335483765330015,43.39748774959283,0.02421692073420333,37.179808164051416,0.5589465091580136,0.8680672038038485,55.0,60.0
534,PLTR,1321655,Palantir Technologies Inc.,7372,Services-Prepackaged Software,10-Q,2022-05-09,2022-03-31,2022-05-09 21:24:26+00:00,0001321655-22-000006,https://www.sec.gov/Archives/edgar/data/1321655/000132165522000006/pltr-20220331.htm,49609,3441,data/interim/text/000132165522000006.txt.gz,132165522000006,2022Q2,2022-05-09 17:24:26-04:00,2022-05-10,2022-05-10,2022-05-10,2022-05-09,7.460000038146973,404,974,0.03515491140720434,175.45293911284892,0.007599427523231671,34.8415017228601,0.02801910943578786,29.362607974755118,0.7819413389625863,0.7549057283626995,55.0,60.0
535,PLTR,1321655,Palantir Technologies Inc.,7372,Services-Prepackaged Software,10-Q,2022-08-08,2022-06-30,2022-08-08 20:58:57+00:00,0001321655-22-000016,https://www.sec.gov/Archives/edgar/data/1321655/000132165522000016/pltr-20220630.htm,51401,3454,data/interim/text/000132165522000016.txt.gz,132165522000016,2022Q3,2022-08-08 16:58:57-04:00,2022-08-09,2022-08-09,2022-08-09,2022-08-08,9.81999969482422,466,912,0.03459076671660084,178.32121356136736,0.007334487655882182,35.07706412920726,0.027373008307231377,29.095461798139755,0.7760325173023632,0.5189981816562647,55.0,60.0
536,PLTR,1321655,Palantir Technologies Inc.,7372,Services-Prepackaged Software,10-Q,2022-11-07,2022-09-30,2022-11-07 21:33:42+00:00,0001321655-22-000032,https://www.sec.gov/Archives/edgar/data/1321655/000132165522000032/pltr-20220930.htm,51959,3476,data/interim/text/000132165522000032.txt.gz,132165522000032,2022Q4,2022-11-07 16:33:42-05:00,2022-11-08,2022-11-08,2022-11-08,2022-11-07,7.019999980926514,530,848,0.03452722338767105,180.34081047909987,0.007294212744664062,35.334536468354415,0.02711753497950307,28.80167825236669,0.4732253543856459,0.568815683779236,55.0,60.0
537,PLTR,1321655,Palantir Technologies Inc.,7372,Services-Prepackaged Software,10-K,2023-02-21,2022-12-31,2023-02-21 21:35:44+00:00,0001321655-23-000011,https://www.sec.gov/Archives/edgar/data/1321655/000132165523000011/pltr-20221231.htm,61729,4023,data/interim/text/000132165523000011.txt.gz,132165523000011,2023Q1,2023-02-21 16:35:44-05:00,2023-02-22,2023-02-22,2023-02-22,2023-02-21,8.470000267028809,601,777,0.03146009169110143,197.25759943079558,0.007322328241183236,45.145784959404445,0.024542759480957087,35.74353222391475,0.5750179024864441,0.723076343154678,55.0,60.0
538,PLTR,1321655,Palantir Technologies Inc.,7372,Services-Prepackaged Software,10-Q,2023-05-09,2023-03-31,2023-05-09 01:13:32+00:00,0001321655-23-000044,https://www.sec.gov/Archives/edgar/data/1321655/000132165523000044/pltr-20230331.htm,52619,3545,data/interim/text/000132165523000044.txt.gz,132165523000044,2023Q2,2023-05-08 21:13:32-04:00,2023-05-09,2023-05-09,2023-05-09,2023-05-08,7.739999771118164,654,724,0.03548148007373762,183.595282578271,0.007430775955453353,35.95252333359468,0.027974685949942037,28.5211581246312,0.6894309459112961,0.7234519220074398,55.0,60.0
539,PLTR,1321655,Palantir Technologies Inc.,7372,Services-Prepackaged Software,10-Q,2023-08-08,2023-06-30,2023-08-08 00:09:43+00:00,0001321655-23-000090,https://www.sec.gov/Archives/edgar/data/1321655/000132165523000090/pltr-20230630.htm,54061,3566,data/interim/text/000132165523000090.txt.gz,132165523000090,2023Q3,2023-08-07 20:09:43-04:00,2023-08-08,2023-08-08,2023-08-08,2023-08-07,17.989999771118164,716,662,0.035145483805331015,183.94291323923392,0.0072880634838423265,35.798652383811415,0.027487467860379942,28.71298580616409,0.6872206849399178,0.7021562256525947,55.0,60.0
540,PLTR,1321655,Palantir Technologies Inc.,7372,Services-Prepackaged Software,10-Q,2023-11-03,2023-09-30,2023-11-03 20:21:11+00:00,0001321655-23-000118,https://www.sec.gov/Archives/edgar/data/1321655/000132165523000118/pltr-20230930.htm,54096,3568,data/interim/text/000132165523000118.txt.gz,132165523000118,2023Q4,2023-11-03 16:21:11-04:00,2023-11-04,2023-11-04,2023-11-06,2023-11-03,18.88999938964844,779,599,0.03530760130139012,184.2764177705755,0.0072833481218574385,35.87476373251293,0.027488169180715765,28.71231783552984,0.5751436921324954,0.8011181062587566,55.0,60.0
541,PLTR,1321655,Palantir Technologies Inc.,7372,Services-Prepackaged Software,10-K,2024-02-20,2023-12-31,2024-02-20 11:15:02+00:00,0001321655-24-000022,https://www.sec.gov/Archives/edgar/data/1321655/000132165524000022/pltr-20231231.htm,63772,4096,data/interim/text/000132165524000022.txt.gz,132165524000022,2024Q1,2024-02-20 06:15:02-05:00,2024-02-20,2024-02-20,2024-02-20,2024-02-16,24.440000534057617,850,528,0.03142444960170608,200.37126015451068,0.0073386439189613,46.8992367580143,0.02507370005645111,37.35591577484042,0.8188303969599807,0.5321250528267336,55.0,60.0
542,PLTR,1321655,Palantir Technologies Inc.,7372,Services-Prepackaged Software,10-Q,2024-05-07,2024-03-31,2024-05-06 22:14:16+00:00,0001321655-24-000071,https://www.sec.gov/Archives/edgar/data/1321655/000132165524000071/pltr-20240331.htm,54201,3623,data/interim/text/000132165524000071.txt.gz,132165524000071,2024Q2,2024-05-06 18:14:16-04:00,2024-05-07,2024-05-07,2024-05-07,2024-05-06,25.209999084472656,904,474,0.03479640597036955,191.91491818703702,0.007453737015922215,37.15126254251114,0.027840814745115405,29.32840892392052,0.4475625183668604,0.46631355957190546,55.0,60.0
543,PLTR,1321655,Palantir Technologies Inc.,7372,Services-Prepackaged Software,10-Q,2024-08-06,2024-06-30,2024-08-05 22:19:46+00:00,0001321655-24-000135,https://www.sec.gov/Archives/edgar/data/1321655/000132165524000135/pltr-20240630.htm,54688,3628,data/interim/text/000132165524000135.txt.gz,132165524000135,2024Q3,2024-08-05 18:19:46-04:00,2024-08-06,2024-08-06,2024-08-06,2024-08-05,24.09000015258789,966,412,0.03472425394967817,190.77223439362103,0.007369075482738444,37.06884586948798,0.027611176126389702,29.85863374780657,0.40915927751690984,0.43066879684653525,55.0,60.0
544,PLTR,1321655,Palantir Technologies Inc.,7372,Services-Prepackaged Software,10-Q,2024-11-05,2024-09-30,2024-11-04 23:08:49+00:00,0001321655-24-000209,https://www.sec.gov/Archives/edgar/data/1321655/000132165524000209/pltr-20240930.htm,54462,3633,data/interim/text/000132165524000209.txt.gz,132165524000209,2024Q4,2024-11-04 18:08:49-05:00,2024-11-05,2024-11-05,2024-11-05,2024-11-04,41.40999984741211,1030,348,0.0347581800154236,192.15386075704313,0.007418016231500863,37.130745008374,0.027652308031287872,28.99781500568387,0.4252763435642071,0.7701126335520788,55.0,60.0
545,PLTR,1321655,Palantir Technologies Inc.,7372,Services-Prepackaged Software,10-K,2025-02-18,2024-12-31,2025-02-18 11:06:00+00:00,0001321655-25-000022,https://www.sec.gov/Archives/edgar/data/1321655/000132165525000022/pltr-20241231.htm,63257,4104,data/interim/text/000132165525000022.txt.gz,132165525000022,2025Q1,2025-02-18 06:06:00-05:00,2025-02-18,2025-02-18,2025-02-18,2025-02-14,119.16000366210938,1099,279,0.03149058602210032,208.03346097406862,0.007445816273297817,48.4136539730101,0.025056515484452313,37.91070506515823,0.7691641296700579,0.8929421756166773,55.0,60.0
546,PLTR,1321655,Palantir Technologies Inc.,7372,Services-Prepackaged Software,10-Q,2025-05-06,2025-03-31,2025-05-05 22:15:17+00:00,0001321655-25-000066,https://www.sec.gov/Archives/edgar/data/1321655/000132165525000066/pltr-20250331.htm,53588,3622,data/interim/text/000132165525000066.txt.gz,132165525000066,2025Q2,2025-05-05 18:15:17-04:00,2025-05-06,2025-05-06,2025-05-06,2025-05-05,123.7699966430664,1153,225,0.03511980294095693,192.5771170081583,0.007464357692020602,37.846483308717424,0.028084645816227514,29.230682234437747,0.906637877322456,0.5022688805946602,55.0,60.0
547,PLTR,1321655,Palantir Technologies Inc.,7372,Services-Prepackaged Software,10-Q,2025-08-05,2025-06-30,2025-08-04 22:01:31+00:00,0001321655-25-000106,https://www.sec.gov/Archives/edgar/data/1321655/000132165525000106/pltr-20250630.htm,54338,3628,data/interim/text/000132165525000106.txt.gz,132165525000106,2025Q3,2025-08-04 18:01:31-04:00,2025-08-05,2025-08-05,2025-08-05,2025-08-04,160.66000366210938,1215,163,0.034745481983142555,191.99679941213668,0.007453347565239795,39.01341236616782,0.02766020096433435,29.135698444287286,0.5113823724168632,0.42628762674150567,55.0,60.0
548,PLTR,1321655,Palantir Technologies Inc.,7372,Services-Prepackaged Software,10-Q,2025-11-04,2025-09-30,2025-11-03 22:58:45+00:00,0001321655-25-000131,https://www.sec.gov/Archives/edgar/data/1321655/000132165525000131/pltr-20250930.htm,54530,3637,data/interim/text/000132165525000131.txt.gz,132165525000131,2025Q4,2025-11-03 17:58:45-05:00,2025-11-04,2025-11-04,2025-11-04,2025-11-03,207.17999267578125,1279,99,0.03458646616541353,191.96275776658442,0.007445442875481386,39.00909214543811,0.02772785622593068,29.48476480790516,0.4206451538227423,0.5453231518195295,55.0,60.0
549,META,1326801,"Meta Platforms, Inc.",7370,"Services-Computer Programming, Data Processing, Etc.",10-K,2021-01-28,2020-12-31,2021-01-28 02:13:48+00:00,0001326801-21-000014,https://www.sec.gov/Archives/edgar/data/1326801/000132680121000014/fb-20201231.htm,47750,3281,data/interim/text/000132680121000014.txt.gz,132680121000014,2021Q1,2021-01-27 21:13:48-05:00,2021-01-28,2021-01-28,2021-01-28,2021-01-27,269.77105712890625,101,1297,0.02843979057591623,138.6861712173573,0.004879581151832461,23.643142921940385,0.021821989528795813,28.766827233681337,0.36590238061590963,0.32201716426216104,55.0,60.0
550,META,1326801,"Meta Platforms, Inc.",7370,"Services-Computer Programming, Data Processing, Etc.",10-Q,2021-04-29,2021-03-31,2021-04-29 00:12:05+00:00,0001326801-21-000033,https://www.sec.gov/Archives/edgar/data/1326801/000132680121000033/fb-20210331.htm,38030,2802,data/interim/text/000132680121000033.txt.gz,132680121000033,2021Q2,2021-04-28 20:12:05-04:00,2021-04-29,2021-04-29,2021-04-29,2021-04-28,304.4266662597656,164,1234,0.032079936891927424,127.98725299066018,0.0052064159873783855,18.564115216383875,0.023034446489613464,21.766327113542136,0.2981852405179075,0.2670356696623745,55.0,60.0
551,META,1326801,"Meta Platforms, Inc.",7370,"Services-Computer Programming, Data Processing, Etc.",10-Q,2021-07-29,2021-06-30,2021-07-29 00:13:08+00:00,0001326801-21-000049,https://www.sec.gov/Archives/edgar/data/1326801/000132680121000049/fb-20210630.htm,38387,2802,data/interim/text/000132680121000049.txt.gz,132680121000049,2021Q3,2021-07-28 20:13:08-04:00,2021-07-29,2021-07-29,2021-07-29,2021-07-28,370.0305480957031,227,1171,0.03235470341521869,132.1182437972259,0.005157996196629067,17.82948095612425,0.023054679969781437,21.74408426174456,0.23645507170230903,0.27186714944162454,55.0,60.0
552,META,1326801,"Meta Platforms, Inc.",7370,"Services-Computer Programming, Data Processing, Etc.",10-Q,2021-10-26,2021-09-30,2021-10-26 00:44:20+00:00,0001326801-21-000065,https://www.sec.gov/Archives/edgar/data/1326801/000132680121000065/fb-20210930.htm,39449,2840,data/interim/text/000132680121000065.txt.gz,132680121000065,2021Q4,2021-10-25 20:44:20-04:00,2021-10-26,2021-10-26,2021-10-26,2021-10-25,325.82867431640625,289,1109,0.032294861720195696,133.00813192907955,0.004993789449669193,17.731483370662897,0.022687520596212832,23.904602516841507,0.24649347037872024,0.31950504993867296,55.0,60.0
553,META,1326801,"Meta Platforms, Inc.",7370,"Services-Computer Programming, Data Processing, Etc.",10-K,2022-02-03,2021-12-31,2022-02-03 02:11:04+00:00,0001326801-22-000018,https://www.sec.gov/Archives/edgar/data/1326801/000132680122000018/fb-20211231.htm,48662,3270,data/interim/text/000132680122000018.txt.gz,132680122000018,2022Q1,2022-02-02 21:11:04-05:00,2022-02-03,2022-02-03,2022-02-03,2022-02-02,320.18829345703125,358,1040,0.02895483128519173,136.04072448044093,0.0049114298631375616,23.643144171566906,0.021536311701122024,28.86567523177877,0.3256786804740905,0.6234327941528313,55.0,60.0
554,META,1326801,"Meta Platforms, Inc.",7370,"Services-Computer Programming, Data Processing, Etc.",10-Q,2022-04-28,2022-03-31,2022-04-28 00:42:59+00:00,0001326801-22-000057,https://www.sec.gov/Archives/edgar/data/1326801/000132680122000057/meta-20220331.htm,39251,2806,data/interim/text/000132680122000057.txt.gz,132680122000057,2022Q2,2022-04-27 20:42:59-04:00,2022-04-28,2022-04-28,2022-04-28,2022-04-27,173.4270477294922,416,982,0.032636111181880714,130.19989731160692,0.005120888639779878,17.7817771563238,0.022649104481414488,22.8133292701168,0.7263042045593535,0.5916654322885374,55.0,60.0
555,META,1326801,"Meta Platforms, Inc.",7370,"Services-Computer Programming, Data Processing, Etc.",10-Q,2022-07-28,2022-06-30,2022-07-28 00:44:34+00:00,0001326801-22-000082,https://www.sec.gov/Archives/edgar/data/1326801/000132680122000082/meta-20220630.htm,39392,2791,data/interim/text/000132680122000082.txt.gz,132680122000082,2022Q3,2022-07-27 20:44:34-04:00,2022-07-28,2022-07-28,2022-07-28,2022-07-27,168.10379028320312,478,920,0.032265434606011376,130.47264684186237,0.004975629569455727,17.7244779343929,0.022009545085296508,24.805294772444288,0.5740045106403391,0.4630589101876858,55.0,60.0
556,META,1326801,"Meta Platforms, Inc.",7370,"Services-Computer Programming, Data Processing, Etc.",10-Q,2022-10-27,2022-09-30,2022-10-27 00:26:36+00:00,0001326801-22-000108,https://www.sec.gov/Archives/edgar/data/1326801/000132680122000108/meta-20220930.htm,40943,2837,data/interim/text/000132680122000108.txt.gz,132680122000108,2022Q4,2022-10-26 20:26:36-04:00,2022-10-27,2022-10-27,2022-10-27,2022-10-26,128.68988037109375,542,856,0.031727035146423076,129.85509161256235,0.005006960896856606,18.171719165820992,0.021371174559753806,23.55555755067756,0.4492950404588688,0.4761629702934644,55.0,60.0
557,META,1326801,"Meta Platforms, Inc.",7370,"Services-Computer Programming, Data Processing, Etc.",10-K,2023-02-02,2022-12-31,2023-02-02 01:26:31+00:00,0001326801-23-000013,https://www.sec.gov/Archives/edgar/data/1326801/000132680123000013/meta-20221231.htm,52082,3470,data/interim/text/000132680123000013.txt.gz,132680123000013,2023Q1,2023-02-01 20:26:31-05:00,2023-02-02,2023-02-02,2023-02-02,2023-02-01,151.7870635986328,608,790,0.02933835106178718,157.43280550754395,0.0075649936638377945,27.266544155538554,0.020333320533005645,30.971014831119103,0.4635127928457315,0.4363788437425728,55.0,60.0
558,META,1326801,"Meta Platforms, Inc.",7370,"Services-Computer Programming, Data Processing, Etc.",10-Q,2023-04-27,2023-03-31,2023-04-27 00:56:18+00:00,0001326801-23-000067,https://www.sec.gov/Archives/edgar/data/1326801/000132680123000067/meta-20230331.htm,40735,2884,data/interim/text/000132680123000067.txt.gz,132680123000067,2023Q2,2023-04-26 20:56:18-04:00,2023-04-27,2023-04-27,2023-04-27,2023-04-26,207.57716369628903,666,732,0.03326377807782006,147.2691266868937,0.005228918620351049,20.446200354153017,0.021283908187062724,23.094742429520224,0.6009504058983489,0.281028137988933,55.0,60.0
559,META,1326801,"Meta Platforms, Inc.",7370,"Services-Computer Programming, Data Processing, Etc.",10-Q,2023-07-27,2023-06-30,2023-07-27 00:11:08+00:00,0001326801-23-000093,https://www.sec.gov/Archives/edgar/data/1326801/000132680123000093/meta-20230630.htm,41797,2925,data/interim/text/000132680123000093.txt.gz,132680123000093,2023Q3,2023-07-26 20:11:08-04:00,2023-07-27,2023-07-27,2023-07-27,2023-07-26,295.9709167480469,728,670,0.03339952628179056,157.09179299591804,0.0052635356604541,20.123775081549564,0.021245543938560183,20.292829987579648,0.23977128132738473,0.2856931690854992,55.0,60.0
560,META,1326801,"Meta Platforms, Inc.",7370,"Services-Computer Programming, Data Processing, Etc.",10-Q,2023-10-26,2023-09-30,2023-10-26 00:07:27+00:00,0001326801-23-000103,https://www.sec.gov/Archives/edgar/data/1326801/000132680123000103/meta-20230930.htm,42504,2936,data/interim/text/000132680123000103.txt.gz,132680123000103,2023Q4,2023-10-25 20:07:27-04:00,2023-10-26,2023-10-26,2023-10-26,2023-10-25,296.9225769042969,792,606,0.03406738189346885,158.50259205164522,0.005293619424054207,20.704243639416667,0.020656879352531528,21.209431724574618,0.2797540440188216,0.22301404537201472,55.0,60.0
561,META,1326801,"Meta Platforms, Inc.",7370,"Services-Computer Programming, Data Processing, Etc.",10-K,2024-02-02,2023-12-31,2024-02-02 00:39:02+00:00,0001326801-24-000012,https://www.sec.gov/Archives/edgar/data/1326801/000132680124000012/meta-20231231.htm,55633,3608,data/interim/text/000132680124000012.txt.gz,132680124000012,2024Q1,2024-02-01 19:39:02-05:00,2024-02-02,2024-02-02,2024-02-02,2024-02-01,391.3433837890625,859,539,0.03053942803731598,175.69226062299285,0.005338558050078191,31.098531547997435,0.019682562507864036,27.64314969044954,0.22053698885919684,0.360528731880372,55.0,60.0
562,META,1326801,"Meta Platforms, Inc.",7370,"Services-Computer Programming, Data Processing, Etc.",10-Q,2024-04-25,2024-03-31,2024-04-25 00:14:19+00:00,0001326801-24-000049,https://www.sec.gov/Archives/edgar/data/1326801/000132680124000049/meta-20240331.htm,41805,3040,data/interim/text/000132680124000049.txt.gz,132680124000049,2024Q2,2024-04-24 20:14:19-04:00,2024-04-25,2024-04-25,2024-04-25,2024-04-24,489.7230529785156,916,482,0.03592871666068652,164.6250915481191,0.005406051907666547,20.609833774578256,0.02054778136586533,22.176957001243093,0.5204747130783237,0.3227430245312357,55.0,60.0
563,META,1326801,"Meta Platforms, Inc.",7370,"Services-Computer Programming, Data Processing, Etc.",10-Q,2024-08-01,2024-06-30,2024-08-01 00:14:40+00:00,0001326801-24-000069,https://www.sec.gov/Archives/edgar/data/1326801/000132680124000069/meta-20240630.htm,42801,3064,data/interim/text/000132680124000069.txt.gz,132680124000069,2024Q3,2024-07-31 20:14:40-04:00,2024-08-01,2024-08-01,2024-08-01,2024-07-31,471.6637878417969,983,415,0.03539636924370926,167.09124068141622,0.005303614401532674,20.359744468573417,0.020466811523095256,22.36608123061718,0.3238386221064821,0.22792555481084578,55.0,60.0
564,META,1326801,"Meta Platforms, Inc.",7370,"Services-Computer Programming, Data Processing, Etc.",10-Q,2024-10-31,2024-09-30,2024-10-30 23:54:51+00:00,0001326801-24-000081,https://www.sec.gov/Archives/edgar/data/1326801/000132680124000081/meta-20240930.htm,43511,3109,data/interim/text/000132680124000081.txt.gz,132680124000081,2024Q4,2024-10-30 19:54:51-04:00,2024-10-31,2024-10-31,2024-10-31,2024-10-30,588.4146728515625,1047,351,0.03553124497253568,173.09369021816096,0.005354967709314886,21.02384384486374,0.02040863229987819,22.308798006942723,0.2315796791784549,0.2726278267197273,55.0,60.0
565,META,1326801,"Meta Platforms, Inc.",7370,"Services-Computer Programming, Data Processing, Etc.",10-K,2025-01-30,2024-12-31,2025-01-30 01:00:50+00:00,0001326801-25-000017,https://www.sec.gov/Archives/edgar/data/1326801/000132680125000017/meta-20241231.htm,55871,3645,data/interim/text/000132680125000017.txt.gz,132680125000017,2025Q1,2025-01-29 20:00:50-05:00,2025-01-30,2025-01-30,2025-01-30,2025-01-29,673.1627197265625,1107,291,0.03135794956238478,185.7361425763762,0.005262121673139912,30.5140768953344,0.019097564031429544,26.200082363249145,0.29210814965687554,0.5297567422636565,55.0,60.0
566,META,1326801,"Meta Platforms, Inc.",7370,"Services-Computer Programming, Data Processing, Etc.",10-Q,2025-05-01,2025-03-31,2025-05-01 00:03:18+00:00,0001326801-25-000054,https://www.sec.gov/Archives/edgar/data/1326801/000132680125000054/meta-20250331.htm,44077,3118,data/interim/text/000132680125000054.txt.gz,132680125000054,2025Q2,2025-04-30 20:03:18-04:00,2025-05-01,2025-05-01,2025-05-01,2025-04-30,546.7858276367188,1170,228,0.03473466887492343,172.29948363610444,0.005354266397440842,20.949091659184887,0.020418812532613382,22.20494540503211,0.5369094569238853,0.35980576555931887,55.0,60.0
567,META,1326801,"Meta Platforms, Inc.",7370,"Services-Computer Programming, Data Processing, Etc.",10-Q,2025-07-31,2025-06-30,2025-07-31 00:02:12+00:00,0001628280-25-036791,https://www.sec.gov/Archives/edgar/data/1326801/000162828025036791/meta-20250630.htm,45067,3147,data/interim/text/000162828025036791.txt.gz,162828025036791,2025Q3,2025-07-30 20:02:12-04:00,2025-07-31,2025-07-31,2025-07-31,2025-07-30,692.9388427734375,1232,166,0.03479264206625691,175.53025147979812,0.005236647657931524,22.129568856541187,0.020059023232076686,22.12516495052178,0.28101344712993837,0.21301503069045644,55.0,60.0
568,META,1326801,"Meta Platforms, Inc.",7370,"Services-Computer Programming, Data Processing, Etc.",10-Q,2025-10-30,2025-09-30,2025-10-29 22:50:26+00:00,0001628280-25-047240,https://www.sec.gov/Archives/edgar/data/1326801/000162828025047240/meta-20250930.htm,45805,3171,data/interim/text/000162828025047240.txt.gz,162828025047240,2025Q4,2025-10-29 18:50:26-04:00,2025-10-30,2025-10-30,2025-10-30,2025-10-29,749.7200317382812,1296,102,0.03460320925663137,175.6787791758893,0.005414256085580177,22.592292107239196,0.020063311865516863,22.214643666208797,0.21905201923159573,0.3447130731360455,55.0,60.0
569,AVAV,1368622,AeroVironment Inc,3721,Aircraft,10-Q,2021-03-10,2021-01-30,2021-03-09 23:32:38+00:00,0001558370-21-002653,https://www.sec.gov/Archives/edgar/data/1368622/000155837021002653/avav-20210130x10q.htm,9505,1477,data/interim/text/000155837021002653.txt.gz,155837021002653,2021Q1,2021-03-09 18:32:38-05:00,2021-03-10,2021-03-10,2021-03-10,2021-03-09,106.37000274658205,129,1269,0.021041557075223566,36.695172798892536,0.0034718569174118884,6.685575421651196,0.015886375591793792,8.954451170331815,0.8680807730962702,0.3283073438253572,55.0,60.0
570,AVAV,1368622,AeroVironment Inc,3721,Aircraft,10-K,2021-06-29,2021-04-30,2021-06-29 21:18:30+00:00,0001558370-21-008684,https://www.sec.gov/Archives/edgar/data/1368622/000155837021008684/avav-20210430x10k.htm,48845,4013,data/interim/text/000155837021008684.txt.gz,155837021008684,2021Q2,2021-06-29 17:18:30-04:00,2021-06-30,2021-06-30,2021-06-30,2021-06-29,109.87000274658205,207,1191,0.023687173712764867,154.7094052277477,0.008885249257856484,54.409990655305265,0.01987920974511209,29.65180012852742,0.2945442891219423,0.3526497248908659,55.0,60.0
571,AVAV,1368622,AeroVironment Inc,3721,Aircraft,10-Q,2021-09-09,2021-07-31,2021-09-08 22:03:53+00:00,0001558370-21-012327,https://www.sec.gov/Archives/edgar/data/1368622/000155837021012327/avav-20210731x10q.htm,8298,1334,data/interim/text/000155837021012327.txt.gz,155837021012327,2021Q3,2021-09-08 18:03:53-04:00,2021-09-09,2021-09-09,2021-09-09,2021-09-08,105.5,256,1142,0.02566883586406363,43.06904786056608,0.004338394793926247,7.862015273113845,0.014220294046758255,8.689792095506855,0.3034767071815593,0.6148470133417948,55.0,60.0
572,AVAV,1368622,AeroVironment Inc,3721,Aircraft,10-Q,2021-12-08,2021-10-30,2021-12-08 02:43:31+00:00,0001558370-21-016596,https://www.sec.gov/Archives/edgar/data/1368622/000155837021016596/avav-20211030x10q.htm,10899,1507,data/interim/text/000155837021016596.txt.gz,155837021016596,2021Q4,2021-12-07 21:43:31-05:00,2021-12-08,2021-12-08,2021-12-08,2021-12-07,57.97999954223633,319,1079,0.022387374988531057,40.31886326645349,0.0037618130103679237,7.86194211798217,0.015964767409854114,10.388899271286746,0.20910956534621425,0.49119551962217434,55.0,60.0
573,AVAV,1368622,AeroVironment Inc,3721,Aircraft,10-Q,2022-03-04,2022-01-29,2022-03-03 23:47:59+00:00,0001558370-22-002839,https://www.sec.gov/Archives/edgar/data/1368622/000155837022002839/avav-20220129x10q.htm,10865,1523,data/interim/text/000155837022002839.txt.gz,155837022002839,2022Q1,2022-03-03 18:47:59-05:00,2022-03-04,2022-03-04,2022-03-04,2022-03-03,72.9800033569336,378,1020,0.021905200184077312,38.90647771987577,0.0035895075931891393,7.9355974349203695,0.015646571560055222,11.35490657309968,0.7042518506192779,0.6590433714219688,55.0,60.0
574,AVAV,1368622,AeroVironment Inc,3721,Aircraft,10-K,2022-06-29,2022-04-30,2022-06-28 22:10:21+00:00,0001558370-22-010392,https://www.sec.gov/Archives/edgar/data/1368622/000155837022010392/avav-20220430x10k.htm,51306,4070,data/interim/text/000155837022010392.txt.gz,155837022010392,2022Q2,2022-06-28 18:10:21-04:00,2022-06-29,2022-06-29,2022-06-29,2022-06-28,81.70999908447266,458,940,0.026156784781507035,163.63122565999234,0.008459049623825673,53.17792018777479,0.020679842513546175,29.893127527057416,0.6132245591766228,0.5339137566724965,55.0,60.0
575,AVAV,1368622,AeroVironment Inc,3721,Aircraft,10-Q,2022-09-08,2022-07-30,2022-09-07 22:13:47+00:00,0001558370-22-014256,https://www.sec.gov/Archives/edgar/data/1368622/000155837022014256/avav-20220730x10q.htm,6478,1152,data/interim/text/000155837022014256.txt.gz,155837022014256,2022Q3,2022-09-07 18:13:47-04:00,2022-09-08,2022-09-08,2022-09-08,2022-09-07,88.66999816894531,507,891,0.014510651435628281,16.480988005275655,0.004939796233405372,6.835826144222583,0.01389317690645261,9.311936921592139,0.49110262383532266,0.5154489917548537,55.0,60.0
576,AVAV,1368622,AeroVironment Inc,3721,Aircraft,10-Q,2022-12-07,2022-10-29,2022-12-06 23:14:12+00:00,0001558370-22-018418,https://www.sec.gov/Archives/edgar/data/1368622/000155837022018418/avav-20221029x10q.htm,8950,1289,data/interim/text/000155837022018418.txt.gz,155837022018418,2022Q4,2022-12-06 18:14:12-05:00,2022-12-07,2022-12-07,2022-12-07,2022-12-06,85.11000061035156,570,828,0.014972067039106146,18.335541621901232,0.0046927374301675975,7.238610063559345,0.011284916201117318,9.183878790192194,0.5192612470633722,0.36342948282911514,55.0,60.0
577,AVAV,1368622,AeroVironment Inc,3721,Aircraft,10-Q,2023-03-06,2023-01-28,2023-03-06 21:26:56+00:00,0001558370-23-002924,https://www.sec.gov/Archives/edgar/data/1368622/000155837023002924/avav-20230128x10q.htm,9774,1382,data/interim/text/000155837023002924.txt.gz,155837023002924,2023Q1,2023-03-06 16:26:56-05:00,2023-03-07,2023-03-07,2023-03-07,2023-03-06,87.56999969482422,630,768,0.019439328831594025,25.235907600424742,0.004604051565377533,6.743306085051788,0.014835277266216492,9.545011195490286,0.3837938503501618,0.45990216416744817,55.0,60.0
578,AVAV,1368622,AeroVironment Inc,3721,Aircraft,10-K,2023-06-28,2023-04-30,2023-06-27 22:05:50+00:00,0001558370-23-011469,https://www.sec.gov/Archives/edgar/data/1368622/000155837023011469/avav-20230430x10k.htm,49538,4015,data/interim/text/000155837023011469.txt.gz,155837023011469,2023Q2,2023-06-27 18:05:50-04:00,2023-06-28,2023-06-28,2023-06-28,2023-06-27,90.31999969482422,708,690,0.025879123097420163,160.80177072457855,0.008357220719447696,53.7149427906923,0.021054543986434655,28.132940452813056,0.47473539830097045,0.48389866230855844,55.0,60.0
579,AVAV,1368622,AeroVironment Inc,3721,Aircraft,10-Q,2023-09-06,2023-07-29,2023-09-05 22:17:11+00:00,0001558370-23-015470,https://www.sec.gov/Archives/edgar/data/1368622/000155837023015470/avav-20230729x10q.htm,7105,1206,data/interim/text/000155837023015470.txt.gz,155837023015470,2023Q3,2023-09-05 18:17:11-04:00,2023-09-06,2023-09-06,2023-09-06,2023-09-05,95.29000091552734,756,642,0.016045038705137227,19.93558820897804,0.004363124560168895,6.479219981761248,0.014356087262491204,10.114028824760323,0.3074068862634614,0.2742884294479707,55.0,60.0
580,AVAV,1368622,AeroVironment Inc,3721,Aircraft,10-Q,2023-12-06,2023-10-28,2023-12-05 23:20:21+00:00,0001558370-23-019483,https://www.sec.gov/Archives/edgar/data/1368622/000155837023019483/avav-20231028x10q.htm,8712,1224,data/interim/text/000155837023019483.txt.gz,155837023019483,2023Q4,2023-12-05 18:20:21-05:00,2023-12-06,2023-12-06,2023-12-06,2023-12-05,141.22999572753906,820,578,0.015955004591368227,23.293358569340235,0.005509641873278237,6.502790347787762,0.013314967860422406,10.045369119947622,0.28229317466192616,0.6681047887966945,55.0,60.0
581,AVAV,1368622,AeroVironment Inc,3721,Aircraft,10-Q,2024-03-05,2024-01-27,2024-03-05 02:14:50+00:00,0001558370-24-002395,https://www.sec.gov/Archives/edgar/data/1368622/000155837024002395/avav-20240127x10q.htm,10462,1259,data/interim/text/000155837024002395.txt.gz,155837024002395,2024Q1,2024-03-04 21:14:50-05:00,2024-03-05,2024-03-05,2024-03-05,2024-03-04,130.64999389648438,880,518,0.016058115083158096,19.637997606022388,0.004301280825845919,6.474421167767767,0.012808258459185625,8.781388740806493,0.33714133439876864,0.32471032895435703,55.0,60.0
582,AVAV,1368622,AeroVironment Inc,3721,Aircraft,10-K,2024-06-27,2024-04-30,2024-06-26 23:15:00+00:00,0001558370-24-009515,https://www.sec.gov/Archives/edgar/data/1368622/000155837024009515/avav-20240430x10k.htm,53436,4188,data/interim/text/000155837024009515.txt.gz,155837024009515,2024Q2,2024-06-26 19:15:00-04:00,2024-06-27,2024-06-27,2024-06-27,2024-06-26,192.8099975585937,959,439,0.0245340220076353,168.97164873524883,0.00832771914065424,59.59967911944481,0.02099708061980687,29.340049418600472,0.27418843374804197,0.5161924355288772,55.0,60.0
583,AVAV,1368622,AeroVironment Inc,3721,Aircraft,10-Q,2024-09-05,2024-07-27,2024-09-04 23:30:39+00:00,0001558370-24-012587,https://www.sec.gov/Archives/edgar/data/1368622/000155837024012587/avav-20240727x10q.htm,7684,1215,data/interim/text/000155837024012587.txt.gz,155837024012587,2024Q3,2024-09-04 19:30:39-04:00,2024-09-05,2024-09-05,2024-09-05,2024-09-04,194.0399932861328,1007,391,0.014055179593961478,21.226731238354816,0.003643935450286309,6.351969149205057,0.014315460697553357,8.54032156669897,0.4242111273892503,0.5013247570313318,55.0,60.0
584,AVAV,1368622,AeroVironment Inc,3721,Aircraft,10-Q,2024-12-05,2024-10-26,2024-12-04 23:08:52+00:00,0001558370-24-016018,https://www.sec.gov/Archives/edgar/data/1368622/000155837024016018/avav-20241026x10q.htm,17067,1869,data/interim/text/000155837024016018.txt.gz,155837024016018,2024Q4,2024-12-04 18:08:52-05:00,2024-12-05,2024-12-05,2024-12-05,2024-12-04,196.88999938964844,1071,327,0.01992148590847835,53.65162869279243,0.005507704927638132,14.226722717735377,0.017987929923243686,12.07711823617609,0.49644731911598144,0.45608337451585473,55.0,60.0
585,AVAV,1368622,AeroVironment Inc,3721,Aircraft,10-Q,2025-03-05,2025-01-25,2025-03-05 00:37:35+00:00,0001558370-25-002198,https://www.sec.gov/Archives/edgar/data/1368622/000155837025002198/avav-20250125x10q.htm,18430,1962,data/interim/text/000155837025002198.txt.gz,155837025002198,2025Q1,2025-03-04 19:37:35-05:00,2025-03-05,2025-03-05,2025-03-05,2025-03-04,141.89999389648438,1130,268,0.021758003255561584,64.0405219370305,0.005371676614215952,13.399745880698314,0.0213781877373847,12.03290995179668,0.557841251707278,0.5166268282346711,55.0,60.0
586,AVAV,1368622,AeroVironment Inc,3721,Aircraft,10-K,2025-06-25,2025-04-30,2025-06-24 23:21:24+00:00,0001558370-25-008838,https://www.sec.gov/Archives/edgar/data/1368622/000155837025008838/avav-20250430x10k.htm,49736,3958,data/interim/text/000155837025008838.txt.gz,155837025008838,2025Q2,2025-06-24 19:21:24-04:00,2025-06-25,2025-06-25,2025-06-25,2025-06-24,193.27999877929688,1207,191,0.027666076885957857,191.52937860690906,0.008022358050506675,56.014322742710014,0.023544313977802798,29.67909577783575,0.5294073347311278,0.5155959084227194,55.0,60.0
587,AVAV,1368622,AeroVironment Inc,3721,Aircraft,10-Q,2025-09-10,2025-08-02,2025-09-09 22:01:14+00:00,0001558370-25-011973,https://www.sec.gov/Archives/edgar/data/1368622/000155837025011973/avav-20250802x10q.htm,8538,1371,data/interim/text/000155837025011973.txt.gz,155837025011973,2025Q3,2025-09-09 18:01:14-04:00,2025-09-10,2025-09-10,2025-09-10,2025-09-09,230.9900054931641,1260,138,0.01698289997657531,26.27092686189427,0.003630826891543687,7.276791087768798,0.016280159287889437,7.951883188775787,0.7366466516054127,0.5579878293453451,55.0,60.0
588,AVAV,1368622,AeroVironment Inc,3721,Aircraft,10-Q,2025-12-10,2025-11-01,2025-12-10 00:19:33+00:00,0001104659-25-119775,https://www.sec.gov/Archives/edgar/data/1368622/000110465925119775/avav-20251101x10q.htm,10227,1376,data/interim/text/000110465925119775.txt.gz,110465925119775,2025Q4,2025-12-09 19:19:33-05:00,2025-12-10,2025-12-10,2025-12-10,2025-12-09,281.4200134277344,1324,74,0.01593820279651902,25.828196118388906,0.0034223134839151265,6.924197318307028,0.015058179329226557,7.518065624218007,0.5630057069329977,0.9099827884423913,55.0,60.0
589,VCYT,1384101,"VERACYTE, INC.",8071,Services-Medical Laboratories,10-K,2021-02-22,2020-12-31,2021-02-22 21:18:16+00:00,0001384101-21-000012,https://www.sec.gov/Archives/edgar/data/1384101/000138410121000012/vcyt-20201231.htm,61292,4226,data/interim/text/000138410121000012.txt.gz,138410121000012,2021Q1,2021-02-22 16:18:16-05:00,2021-02-23,2021-02-23,2021-02-23,2021-02-22,63.09000015258789,118,1280,0.022221497095868955,180.6683627526268,0.00812504078835737,42.797638862757054,0.02068785485870913,35.20176531139656,0.7932635542688143,0.875146627954647,55.0,60.0
590,VCYT,1384101,"VERACYTE, INC.",8071,Services-Medical Laboratories,10-Q,2021-05-10,2021-03-31,2021-05-10 20:23:00+00:00,0001384101-21-000082,https://www.sec.gov/Archives/edgar/data/1384101/000138410121000082/vcyt-20210331.htm,37898,3433,data/interim/text/000138410121000082.txt.gz,138410121000082,2021Q2,2021-05-10 16:23:00-04:00,2021-05-11,2021-05-11,2021-05-11,2021-05-10,42.310001373291016,172,1226,0.025990817457385615,134.10929417013068,0.008681196896933875,32.03569436933438,0.024460393688321282,25.651840554921538,0.9366352228858894,0.5800372219096313,55.0,60.0
591,VCYT,1384101,"VERACYTE, INC.",8071,Services-Medical Laboratories,10-Q,2021-07-29,2021-06-30,2021-07-29 20:19:45+00:00,0001384101-21-000139,https://www.sec.gov/Archives/edgar/data/1384101/000138410121000139/vcyt-20210630.htm,40827,3532,data/interim/text/000138410121000139.txt.gz,138410121000139,2021Q3,2021-07-29 16:19:45-04:00,2021-07-30,2021-07-30,2021-07-30,2021-07-29,39.22999954223633,228,1170,0.02606118500012247,137.4900620006953,0.008425796654174934,32.975516579868284,0.0250079604183506,24.85523248536604,0.5449651884290937,0.5752247261467793,55.0,60.0
592,VCYT,1384101,"VERACYTE, INC.",8071,Services-Medical Laboratories,10-Q,2021-11-09,2021-09-30,2021-11-09 21:37:17+00:00,0001384101-21-000174,https://www.sec.gov/Archives/edgar/data/1384101/000138410121000174/vcyt-20210930.htm,44744,3749,data/interim/text/000138410121000174.txt.gz,138410121000174,2021Q4,2021-11-09 16:37:17-05:00,2021-11-10,2021-11-10,2021-11-10,2021-11-09,50.09000015258789,300,1098,0.024874843554443055,143.58371769929448,0.008179867691757554,36.258763645949315,0.024003218308600034,27.832475377627734,0.5837089934588104,0.9192562101564272,55.0,60.0
593,VCYT,1384101,"VERACYTE, INC.",8071,Services-Medical Laboratories,10-K,2022-02-28,2021-12-31,2022-02-28 21:40:48+00:00,0001384101-22-000028,https://www.sec.gov/Archives/edgar/data/1384101/000138410122000028/vcyt-20211231.htm,65841,4553,data/interim/text/000138410122000028.txt.gz,138410122000028,2022Q1,2022-02-28 16:40:48-05:00,2022-03-01,2022-03-01,2022-03-01,2022-02-28,27.799999237060547,375,1023,0.023177047736213,201.65288026400376,0.007335854558709619,52.0138288279416,0.021248158442307985,35.84910100601745,0.94824735172794,0.9043482095282029,55.0,60.0
594,VCYT,1384101,"VERACYTE, INC.",8071,Services-Medical Laboratories,10-Q,2022-05-04,2022-03-31,2022-05-03 21:57:02+00:00,0001384101-22-000072,https://www.sec.gov/Archives/edgar/data/1384101/000138410122000072/vcyt-20220331.htm,41714,3545,data/interim/text/000138410122000072.txt.gz,138410122000072,2022Q2,2022-05-03 17:57:02-04:00,2022-05-04,2022-05-04,2022-05-04,2022-05-03,21.459999084472656,420,978,0.02730498154096946,140.72419321398115,0.007647312652826389,32.444209823938714,0.02531524188521839,23.73566226981373,0.8342610390065182,0.9252923903955782,55.0,60.0
595,VCYT,1384101,"VERACYTE, INC.",8071,Services-Medical Laboratories,10-Q,2022-08-03,2022-06-30,2022-08-03 12:01:36+00:00,0001384101-22-000107,https://www.sec.gov/Archives/edgar/data/1384101/000138410122000107/vcyt-20220630.htm,42268,3553,data/interim/text/000138410122000107.txt.gz,138410122000107,2022Q3,2022-08-03 08:01:36-04:00,2022-08-03,2022-08-03,2022-08-03,2022-08-02,26.63999938964844,482,916,0.027562222011923914,142.5860914035522,0.007641714772404656,33.99739380420984,0.025338317403236492,22.238777228418943,0.9355377061928801,0.7042850858045048,55.0,60.0
596,VCYT,1384101,"VERACYTE, INC.",8071,Services-Medical Laboratories,10-Q,2022-11-03,2022-09-30,2022-11-03 11:57:44+00:00,0001384101-22-000139,https://www.sec.gov/Archives/edgar/data/1384101/000138410122000139/vcyt-20220930.htm,41613,3513,data/interim/text/000138410122000139.txt.gz,138410122000139,2022Q4,2022-11-03 07:57:44-04:00,2022-11-03,2022-11-03,2022-11-03,2022-11-02,19.5,547,851,0.027707687501501935,140.90226933879794,0.007737966500853099,34.17952846355986,0.025448778026097615,22.09893882590255,0.6878339764733977,0.7651422701680439,55.0,60.0
597,VCYT,1384101,"VERACYTE, INC.",8071,Services-Medical Laboratories,10-K,2023-03-01,2022-12-31,2023-02-28 22:48:53+00:00,0001384101-23-000016,https://www.sec.gov/Archives/edgar/data/1384101/000138410123000016/vcyt-20221231.htm,61708,4453,data/interim/text/000138410123000016.txt.gz,138410123000016,2023Q1,2023-02-28 17:48:53-05:00,2023-03-01,2023-03-01,2023-03-01,2023-02-28,24.61000061035156,626,772,0.023935308225837816,200.84006262864887,0.007195177286575484,56.1458154064956,0.021504505088481233,33.993532301995444,0.6409960851119686,0.5647043590142176,55.0,60.0
598,VCYT,1384101,"VERACYTE, INC.",8071,Services-Medical Laboratories,10-Q,2023-05-05,2023-03-31,2023-05-05 12:07:27+00:00,0001384101-23-000067,https://www.sec.gov/Archives/edgar/data/1384101/000138410123000067/vcyt-20230331.htm,40127,3516,data/interim/text/000138410123000067.txt.gz,138410123000067,2023Q2,2023-05-05 08:07:27-04:00,2023-05-05,2023-05-05,2023-05-05,2023-05-04,22.26000022888184,672,726,0.027961223116604778,146.93991578600014,0.007874996884890472,34.22903052542685,0.025942632142946145,24.548571127380367,0.6014073338548435,0.46045426935037226,55.0,60.0
599,VCYT,1384101,"VERACYTE, INC.",8071,Services-Medical Laboratories,10-Q,2023-08-09,2023-06-30,2023-08-09 20:07:39+00:00,0001384101-23-000142,https://www.sec.gov/Archives/edgar/data/1384101/000138410123000142/vcyt-20230630.htm,41058,3529,data/interim/text/000138410123000142.txt.gz,138410123000142,2023Q3,2023-08-09 16:07:39-04:00,2023-08-10,2023-08-10,2023-08-10,2023-08-09,26.76000022888184,738,660,0.027595109357494277,144.31079960294994,0.007696429441278192,33.898374701257836,0.02533002094597886,23.87902229018686,0.4750448774944688,0.4409846051194265,55.0,60.0
600,VCYT,1384101,"VERACYTE, INC.",8071,Services-Medical Laboratories,10-Q,2023-11-08,2023-09-30,2023-11-08 13:30:57+00:00,0001384101-23-000163,https://www.sec.gov/Archives/edgar/data/1384101/000138410123000163/vcyt-20230930.htm,41092,3531,data/interim/text/000138410123000163.txt.gz,138410123000163,2023Q4,2023-11-08 08:30:57-05:00,2023-11-08,2023-11-08,2023-11-08,2023-11-07,24.01000022888184,801,597,0.027693955027742627,145.11489295616823,0.007495376228949674,31.909788847829525,0.025601090236542393,23.76973304740296,0.37268806798541015,0.5294501610014476,55.0,60.0
601,VCYT,1384101,"VERACYTE, INC.",8071,Services-Medical Laboratories,10-K,2024-02-29,2023-12-31,2024-02-29 13:06:41+00:00,0001384101-24-000017,https://www.sec.gov/Archives/edgar/data/1384101/000138410124000017/vcyt-20231231.htm,62241,4465,data/interim/text/000138410124000017.txt.gz,138410124000017,2024Q1,2024-02-29 08:06:41-05:00,2024-02-29,2024-02-29,2024-02-29,2024-02-28,23.770000457763672,877,521,0.02514419755466654,202.2642989439773,0.007037161999325203,55.283939198523306,0.02207548079240372,31.470305508833555,0.555853474698898,0.3872230510004215,55.0,60.0
602,VCYT,1384101,"VERACYTE, INC.",8071,Services-Medical Laboratories,10-Q,2024-05-08,2024-03-31,2024-05-08 21:03:22+00:00,0001384101-24-000067,https://www.sec.gov/Archives/edgar/data/1384101/000138410124000067/vcyt-20240331.htm,40508,3490,data/interim/text/000138410124000067.txt.gz,138410124000067,2024Q2,2024-05-08 17:03:22-04:00,2024-05-09,2024-05-09,2024-05-09,2024-05-08,20.1200008392334,926,472,0.028290708008294658,142.32496547927437,0.00787498765675916,34.65039801710684,0.026142984101905797,21.22357051204437,0.4702391164279337,0.7089202658681003,55.0,60.0
603,VCYT,1384101,"VERACYTE, INC.",8071,Services-Medical Laboratories,10-Q,2024-08-07,2024-06-30,2024-08-07 12:11:25+00:00,0001384101-24-000118,https://www.sec.gov/Archives/edgar/data/1384101/000138410124000118/vcyt-20240630.htm,40842,3491,data/interim/text/000138410124000118.txt.gz,138410124000118,2024Q3,2024-08-07 08:11:25-04:00,2024-08-07,2024-08-07,2024-08-07,2024-08-06,21.81999969482422,987,411,0.02808383526761667,141.9923409913468,0.007737133343127173,33.212506268794726,0.026345428725331767,22.021970560978364,0.461499578448613,0.4339236865750038,55.0,60.0
604,VCYT,1384101,"VERACYTE, INC.",8071,Services-Medical Laboratories,10-Q,2024-11-07,2024-09-30,2024-11-07 13:01:01+00:00,0001384101-24-000162,https://www.sec.gov/Archives/edgar/data/1384101/000138410124000162/vcyt-20240930.htm,41137,3494,data/interim/text/000138410124000162.txt.gz,138410124000162,2024Q4,2024-11-07 08:01:01-05:00,2024-11-07,2024-11-07,2024-11-07,2024-11-06,36.59000015258789,1052,346,0.02802829569487323,143.07942174671624,0.007511486010161169,32.3791527486026,0.02625373751124292,21.94051323691929,0.39956792381822065,0.47150498385388595,55.0,60.0
605,VCYT,1384101,"VERACYTE, INC.",8071,Services-Medical Laboratories,10-K,2025-02-28,2024-12-31,2025-02-28 02:58:16+00:00,0001384101-25-000014,https://www.sec.gov/Archives/edgar/data/1384101/000138410125000014/vcyt-20241231.htm,60862,4398,data/interim/text/000138410125000014.txt.gz,138410125000014,2025Q1,2025-02-27 21:58:16-05:00,2025-02-28,2025-02-28,2025-02-28,2025-02-27,33.84000015258789,1127,271,0.02625612040353587,209.7052236172229,0.0072787617889652,54.972260705562256,0.024185863100128158,31.517589049742114,0.4452517456931031,0.5134952368482358,55.0,60.0
606,VCYT,1384101,"VERACYTE, INC.",8071,Services-Medical Laboratories,10-Q,2025-05-08,2025-03-31,2025-05-08 12:06:25+00:00,0001384101-25-000060,https://www.sec.gov/Archives/edgar/data/1384101/000138410125000060/vcyt-20250331.htm,9263,1447,data/interim/text/000138410125000060.txt.gz,138410125000060,2025Q2,2025-05-08 08:06:25-04:00,2025-05-08,2025-05-08,2025-05-08,2025-05-07,30.84000015258789,1175,223,0.008312641692756126,9.036907907678755,0.006585339522832775,11.311392644677971,0.017812803627334558,6.136695392240319,0.6295037614708725,0.49015283827243106,55.0,60.0
607,VCYT,1384101,"VERACYTE, INC.",8071,Services-Medical Laboratories,10-Q,2025-08-07,2025-06-30,2025-08-07 20:41:08+00:00,0001384101-25-000110,https://www.sec.gov/Archives/edgar/data/1384101/000138410125000110/vcyt-20250630.htm,9870,1479,data/interim/text/000138410125000110.txt.gz,138410125000110,2025Q3,2025-08-07 16:41:08-04:00,2025-08-08,2025-08-08,2025-08-08,2025-08-07,27.68000030517578,1238,160,0.008308004052684904,11.725469406425477,0.0070921985815602835,13.096407941090384,0.016109422492401215,5.371313282532273,0.3732965500491973,0.7020660127062609,55.0,60.0
608,VCYT,1384101,"VERACYTE, INC.",8071,Services-Medical Laboratories,10-Q,2025-11-05,2025-09-30,2025-11-05 13:15:57+00:00,0001384101-25-000130,https://www.sec.gov/Archives/edgar/data/1384101/000138410125000130/vcyt-20250930.htm,9993,1498,data/interim/text/000138410125000130.txt.gz,138410125000130,2025Q4,2025-11-05 08:15:57-05:00,2025-11-05,2025-11-05,2025-11-05,2025-11-04,36.119998931884766,1300,98,0.009106374462123486,14.833002760293367,0.006504553187231062,12.894448782648258,0.015610927649354548,5.194708647937919,0.4126940477717078,0.44515879220096105,55.0,60.0
609,IRDM,1418819,Iridium Communications Inc.,4899,"Communications Services, NEC",10-K,2021-02-11,2020-12-31,2021-02-11 12:16:19+00:00,0001418819-21-000009,https://www.sec.gov/Archives/edgar/data/1418819/000141881921000009/irdm-20201231.htm,42923,3748,data/interim/text/000141881921000009.txt.gz,141881921000009,2021Q1,2021-02-11 07:16:19-05:00,2021-02-11,2021-02-11,2021-02-11,2021-02-10,44.48473739624024,111,1287,0.01796239778207488,124.94679502533876,0.005078862148498474,27.015434573350042,0.01507350371595648,13.412558491183042,0.33458422386835773,0.5554331410613614,55.0,60.0
610,IRDM,1418819,Iridium Communications Inc.,4899,"Communications Services, NEC",10-Q,2021-04-20,2021-03-31,2021-04-20 11:06:58+00:00,0001418819-21-000020,https://www.sec.gov/Archives/edgar/data/1418819/000141881921000020/irdm-20210331.htm,5998,1156,data/interim/text/000141881921000020.txt.gz,141881921000020,2021Q2,2021-04-20 07:06:58-04:00,2021-04-20,2021-04-20,2021-04-20,2021-04-19,36.02796936035156,157,1241,0.0106702234078026,6.081559790799709,0.003667889296432144,3.6826556653030114,0.0106702234078026,2.078991719298412,0.5986304852916043,0.37830345442181856,55.0,60.0
611,IRDM,1418819,Iridium Communications Inc.,4899,"Communications Services, NEC",10-Q,2021-07-20,2021-06-30,2021-07-20 11:04:34+00:00,0001418819-21-000025,https://www.sec.gov/Archives/edgar/data/1418819/000141881921000025/irdm-20210630.htm,7414,1216,data/interim/text/000141881921000025.txt.gz,141881921000025,2021Q3,2021-07-20 07:04:34-04:00,2021-07-20,2021-07-20,2021-07-20,2021-07-19,35.175724029541016,220,1178,0.012004316158618829,7.8679297866903335,0.004046398705152414,4.265414789960589,0.01092527650391152,4.553105478055421,0.33026740359700085,0.4846443432089319,55.0,60.0
612,IRDM,1418819,Iridium Communications Inc.,4899,"Communications Services, NEC",10-Q,2021-10-19,2021-09-30,2021-10-19 11:01:46+00:00,0001418819-21-000029,https://www.sec.gov/Archives/edgar/data/1418819/000141881921000029/irdm-20210930.htm,8041,1254,data/interim/text/000141881921000029.txt.gz,141881921000029,2021Q4,2021-10-19 07:01:46-04:00,2021-10-19,2021-10-19,2021-10-19,2021-10-18,37.0955924987793,284,1114,0.011565725656012934,8.469533762921865,0.003606516602412635,4.279619984903261,0.009949011317000373,2.0094708900408413,0.5008484620545253,0.43364983090823583,55.0,60.0
613,IRDM,1418819,Iridium Communications Inc.,4899,"Communications Services, NEC",10-K,2022-02-17,2021-12-31,2022-02-17 12:02:59+00:00,0001418819-22-000005,https://www.sec.gov/Archives/edgar/data/1418819/000141881922000005/irdm-20211231.htm,40802,3693,data/interim/text/000141881922000005.txt.gz,141881922000005,2022Q1,2022-02-17 07:02:59-05:00,2022-02-17,2022-02-17,2022-02-17,2022-02-16,33.30268478393555,368,1030,0.018332434684574284,124.61327857730119,0.005220332336650165,26.143701691336187,0.01571001421498946,14.400342763788752,0.47278462314599157,0.42014004401914345,55.0,60.0
614,IRDM,1418819,Iridium Communications Inc.,4899,"Communications Services, NEC",10-Q,2022-04-19,2022-03-31,2022-04-19 11:03:03+00:00,0001418819-22-000015,https://www.sec.gov/Archives/edgar/data/1418819/000141881922000015/irdm-20220331.htm,6072,1161,data/interim/text/000141881922000015.txt.gz,141881922000015,2022Q2,2022-04-19 07:03:03-04:00,2022-04-19,2022-04-19,2022-04-19,2022-04-18,37.170509338378906,409,989,0.008563899868247694,6.945374501455556,0.0036231884057971015,3.360841998023427,0.012351778656126482,3.1126198592336296,0.3807323600115703,0.39467712759360557,55.0,60.0
615,IRDM,1418819,Iridium Communications Inc.,4899,"Communications Services, NEC",10-Q,2022-07-26,2022-06-30,2022-07-26 11:07:32+00:00,0001418819-22-000024,https://www.sec.gov/Archives/edgar/data/1418819/000141881922000024/irdm-20220630.htm,7161,1161,data/interim/text/000141881922000024.txt.gz,141881922000024,2022Q3,2022-07-26 07:07:32-04:00,2022-07-26,2022-07-26,2022-07-26,2022-07-25,37.28289794921875,476,922,0.007121910347716799,6.538999707812657,0.0036307778243262114,3.4856630241475544,0.011031978773914259,4.564367474480967,0.39689832431158223,0.34716736798563824,55.0,60.0
616,IRDM,1418819,Iridium Communications Inc.,4899,"Communications Services, NEC",10-Q,2022-10-20,2022-09-30,2022-10-20 11:01:16+00:00,0001418819-22-000028,https://www.sec.gov/Archives/edgar/data/1418819/000141881922000028/irdm-20220930.htm,7327,1171,data/interim/text/000141881922000028.txt.gz,141881922000028,2022Q4,2022-10-20 07:01:16-04:00,2022-10-20,2022-10-20,2022-10-20,2022-10-19,44.475379943847656,537,861,0.008734816432373414,7.001649979562661,0.0034120376688958646,3.402287305279929,0.011055002047222602,4.778503058905579,0.3318346716538207,0.3866352650396092,55.0,60.0
617,IRDM,1418819,Iridium Communications Inc.,4899,"Communications Services, NEC",10-K,2023-02-16,2022-12-31,2023-02-16 12:03:38+00:00,0001418819-23-000010,https://www.sec.gov/Archives/edgar/data/1418819/000141881923000010/irdm-20221231.htm,41213,3681,data/interim/text/000141881923000010.txt.gz,141881923000010,2023Q1,2023-02-16 07:03:38-05:00,2023-02-16,2023-02-16,2023-02-16,2023-02-15,53.46597290039063,618,780,0.017955499478319946,127.72762830735715,0.005119743770169606,25.466631164303394,0.015116589425666658,15.86738302118186,0.3671543239419501,0.32847178890724854,55.0,60.0
618,IRDM,1418819,Iridium Communications Inc.,4899,"Communications Services, NEC",10-Q,2023-04-20,2023-03-31,2023-04-20 11:02:00+00:00,0001628280-23-012131,https://www.sec.gov/Archives/edgar/data/1418819/000162828023012131/irdm-20230331.htm,5903,1143,data/interim/text/000162828023012131.txt.gz,162828023012131,2023Q2,2023-04-20 07:02:00-04:00,2023-04-20,2023-04-20,2023-04-20,2023-04-19,55.03790664672852,661,737,0.005929188548195833,4.198290085349186,0.0038963239031001187,4.170318626978544,0.009825512451295952,3.993021355915329,0.3183510039834047,0.23592313907954593,55.0,60.0
619,IRDM,1418819,Iridium Communications Inc.,4899,"Communications Services, NEC",10-Q,2023-07-25,2023-06-30,2023-07-25 11:06:28+00:00,0001628280-23-025521,https://www.sec.gov/Archives/edgar/data/1418819/000162828023025521/irdm-20230630.htm,6952,1154,data/interim/text/000162828023025521.txt.gz,162828023025521,2023Q3,2023-07-25 07:06:28-04:00,2023-07-25,2023-07-25,2023-07-25,2023-07-24,56.39714431762695,726,672,0.009205983889528193,3.982727647344908,0.0037399309551208286,3.3262539717767545,0.009349827387802071,3.62092053992004,0.23827382064227198,0.3170088511891461,55.0,60.0
620,IRDM,1418819,Iridium Communications Inc.,4899,"Communications Services, NEC",10-Q,2023-10-19,2023-09-30,2023-10-19 11:01:09+00:00,0001418819-23-000033,https://www.sec.gov/Archives/edgar/data/1418819/000141881923000033/irdm-20230930.htm,7097,1147,data/interim/text/000141881923000033.txt.gz,141881923000033,2023Q4,2023-10-19 07:01:09-04:00,2023-10-19,2023-10-19,2023-10-19,2023-10-18,41.28057098388672,787,611,0.009581513315485417,5.119271432057004,0.0028180921516133576,2.4547796424946293,0.00859518106242074,3.588565552188794,0.27431899984352803,0.26267511813324684,55.0,60.0
621,IRDM,1418819,Iridium Communications Inc.,4899,"Communications Services, NEC",10-K,2024-02-15,2023-12-31,2024-02-15 12:06:20+00:00,0001418819-24-000008,https://www.sec.gov/Archives/edgar/data/1418819/000141881924000008/irdm-20231231.htm,41285,3740,data/interim/text/000141881924000008.txt.gz,141881924000008,2024Q1,2024-02-15 07:06:20-05:00,2024-02-15,2024-02-15,2024-02-15,2024-02-14,33.154170989990234,868,530,0.019353276008235436,136.03180752908133,0.0049654838319002055,24.48992224161184,0.016107545113237254,15.68714711325174,0.2481612811918339,0.3293292155624025,55.0,60.0
622,IRDM,1418819,Iridium Communications Inc.,4899,"Communications Services, NEC",10-Q,2024-04-18,2024-03-31,2024-04-18 11:01:50+00:00,0001418819-24-000023,https://www.sec.gov/Archives/edgar/data/1418819/000141881924000023/irdm-20240331.htm,6135,1153,data/interim/text/000141881924000023.txt.gz,141881924000023,2024Q2,2024-04-18 07:01:50-04:00,2024-04-18,2024-04-18,2024-04-18,2024-04-17,23.48613929748535,911,487,0.007334963325183374,5.121684961725366,0.0027709861450692748,2.9269396162576973,0.010268948655256724,3.9838571903168987,0.3934366463907703,0.3201352755692018,55.0,60.0
623,IRDM,1418819,Iridium Communications Inc.,4899,"Communications Services, NEC",10-Q,2024-07-23,2024-06-30,2024-07-23 11:03:21+00:00,0001418819-24-000037,https://www.sec.gov/Archives/edgar/data/1418819/000141881924000037/irdm-20240630.htm,7623,1178,data/interim/text/000141881924000037.txt.gz,141881924000037,2024Q3,2024-07-23 07:03:21-04:00,2024-07-23,2024-07-23,2024-07-23,2024-07-22,24.764142990112305,976,422,0.009313918404827495,4.523100492862028,0.004591368227731864,3.2454425317001503,0.008658008658008658,4.681494711545645,0.32016473532469164,0.45142219616475643,55.0,60.0
624,IRDM,1418819,Iridium Communications Inc.,4899,"Communications Services, NEC",10-Q,2024-10-17,2024-09-30,2024-10-17 11:02:44+00:00,0001628280-24-042983,https://www.sec.gov/Archives/edgar/data/1418819/000162828024042983/irdm-20240930.htm,7574,1203,data/interim/text/000162828024042983.txt.gz,162828024042983,2024Q4,2024-10-17 07:02:44-04:00,2024-10-17,2024-10-17,2024-10-17,2024-10-16,29.0080509185791,1037,361,0.008978082915236335,4.35511201784787,0.003960918933192501,3.2608602983495283,0.008846052284129918,4.495728266349085,0.403045718692141,0.32839183656450477,55.0,60.0
625,IRDM,1418819,Iridium Communications Inc.,4899,"Communications Services, NEC",10-K,2025-02-13,2024-12-31,2025-02-13 12:01:54+00:00,0001628280-25-005302,https://www.sec.gov/Archives/edgar/data/1418819/000162828025005302/irdm-20241231.htm,40888,3710,data/interim/text/000162828025005302.txt.gz,162828025005302,2025Q1,2025-02-13 07:01:54-05:00,2025-02-13,2025-02-13,2025-02-13,2025-02-12,26.749895095825195,1117,281,0.0183917041674819,130.43364267143156,0.005135981216982978,23.184758933160328,0.015530228918019957,14.81365348364513,0.358660176946887,0.4663559173414836,55.0,60.0
626,IRDM,1418819,Iridium Communications Inc.,4899,"Communications Services, NEC",10-Q,2025-04-22,2025-03-31,2025-04-22 11:01:50+00:00,0001628280-25-018712,https://www.sec.gov/Archives/edgar/data/1418819/000162828025018712/irdm-20250331.htm,6505,1219,data/interim/text/000162828025018712.txt.gz,162828025018712,2025Q2,2025-04-22 07:01:50-04:00,2025-04-22,2025-04-22,2025-04-22,2025-04-21,22.50226593017578,1163,235,0.00676402767102229,4.62278910768429,0.0023059185242121443,2.477710776688102,0.01137586471944658,5.480536895821797,0.5568315293539837,0.30025576967736156,55.0,60.0
627,IRDM,1418819,Iridium Communications Inc.,4899,"Communications Services, NEC",10-Q,2025-07-24,2025-06-30,2025-07-24 11:05:56+00:00,0001628280-25-035835,https://www.sec.gov/Archives/edgar/data/1418819/000162828025035835/irdm-20250630.htm,7434,1225,data/interim/text/000162828025035835.txt.gz,162828025035835,2025Q3,2025-07-24 07:05:56-04:00,2025-07-24,2025-07-24,2025-07-24,2025-07-23,31.606056213378903,1227,171,0.006591337099811676,4.312080211628409,0.0045735808447672855,4.056287901876722,0.010088781275221953,4.025145881222244,0.30698575524764216,0.5351967423612766,55.0,60.0
628,IRDM,1418819,Iridium Communications Inc.,4899,"Communications Services, NEC",10-Q,2025-10-23,2025-09-30,2025-10-23 11:02:00+00:00,0001418819-25-000009,https://www.sec.gov/Archives/edgar/data/1418819/000141881925000009/irdm-20250930.htm,8476,1358,data/interim/text/000141881925000009.txt.gz,141881925000009,2025Q4,2025-10-23 07:02:00-04:00,2025-10-23,2025-10-23,2025-10-23,2025-10-22,19.323429107666016,1291,107,0.008730533270410571,9.877920149816203,0.00412930627654554,5.999952156014315,0.009910335063709298,3.9744882959492664,0.5486689512113735,0.48218244444559505,55.0,60.0
629,ROKU,1428439,"ROKU, INC",4841,Cable & Other Pay Television Services,10-K,2021-02-26,2020-12-31,2021-02-25 23:16:33+00:00,0001564590-21-009021,https://www.sec.gov/Archives/edgar/data/1428439/000156459021009021/roku-10k_20201231.htm,51041,3918,data/interim/text/000156459021009021.txt.gz,156459021009021,2021Q1,2021-02-25 18:16:33-05:00,2021-02-26,2021-02-26,2021-02-26,2021-02-25,382.3399963378906,121,1277,0.024352971140847553,143.53916216051513,0.0073470347367802355,46.100859043177415,0.0214729335240297,26.858513032515617,0.5076664729606496,0.6358267768526277,55.0,60.0
630,ROKU,1428439,"ROKU, INC",4841,Cable & Other Pay Television Services,10-Q,2021-05-07,2021-03-31,2021-05-07 20:11:33+00:00,0001564590-21-025558,https://www.sec.gov/Archives/edgar/data/1428439/000156459021025558/roku-10q_20210331.htm,39727,3425,data/interim/text/000156459021025558.txt.gz,156459021025558,2021Q2,2021-05-07 16:11:33-04:00,2021-05-08,2021-05-08,2021-05-10,2021-05-07,317.0,171,1227,0.029853751856420068,145.21404628588976,0.007048103305057014,31.526907181822352,0.024441815390037,24.286729906980735,0.632785090642897,0.5288371889330015,55.0,60.0
631,ROKU,1428439,"ROKU, INC",4841,Cable & Other Pay Television Services,10-Q,2021-08-05,2021-06-30,2021-08-05 20:36:33+00:00,0001564590-21-041648,https://www.sec.gov/Archives/edgar/data/1428439/000156459021041648/roku-10q_20210630.htm,40854,3462,data/interim/text/000156459021041648.txt.gz,156459021041648,2021Q3,2021-08-05 16:36:33-04:00,2021-08-06,2021-08-06,2021-08-06,2021-08-05,403.4800109863281,233,1165,0.029226024379497725,143.69432610574495,0.0068781514661967,31.08323558814785,0.02386547216918784,24.977653842711277,0.5252049786267122,0.42492623603466456,55.0,60.0
632,ROKU,1428439,"ROKU, INC",4841,Cable & Other Pay Television Services,10-Q,2021-11-04,2021-09-30,2021-11-04 20:51:39+00:00,0001564590-21-054545,https://www.sec.gov/Archives/edgar/data/1428439/000156459021054545/roku-10q_20210930.htm,40718,3468,data/interim/text/000156459021054545.txt.gz,156459021054545,2021Q4,2021-11-04 16:51:39-04:00,2021-11-05,2021-11-05,2021-11-05,2021-11-04,289.3900146484375,297,1101,0.030084974704062087,145.77583759087548,0.006925683972690211,31.71485365316239,0.024067979763249668,23.463974027515185,0.3893532054263407,0.8096328311266083,55.0,60.0
633,ROKU,1428439,"ROKU, INC",4841,Cable & Other Pay Television Services,10-K,2022-02-18,2021-12-31,2022-02-18 21:54:27+00:00,0001428439-22-000010,https://www.sec.gov/Archives/edgar/data/1428439/000142843922000010/roku-20211231.htm,47824,3776,data/interim/text/000142843922000010.txt.gz,142843922000010,2022Q1,2022-02-18 16:54:27-05:00,2022-02-19,2022-02-19,2022-02-22,2022-02-18,112.45999908447266,370,1028,0.025510204081632654,135.64336315938152,0.0078412512546002,45.854649691450774,0.02193459350953496,21.437884222380404,0.8213379048344452,0.8879925893479849,55.0,60.0
634,ROKU,1428439,"ROKU, INC",4841,Cable & Other Pay Television Services,10-Q,2022-04-29,2022-03-31,2022-04-29 20:52:24+00:00,0001428439-22-000016,https://www.sec.gov/Archives/edgar/data/1428439/000142843922000016/roku-20220331.htm,36766,3142,data/interim/text/000142843922000016.txt.gz,142843922000016,2022Q2,2022-04-29 16:52:24-04:00,2022-04-30,2022-04-30,2022-05-02,2022-04-29,92.9000015258789,418,980,0.03214926834575423,134.49833825569215,0.007316542457705489,28.078599994339317,0.025050318228798347,16.405838144319866,0.9713798912211511,1.1365942097462713,55.0,60.0
635,ROKU,1428439,"ROKU, INC",4841,Cable & Other Pay Television Services,10-Q,2022-07-29,2022-06-30,2022-07-29 21:11:44+00:00,0001428439-22-000026,https://www.sec.gov/Archives/edgar/data/1428439/000142843922000026/roku-20220630.htm,37712,3147,data/interim/text/000142843922000026.txt.gz,142843922000026,2022Q3,2022-07-29 17:11:44-04:00,2022-07-30,2022-07-30,2022-08-01,2022-07-29,65.5199966430664,480,918,0.03248302927450149,142.13653389131127,0.007239075095460331,27.355629364526685,0.024846202800169706,15.483763819818654,1.0375126506262533,0.6575492592443047,55.0,60.0
636,ROKU,1428439,"ROKU, INC",4841,Cable & Other Pay Television Services,10-Q,2022-11-03,2022-09-30,2022-11-03 20:07:42+00:00,0001428439-22-000036,https://www.sec.gov/Archives/edgar/data/1428439/000142843922000036/roku-20220930.htm,38378,3178,data/interim/text/000142843922000036.txt.gz,142843922000036,2022Q4,2022-11-03 16:07:42-04:00,2022-11-04,2022-11-04,2022-11-04,2022-11-03,51.84000015258789,548,850,0.03204961175673563,143.48691998678817,0.007321903173693261,27.624607451359715,0.02472770858304237,15.45642394427032,0.6564984303060786,0.7049969308765928,55.0,60.0
637,ROKU,1428439,"ROKU, INC",4841,Cable & Other Pay Television Services,10-K,2023-02-16,2022-12-31,2023-02-16 21:51:10+00:00,0001428439-23-000007,https://www.sec.gov/Archives/edgar/data/1428439/000142843923000007/roku-20221231.htm,49145,3829,data/interim/text/000142843923000007.txt.gz,142843923000007,2023Q1,2023-02-16 16:51:10-05:00,2023-02-17,2023-02-17,2023-02-17,2023-02-16,70.56999969482422,619,779,0.02624885542781565,147.04337256853282,0.008118832027673212,49.45712774588531,0.02244378878827958,18.174425546650742,0.6391956184431695,0.5324253601211847,55.0,60.0
638,ROKU,1428439,"ROKU, INC",4841,Cable & Other Pay Television Services,10-Q,2023-04-27,2023-03-31,2023-04-27 20:09:06+00:00,0001428439-23-000017,https://www.sec.gov/Archives/edgar/data/1428439/000142843923000017/roku-20230331.htm,37360,3174,data/interim/text/000142843923000017.txt.gz,142843923000017,2023Q2,2023-04-27 16:09:06-04:00,2023-04-28,2023-04-28,2023-04-28,2023-04-27,57.0099983215332,667,731,0.03329764453961456,146.13386344208445,0.007628479657387581,29.568852515900627,0.026231263383297645,15.396747465930797,0.7277555991533511,0.8422279299984388,55.0,60.0
639,ROKU,1428439,"ROKU, INC",4841,Cable & Other Pay Television Services,10-Q,2023-07-28,2023-06-30,2023-07-28 20:08:06+00:00,0001428439-23-000028,https://www.sec.gov/Archives/edgar/data/1428439/000142843923000028/roku-20230630.htm,37790,3164,data/interim/text/000142843923000028.txt.gz,142843923000028,2023Q3,2023-07-28 16:08:06-04:00,2023-07-29,2023-07-29,2023-07-31,2023-07-28,89.61000061035156,730,668,0.03289229955014554,142.4779594637875,0.007462291611537444,28.58355795870222,0.026012172532415983,14.483317912544388,0.5519599328975309,0.4325395642203238,55.0,60.0
640,ROKU,1428439,"ROKU, INC",4841,Cable & Other Pay Television Services,10-Q,2023-11-02,2023-09-30,2023-11-02 20:22:49+00:00,0001428439-23-000041,https://www.sec.gov/Archives/edgar/data/1428439/000142843923000041/roku-20230930.htm,38169,3189,data/interim/text/000142843923000041.txt.gz,142843923000041,2023Q4,2023-11-02 16:22:49-04:00,2023-11-03,2023-11-03,2023-11-03,2023-11-02,78.05000305175781,798,600,0.033089680106893025,144.1755623058268,0.00741439387985014,28.59742786457593,0.025832481857004375,15.129795829945063,0.43124787704401535,0.46923750240882817,55.0,60.0
641,ROKU,1428439,"ROKU, INC",4841,Cable & Other Pay Television Services,10-K,2024-02-16,2023-12-31,2024-02-16 21:06:52+00:00,0001428439-24-000011,https://www.sec.gov/Archives/edgar/data/1428439/000142843924000011/roku-20231231.htm,49551,3864,data/interim/text/000142843924000011.txt.gz,142843924000011,2024Q1,2024-02-16 16:06:52-05:00,2024-02-17,2024-02-17,2024-02-20,2024-02-16,72.0,870,528,0.027426288066840224,154.24576544654948,0.008153215878589736,44.32977474105657,0.022724062077455552,17.623850242692146,0.45812161799798845,0.3772753953847234,55.0,60.0
642,ROKU,1428439,"ROKU, INC",4841,Cable & Other Pay Television Services,10-Q,2024-04-26,2024-03-31,2024-04-26 20:07:06+00:00,0001428439-24-000019,https://www.sec.gov/Archives/edgar/data/1428439/000142843924000019/roku-20240331.htm,38211,3233,data/interim/text/000142843924000019.txt.gz,142843924000019,2024Q2,2024-04-26 16:07:06-04:00,2024-04-27,2024-04-27,2024-04-29,2024-04-26,56.34999847412109,918,480,0.032896286409672605,146.949440336912,0.007694119494386433,29.267490410377363,0.026065792572819345,15.22752826684941,0.637867799881075,0.40243132337604176,55.0,60.0
643,ROKU,1428439,"ROKU, INC",4841,Cable & Other Pay Television Services,10-Q,2024-08-02,2024-06-30,2024-08-02 20:10:32+00:00,0001428439-24-000034,https://www.sec.gov/Archives/edgar/data/1428439/000142843924000034/roku-20240630.htm,38613,3224,data/interim/text/000142843924000034.txt.gz,142843924000034,2024Q3,2024-08-02 16:10:32-04:00,2024-08-03,2024-08-03,2024-08-05,2024-08-02,53.13999938964844,985,413,0.03193225079636392,145.29375813271298,0.007458627923238288,28.532935170132525,0.02561313547250926,14.906868192216606,0.4137094487891977,0.6041534528161328,55.0,60.0
644,ROKU,1428439,"ROKU, INC",4841,Cable & Other Pay Television Services,10-Q,2024-10-31,2024-09-30,2024-10-31 20:01:59+00:00,0001428439-24-000042,https://www.sec.gov/Archives/edgar/data/1428439/000142843924000042/roku-20240930.htm,39532,3241,data/interim/text/000142843924000042.txt.gz,142843924000042,2024Q4,2024-10-31 16:01:59-04:00,2024-11-01,2024-11-01,2024-11-01,2024-10-31,64.08000183105469,1048,350,0.03187291308307194,146.59392358500102,0.007437013052716787,28.501098030207746,0.025321258727107155,14.294095449333462,0.5077567463063509,0.565627255098346,55.0,60.0
645,ROKU,1428439,"ROKU, INC",4841,Cable & Other Pay Television Services,10-K,2025-02-14,2024-12-31,2025-02-14 21:04:14+00:00,0001428439-25-000013,https://www.sec.gov/Archives/edgar/data/1428439/000142843925000013/roku-20241231.htm,47164,3756,data/interim/text/000142843925000013.txt.gz,142843925000013,2025Q1,2025-02-14 16:04:14-05:00,2025-02-15,2025-02-15,2025-02-18,2025-02-14,99.06999969482422,1119,279,0.027033330506318377,149.99239028967054,0.008905097107963701,53.505039707671074,0.023153252480705624,17.141655092760207,0.5637520183491221,0.7808841851534339,55.0,60.0
646,ROKU,1428439,"ROKU, INC",4841,Cable & Other Pay Television Services,10-Q,2025-05-02,2025-03-31,2025-05-02 20:06:29+00:00,0001428439-25-000017,https://www.sec.gov/Archives/edgar/data/1428439/000142843925000017/roku-20250331.htm,36505,3149,data/interim/text/000142843925000017.txt.gz,142843925000017,2025Q2,2025-05-02 16:06:29-04:00,2025-05-03,2025-05-03,2025-05-05,2025-05-02,61.54999923706055,1172,226,0.033337898917956445,145.71337406007976,0.008245445829338447,30.522083571110052,0.026873031091631285,15.471892817655233,0.812585226735611,0.5727157047390604,55.0,60.0
647,ROKU,1428439,"ROKU, INC",4841,Cable & Other Pay Television Services,10-Q,2025-08-01,2025-06-30,2025-08-01 20:08:43+00:00,0001428439-25-000040,https://www.sec.gov/Archives/edgar/data/1428439/000142843925000040/roku-20250630.htm,37629,3168,data/interim/text/000142843925000040.txt.gz,142843925000040,2025Q3,2025-08-01 16:08:43-04:00,2025-08-02,2025-08-02,2025-08-04,2025-08-01,79.9800033569336,1234,164,0.03255467857237769,145.67656449964863,0.008211751574583433,31.271917749674632,0.026468946822929124,16.124920798758062,0.45258111109045873,0.37201992463145456,55.0,60.0
648,ROKU,1428439,"ROKU, INC",4841,Cable & Other Pay Television Services,10-Q,2025-10-31,2025-09-30,2025-10-31 20:06:54+00:00,0001628280-25-047808,https://www.sec.gov/Archives/edgar/data/1428439/000162828025047808/roku-20250930.htm,37791,3168,data/interim/text/000162828025047808.txt.gz,162828025047808,2025Q4,2025-10-31 16:06:54-04:00,2025-11-01,2025-11-01,2025-11-03,2025-10-31,106.12999725341795,1298,100,0.03241512529438226,145.57382059248803,0.008176549972215607,31.678779071850048,0.026540710751237068,16.59270377590836,0.3642634611260643,0.37466207876408797,55.0,60.0
649,P,1474432,"Everpure, Inc.",3572,Computer Storage Devices,10-K,2021-03-25,2021-01-31,2021-03-25 01:57:00+00:00,0001628280-21-005538,https://www.sec.gov/Archives/edgar/data/1474432/000162828021005538/pstg-20210131.htm,30107,3081,data/interim/text/000162828021005538.txt.gz,162828021005538,2021Q1,2021-03-24 21:57:00-04:00,2021-03-25,2021-03-25,2021-03-25,2021-03-24,20.88999938964844,140,1258,0.023383266350018268,99.62162719213454,0.008934799216129139,36.71063972964501,0.023316836616069352,17.818587548652744,0.572629484880535,0.3089782650824564,55.0,60.0
650,P,1474432,"Everpure, Inc.",3572,Computer Storage Devices,10-Q,2021-06-08,2021-05-02,2021-06-08 21:19:20+00:00,0001628280-21-011838,https://www.sec.gov/Archives/edgar/data/1474432/000162828021011838/pstg-20210502.htm,21490,2409,data/interim/text/000162828021011838.txt.gz,162828021011838,2021Q2,2021-06-08 17:19:20-04:00,2021-06-09,2021-06-09,2021-06-09,2021-06-08,19.100000381469727,192,1206,0.030665425779432293,89.59119111456783,0.008748255002326663,21.93963510146648,0.028664495114006514,12.587733041353431,0.4121763202408621,0.435779709886365,55.0,60.0
651,P,1474432,"Everpure, Inc.",3572,Computer Storage Devices,10-Q,2021-09-08,2021-08-01,2021-09-08 21:10:48+00:00,0001628280-21-018247,https://www.sec.gov/Archives/edgar/data/1474432/000162828021018247/pstg-20210801.htm,22881,2490,data/interim/text/000162828021018247.txt.gz,162828021018247,2021Q3,2021-09-08 17:10:48-04:00,2021-09-09,2021-09-09,2021-09-09,2021-09-08,25.86000061035156,256,1142,0.03264717451160351,99.78768671796274,0.008434946025086315,22.432486195771155,0.0277085791704908,12.481245089605123,0.45201658708836673,0.42614206124214027,55.0,60.0
652,P,1474432,"Everpure, Inc.",3572,Computer Storage Devices,10-Q,2021-12-07,2021-10-31,2021-12-07 20:49:41+00:00,0001628280-21-024638,https://www.sec.gov/Archives/edgar/data/1474432/000162828021024638/pstg-20211031.htm,23156,2503,data/interim/text/000162828021024638.txt.gz,162828021024638,2021Q4,2021-12-07 15:49:41-05:00,2021-12-07,2021-12-07,2021-12-07,2021-12-06,31.549999237060547,318,1080,0.032518569701157365,99.30988606721102,0.008334772845050959,22.91449813716988,0.027379512869234755,13.106249370857864,0.4166292252304796,0.4965108894934263,55.0,60.0
653,P,1474432,"Everpure, Inc.",3572,Computer Storage Devices,10-K,2022-04-07,2022-02-06,2022-04-07 01:00:34+00:00,0001628280-22-008643,https://www.sec.gov/Archives/edgar/data/1474432/000162828022008643/pstg-20220206.htm,31278,3251,data/interim/text/000162828022008643.txt.gz,162828022008643,2022Q2,2022-04-06 21:00:34-04:00,2022-04-07,2022-04-07,2022-04-07,2022-04-06,32.43000030517578,402,996,0.025736939702026985,112.94163085325029,0.009175778502461793,42.85828421759771,0.02269966110365113,17.2475861316967,0.5309436329483174,0.6129538903695759,55.0,60.0
654,P,1474432,"Everpure, Inc.",3572,Computer Storage Devices,10-Q,2022-09-15,2022-08-07,2022-09-15 00:53:40+00:00,0001628280-22-024939,https://www.sec.gov/Archives/edgar/data/1474432/000162828022024939/pstg-20220807.htm,23297,2495,data/interim/text/000162828022024939.txt.gz,162828022024939,2022Q3,2022-09-14 20:53:40-04:00,2022-09-15,2022-09-15,2022-09-15,2022-09-14,29.670000076293945,512,886,0.032493454092801646,98.72312266133738,0.007855088638022064,20.3511234606397,0.028286903893205134,12.314421125408339,0.3214555403631822,0.3336817862692187,55.0,60.0
655,P,1474432,"Everpure, Inc.",3572,Computer Storage Devices,10-Q,2022-12-15,2022-11-06,2022-12-15 01:32:38+00:00,0001628280-22-031956,https://www.sec.gov/Archives/edgar/data/1474432/000162828022031956/pstg-20221106.htm,22668,2438,data/interim/text/000162828022031956.txt.gz,162828022031956,2022Q4,2022-12-14 20:32:38-05:00,2022-12-15,2022-12-15,2022-12-15,2022-12-14,30.64999961853028,576,822,0.033571554614434444,101.97574542882974,0.007852479265925534,20.42531393848324,0.028321863419798834,11.567024955869641,0.34183514970511225,0.4340382985069573,55.0,60.0
656,P,1474432,"Everpure, Inc.",3572,Computer Storage Devices,10-K,2023-04-03,2023-02-05,2023-04-01 00:36:51+00:00,0001628280-23-010275,https://www.sec.gov/Archives/edgar/data/1474432/000162828023010275/pstg-20230205.htm,31370,3341,data/interim/text/000162828023010275.txt.gz,162828023010275,2023Q2,2023-03-31 20:36:51-04:00,2023-04-01,2023-04-03,2023-04-03,2023-03-31,25.51000022888184,649,749,0.025820847943895442,117.54011351517228,0.010264583997449794,46.71032015502431,0.022027414727446605,16.578968788498237,0.45234197465087267,0.5164522682499075,55.0,60.0
657,P,1474432,"Everpure, Inc.",3572,Computer Storage Devices,10-Q,2023-09-14,2023-08-06,2023-09-14 00:55:08+00:00,0001628280-23-032228,https://www.sec.gov/Archives/edgar/data/1474432/000162828023032228/pstg-20230806.htm,21139,2422,data/interim/text/000162828023032228.txt.gz,162828023032228,2023Q3,2023-09-13 20:55:08-04:00,2023-09-14,2023-09-14,2023-09-14,2023-09-13,37.310001373291016,762,636,0.034817162590472586,100.91784076744543,0.008325843228156488,20.52523207389414,0.028809309806518756,11.821691410741932,0.28581751497655855,0.40676981759926123,55.0,60.0
658,P,1474432,"Everpure, Inc.",3572,Computer Storage Devices,10-Q,2023-12-15,2023-11-05,2023-12-15 00:50:50+00:00,0001628280-23-041629,https://www.sec.gov/Archives/edgar/data/1474432/000162828023041629/pstg-20231105.htm,21118,2431,data/interim/text/000162828023041629.txt.gz,162828023041629,2023Q4,2023-12-14 19:50:50-05:00,2023-12-15,2023-12-15,2023-12-15,2023-12-14,36.2599983215332,827,571,0.034520314423714366,98.73209382526295,0.008002651766265745,18.810820641179493,0.028553840325788428,12.059966718001236,0.4192908932630302,0.6463891593316424,55.0,60.0
659,P,1474432,"Everpure, Inc.",3572,Computer Storage Devices,10-K,2024-04-01,2024-02-04,2024-03-30 01:12:45+00:00,0001628280-24-013860,https://www.sec.gov/Archives/edgar/data/1474432/000162828024013860/pstg-20240204.htm,29405,3282,data/interim/text/000162828024013860.txt.gz,162828024013860,2024Q2,2024-03-29 21:12:45-04:00,2024-03-30,2024-04-01,2024-04-01,2024-03-28,51.9900016784668,898,500,0.027444312191804116,111.22760665742064,0.010100323074307091,43.48937816810032,0.02305730317973134,15.32506589528134,0.6738542835634015,0.35204643937972935,55.0,60.0
660,P,1474432,"Everpure, Inc.",3572,Computer Storage Devices,10-Q,2024-09-11,2024-08-04,2024-09-11 01:12:16+00:00,0001628280-24-040066,https://www.sec.gov/Archives/edgar/data/1474432/000162828024040066/pstg-20240804.htm,21135,2446,data/interim/text/000162828024040066.txt.gz,162828024040066,2024Q3,2024-09-10 21:12:16-04:00,2024-09-11,2024-09-11,2024-09-11,2024-09-10,46.709999084472656,1011,387,0.035249585994795364,98.86795804101482,0.008563993375916725,20.418231611925325,0.028152353915306363,10.4883888097291,0.5422046257071137,0.6175289346189693,55.0,60.0
661,P,1474432,"Everpure, Inc.",3572,Computer Storage Devices,10-Q,2024-12-12,2024-11-03,2024-12-11 23:56:54+00:00,0001628280-24-050852,https://www.sec.gov/Archives/edgar/data/1474432/000162828024050852/pstg-20241103.htm,21743,2462,data/interim/text/000162828024050852.txt.gz,162828024050852,2024Q4,2024-12-11 18:56:54-05:00,2024-12-12,2024-12-12,2024-12-12,2024-12-11,62.0,1076,322,0.03440187646598905,97.34959839216914,0.00956629719909856,22.445983915210046,0.028146989835809225,11.033712783597043,0.6181099374985856,0.5348089869542944,55.0,60.0
662,P,1474432,"Everpure, Inc.",3572,Computer Storage Devices,10-K,2025-03-27,2025-02-02,2025-03-27 01:25:43+00:00,0001628280-25-015044,https://www.sec.gov/Archives/edgar/data/1474432/000162828025015044/pstg-20250202.htm,30545,3344,data/interim/text/000162828025015044.txt.gz,162828025015044,2025Q1,2025-03-26 21:25:43-04:00,2025-03-27,2025-03-27,2025-03-27,2025-03-26,50.63999938964844,1146,252,0.026027173023408085,109.67654239361359,0.01109837944017024,48.4195233353018,0.022229497462759863,15.45902117106904,0.5483260095880231,0.5855916241043846,55.0,60.0
663,P,1474432,"Everpure, Inc.",3572,Computer Storage Devices,10-Q,2025-06-11,2025-05-04,2025-06-10 22:21:45+00:00,0001628280-25-030567,https://www.sec.gov/Archives/edgar/data/1474432/000162828025030567/pstg-20250504.htm,21797,2499,data/interim/text/000162828025030567.txt.gz,162828025030567,2025Q2,2025-06-10 18:21:45-04:00,2025-06-11,2025-06-11,2025-06-11,2025-06-10,55.119998931884766,1198,200,0.035050695049777494,98.05754456548976,0.009083818874156994,21.08256700067508,0.028994815800339496,10.581518056200121,0.6345202059612363,0.7549979993444698,55.0,60.0
664,P,1474432,"Everpure, Inc.",3572,Computer Storage Devices,10-Q,2025-09-10,2025-08-03,2025-09-09 21:45:10+00:00,0001474432-25-000046,https://www.sec.gov/Archives/edgar/data/1474432/000147443225000046/pstg-20250803.htm,22355,2521,data/interim/text/000147443225000046.txt.gz,147443225000046,2025Q3,2025-09-09 17:45:10-04:00,2025-09-10,2025-09-10,2025-09-10,2025-09-09,79.20999908447266,1260,138,0.033281145157682844,97.4058708848107,0.009214940729143369,23.294177538758873,0.0280474166853053,10.358205025750033,0.7985374553872926,0.7168499252655828,55.0,60.0
665,P,1474432,"Everpure, Inc.",3572,Computer Storage Devices,10-Q,2025-12-10,2025-11-02,2025-12-10 21:43:56+00:00,0001474432-25-000065,https://www.sec.gov/Archives/edgar/data/1474432/000147443225000065/pstg-20251102.htm,22571,2493,data/interim/text/000147443225000065.txt.gz,147443225000065,2025Q4,2025-12-10 16:43:56-05:00,2025-12-11,2025-12-11,2025-12-11,2025-12-10,73.6500015258789,1325,73,0.03331708829914492,96.8721452339539,0.008683709184351601,21.681266782551106,0.02777900846218599,10.237533194922726,0.7386945240410058,0.6029772772185533,55.0,60.0
666,NET,1477333,"Cloudflare, Inc.",7372,Services-Prepackaged Software,10-K,2021-02-25,2020-12-31,2021-02-25 21:26:35+00:00,0001477333-21-000009,https://www.sec.gov/Archives/edgar/data/1477333/000147733321000009/cloud-20201231.htm,57096,3997,data/interim/text/000147733321000009.txt.gz,147733321000009,2021Q1,2021-02-25 16:26:35-05:00,2021-02-26,2021-02-26,2021-02-26,2021-02-25,71.72000122070312,121,1277,0.028565924057727336,176.0548456620152,0.007215917051982626,37.51241446869645,0.021875437859044417,27.839131760527117,0.6104139274677434,0.7171495946263847,55.0,60.0
667,NET,1477333,"Cloudflare, Inc.",7372,Services-Prepackaged Software,10-Q,2021-05-07,2021-03-31,2021-05-07 20:17:27+00:00,0001477333-21-000026,https://www.sec.gov/Archives/edgar/data/1477333/000147733321000026/cloud-20210331.htm,46375,3487,data/interim/text/000147733321000026.txt.gz,147733321000026,2021Q2,2021-05-07 16:17:27-04:00,2021-05-08,2021-05-08,2021-05-10,2021-05-07,71.62000274658203,171,1227,0.033983827493261454,169.65742858551792,0.006533692722371968,26.15717076141867,0.026199460916442048,24.441957499926023,0.6846533793585928,0.36299812329086617,55.0,60.0
668,NET,1477333,"Cloudflare, Inc.",7372,Services-Prepackaged Software,10-Q,2021-08-06,2021-06-30,2021-08-06 20:20:32+00:00,0001477333-21-000036,https://www.sec.gov/Archives/edgar/data/1477333/000147733321000036/cloud-20210630.htm,47855,3504,data/interim/text/000147733321000036.txt.gz,147733321000036,2021Q3,2021-08-06 16:20:32-04:00,2021-08-07,2021-08-07,2021-08-09,2021-08-06,118.81999969482422,234,1164,0.033183575383972416,167.43154470083388,0.00633162678925922,25.88556005424051,0.025535471737540488,25.891016874023794,0.3849449807827683,0.5106491261430972,55.0,60.0
669,NET,1477333,"Cloudflare, Inc.",7372,Services-Prepackaged Software,10-Q,2021-11-05,2021-09-30,2021-11-05 20:24:34+00:00,0001477333-21-000045,https://www.sec.gov/Archives/edgar/data/1477333/000147733321000045/cloud-20210930.htm,49205,3525,data/interim/text/000147733321000045.txt.gz,147733321000045,2021Q4,2021-11-05 16:24:34-04:00,2021-11-06,2021-11-06,2021-11-08,2021-11-05,197.259994506836,298,1100,0.03282186769637232,168.68421107934364,0.006239203332994614,26.79021807275896,0.025180367848795855,26.428425130611377,0.5258498241613035,0.8770433640098119,55.0,60.0
670,NET,1477333,"Cloudflare, Inc.",7372,Services-Prepackaged Software,10-K,2022-03-01,2021-12-31,2022-03-01 21:26:07+00:00,0001477333-22-000008,https://www.sec.gov/Archives/edgar/data/1477333/000147733322000008/cloud-20211231.htm,58821,4024,data/interim/text/000147733322000008.txt.gz,147733322000008,2022Q1,2022-03-01 16:26:07-05:00,2022-03-02,2022-03-02,2022-03-02,2022-03-01,117.6500015258789,376,1022,0.029326261029224258,183.4756255326671,0.007106305571139559,38.196583763442604,0.02262797300283912,29.337418654445766,0.8915465484581516,1.07225106509203,55.0,60.0
671,NET,1477333,"Cloudflare, Inc.",7372,Services-Prepackaged Software,10-Q,2022-05-05,2022-03-31,2022-05-05 20:59:55+00:00,0001477333-22-000031,https://www.sec.gov/Archives/edgar/data/1477333/000147733322000031/cloud-20220331.htm,49707,3509,data/interim/text/000147733322000031.txt.gz,147733322000031,2022Q2,2022-05-05 16:59:55-04:00,2022-05-06,2022-05-06,2022-05-06,2022-05-05,77.80999755859375,422,976,0.03424065021023196,173.72276502270898,0.006236546160500533,26.837035348452098,0.0265757338000684,26.90702877684581,0.9871707881968469,1.1218752297892356,55.0,60.0
672,NET,1477333,"Cloudflare, Inc.",7372,Services-Prepackaged Software,10-Q,2022-08-04,2022-06-30,2022-08-04 20:30:02+00:00,0001477333-22-000048,https://www.sec.gov/Archives/edgar/data/1477333/000147733322000048/cloud-20220630.htm,50645,3455,data/interim/text/000147733322000048.txt.gz,147733322000048,2022Q3,2022-08-04 16:30:02-04:00,2022-08-05,2022-08-05,2022-08-05,2022-08-04,58.43000030517578,484,914,0.03435679731464113,175.66419064190575,0.0060815480304077406,26.26008123145293,0.025945305558297955,23.036631014949197,0.9977660579213663,0.7073168996344191,55.0,60.0
673,NET,1477333,"Cloudflare, Inc.",7372,Services-Prepackaged Software,10-Q,2022-11-03,2022-09-30,2022-11-03 20:55:26+00:00,0001477333-22-000060,https://www.sec.gov/Archives/edgar/data/1477333/000147733322000060/cloud-20220930.htm,51415,3474,data/interim/text/000147733322000060.txt.gz,147733322000060,2022Q4,2022-11-03 16:55:26-04:00,2022-11-04,2022-11-04,2022-11-04,2022-11-03,50.369998931884766,548,850,0.03467859574054264,177.72468476138414,0.006282213361859379,30.066046769432166,0.02579013906447535,23.325105515307996,0.7071134990610504,0.9883613634658535,55.0,60.0
674,NET,1477333,"Cloudflare, Inc.",7372,Services-Prepackaged Software,10-K,2023-02-24,2022-12-31,2023-02-24 21:46:22+00:00,0001477333-23-000017,https://www.sec.gov/Archives/edgar/data/1477333/000147733323000017/cloud-20221231.htm,59866,4069,data/interim/text/000147733323000017.txt.gz,147733323000017,2023Q1,2023-02-24 16:46:22-05:00,2023-02-25,2023-02-25,2023-02-27,2023-02-24,59.20000076293945,624,774,0.031353355828015905,194.38419702806502,0.007449971603247252,40.53211051622236,0.022934553836902415,25.360407967196338,0.8172827579112072,0.7072724954274,55.0,60.0
675,NET,1477333,"Cloudflare, Inc.",7372,Services-Prepackaged Software,10-Q,2023-04-27,2023-03-31,2023-04-27 20:32:35+00:00,0001477333-23-000043,https://www.sec.gov/Archives/edgar/data/1477333/000147733323000043/cloud-20230331.htm,51076,3513,data/interim/text/000147733323000043.txt.gz,147733323000043,2023Q2,2023-04-27 16:32:35-04:00,2023-04-28,2023-04-28,2023-04-28,2023-04-27,59.58000183105469,667,731,0.0356723314276764,187.47116619885648,0.006500117472002506,28.827701272941848,0.026157099224684784,22.34547119275903,0.6304939310276146,0.585571319270901,55.0,60.0
676,NET,1477333,"Cloudflare, Inc.",7372,Services-Prepackaged Software,10-Q,2023-08-03,2023-06-30,2023-08-03 20:53:55+00:00,0001477333-23-000056,https://www.sec.gov/Archives/edgar/data/1477333/000147733323000056/cloud-20230630.htm,51812,3537,data/interim/text/000147733323000056.txt.gz,147733323000056,2023Q3,2023-08-03 16:53:55-04:00,2023-08-04,2023-08-04,2023-08-04,2023-08-03,65.04000091552734,734,664,0.034914691577240795,180.3076021309382,0.006465683625414962,29.710192632684596,0.02549602408708407,22.55386076794171,0.567938653558477,0.49459998801337923,55.0,60.0
677,NET,1477333,"Cloudflare, Inc.",7372,Services-Prepackaged Software,10-Q,2023-11-02,2023-09-30,2023-11-02 20:53:37+00:00,0001477333-23-000064,https://www.sec.gov/Archives/edgar/data/1477333/000147733323000064/cloud-20230930.htm,51781,3521,data/interim/text/000147733323000064.txt.gz,147733323000064,2023Q4,2023-11-02 16:53:37-04:00,2023-11-03,2023-11-03,2023-11-03,2023-11-02,56.58000183105469,798,600,0.03503215465131998,181.741110502942,0.006508178675575983,29.765244877584138,0.025491975821247174,21.76421148022095,0.5068886497138988,0.42443851516941805,55.0,60.0
678,NET,1477333,"Cloudflare, Inc.",7372,Services-Prepackaged Software,10-K,2024-02-21,2023-12-31,2024-02-21 22:07:15+00:00,0001477333-24-000013,https://www.sec.gov/Archives/edgar/data/1477333/000147733324000013/cloud-20231231.htm,61794,4138,data/interim/text/000147733324000013.txt.gz,147733324000013,2024Q1,2024-02-21 17:07:15-05:00,2024-02-22,2024-02-22,2024-02-22,2024-02-21,95.08999633789062,872,526,0.03207431142182089,198.7935945294177,0.0074117228209858565,43.00098147370173,0.022995760106159176,23.392318570517414,0.5962540227203627,0.45181401318312414,55.0,60.0
679,NET,1477333,"Cloudflare, Inc.",7372,Services-Prepackaged Software,10-Q,2024-05-02,2024-03-31,2024-05-02 20:26:47+00:00,0001477333-24-000050,https://www.sec.gov/Archives/edgar/data/1477333/000147733324000050/cloud-20240331.htm,51499,3514,data/interim/text/000147733324000050.txt.gz,147733324000050,2024Q2,2024-05-02 16:26:47-04:00,2024-05-03,2024-05-03,2024-05-03,2024-05-02,88.97000122070312,922,476,0.03627254898153362,184.9090143213388,0.0066797413542010525,30.189322645365312,0.02596166915862444,22.78599645952167,0.5875219738203964,0.39972504865753467,55.0,60.0
680,NET,1477333,"Cloudflare, Inc.",7372,Services-Prepackaged Software,10-Q,2024-08-01,2024-06-30,2024-08-01 20:23:56+00:00,0001477333-24-000070,https://www.sec.gov/Archives/edgar/data/1477333/000147733324000070/cloud-20240630.htm,53853,3561,data/interim/text/000147733324000070.txt.gz,147733324000070,2024Q3,2024-08-01 16:23:56-04:00,2024-08-02,2024-08-02,2024-08-02,2024-08-01,74.4000015258789,984,414,0.03548548827363378,185.69947392969465,0.0065548808794310435,30.398183774161943,0.025402484541251182,23.566459547893672,0.3773662460809262,0.3906314691182322,55.0,60.0
681,NET,1477333,"Cloudflare, Inc.",7372,Services-Prepackaged Software,10-Q,2024-11-07,2024-09-30,2024-11-07 21:27:01+00:00,0001477333-24-000085,https://www.sec.gov/Archives/edgar/data/1477333/000147733324000085/cloud-20240930.htm,54038,3550,data/interim/text/000147733324000085.txt.gz,147733324000085,2024Q4,2024-11-07 16:27:01-05:00,2024-11-08,2024-11-08,2024-11-08,2024-11-07,95.66000366210938,1053,345,0.035104926163070434,184.11015140355659,0.006476923646322958,30.053646389652585,0.025334024205188942,23.52516509097689,0.38126135763029007,0.5616157933540802,55.0,60.0
682,NET,1477333,"Cloudflare, Inc.",7372,Services-Prepackaged Software,10-K,2025-02-20,2024-12-31,2025-02-20 21:36:15+00:00,0001477333-25-000043,https://www.sec.gov/Archives/edgar/data/1477333/000147733325000043/cloud-20241231.htm,62095,4157,data/interim/text/000147733325000043.txt.gz,147733325000043,2025Q1,2025-02-20 16:36:15-05:00,2025-02-21,2025-02-21,2025-02-21,2025-02-20,156.3800048828125,1122,276,0.03182220790723891,202.28719211533695,0.007488525646187294,42.49395942245597,0.022691037925758918,25.092742127116644,0.5713840425930381,0.6753731689161341,55.0,60.0
683,NET,1477333,"Cloudflare, Inc.",7372,Services-Prepackaged Software,10-Q,2025-05-08,2025-03-31,2025-05-08 20:21:43+00:00,0001477333-25-000082,https://www.sec.gov/Archives/edgar/data/1477333/000147733325000082/cloud-20250331.htm,53518,3561,data/interim/text/000147733325000082.txt.gz,147733325000082,2025Q2,2025-05-08 16:21:43-04:00,2025-05-09,2025-05-09,2025-05-09,2025-05-08,124.30999755859376,1176,222,0.036100003737060425,190.6564424473437,0.006595911655891476,30.673837351654033,0.025748346350760492,23.8146616804343,0.6726677580829117,0.35253792832581304,55.0,60.0
684,NET,1477333,"Cloudflare, Inc.",7372,Services-Prepackaged Software,10-Q,2025-07-31,2025-06-30,2025-07-31 20:22:49+00:00,0001477333-25-000137,https://www.sec.gov/Archives/edgar/data/1477333/000147733325000137/cloud-20250630.htm,54719,3591,data/interim/text/000147733325000137.txt.gz,147733325000137,2025Q3,2025-07-31 16:22:49-04:00,2025-08-01,2025-08-01,2025-08-01,2025-07-31,207.67999267578125,1233,165,0.03556351541512089,191.60237551886723,0.00654251722436448,31.584339378676322,0.025110108006359766,23.719339198083,0.39046563081999397,0.33490728634006234,55.0,60.0
685,NET,1477333,"Cloudflare, Inc.",7372,Services-Prepackaged Software,10-Q,2025-10-30,2025-09-30,2025-10-30 20:24:26+00:00,0001477333-25-000141,https://www.sec.gov/Archives/edgar/data/1477333/000147733325000141/cloud-20250930.htm,55064,3590,data/interim/text/000147733325000141.txt.gz,147733325000141,2025Q4,2025-10-30 16:24:26-04:00,2025-10-31,2025-10-31,2025-10-31,2025-10-30,222.5,1297,101,0.03537701583611797,191.03503420821204,0.006447043440360308,30.3368356462538,0.02497094290280401,23.67008716705438,0.33779937877542343,0.5219740929789392,55.0,60.0
686,ADPT,1478320,Adaptive Biotechnologies Corp,2836,"Biological Products, (No Diagnostic Substances)",10-K,2021-02-24,2020-12-31,2021-02-24 21:31:08+00:00,0001564590-21-008124,https://www.sec.gov/Archives/edgar/data/1478320/000156459021008124/adpt-10k_20201231.htm,73559,5017,data/interim/text/000156459021008124.txt.gz,156459021008124,2021Q1,2021-02-24 16:31:08-05:00,2021-02-25,2021-02-25,2021-02-25,2021-02-24,58.38999938964844,120,1278,0.027882380130235595,274.6518700069274,0.011025163474217975,64.23625198472371,0.02139778952949333,37.20186276320353,0.5833894530552941,0.6812672935010288,55.0,60.0
687,ADPT,1478320,Adaptive Biotechnologies Corp,2836,"Biological Products, (No Diagnostic Substances)",10-Q,2021-05-05,2021-03-31,2021-05-05 20:31:05+00:00,0001564590-21-024122,https://www.sec.gov/Archives/edgar/data/1478320/000156459021024122/adpt-10q_20210331.htm,7685,1267,data/interim/text/000156459021024122.txt.gz,156459021024122,2021Q2,2021-05-05 16:31:05-04:00,2021-05-06,2021-05-06,2021-05-06,2021-05-05,35.459999084472656,169,1229,0.008718282368249838,3.8976651539164298,0.00520494469746259,7.573324338650991,0.015224463240078074,3.0540728813493603,0.7157078126909374,0.46422924695546924,55.0,60.0
688,ADPT,1478320,Adaptive Biotechnologies Corp,2836,"Biological Products, (No Diagnostic Substances)",10-Q,2021-08-04,2021-06-30,2021-08-04 20:31:44+00:00,0001564590-21-040868,https://www.sec.gov/Archives/edgar/data/1478320/000156459021040868/adpt-10q_20210630.htm,8265,1262,data/interim/text/000156459021040868.txt.gz,156459021040868,2021Q3,2021-08-04 16:31:44-04:00,2021-08-05,2021-08-05,2021-08-05,2021-08-04,37.36000061035156,232,1166,0.008832425892317,4.598927371629484,0.005202661826981246,7.516894070709531,0.014035087719298246,3.5007281203764697,0.47746774554222043,0.5280491522561662,55.0,60.0
689,ADPT,1478320,Adaptive Biotechnologies Corp,2836,"Biological Products, (No Diagnostic Substances)",10-Q,2021-11-03,2021-09-30,2021-11-03 20:31:39+00:00,0001564590-21-053988,https://www.sec.gov/Archives/edgar/data/1478320/000156459021053988/adpt-10q_20210930.htm,8374,1276,data/interim/text/000156459021053988.txt.gz,156459021053988,2021Q4,2021-11-03 16:31:39-04:00,2021-11-04,2021-11-04,2021-11-04,2021-11-03,35.040000915527344,296,1102,0.009314545020300932,4.593330639588764,0.005254358729400526,8.053558997508473,0.013852400286601386,3.6952551138066716,0.5092926659769563,0.7849023330564334,55.0,60.0
690,ADPT,1478320,Adaptive Biotechnologies Corp,2836,"Biological Products, (No Diagnostic Substances)",10-K,2022-02-15,2021-12-31,2022-02-15 21:31:38+00:00,0001564590-22-005228,https://www.sec.gov/Archives/edgar/data/1478320/000156459022005228/adpt-10k_20211231.htm,73043,5006,data/interim/text/000156459022005228.txt.gz,156459022005228,2022Q1,2022-02-15 16:31:38-05:00,2022-02-16,2022-02-16,2022-02-16,2022-02-15,14.6899995803833,367,1031,0.02835316183617869,268.9938591803709,0.011281026244814698,68.03937157252567,0.021617403447284477,36.46540124433758,0.7890663122600826,0.9346925848277118,55.0,60.0
691,ADPT,1478320,Adaptive Biotechnologies Corp,2836,"Biological Products, (No Diagnostic Substances)",10-Q,2022-05-04,2022-03-31,2022-05-04 20:22:28+00:00,0001564590-22-017870,https://www.sec.gov/Archives/edgar/data/1478320/000156459022017870/adpt-10q_20220331.htm,7434,1230,data/interim/text/000156459022017870.txt.gz,156459022017870,2022Q2,2022-05-04 16:22:28-04:00,2022-05-05,2022-05-05,2022-05-05,2022-05-04,9.25,421,977,0.010223298358891578,5.078640667700142,0.0057842345977939195,6.747209038521315,0.015200430454667744,3.9717755411640137,0.8088541619104502,1.0207345788653717,55.0,60.0
692,ADPT,1478320,Adaptive Biotechnologies Corp,2836,"Biological Products, (No Diagnostic Substances)",10-Q,2022-08-03,2022-06-30,2022-08-03 20:31:15+00:00,0001564590-22-027784,https://www.sec.gov/Archives/edgar/data/1478320/000156459022027784/adpt-10q_20220630.htm,8047,1224,data/interim/text/000156459022027784.txt.gz,156459022027784,2022Q3,2022-08-03 16:31:15-04:00,2022-08-04,2022-08-04,2022-08-04,2022-08-03,9.890000343322754,483,915,0.010065863054554492,4.941874465667795,0.00596495588418044,6.8035005567755045,0.013669690567913508,3.8485872249539796,1.0519839845317223,0.8409974762180603,55.0,60.0
693,ADPT,1478320,Adaptive Biotechnologies Corp,2836,"Biological Products, (No Diagnostic Substances)",10-Q,2022-11-03,2022-09-30,2022-11-03 20:31:19+00:00,0000950170-22-021923,https://www.sec.gov/Archives/edgar/data/1478320/000095017022021923/adpt-20220930.htm,9585,1384,data/interim/text/000095017022021923.txt.gz,95017022021923,2022Q4,2022-11-03 16:31:19-04:00,2022-11-04,2022-11-04,2022-11-04,2022-11-03,7.78000020980835,548,850,0.010641627543035994,7.643120498844951,0.005216484089723527,6.365601180440574,0.013562858633281168,4.32396227953141,0.7925336611467898,0.9353421383840189,55.0,60.0
694,ADPT,1478320,Adaptive Biotechnologies Corp,2836,"Biological Products, (No Diagnostic Substances)",10-K,2023-02-14,2022-12-31,2023-02-14 21:32:14+00:00,0000950170-23-002792,https://www.sec.gov/Archives/edgar/data/1478320/000095017023002792/adpt-20221231.htm,70729,4896,data/interim/text/000095017023002792.txt.gz,95017023002792,2023Q1,2023-02-14 16:32:14-05:00,2023-02-15,2023-02-15,2023-02-15,2023-02-14,8.680000305175781,617,781,0.02898386800322357,266.43174308468815,0.011240085396372067,61.585420039199306,0.021193569822844944,33.72705375669307,0.778257377335817,0.688682953220075,55.0,60.0
695,ADPT,1478320,Adaptive Biotechnologies Corp,2836,"Biological Products, (No Diagnostic Substances)",10-Q,2023-05-03,2023-03-31,2023-05-03 20:32:35+00:00,0000950170-23-017250,https://www.sec.gov/Archives/edgar/data/1478320/000095017023017250/adpt-20230331.htm,7529,1271,data/interim/text/000095017023017250.txt.gz,95017023017250,2023Q2,2023-05-03 16:32:35-04:00,2023-05-04,2023-05-04,2023-05-04,2023-05-03,7.5,671,727,0.010227121795723203,6.617394450267715,0.005047151016071191,5.532790661622098,0.014742993757471111,3.649997356657194,0.7147362696231608,0.6688080373050803,55.0,60.0
696,ADPT,1478320,Adaptive Biotechnologies Corp,2836,"Biological Products, (No Diagnostic Substances)",10-Q,2023-08-02,2023-06-30,2023-08-02 20:31:38+00:00,0000950170-23-037234,https://www.sec.gov/Archives/edgar/data/1478320/000095017023037234/adpt-20230630.htm,8367,1280,data/interim/text/000095017023037234.txt.gz,95017023037234,2023Q3,2023-08-02 16:31:38-04:00,2023-08-03,2023-08-03,2023-08-03,2023-08-02,7.960000038146973,733,665,0.009800406358312417,6.431556506783885,0.0056173060834229715,5.882084878305503,0.013266403728935103,3.525080184096335,0.6374642163030322,0.6717746118804041,55.0,60.0
697,ADPT,1478320,Adaptive Biotechnologies Corp,2836,"Biological Products, (No Diagnostic Substances)",10-Q,2023-11-09,2023-09-30,2023-11-09 21:30:32+00:00,0000950170-23-062136,https://www.sec.gov/Archives/edgar/data/1478320/000095017023062136/adpt-20230930.htm,8352,1283,data/interim/text/000095017023062136.txt.gz,95017023062136,2023Q4,2023-11-09 16:30:32-05:00,2023-11-10,2023-11-10,2023-11-10,2023-11-09,4.289999961853027,803,595,0.009818007662835249,6.440813072843519,0.005387931034482759,5.728220047592398,0.013170498084291188,3.5301536274463503,0.7318245141576708,0.7611516312751214,55.0,60.0
698,ADPT,1478320,Adaptive Biotechnologies Corp,2836,"Biological Products, (No Diagnostic Substances)",10-K,2024-02-29,2023-12-31,2024-02-29 21:15:41+00:00,0000950170-24-023095,https://www.sec.gov/Archives/edgar/data/1478320/000095017024023095/adpt-20231231.htm,62430,4616,data/interim/text/000095017024023095.txt.gz,95017024023095,2024Q1,2024-02-29 16:15:41-05:00,2024-03-01,2024-03-01,2024-03-01,2024-02-29,4.110000133514404,878,520,0.03137914464199904,260.7891386003157,0.010940253083453469,56.867581132777225,0.022585295530994715,32.52012990169035,0.7498326183753107,0.8510109153094267,55.0,60.0
699,ADPT,1478320,Adaptive Biotechnologies Corp,2836,"Biological Products, (No Diagnostic Substances)",10-Q,2024-05-07,2024-03-31,2024-05-07 20:30:43+00:00,0000950170-24-054604,https://www.sec.gov/Archives/edgar/data/1478320/000095017024054604/adpt-20240331.htm,7771,1270,data/interim/text/000095017024054604.txt.gz,95017024054604,2024Q2,2024-05-07 16:30:43-04:00,2024-05-08,2024-05-08,2024-05-08,2024-05-07,3.109999895095825,925,473,0.010294685368678419,6.290774601205743,0.005018659117230729,5.907455874934712,0.015184660918800668,3.722552102121877,0.8244251969134834,0.6725373139899795,55.0,60.0
700,ADPT,1478320,Adaptive Biotechnologies Corp,2836,"Biological Products, (No Diagnostic Substances)",10-Q,2024-08-01,2024-06-30,2024-08-01 20:30:28+00:00,0000950170-24-089342,https://www.sec.gov/Archives/edgar/data/1478320/000095017024089342/adpt-20240630.htm,8944,1302,data/interim/text/000095017024089342.txt.gz,95017024089342,2024Q3,2024-08-01 16:30:28-04:00,2024-08-02,2024-08-02,2024-08-02,2024-08-01,4.449999809265137,984,414,0.012634168157423971,9.864461862827266,0.005366726296958855,6.642354323686594,0.013416815742397137,3.5757525714498346,0.7085411405010449,0.7849378074650136,55.0,60.0
701,ADPT,1478320,Adaptive Biotechnologies Corp,2836,"Biological Products, (No Diagnostic Substances)",10-Q,2024-11-07,2024-09-30,2024-11-07 21:30:29+00:00,0000950170-24-123423,https://www.sec.gov/Archives/edgar/data/1478320/000095017024123423/adpt-20240930.htm,8995,1295,data/interim/text/000095017024123423.txt.gz,95017024123423,2024Q4,2024-11-07 16:30:29-05:00,2024-11-08,2024-11-08,2024-11-08,2024-11-07,5.630000114440918,1053,345,0.011895497498610338,9.213621920151073,0.005113952195664258,6.444094294866261,0.01311839911061701,3.562272053241088,0.7950342326863252,0.9232400635203185,55.0,60.0
702,ADPT,1478320,Adaptive Biotechnologies Corp,2836,"Biological Products, (No Diagnostic Substances)",10-K,2025-03-03,2024-12-31,2025-03-03 21:36:18+00:00,0000950170-25-030913,https://www.sec.gov/Archives/edgar/data/1478320/000095017025030913/adpt-20241231.htm,62730,4602,data/interim/text/000095017025030913.txt.gz,95017025030913,2025Q1,2025-03-03 16:36:18-05:00,2025-03-04,2025-03-04,2025-03-04,2025-03-03,8.100000381469727,1129,269,0.03150007970667942,261.6116708612018,0.011111111111111112,59.80751092202692,0.02273234497050853,38.84965098126437,0.8249606351902068,0.9821670250880534,55.0,60.0
703,ADPT,1478320,Adaptive Biotechnologies Corp,2836,"Biological Products, (No Diagnostic Substances)",10-Q,2025-05-01,2025-03-31,2025-05-01 20:30:23+00:00,0000950170-25-061897,https://www.sec.gov/Archives/edgar/data/1478320/000095017025061897/adpt-20250331.htm,7722,1291,data/interim/text/000095017025061897.txt.gz,95017025061897,2025Q2,2025-05-01 16:30:23-04:00,2025-05-02,2025-05-02,2025-05-02,2025-05-01,7.360000133514404,1171,227,0.011137011137011137,6.476822404879053,0.004662004662004662,6.41226475584745,0.015022015022015021,3.752463019798551,0.7424017490956286,0.45058354085325647,55.0,60.0
704,ADPT,1478320,Adaptive Biotechnologies Corp,2836,"Biological Products, (No Diagnostic Substances)",10-Q,2025-08-05,2025-06-30,2025-08-05 20:31:13+00:00,0000950170-25-103120,https://www.sec.gov/Archives/edgar/data/1478320/000095017025103120/adpt-20250630.htm,8708,1313,data/interim/text/000095017025103120.txt.gz,95017025103120,2025Q3,2025-08-05 16:31:13-04:00,2025-08-06,2025-08-06,2025-08-06,2025-08-05,11.050000190734863,1236,162,0.012632062471290766,9.012633939150863,0.004593477262287551,6.729122951327573,0.01320624712907671,3.6188720621027057,0.4416491174893295,0.6132933491368585,55.0,60.0
705,ADPT,1478320,Adaptive Biotechnologies Corp,2836,"Biological Products, (No Diagnostic Substances)",10-Q,2025-11-05,2025-09-30,2025-11-05 21:31:01+00:00,0001193125-25-267061,https://www.sec.gov/Archives/edgar/data/1478320/000119312525267061/adpt-20250930.htm,9347,1366,data/interim/text/000119312525267061.txt.gz,119312525267061,2025Q4,2025-11-05 16:31:01-05:00,2025-11-06,2025-11-06,2025-11-06,2025-11-05,17.59000015258789,1301,97,0.012945330052423237,11.084729924196116,0.005028351342676794,7.60133298253572,0.013373274847544667,3.5689581514447006,0.6312266993296808,0.7714611633623287,55.0,60.0
706,BWXT,1486957,"BWX Technologies, Inc.",3510,Engines & Turbines,10-K,2021-02-22,2020-12-31,2021-02-22 21:42:34+00:00,0001486957-21-000006,https://www.sec.gov/Archives/edgar/data/1486957/000148695721000006/bwxt-20201231.htm,32698,3090,data/interim/text/000148695721000006.txt.gz,148695721000006,2021Q1,2021-02-22 16:42:34-05:00,2021-02-23,2021-02-23,2021-02-23,2021-02-22,54.07042694091797,118,1280,0.024649825677411464,133.2776058055324,0.0040675270658755884,21.00203618753705,0.020092972047220013,23.253188583504816,0.2664451488368424,0.21060076919015333,55.0,60.0
707,BWXT,1486957,"BWX Technologies, Inc.",3510,Engines & Turbines,10-Q,2021-05-03,2021-03-31,2021-05-03 20:38:51+00:00,0001486957-21-000017,https://www.sec.gov/Archives/edgar/data/1486957/000148695721000017/bwxt-20210331.htm,7581,1250,data/interim/text/000148695721000017.txt.gz,148695721000017,2021Q2,2021-05-03 16:38:51-04:00,2021-05-04,2021-05-04,2021-05-04,2021-05-03,63.22700500488281,167,1231,0.01187178472497032,22.440513214882557,0.0032977179791584222,2.6131640584261215,0.014246141669964385,5.0838512042284965,0.23053700261649268,0.21824173182938617,55.0,60.0
708,BWXT,1486957,"BWX Technologies, Inc.",3510,Engines & Turbines,10-Q,2021-08-02,2021-06-30,2021-08-02 20:23:30+00:00,0001486957-21-000027,https://www.sec.gov/Archives/edgar/data/1486957/000148695721000027/bwxt-20210630.htm,8408,1265,data/interim/text/000148695721000027.txt.gz,148695721000027,2021Q3,2021-08-02 16:23:30-04:00,2021-08-03,2021-08-03,2021-08-03,2021-08-02,53.67396545410156,230,1168,0.011060894386298764,22.16312186221649,0.003092293054234063,2.568222468155002,0.01225023786869648,4.665451441586508,0.219776078736564,0.21321957090315982,55.0,60.0
709,BWXT,1486957,"BWX Technologies, Inc.",3510,Engines & Turbines,10-Q,2021-11-01,2021-09-30,2021-11-01 20:25:24+00:00,0001486957-21-000031,https://www.sec.gov/Archives/edgar/data/1486957/000148695721000031/bwxt-20210930.htm,8657,1307,data/interim/text/000148695721000031.txt.gz,148695721000031,2021Q4,2021-11-01 16:25:24-04:00,2021-11-02,2021-11-02,2021-11-02,2021-11-01,54.53034973144531,294,1104,0.01120480535982442,23.587895300305167,0.003118863347579993,2.5989309288788003,0.01212891301836664,4.996208434816777,0.20548391858673187,0.23144358541109536,55.0,60.0
710,BWXT,1486957,"BWX Technologies, Inc.",3510,Engines & Turbines,10-K,2022-02-22,2021-12-31,2022-02-22 21:36:40+00:00,0001486957-22-000005,https://www.sec.gov/Archives/edgar/data/1486957/000148695722000005/bwxt-20211231.htm,31953,3069,data/interim/text/000148695722000005.txt.gz,148695722000005,2022Q1,2022-02-22 16:36:40-05:00,2022-02-23,2022-02-23,2022-02-23,2022-02-22,40.65820693969727,371,1027,0.02591305980659093,137.19466536691036,0.004913466654148281,26.618005274571562,0.020592745595092794,22.93401244201234,0.24459930805325014,0.28196002801458564,55.0,60.0
711,BWXT,1486957,"BWX Technologies, Inc.",3510,Engines & Turbines,10-Q,2022-05-09,2022-03-31,2022-05-09 20:28:12+00:00,0001486957-22-000017,https://www.sec.gov/Archives/edgar/data/1486957/000148695722000017/bwxt-20220331.htm,7203,1257,data/interim/text/000148695722000017.txt.gz,148695722000017,2022Q2,2022-05-09 16:28:12-04:00,2022-05-10,2022-05-10,2022-05-10,2022-05-09,45.66389465332031,424,974,0.012355962793280578,20.523356201169445,0.003331945022907122,2.42207561813417,0.013188949049007357,4.303804082257726,0.3520060544452997,0.2631499226485059,55.0,60.0
712,BWXT,1486957,"BWX Technologies, Inc.",3510,Engines & Turbines,10-Q,2022-08-08,2022-06-30,2022-08-08 20:27:24+00:00,0001486957-22-000026,https://www.sec.gov/Archives/edgar/data/1486957/000148695722000026/bwxt-20220630.htm,8038,1268,data/interim/text/000148695722000026.txt.gz,148695722000026,2022Q3,2022-08-08 16:27:24-04:00,2022-08-09,2022-08-09,2022-08-09,2022-08-08,53.62016677856445,486,912,0.011445633242100024,21.734373522855538,0.003732271709380443,2.618276233423308,0.011943269470017417,4.14061734930767,0.27980387891295666,0.259648352348945,55.0,60.0
713,BWXT,1486957,"BWX Technologies, Inc.",3510,Engines & Turbines,10-Q,2022-11-07,2022-09-30,2022-11-07 21:35:26+00:00,0001486957-22-000035,https://www.sec.gov/Archives/edgar/data/1486957/000148695722000035/bwxt-20220930.htm,8511,1297,data/interim/text/000148695722000035.txt.gz,148695722000035,2022Q4,2022-11-07 16:35:26-05:00,2022-11-08,2022-11-08,2022-11-08,2022-11-07,55.31144332885742,550,848,0.011044530607449183,20.68274451351887,0.003642345200328986,2.5658779484997614,0.011162025613911409,4.816377061572002,0.26697696569487533,0.2194914406131399,55.0,60.0
714,BWXT,1486957,"BWX Technologies, Inc.",3510,Engines & Turbines,10-K,2023-02-23,2022-12-31,2023-02-23 21:22:51+00:00,0001486957-23-000008,https://www.sec.gov/Archives/edgar/data/1486957/000148695723000008/bwxt-20221231.htm,32733,3111,data/interim/text/000148695723000008.txt.gz,148695723000008,2023Q1,2023-02-23 16:22:51-05:00,2023-02-24,2023-02-24,2023-02-24,2023-02-23,57.325138092041016,623,775,0.025326123483945865,136.44823049133788,0.004857483273760425,25.99622304602171,0.019582684141386367,23.232598221899217,0.21035201071790308,0.19087020265495547,55.0,60.0
715,BWXT,1486957,"BWX Technologies, Inc.",3510,Engines & Turbines,10-Q,2023-05-08,2023-03-31,2023-05-08 20:22:02+00:00,0001486957-23-000027,https://www.sec.gov/Archives/edgar/data/1486957/000148695723000027/bwxt-20230331.htm,6944,1175,data/interim/text/000148695723000027.txt.gz,148695723000027,2023Q2,2023-05-08 16:22:02-04:00,2023-05-09,2023-05-09,2023-05-09,2023-05-08,63.10156631469727,674,724,0.011232718894009217,16.092712284925206,0.0034562211981566822,2.396702008674938,0.012096774193548387,3.3588698077607435,0.18854261718590726,0.2599693823924985,55.0,60.0
716,BWXT,1486957,"BWX Technologies, Inc.",3510,Engines & Turbines,10-Q,2023-08-03,2023-06-30,2023-08-03 20:29:48+00:00,0001486957-23-000033,https://www.sec.gov/Archives/edgar/data/1486957/000148695723000033/bwxt-20230630.htm,7896,1218,data/interim/text/000148695723000033.txt.gz,148695723000033,2023Q3,2023-08-03 16:29:48-04:00,2023-08-04,2023-08-04,2023-08-04,2023-08-03,66.76336669921875,734,664,0.01038500506585613,18.746690141921178,0.00303951367781155,2.1044879874275186,0.010511651469098278,4.711480581305714,0.2051476193455436,0.20283134961902685,55.0,60.0
717,BWXT,1486957,"BWX Technologies, Inc.",3510,Engines & Turbines,10-Q,2023-11-01,2023-09-30,2023-11-01 20:24:28+00:00,0001486957-23-000042,https://www.sec.gov/Archives/edgar/data/1486957/000148695723000042/bwxt-20230930.htm,8084,1240,data/interim/text/000148695723000042.txt.gz,148695723000042,2023Q4,2023-11-01 16:24:28-04:00,2023-11-02,2023-11-02,2023-11-02,2023-11-01,72.79029083251953,797,601,0.011999010390895596,22.88861410761188,0.0032162295893122216,2.17729585569447,0.011627906976744186,4.174225959076034,0.19120490793554354,0.19617000514799066,55.0,60.0
718,BWXT,1486957,"BWX Technologies, Inc.",3510,Engines & Turbines,10-K,2024-02-27,2023-12-31,2024-02-27 21:28:37+00:00,0001486957-24-000011,https://www.sec.gov/Archives/edgar/data/1486957/000148695724000011/bwxt-20231231.htm,32859,3209,data/interim/text/000148695724000011.txt.gz,148695724000011,2024Q1,2024-02-27 16:28:37-05:00,2024-02-28,2024-02-28,2024-02-28,2024-02-27,87.39744567871094,876,522,0.026659362731671687,140.95617894758306,0.004869289996652363,27.2044813036851,0.02051188411089808,24.55304223064079,0.19364734742307826,0.2980756443080514,55.0,60.0
719,BWXT,1486957,"BWX Technologies, Inc.",3510,Engines & Turbines,10-Q,2024-05-06,2024-03-31,2024-05-06 20:20:56+00:00,0001486957-24-000029,https://www.sec.gov/Archives/edgar/data/1486957/000148695724000029/bwxt-20240331.htm,6644,1155,data/interim/text/000148695724000029.txt.gz,148695724000029,2024Q2,2024-05-06 16:20:56-04:00,2024-05-07,2024-05-07,2024-05-07,2024-05-06,97.01560974121094,924,474,0.01098735701384708,15.511353782565264,0.0039133052378085495,3.167179387246989,0.010836845273931367,3.5107175134520183,0.3272384701937155,0.2549003098041656,55.0,60.0
720,BWXT,1486957,"BWX Technologies, Inc.",3510,Engines & Turbines,10-Q,2024-08-05,2024-06-30,2024-08-05 20:43:15+00:00,0001486957-24-000042,https://www.sec.gov/Archives/edgar/data/1486957/000148695724000042/bwxt-20240630.htm,7139,1165,data/interim/text/000148695724000042.txt.gz,148695724000042,2024Q3,2024-08-05 16:43:15-04:00,2024-08-06,2024-08-06,2024-08-06,2024-08-05,90.87909698486328,986,412,0.009945370500070038,14.93735828130251,0.0037820423028435356,3.1754786771886065,0.010085446140916094,5.260401346368774,0.23997223591739764,0.24852041079143994,55.0,60.0
721,BWXT,1486957,"BWX Technologies, Inc.",3510,Engines & Turbines,10-Q,2024-11-04,2024-09-30,2024-11-04 21:40:26+00:00,0001486957-24-000046,https://www.sec.gov/Archives/edgar/data/1486957/000148695724000046/bwxt-20240930.htm,7408,1175,data/interim/text/000148695724000046.txt.gz,148695724000046,2024Q4,2024-11-04 16:40:26-05:00,2024-11-05,2024-11-05,2024-11-05,2024-11-04,118.02400970458984,1050,348,0.009584233261339092,14.78583606600474,0.004049676025917927,3.630558176900026,0.009449244060475162,3.397439018015486,0.2431046894122836,0.36711480015136566,55.0,60.0
722,BWXT,1486957,"BWX Technologies, Inc.",3510,Engines & Turbines,10-K,2025-02-24,2024-12-31,2025-02-24 22:13:15+00:00,0001486957-25-000008,https://www.sec.gov/Archives/edgar/data/1486957/000148695725000008/bwxt-20241231.htm,33122,3219,data/interim/text/000148695725000008.txt.gz,148695725000008,2025Q1,2025-02-24 17:13:15-05:00,2025-02-25,2025-02-25,2025-02-25,2025-02-24,98.70542907714844,1124,274,0.026568443934545015,145.2013870066379,0.00507215747841314,28.734406058949517,0.0209226495984542,25.235463298500964,0.3562916083276755,0.47483802677178355,55.0,60.0
723,BWXT,1486957,"BWX Technologies, Inc.",3510,Engines & Turbines,10-Q,2025-05-05,2025-03-31,2025-05-05 20:33:48+00:00,0001486957-25-000026,https://www.sec.gov/Archives/edgar/data/1486957/000148695725000026/bwxt-20250331.htm,6950,1205,data/interim/text/000148695725000026.txt.gz,148695725000026,2025Q2,2025-05-05 16:33:48-04:00,2025-05-06,2025-05-06,2025-05-06,2025-05-05,110.95779418945312,1173,225,0.010503597122302158,16.313844070331314,0.004028776978417266,3.3787918738191975,0.011079136690647482,4.278213634019552,0.46222913823109085,0.47312258093271314,55.0,60.0
724,BWXT,1486957,"BWX Technologies, Inc.",3510,Engines & Turbines,10-Q,2025-08-04,2025-06-30,2025-08-04 20:40:28+00:00,0001486957-25-000052,https://www.sec.gov/Archives/edgar/data/1486957/000148695725000052/bwxt-20250630.htm,7714,1216,data/interim/text/000148695725000052.txt.gz,148695725000052,2025Q3,2025-08-04 16:40:28-04:00,2025-08-05,2025-08-05,2025-08-05,2025-08-04,153.408203125,1235,163,0.009981851179673321,15.766574819679777,0.00388903292714545,3.7626900418156684,0.010889292196007259,5.367800358656213,0.31784324276289255,0.3338017073531868,55.0,60.0
725,BWXT,1486957,"BWX Technologies, Inc.",3510,Engines & Turbines,10-Q,2025-11-03,2025-09-30,2025-11-03 21:21:16+00:00,0001486957-25-000059,https://www.sec.gov/Archives/edgar/data/1486957/000148695725000059/bwxt-20250930.htm,8052,1249,data/interim/text/000148695725000059.txt.gz,148695725000059,2025Q4,2025-11-03 16:21:16-05:00,2025-11-04,2025-11-04,2025-11-04,2025-11-03,214.62998962402344,1299,99,0.010680576254346746,19.02782636995223,0.0038499751614505715,3.79660477170816,0.01092896174863388,4.600169523191666,0.3422970517684415,0.4559554868600928,55.0,60.0
726,SDGR,1490978,"Schrodinger, Inc.",2834,Pharmaceutical Preparations,10-K,2021-03-04,2020-12-31,2021-03-04 12:30:46+00:00,0001564590-21-010727,https://www.sec.gov/Archives/edgar/data/1490978/000156459021010727/sdgr-10k_20201231.htm,78379,4851,data/interim/text/000156459021010727.txt.gz,156459021010727,2021Q1,2021-03-04 07:30:46-05:00,2021-03-04,2021-03-04,2021-03-04,2021-03-03,99.13999938964844,125,1273,0.01986501486367522,197.4452076156686,0.01383023513951441,69.13509301431543,0.019533293356638896,46.00935036817771,0.5240097516519854,0.6029729852962995,55.0,60.0
727,SDGR,1490978,"Schrodinger, Inc.",2834,Pharmaceutical Preparations,10-Q,2021-05-11,2021-03-31,2021-05-11 11:30:44+00:00,0001564590-21-026289,https://www.sec.gov/Archives/edgar/data/1490978/000156459021026289/sdgr-10q_20210331.htm,44263,3348,data/interim/text/000156459021026289.txt.gz,156459021026289,2021Q2,2021-05-11 07:30:44-04:00,2021-05-11,2021-05-11,2021-05-11,2021-05-10,64.01000213623047,172,1226,0.026297358967986805,142.10746709248335,0.01337460181189707,40.464825056371986,0.02525811625962994,26.186873242676736,0.9304988258055076,0.3816166113957785,55.0,60.0
728,SDGR,1490978,"Schrodinger, Inc.",2834,Pharmaceutical Preparations,10-Q,2021-08-12,2021-06-30,2021-08-12 14:17:19+00:00,0001564590-21-043687,https://www.sec.gov/Archives/edgar/data/1490978/000156459021043687/sdgr-10q_20210630.htm,37485,3055,data/interim/text/000156459021043687.txt.gz,156459021043687,2021Q3,2021-08-12 10:17:19-04:00,2021-08-12,2021-08-12,2021-08-12,2021-08-11,62.84999847412109,237,1161,0.029878618113912233,139.61526750130338,0.01539282379618514,40.0917751750599,0.028117913832199547,20.763777036771167,0.3637485738872857,0.4657887314639505,55.0,60.0
729,SDGR,1490978,"Schrodinger, Inc.",2834,Pharmaceutical Preparations,10-Q,2021-11-10,2021-09-30,2021-11-10 21:16:14+00:00,0001564590-21-056203,https://www.sec.gov/Archives/edgar/data/1490978/000156459021056203/sdgr-10q_20210930.htm,37533,3049,data/interim/text/000156459021056203.txt.gz,156459021056203,2021Q4,2021-11-10 16:16:14-05:00,2021-11-11,2021-11-11,2021-11-11,2021-11-10,51.15999984741211,301,1097,0.030026909652838836,139.52648258981034,0.015426424746223324,40.05789275455087,0.0280819545466656,21.2248234252007,0.46035574922062006,0.6031844518401108,55.0,60.0
730,SDGR,1490978,"Schrodinger, Inc.",2834,Pharmaceutical Preparations,10-K,2022-02-24,2021-12-31,2022-02-24 21:17:05+00:00,0001564590-22-006713,https://www.sec.gov/Archives/edgar/data/1490978/000156459022006713/sdgr-10k_20211231.htm,77611,4874,data/interim/text/000156459022006713.txt.gz,156459022006713,2022Q1,2022-02-24 16:17:05-05:00,2022-02-25,2022-02-25,2022-02-25,2022-02-24,27.39999961853028,373,1025,0.02105371661233588,203.67658936069813,0.014675754725489943,74.68290627646572,0.02066717346767855,45.165532743449354,0.6114351470857758,0.7073292018042802,55.0,60.0
731,SDGR,1490978,"Schrodinger, Inc.",2834,Pharmaceutical Preparations,10-Q,2022-05-04,2022-03-31,2022-05-04 20:12:46+00:00,0001564590-22-017856,https://www.sec.gov/Archives/edgar/data/1490978/000156459022017856/sdgr-10q_20220331.htm,39182,3205,data/interim/text/000156459022017856.txt.gz,156459022017856,2022Q2,2022-05-04 16:12:46-04:00,2022-05-05,2022-05-05,2022-05-05,2022-05-04,26.8799991607666,421,977,0.030090347608595785,149.5627254871171,0.015389719769281813,44.169186743816496,0.028227247205349394,22.71708681221901,0.8004103260856699,0.695876392676879,55.0,60.0
732,SDGR,1490978,"Schrodinger, Inc.",2834,Pharmaceutical Preparations,10-Q,2022-08-04,2022-06-30,2022-08-04 20:14:06+00:00,0001564590-22-028010,https://www.sec.gov/Archives/edgar/data/1490978/000156459022028010/sdgr-10q_20220630.htm,39992,3223,data/interim/text/000156459022028010.txt.gz,156459022028010,2022Q3,2022-08-04 16:14:06-04:00,2022-08-05,2022-08-05,2022-08-05,2022-08-04,34.709999084472656,484,914,0.02973094618923785,149.0638256343869,0.015278055611122224,43.853308803302745,0.028155631126225246,22.47447380051739,0.7048004900927995,0.4549690188579244,55.0,60.0
733,SDGR,1490978,"Schrodinger, Inc.",2834,Pharmaceutical Preparations,10-Q,2022-11-03,2022-09-30,2022-11-03 20:03:47+00:00,0001490978-22-000012,https://www.sec.gov/Archives/edgar/data/1490978/000149097822000012/sdgr-20220930.htm,40341,3234,data/interim/text/000149097822000012.txt.gz,149097822000012,2022Q4,2022-11-03 16:03:47-04:00,2022-11-04,2022-11-04,2022-11-04,2022-11-03,24.65999984741211,548,850,0.029548102426811433,147.19412746735685,0.015121092684861556,43.22808718104763,0.028060781834857836,22.442411536540842,0.45690162898052933,0.7771842054722662,55.0,60.0
734,SDGR,1490978,"Schrodinger, Inc.",2834,Pharmaceutical Preparations,10-K,2023-02-28,2022-12-31,2023-02-28 21:04:45+00:00,0001490978-23-000024,https://www.sec.gov/Archives/edgar/data/1490978/000149097823000024/sdgr-20221231.htm,85760,5138,data/interim/text/000149097823000024.txt.gz,149097823000024,2023Q1,2023-02-28 16:04:45-05:00,2023-03-01,2023-03-01,2023-03-01,2023-02-28,21.729999542236328,626,772,0.020813899253731342,219.15343023142816,0.014400652985074628,78.70653111238579,0.020335820895522386,48.42838535270045,0.7831734517048026,0.6944142135025207,55.0,60.0
735,SDGR,1490978,"Schrodinger, Inc.",2834,Pharmaceutical Preparations,10-Q,2023-05-04,2023-03-31,2023-05-04 20:04:07+00:00,0001490978-23-000048,https://www.sec.gov/Archives/edgar/data/1490978/000149097823000048/sdgr-20230331.htm,44415,3478,data/interim/text/000149097823000048.txt.gz,149097823000048,2023Q2,2023-05-04 16:04:07-04:00,2023-05-05,2023-05-05,2023-05-05,2023-05-04,30.1200008392334,672,726,0.02875154790048407,167.26703976931847,0.015355172801981313,47.63535370755858,0.027895981087470448,27.578125320448013,0.5948135567693493,0.9264210604479682,55.0,60.0
736,SDGR,1490978,"Schrodinger, Inc.",2834,Pharmaceutical Preparations,10-Q,2023-08-02,2023-06-30,2023-08-02 20:05:06+00:00,0001490978-23-000090,https://www.sec.gov/Archives/edgar/data/1490978/000149097823000090/sdgr-20230630.htm,46369,3546,data/interim/text/000149097823000090.txt.gz,149097823000090,2023Q3,2023-08-02 16:05:06-04:00,2023-08-03,2023-08-03,2023-08-03,2023-08-02,50.2400016784668,733,665,0.028100670706722165,165.391616689755,0.015010028251633634,47.73715748283105,0.027949707778904008,29.31281583534745,0.7788489560889306,0.46792853701721776,55.0,60.0
737,SDGR,1490978,"Schrodinger, Inc.",2834,Pharmaceutical Preparations,10-Q,2023-11-01,2023-09-30,2023-11-01 20:03:06+00:00,0001490978-23-000109,https://www.sec.gov/Archives/edgar/data/1490978/000149097823000109/sdgr-20230930.htm,46601,3565,data/interim/text/000149097823000109.txt.gz,149097823000109,2023Q4,2023-11-01 16:03:06-04:00,2023-11-02,2023-11-02,2023-11-02,2023-11-01,21.815000534057617,797,601,0.028347031179588422,168.72529180563626,0.01504259565245381,47.89285427689775,0.027724726937190188,29.382846674469985,0.48321973829219816,0.5416690916834476,55.0,60.0
738,SDGR,1490978,"Schrodinger, Inc.",2834,Pharmaceutical Preparations,10-K,2024-02-28,2023-12-31,2024-02-28 21:11:33+00:00,0001490978-24-000018,https://www.sec.gov/Archives/edgar/data/1490978/000149097824000018/sdgr-20231231.htm,93386,5390,data/interim/text/000149097824000018.txt.gz,149097824000018,2024Q1,2024-02-28 16:11:33-05:00,2024-02-29,2024-02-29,2024-02-29,2024-02-28,31.3700008392334,877,521,0.02042061979311674,236.84583298368076,0.01400638211295055,84.54361801966223,0.020035123037714434,52.82583633536669,0.6098924848809901,0.4439918324624869,55.0,60.0
739,SDGR,1490978,"Schrodinger, Inc.",2834,Pharmaceutical Preparations,10-Q,2024-05-01,2024-03-31,2024-05-01 20:03:34+00:00,0001490978-24-000046,https://www.sec.gov/Archives/edgar/data/1490978/000149097824000046/sdgr-20240331.htm,48053,3700,data/interim/text/000149097824000046.txt.gz,149097824000046,2024Q2,2024-05-01 16:03:34-04:00,2024-05-02,2024-05-02,2024-05-02,2024-05-01,25.26000022888184,921,477,0.028385324537489855,176.33235523336177,0.015004266122822716,52.88468407855355,0.02780263459097247,30.10337748967391,0.7051049282666718,0.5667398924995265,55.0,60.0
740,SDGR,1490978,"Schrodinger, Inc.",2834,Pharmaceutical Preparations,10-Q,2024-07-31,2024-06-30,2024-07-31 20:08:16+00:00,0001490978-24-000072,https://www.sec.gov/Archives/edgar/data/1490978/000149097824000072/sdgr-20240630.htm,50301,3743,data/interim/text/000149097824000072.txt.gz,149097824000072,2024Q3,2024-07-31 16:08:16-04:00,2024-08-01,2024-08-01,2024-08-01,2024-07-31,22.280000686645508,983,415,0.027892089620484683,178.93975250576204,0.014850599391662193,53.068053283141055,0.027991491222838512,30.338325562844766,0.5457930373128455,0.4870600972955066,55.0,60.0
741,SDGR,1490978,"Schrodinger, Inc.",2834,Pharmaceutical Preparations,10-Q,2024-11-12,2024-09-30,2024-11-12 12:33:31+00:00,0001490978-24-000089,https://www.sec.gov/Archives/edgar/data/1490978/000149097824000089/sdgr-20240930.htm,51153,3778,data/interim/text/000149097824000089.txt.gz,149097824000089,2024Q4,2024-11-12 07:33:31-05:00,2024-11-12,2024-11-12,2024-11-12,2024-11-11,19.540000915527344,1055,343,0.027603464117451567,179.23046591041796,0.014955134596211365,53.14020384691436,0.027798956072957598,30.42837293976185,0.39159816721048196,0.6262528232625385,55.0,60.0
742,SDGR,1490978,"Schrodinger, Inc.",2834,Pharmaceutical Preparations,10-K,2025-02-26,2024-12-31,2025-02-26 21:09:57+00:00,0001490978-25-000014,https://www.sec.gov/Archives/edgar/data/1490978/000149097825000014/sdgr-20241231.htm,102437,5546,data/interim/text/000149097825000014.txt.gz,149097825000014,2025Q1,2025-02-26 16:09:57-05:00,2025-02-27,2025-02-27,2025-02-27,2025-02-26,21.700000762939453,1126,272,0.02035397366186046,258.3712008975635,0.014174565830705702,86.15021955529359,0.020412546247937757,51.04273841435399,0.6194809238531447,0.8157373342905234,55.0,60.0
743,SDGR,1490978,"Schrodinger, Inc.",2834,Pharmaceutical Preparations,10-Q,2025-05-07,2025-03-31,2025-05-07 20:09:21+00:00,0001490978-25-000059,https://www.sec.gov/Archives/edgar/data/1490978/000149097825000059/sdgr-20250331.htm,55028,3981,data/interim/text/000149097825000059.txt.gz,149097825000059,2025Q2,2025-05-07 16:09:21-04:00,2025-05-08,2025-05-08,2025-05-08,2025-05-07,23.71999931335449,1175,223,0.028203823508032275,209.56490245351318,0.014828814421748928,57.91029542114182,0.02778585447408592,31.14745410921665,0.8458436459162504,0.5266074138197973,55.0,60.0
744,SDGR,1490978,"Schrodinger, Inc.",2834,Pharmaceutical Preparations,10-Q,2025-08-06,2025-06-30,2025-08-06 20:10:02+00:00,0001490978-25-000100,https://www.sec.gov/Archives/edgar/data/1490978/000149097825000100/sdgr-20250630.htm,57217,4097,data/interim/text/000149097825000100.txt.gz,149097825000100,2025Q3,2025-08-06 16:10:02-04:00,2025-08-07,2025-08-07,2025-08-07,2025-08-06,19.34000015258789,1237,161,0.027666602583148365,217.52142477513948,0.014611042172780817,59.62526310133807,0.02740444273555062,30.9443348867519,0.5404907197690472,0.5631729298162272,55.0,60.0
745,SDGR,1490978,"Schrodinger, Inc.",2834,Pharmaceutical Preparations,10-Q,2025-11-05,2025-09-30,2025-11-05 21:13:35+00:00,0001490978-25-000117,https://www.sec.gov/Archives/edgar/data/1490978/000149097825000117/sdgr-20250930.htm,58507,4156,data/interim/text/000149097825000117.txt.gz,149097825000117,2025Q4,2025-11-05 16:13:35-05:00,2025-11-06,2025-11-06,2025-11-06,2025-11-05,19.770000457763672,1301,97,0.0274667988445827,219.73653829945766,0.014562360059480061,59.865237944715346,0.027142051378467535,32.381813706352084,0.5743639292435917,0.456648085633284,55.0,60.0
746,PINS,1506293,"PINTEREST, INC.",7370,"Services-Computer Programming, Data Processing, Etc.",10-K,2021-02-05,2020-12-31,2021-02-04 22:57:32+00:00,0001506293-21-000025,https://www.sec.gov/Archives/edgar/data/1506293/000150629321000025/pins-20201231.htm,40459,3501,data/interim/text/000150629321000025.txt.gz,150629321000025,2021Q1,2021-02-04 17:57:32-05:00,2021-02-05,2021-02-05,2021-02-05,2021-02-04,77.83999633789062,107,1291,0.02427148471291925,129.40748662789105,0.007390197483872562,43.41954163564853,0.023208680392496107,23.788278545617608,0.5275270238490013,0.690911873167819,55.0,60.0
747,PINS,1506293,"PINTEREST, INC.",7370,"Services-Computer Programming, Data Processing, Etc.",10-Q,2021-04-28,2021-03-31,2021-04-27 21:48:31+00:00,0001506293-21-000094,https://www.sec.gov/Archives/edgar/data/1506293/000150629321000094/pins-20210331.htm,30064,2853,data/interim/text/000150629321000094.txt.gz,150629321000094,2021Q2,2021-04-27 17:48:31-04:00,2021-04-28,2021-04-28,2021-04-28,2021-04-27,77.58000183105469,163,1235,0.030534858967535924,121.17882443982988,0.0074175093134646085,24.947962916446446,0.027973656200106438,17.802779232687897,0.6564399822002586,0.3948999554387088,55.0,60.0
748,PINS,1506293,"PINTEREST, INC.",7370,"Services-Computer Programming, Data Processing, Etc.",10-Q,2021-07-30,2021-06-30,2021-07-29 21:57:21+00:00,0001506293-21-000186,https://www.sec.gov/Archives/edgar/data/1506293/000150629321000186/pins-20210630.htm,31047,2897,data/interim/text/000150629321000186.txt.gz,150629321000186,2021Q3,2021-07-29 17:57:21-04:00,2021-07-30,2021-07-30,2021-07-30,2021-07-29,72.04000091552734,228,1170,0.02963249267239991,122.33464278697,0.007375913936934326,25.403002145754733,0.02776435726479209,18.275561854298253,0.38023511647164554,0.5126506314510232,55.0,60.0
749,PINS,1506293,"PINTEREST, INC.",7370,"Services-Computer Programming, Data Processing, Etc.",10-Q,2021-11-04,2021-09-30,2021-11-04 20:18:52+00:00,0001506293-21-000233,https://www.sec.gov/Archives/edgar/data/1506293/000150629321000233/pins-20210930.htm,31221,2901,data/interim/text/000150629321000233.txt.gz,150629321000233,2021Q4,2021-11-04 16:18:52-04:00,2021-11-05,2021-11-05,2021-11-05,2021-11-04,43.63999938964844,297,1101,0.029883732103391947,122.57642167276863,0.007366836424201659,25.389023199442832,0.027641651452547964,18.190061553442266,0.5309247526636084,0.6860659163833595,55.0,60.0
750,PINS,1506293,"PINTEREST, INC.",7370,"Services-Computer Programming, Data Processing, Etc.",10-K,2022-02-03,2021-12-31,2022-02-03 22:07:30+00:00,0001506293-22-000016,https://www.sec.gov/Archives/edgar/data/1506293/000150629322000016/pins-20211231.htm,38153,3389,data/interim/text/000150629322000016.txt.gz,150629322000016,2022Q1,2022-02-03 17:07:30-05:00,2022-02-04,2022-02-04,2022-02-04,2022-02-03,24.51000022888184,359,1039,0.02563363300395775,126.66549955372744,0.007679605797709223,41.72269060864991,0.024427961103976097,21.122455859090618,0.5603329322942338,0.7291039933338311,55.0,60.0
751,PINS,1506293,"PINTEREST, INC.",7370,"Services-Computer Programming, Data Processing, Etc.",10-Q,2022-04-28,2022-03-31,2022-04-27 21:56:36+00:00,0001506293-22-000041,https://www.sec.gov/Archives/edgar/data/1506293/000150629322000041/pins-20220331.htm,30051,2827,data/interim/text/000150629322000041.txt.gz,150629322000041,2022Q2,2022-04-27 17:56:36-04:00,2022-04-28,2022-04-28,2022-04-28,2022-04-27,18.670000076293945,416,982,0.030647898572426873,116.06483943209908,0.00765365545239759,25.49335439570948,0.028385078699544108,17.460685088800272,0.7280186944438798,1.0324006051647499,55.0,60.0
752,PINS,1506293,"PINTEREST, INC.",7370,"Services-Computer Programming, Data Processing, Etc.",10-Q,2022-08-01,2022-06-30,2022-08-01 20:59:28+00:00,0001506293-22-000099,https://www.sec.gov/Archives/edgar/data/1506293/000150629322000099/pins-20220630.htm,30543,2843,data/interim/text/000150629322000099.txt.gz,150629322000099,2022Q3,2022-08-01 16:59:28-04:00,2022-08-02,2022-08-02,2022-08-02,2022-08-01,19.989999771118164,481,917,0.030186949546540942,115.30550682226482,0.007563107749729889,25.88800580356028,0.027895098713289462,15.97737790515239,1.030507532672314,0.637805783336425,55.0,60.0
753,PINS,1506293,"PINTEREST, INC.",7370,"Services-Computer Programming, Data Processing, Etc.",10-Q,2022-10-27,2022-09-30,2022-10-27 20:11:27+00:00,0001506293-22-000127,https://www.sec.gov/Archives/edgar/data/1506293/000150629322000127/pins-20220930.htm,30762,2856,data/interim/text/000150629322000127.txt.gz,150629322000127,2022Q4,2022-10-27 16:11:27-04:00,2022-10-28,2022-10-28,2022-10-28,2022-10-27,21.88999938964844,543,855,0.029972043430206097,114.70626023264592,0.007444249398608673,25.421941788010535,0.027794031597425394,16.31637731480987,0.5733311343552511,0.5531990146905853,55.0,60.0
754,PINS,1506293,"PINTEREST, INC.",7370,"Services-Computer Programming, Data Processing, Etc.",10-K,2023-02-06,2022-12-31,2023-02-06 21:27:35+00:00,0001506293-23-000023,https://www.sec.gov/Archives/edgar/data/1506293/000150629323000023/pins-20221231.htm,36419,3378,data/interim/text/000150629323000023.txt.gz,150629323000023,2023Q1,2023-02-06 16:27:35-05:00,2023-02-07,2023-02-07,2023-02-07,2023-02-06,27.88999938964844,611,787,0.02594799417886268,126.78029539998164,0.007221505258244323,34.273174206755385,0.02441033526455971,18.243676246331624,0.5716522958661735,0.4841954765074953,55.0,60.0
755,PINS,1506293,"PINTEREST, INC.",7370,"Services-Computer Programming, Data Processing, Etc.",10-Q,2023-04-27,2023-03-31,2023-04-27 20:36:00+00:00,0001506293-23-000076,https://www.sec.gov/Archives/edgar/data/1506293/000150629323000076/pins-20230331.htm,29337,2805,data/interim/text/000150629323000076.txt.gz,150629323000076,2023Q2,2023-04-27 16:36:00-04:00,2023-04-28,2023-04-28,2023-04-28,2023-04-27,27.270000457763672,667,731,0.031359716399086475,124.84918424909505,0.0074308893206531,23.762167233810768,0.0281214848143982,16.35525182061699,0.4365071571478943,0.3500576264057398,55.0,60.0
756,PINS,1506293,"PINTEREST, INC.",7370,"Services-Computer Programming, Data Processing, Etc.",10-Q,2023-08-01,2023-06-30,2023-08-01 20:19:33+00:00,0001506293-23-000163,https://www.sec.gov/Archives/edgar/data/1506293/000150629323000163/pins-20230630.htm,29975,2830,data/interim/text/000150629323000163.txt.gz,150629323000163,2023Q3,2023-08-01 16:19:33-04:00,2023-08-02,2023-08-02,2023-08-02,2023-08-01,28.959999084472656,732,666,0.03155963302752294,126.84101722420577,0.007506255212677231,24.979111615382248,0.02822351959966639,16.291760492571743,0.33489321799243377,0.5458061100922059,55.0,60.0
757,PINS,1506293,"PINTEREST, INC.",7370,"Services-Computer Programming, Data Processing, Etc.",10-Q,2023-10-30,2023-09-30,2023-10-30 20:15:14+00:00,0001506293-23-000221,https://www.sec.gov/Archives/edgar/data/1506293/000150629323000221/pins-20230930.htm,30401,2855,data/interim/text/000150629323000221.txt.gz,150629323000221,2023Q4,2023-10-30 16:15:14-04:00,2023-10-31,2023-10-31,2023-10-31,2023-10-30,25.100000381469727,795,603,0.031117397454031116,126.93915993200912,0.0077300088812868,25.819632648530924,0.027959606591888425,16.284357849704616,0.35938053920435165,0.23976751569296692,55.0,60.0
758,PINS,1506293,"PINTEREST, INC.",7370,"Services-Computer Programming, Data Processing, Etc.",10-K,2024-02-08,2023-12-31,2024-02-08 21:16:02+00:00,0001506293-24-000018,https://www.sec.gov/Archives/edgar/data/1506293/000150629324000018/pins-20231231.htm,37523,3383,data/interim/text/000150629324000018.txt.gz,150629324000018,2024Q1,2024-02-08 16:16:02-05:00,2024-02-09,2024-02-09,2024-02-09,2024-02-08,40.720001220703125,864,534,0.026383817925005996,137.89381802438376,0.0077019428084108416,37.62175783853686,0.024944700583642034,22.157594221446217,0.2481427111867916,0.5012050559514345,55.0,60.0
759,PINS,1506293,"PINTEREST, INC.",7370,"Services-Computer Programming, Data Processing, Etc.",10-Q,2024-04-30,2024-03-31,2024-04-30 20:17:15+00:00,0001506293-24-000078,https://www.sec.gov/Archives/edgar/data/1506293/000150629324000078/pins-20240331.htm,30269,2864,data/interim/text/000150629324000078.txt.gz,150629324000078,2024Q2,2024-04-30 16:17:15-04:00,2024-05-01,2024-05-01,2024-05-01,2024-04-30,33.45000076293945,920,478,0.030790577818890615,127.62535120831582,0.007565496052066471,24.6782938027188,0.02771812745713436,16.29451827372484,0.3287424076986328,0.37453709827369014,55.0,60.0
760,PINS,1506293,"PINTEREST, INC.",7370,"Services-Computer Programming, Data Processing, Etc.",10-Q,2024-07-30,2024-06-30,2024-07-30 20:16:54+00:00,0001506293-24-000143,https://www.sec.gov/Archives/edgar/data/1506293/000150629324000143/pins-20240630.htm,30746,2875,data/interim/text/000150629324000143.txt.gz,150629324000143,2024Q3,2024-07-30 16:16:54-04:00,2024-07-31,2024-07-31,2024-07-31,2024-07-30,37.34999847412109,982,416,0.030638131789501075,128.50455138543674,0.007513172445196123,24.84516875872562,0.027288102517400638,16.316315097804306,0.21684730836613073,0.27328322845764036,55.0,60.0
761,PINS,1506293,"PINTEREST, INC.",7370,"Services-Computer Programming, Data Processing, Etc.",10-Q,2024-11-07,2024-09-30,2024-11-07 21:18:15+00:00,0001506293-24-000182,https://www.sec.gov/Archives/edgar/data/1506293/000150629324000182/pins-20240930.htm,31581,2900,data/interim/text/000150629324000182.txt.gz,150629324000182,2024Q4,2024-11-07 16:18:15-05:00,2024-11-08,2024-11-08,2024-11-08,2024-11-07,33.93000030517578,1053,345,0.03065134099616858,132.48630350381956,0.007599506032107913,25.48496591946232,0.027231563281720023,15.835759248483372,0.2811346296961413,0.5145422656706257,55.0,60.0
762,PINS,1506293,"PINTEREST, INC.",7370,"Services-Computer Programming, Data Processing, Etc.",10-K,2025-02-06,2024-12-31,2025-02-06 21:17:22+00:00,0001506293-25-000022,https://www.sec.gov/Archives/edgar/data/1506293/000150629325000022/pins-20241231.htm,37932,3366,data/interim/text/000150629325000022.txt.gz,150629325000022,2025Q1,2025-02-06 16:17:22-05:00,2025-02-07,2025-02-07,2025-02-07,2025-02-06,33.59000015258789,1113,285,0.025387535590003164,141.5438972319983,0.007697985869450596,36.35160552482864,0.023726668775703893,20.984972187903985,0.475843501506572,0.6122037105173717,55.0,60.0
763,PINS,1506293,"PINTEREST, INC.",7370,"Services-Computer Programming, Data Processing, Etc.",10-Q,2025-05-08,2025-03-31,2025-05-08 20:17:00+00:00,0001506293-25-000108,https://www.sec.gov/Archives/edgar/data/1506293/000150629325000108/pins-20250331.htm,31343,2906,data/interim/text/000150629325000108.txt.gz,150629325000108,2025Q2,2025-05-08 16:17:00-04:00,2025-05-09,2025-05-09,2025-05-09,2025-05-08,27.86000061035156,1176,222,0.029320741473375236,133.53219927614953,0.007816737389528762,25.070252377965073,0.026895957630092844,15.390743818190677,0.6084924854281348,0.3446393308391833,55.0,60.0
764,PINS,1506293,"PINTEREST, INC.",7370,"Services-Computer Programming, Data Processing, Etc.",10-Q,2025-08-07,2025-06-30,2025-08-07 20:23:53+00:00,0001506293-25-000196,https://www.sec.gov/Archives/edgar/data/1506293/000150629325000196/pins-20250630.htm,31739,2904,data/interim/text/000150629325000196.txt.gz,150629325000196,2025Q3,2025-08-07 16:23:53-04:00,2025-08-08,2025-08-08,2025-08-08,2025-08-07,39.16999816894531,1238,160,0.029049434449730616,133.06998151424332,0.008034279592929834,27.111529636723997,0.026654904061249568,15.386381195078215,0.25793013045966556,0.5678268245149038,55.0,60.0
765,PINS,1506293,"PINTEREST, INC.",7370,"Services-Computer Programming, Data Processing, Etc.",10-Q,2025-11-04,2025-09-30,2025-11-04 21:16:42+00:00,0001506293-25-000229,https://www.sec.gov/Archives/edgar/data/1506293/000150629325000229/pins-20250930.htm,31942,2905,data/interim/text/000150629325000229.txt.gz,150629325000229,2025Q4,2025-11-04 16:16:42-05:00,2025-11-05,2025-11-05,2025-11-05,2025-11-04,32.90999984741211,1300,98,0.028238682612234674,132.8598118909689,0.007983219585498717,27.067345982283477,0.026516811721244756,15.438240191411747,0.3652230821317006,0.3647045887956403,55.0,60.0
766,XYZ,1512673,"Block, Inc.",7372,Services-Prepackaged Software,10-K,2021-02-23,2020-12-31,2021-02-23 21:19:48+00:00,0001512673-21-000008,https://www.sec.gov/Archives/edgar/data/1512673/000151267321000008/sq-20201231.htm,49018,3779,data/interim/text/000151267321000008.txt.gz,151267321000008,2021Q1,2021-02-23 16:19:48-05:00,2021-02-24,2021-02-24,2021-02-24,2021-02-23,256.5899963378906,119,1279,0.025664041780570402,143.76918187147456,0.0070586315231139585,34.08052985053227,0.020808682524786813,21.157850295202014,0.47967632889796585,0.6349727587079289,55.0,60.0
767,XYZ,1512673,"Block, Inc.",7372,Services-Prepackaged Software,10-Q,2021-05-06,2021-03-31,2021-05-06 20:19:59+00:00,0001512673-21-000013,https://www.sec.gov/Archives/edgar/data/1512673/000151267321000013/sq-20210331.htm,35816,3166,data/interim/text/000151267321000013.txt.gz,151267321000013,2021Q2,2021-05-06 16:19:59-04:00,2021-05-07,2021-05-07,2021-05-07,2021-05-06,223.9600067138672,170,1228,0.033783783783783786,141.59327378464116,0.006756756756756757,25.286007790311224,0.02627317400044673,16.658311268638187,0.6254616085716326,0.45436890301613214,55.0,60.0
768,XYZ,1512673,"Block, Inc.",7372,Services-Prepackaged Software,10-Q,2021-08-02,2021-06-30,2021-08-02 10:13:32+00:00,0001628280-21-015094,https://www.sec.gov/Archives/edgar/data/1512673/000162828021015094/sq-20210630.htm,37584,3198,data/interim/text/000162828021015094.txt.gz,162828021015094,2021Q3,2021-08-02 06:13:32-04:00,2021-08-02,2021-08-02,2021-08-02,2021-07-30,247.259994506836,229,1169,0.032620263942103024,140.16751924319664,0.006492124308216263,23.232167726847432,0.025782247765006386,17.572282469876214,0.45383788045632517,0.38403063649548036,55.0,60.0
769,XYZ,1512673,"Block, Inc.",7372,Services-Prepackaged Software,10-Q,2021-11-04,2021-09-30,2021-11-04 20:20:05+00:00,0001628280-21-021782,https://www.sec.gov/Archives/edgar/data/1512673/000162828021021782/sq-20210930.htm,39976,3296,data/interim/text/000162828021021782.txt.gz,162828021021782,2021Q4,2021-11-04 16:20:05-04:00,2021-11-05,2021-11-05,2021-11-05,2021-11-04,247.4600067138672,297,1101,0.03281969181508906,145.3680813581873,0.00647888733239944,23.594148272138735,0.026115669401640985,18.27729435433735,0.3893774016108221,0.6569701143219643,55.0,60.0
770,XYZ,1512673,"Block, Inc.",7372,Services-Prepackaged Software,10-K,2022-02-24,2021-12-31,2022-02-24 21:19:13+00:00,0001628280-22-003825,https://www.sec.gov/Archives/edgar/data/1512673/000162828022003825/sq-20211231.htm,51824,4046,data/interim/text/000162828022003825.txt.gz,162828022003825,2022Q1,2022-02-24 16:19:13-05:00,2022-02-25,2022-02-25,2022-02-25,2022-02-24,94.98999786376952,373,1025,0.026532108675517134,150.54130223169017,0.006985180611299784,36.90847700590032,0.02182386539055264,23.37461530665184,0.7270564042964731,1.0331670822443728,55.0,60.0
771,XYZ,1512673,"Block, Inc.",7372,Services-Prepackaged Software,10-Q,2022-05-05,2022-03-31,2022-05-05 20:39:28+00:00,0001628280-22-012707,https://www.sec.gov/Archives/edgar/data/1512673/000162828022012707/sq-20220331.htm,38993,3340,data/interim/text/000162828022012707.txt.gz,162828022012707,2022Q2,2022-05-05 16:39:28-04:00,2022-05-06,2022-05-06,2022-05-06,2022-05-05,95.5500030517578,422,976,0.03262123970969148,135.6661066925923,0.006770445977483138,25.952582374596133,0.02644064319236786,20.431386597964813,1.0821035889702941,0.8785058428355924,55.0,60.0
772,XYZ,1512673,"Block, Inc.",7372,Services-Prepackaged Software,10-Q,2022-08-04,2022-06-30,2022-08-04 20:23:28+00:00,0001628280-22-021091,https://www.sec.gov/Archives/edgar/data/1512673/000162828022021091/sq-20220630.htm,39020,3313,data/interim/text/000162828022021091.txt.gz,162828022021091,2022Q3,2022-08-04 16:23:28-04:00,2022-08-05,2022-08-05,2022-08-05,2022-08-04,89.69999694824219,484,914,0.032726806765761146,135.8057148114823,0.0064582265504869295,25.001991551255376,0.026140440799589954,19.678981983480412,0.9436634769261496,0.6665256586445516,55.0,60.0
773,XYZ,1512673,"Block, Inc.",7372,Services-Prepackaged Software,10-Q,2022-11-03,2022-09-30,2022-11-03 20:19:21+00:00,0001628280-22-028213,https://www.sec.gov/Archives/edgar/data/1512673/000162828022028213/sq-20220930.htm,39435,3311,data/interim/text/000162828022028213.txt.gz,162828022028213,2022Q4,2022-11-03 16:19:21-04:00,2022-11-04,2022-11-04,2022-11-04,2022-11-03,53.90999984741211,548,850,0.03240775960441233,137.28546749644792,0.006390262457208064,23.63292714599129,0.02581463167237226,19.444039165367013,0.6783400630313681,0.7023710567703044,55.0,60.0
774,XYZ,1512673,"Block, Inc.",7372,Services-Prepackaged Software,10-K,2023-02-23,2022-12-31,2023-02-23 21:23:08+00:00,0001628280-23-004840,https://www.sec.gov/Archives/edgar/data/1512673/000162828023004840/sq-20221231.htm,53191,4030,data/interim/text/000162828023004840.txt.gz,162828023004840,2023Q1,2023-02-23 16:23:08-05:00,2023-02-24,2023-02-24,2023-02-24,2023-02-23,74.1500015258789,623,775,0.028125058750540506,157.17301122046686,0.006373258633979433,33.5638489385965,0.021939801846176984,19.900629912553182,0.6047353168655821,0.533654944686281,55.0,60.0
775,XYZ,1512673,"Block, Inc.",7372,Services-Prepackaged Software,10-Q,2023-05-04,2023-03-31,2023-05-04 20:19:29+00:00,0001628280-23-015762,https://www.sec.gov/Archives/edgar/data/1512673/000162828023015762/sq-20230331.htm,37601,3229,data/interim/text/000162828023015762.txt.gz,162828023015762,2023Q2,2023-05-04 16:19:29-04:00,2023-05-05,2023-05-05,2023-05-05,2023-05-04,60.43000030517578,672,726,0.03563735007047685,147.31483745112146,0.006515784154676738,21.345604897475802,0.027924789234328874,18.736062337654683,0.5786255754220294,0.5042018623996023,55.0,60.0
776,XYZ,1512673,"Block, Inc.",7372,Services-Prepackaged Software,10-Q,2023-08-03,2023-06-30,2023-08-03 20:19:57+00:00,0001628280-23-027248,https://www.sec.gov/Archives/edgar/data/1512673/000162828023027248/sq-20230630.htm,36872,3165,data/interim/text/000162828023027248.txt.gz,162828023027248,2023Q3,2023-08-03 16:19:57-04:00,2023-08-04,2023-08-04,2023-08-04,2023-08-03,73.55000305175781,734,664,0.03666738988934693,149.55289606645897,0.0065632458233890216,20.279128384162757,0.027853113473638533,18.04802373157403,0.40591746982880006,0.4294566400260468,55.0,60.0
777,XYZ,1512673,"Block, Inc.",7372,Services-Prepackaged Software,10-Q,2023-11-02,2023-09-30,2023-11-02 20:16:57+00:00,0001628280-23-036406,https://www.sec.gov/Archives/edgar/data/1512673/000162828023036406/sq-20230930.htm,37305,3172,data/interim/text/000162828023036406.txt.gz,162828023036406,2023Q4,2023-11-02 16:16:57-04:00,2023-11-03,2023-11-03,2023-11-03,2023-11-02,43.97999954223633,798,600,0.03645623911003887,150.6748997590636,0.006594290309609972,20.427852330475297,0.027744270205066344,19.300230435392596,0.3973440204378148,0.43012040869415896,55.0,60.0
778,XYZ,1512673,"Block, Inc.",7372,Services-Prepackaged Software,10-K,2024-02-22,2023-12-31,2024-02-22 21:18:13+00:00,0001628280-24-006354,https://www.sec.gov/Archives/edgar/data/1512673/000162828024006354/sq-20231231.htm,51684,4050,data/interim/text/000162828024006354.txt.gz,162828024006354,2024Q1,2024-02-22 16:18:13-05:00,2024-02-23,2024-02-23,2024-02-23,2024-02-22,67.95999908447266,873,525,0.028693599566597013,165.41985079437666,0.00681061837319093,35.8016532542619,0.022618218404148287,22.301926080668355,0.4549054989348636,0.4794852887537927,55.0,60.0
779,XYZ,1512673,"Block, Inc.",7372,Services-Prepackaged Software,10-Q,2024-05-02,2024-03-31,2024-05-02 20:21:33+00:00,0001628280-24-020025,https://www.sec.gov/Archives/edgar/data/1512673/000162828024020025/sq-20240331.htm,35636,3110,data/interim/text/000162828024020025.txt.gz,162828024020025,2024Q2,2024-05-02 16:21:33-04:00,2024-05-03,2024-05-03,2024-05-03,2024-05-02,70.30000305175781,922,476,0.036816702211247054,150.49214047687704,0.006847008642945336,20.005310715914,0.028145695364238412,18.6307570308864,0.5943624516410947,0.36507999917114,55.0,60.0
780,XYZ,1512673,"Block, Inc.",7372,Services-Prepackaged Software,10-Q,2024-08-01,2024-06-30,2024-08-01 20:19:06+00:00,0001628280-24-034157,https://www.sec.gov/Archives/edgar/data/1512673/000162828024034157/sq-20240630.htm,36613,3128,data/interim/text/000162828024034157.txt.gz,162828024034157,2024Q3,2024-08-01 16:19:06-04:00,2024-08-02,2024-08-02,2024-08-02,2024-08-01,59.900001525878906,984,414,0.03679021112719526,151.57962467408916,0.006828175784557398,20.58006709604379,0.028077458826100018,18.5369155700889,0.3528381995955215,0.3370443094631424,55.0,60.0
781,XYZ,1512673,"Block, Inc.",7372,Services-Prepackaged Software,10-Q,2024-11-07,2024-09-30,2024-11-07 21:18:12+00:00,0001628280-24-046294,https://www.sec.gov/Archives/edgar/data/1512673/000162828024046294/sq-20240930.htm,37705,3149,data/interim/text/000162828024046294.txt.gz,162828024046294,2024Q4,2024-11-07 16:18:12-05:00,2024-11-08,2024-11-08,2024-11-08,2024-11-07,75.2699966430664,1053,345,0.03657339875348097,151.06293451638484,0.006736507094549794,20.980461612209897,0.028245590770454847,21.622515967298273,0.31906754684232436,0.4701517676365162,55.0,60.0
782,XYZ,1512673,"Block, Inc.",7372,Services-Prepackaged Software,10-K,2025-02-24,2024-12-31,2025-02-24 21:17:17+00:00,0001628280-25-007376,https://www.sec.gov/Archives/edgar/data/1512673/000162828025007376/sq-20241231.htm,50884,3970,data/interim/text/000162828025007376.txt.gz,162828025007376,2025Q1,2025-02-24 16:17:17-05:00,2025-02-25,2025-02-25,2025-02-25,2025-02-24,65.91999816894531,1124,274,0.028122789088908105,164.33454718696765,0.007055262951025863,34.78406959048927,0.022030500746796636,20.01738855748798,0.44673438953872663,0.7462068291717073,55.0,60.0
783,XYZ,1512673,"Block, Inc.",7372,Services-Prepackaged Software,10-Q,2025-05-01,2025-03-31,2025-05-01 20:16:36+00:00,0001628280-25-021538,https://www.sec.gov/Archives/edgar/data/1512673/000162828025021538/sq-20250331.htm,35470,3043,data/interim/text/000162828025021538.txt.gz,162828025021538,2025Q2,2025-05-01 16:16:36-04:00,2025-05-02,2025-05-02,2025-05-02,2025-05-01,58.47999954223633,1171,227,0.03670707640259374,153.15965120812348,0.006879052720608965,20.102103198857574,0.02858753876515365,15.515832212943089,0.6853469264612665,0.4524346256453711,55.0,60.0
784,XYZ,1512673,"Block, Inc.",7372,Services-Prepackaged Software,10-Q,2025-08-07,2025-06-30,2025-08-07 20:26:16+00:00,0001628280-25-038920,https://www.sec.gov/Archives/edgar/data/1512673/000162828025038920/sq-20250630.htm,36202,3058,data/interim/text/000162828025038920.txt.gz,162828025038920,2025Q3,2025-08-07 16:26:16-04:00,2025-08-08,2025-08-08,2025-08-08,2025-08-07,76.8499984741211,1238,160,0.0360477321694934,152.57570486998205,0.006739959118280758,20.621881198194014,0.028258107286890228,15.87096549805961,0.41207948544719253,0.3797588624194641,55.0,60.0
785,XYZ,1512673,"Block, Inc.",7372,Services-Prepackaged Software,10-Q,2025-11-06,2025-09-30,2025-11-06 21:31:58+00:00,0001628280-25-050234,https://www.sec.gov/Archives/edgar/data/1512673/000162828025050234/sq-20250930.htm,37152,3088,data/interim/text/000162828025050234.txt.gz,162828025050234,2025Q4,2025-11-06 16:31:58-05:00,2025-11-07,2025-11-07,2025-11-07,2025-11-06,70.93000030517578,1302,96,0.03617571059431524,159.39399092152397,0.006729112833763997,21.405355675064303,0.02823535745047373,16.00446791720214,0.3772256606519324,0.44227437968342176,55.0,60.0
786,PSNL,1527753,"Personalis, Inc.",8071,Services-Medical Laboratories,10-K,2021-02-25,2020-12-31,2021-02-25 21:16:06+00:00,0001564590-21-008848,https://www.sec.gov/Archives/edgar/data/1527753/000156459021008848/psnl-10k_20201231.htm,69802,4635,data/interim/text/000156459021008848.txt.gz,156459021008848,2021Q1,2021-02-25 16:16:06-05:00,2021-02-26,2021-02-26,2021-02-26,2021-02-25,31.68000030517578,121,1277,0.028351623162660097,244.73954251193715,0.00823758631557835,57.641800869595514,0.02221999369645569,40.706870052436706,0.8348851536325432,0.8420900445412391,55.0,60.0
787,PSNL,1527753,"Personalis, Inc.",8071,Services-Medical Laboratories,10-Q,2021-05-05,2021-03-31,2021-05-05 20:16:37+00:00,0001564590-21-024077,https://www.sec.gov/Archives/edgar/data/1527753/000156459021024077/psnl-10q_20210331.htm,42539,3520,data/interim/text/000156459021024077.txt.gz,156459021024077,2021Q2,2021-05-05 16:16:37-04:00,2021-05-06,2021-05-06,2021-05-06,2021-05-05,21.040000915527344,169,1229,0.038599873057664734,211.25414576562702,0.009567690824890101,43.01769308542351,0.028656056794941112,22.80761109575871,0.8458836754608301,0.5786932231591506,55.0,60.0
788,PSNL,1527753,"Personalis, Inc.",8071,Services-Medical Laboratories,10-Q,2021-08-04,2021-06-30,2021-08-04 20:16:40+00:00,0001564590-21-040831,https://www.sec.gov/Archives/edgar/data/1527753/000156459021040831/psnl-10q_20210630.htm,43535,3552,data/interim/text/000156459021040831.txt.gz,156459021040831,2021Q3,2021-08-04 16:16:40-04:00,2021-08-05,2021-08-05,2021-08-05,2021-08-04,20.229999542236328,232,1166,0.03803835994027794,212.83303728234114,0.009463649936832434,43.21257404695494,0.028092339496956473,26.56560702103794,0.5673114054613106,0.5733831982933414,55.0,60.0
789,PSNL,1527753,"Personalis, Inc.",8071,Services-Medical Laboratories,10-Q,2021-11-04,2021-09-30,2021-11-04 12:13:17+00:00,0001564590-21-054262,https://www.sec.gov/Archives/edgar/data/1527753/000156459021054262/psnl-10q_20210930.htm,44218,3562,data/interim/text/000156459021054262.txt.gz,156459021054262,2021Q4,2021-11-04 08:13:17-04:00,2021-11-04,2021-11-04,2021-11-04,2021-11-03,20.040000915527344,296,1102,0.03754127278483875,209.9733840653542,0.009407933420778869,42.95159192697071,0.028042878465783166,25.34194190580028,0.5644411520585981,0.7504619369595145,55.0,60.0
790,PSNL,1527753,"Personalis, Inc.",8071,Services-Medical Laboratories,10-K,2022-02-24,2021-12-31,2022-02-24 21:21:55+00:00,0001564590-22-006722,https://www.sec.gov/Archives/edgar/data/1527753/000156459022006722/psnl-10k_20211231.htm,68434,4529,data/interim/text/000156459022006722.txt.gz,156459022006722,2022Q1,2022-02-24 16:21:55-05:00,2022-02-25,2022-02-25,2022-02-25,2022-02-24,10.039999961853027,373,1025,0.030452698950813924,262.01139301512734,0.009220562878101529,62.1651209981019,0.02330712803577169,41.862773172191304,0.7600093311043641,0.8853994865200672,55.0,60.0
791,PSNL,1527753,"Personalis, Inc.",8071,Services-Medical Laboratories,10-Q,2022-05-04,2022-03-31,2022-05-04 20:14:15+00:00,0001564590-22-017858,https://www.sec.gov/Archives/edgar/data/1527753/000156459022017858/psnl-10q_20220331.htm,48701,3735,data/interim/text/000156459022017858.txt.gz,156459022017858,2022Q2,2022-05-04 16:14:15-04:00,2022-05-05,2022-05-05,2022-05-05,2022-05-04,5.96999979019165,421,977,0.03732982895628426,222.5593533395319,0.009137389375988172,46.34770819703813,0.027802303854130305,26.800609400294217,0.7676234069798892,1.0841504571535232,55.0,60.0
792,PSNL,1527753,"Personalis, Inc.",8071,Services-Medical Laboratories,10-Q,2022-08-03,2022-06-30,2022-08-03 20:19:04+00:00,0001564590-22-027773,https://www.sec.gov/Archives/edgar/data/1527753/000156459022027773/psnl-10q_20220630.htm,49590,3776,data/interim/text/000156459022027773.txt.gz,156459022027773,2022Q3,2022-08-03 16:19:04-04:00,2022-08-04,2022-08-04,2022-08-04,2022-08-03,4.480000019073486,483,915,0.03714458560193588,222.05112643478626,0.008993748739665255,45.20877588957564,0.027324057269610808,27.17960746276181,1.1133301184145004,0.9674307444308791,55.0,60.0
793,PSNL,1527753,"Personalis, Inc.",8071,Services-Medical Laboratories,10-K,2023-02-23,2022-12-31,2023-02-23 21:26:30+00:00,0000950170-23-004139,https://www.sec.gov/Archives/edgar/data/1527753/000095017023004139/psnl-20221231.htm,65843,4641,data/interim/text/000095017023004139.txt.gz,95017023004139,2023Q1,2023-02-23 16:26:30-05:00,2023-02-24,2023-02-24,2023-02-24,2023-02-23,3.180000066757202,623,775,0.03140804641343803,261.85352776670527,0.008687331986695624,55.48212103109695,0.022857403216742858,38.700072351461614,1.219330418168481,0.9659925050227339,55.0,60.0
794,PSNL,1527753,"Personalis, Inc.",8071,Services-Medical Laboratories,10-Q,2024-11-06,2024-09-30,2024-11-06 21:10:10+00:00,0000950170-24-122290,https://www.sec.gov/Archives/edgar/data/1527753/000095017024122290/psnl-20240930.htm,48090,3803,data/interim/text/000095017024122290.txt.gz,95017024122290,2024Q4,2024-11-06 16:10:10-05:00,2024-11-07,2024-11-07,2024-11-07,2024-11-06,5.579999923706055,1052,346,0.0396756082345602,237.96437934158206,0.009128716988978998,45.47023676461022,0.026928675400291122,21.71972597761045,0.9148273592403208,1.3237879431397241,55.0,60.0
795,PSNL,1527753,"Personalis, Inc.",8071,Services-Medical Laboratories,10-K,2025-02-27,2024-12-31,2025-02-27 22:10:59+00:00,0000950170-25-029221,https://www.sec.gov/Archives/edgar/data/1527753/000095017025029221/psnl-20241231.htm,61334,4343,data/interim/text/000095017025029221.txt.gz,95017025029221,2025Q1,2025-02-27 17:10:59-05:00,2025-02-28,2025-02-28,2025-02-28,2025-02-27,4.239999771118164,1127,271,0.03458114585711025,250.53438209177085,0.008184693644634297,49.23771292704821,0.023510614015065052,25.028786500111018,1.355330138147876,0.899029505467842,55.0,60.0
796,PSNL,1527753,"Personalis, Inc.",8071,Services-Medical Laboratories,10-Q,2025-05-06,2025-03-31,2025-05-06 20:24:12+00:00,0000950170-25-064512,https://www.sec.gov/Archives/edgar/data/1527753/000095017025064512/psnl-20250331.htm,48492,3803,data/interim/text/000095017025064512.txt.gz,95017025064512,2025Q2,2025-05-06 16:24:12-04:00,2025-05-07,2025-05-07,2025-05-07,2025-05-06,4.0,1174,224,0.039944733151860104,236.26448955488073,0.00919739338447579,44.48696188743701,0.027963375402128187,20.096318965320446,0.9489454127367822,0.7982615391910839,55.0,60.0
797,PSNL,1527753,"Personalis, Inc.",8071,Services-Medical Laboratories,10-Q,2025-08-05,2025-06-30,2025-08-05 20:05:49+00:00,0000950170-25-102993,https://www.sec.gov/Archives/edgar/data/1527753/000095017025102993/psnl-20250630.htm,49171,3805,data/interim/text/000095017025102993.txt.gz,95017025102993,2025Q3,2025-08-05 16:05:49-04:00,2025-08-06,2025-08-06,2025-08-06,2025-08-05,5.639999866485596,1236,162,0.03951516137560757,235.05269098817558,0.00923308454170141,45.51492241431738,0.02759756767200179,20.745628215584095,0.6787033313875541,0.8338454401754047,55.0,60.0
798,PSNL,1527753,"Personalis, Inc.",8071,Services-Medical Laboratories,10-Q,2025-11-04,2025-09-30,2025-11-04 21:13:29+00:00,0001193125-25-264708,https://www.sec.gov/Archives/edgar/data/1527753/000119312525264708/psnl-20250930.htm,49543,3815,data/interim/text/000119312525264708.txt.gz,119312525264708,2025Q4,2025-11-04 16:13:29-05:00,2025-11-05,2025-11-05,2025-11-05,2025-11-04,8.729999542236328,1300,98,0.03933956361140827,236.55609100448623,0.009183941222776174,46.45219896760467,0.027511454695920715,21.769588015357858,0.8447018496494662,0.9690220500334678,55.0,60.0
799,CRWD,1535527,"CrowdStrike Holdings, Inc.",7372,Services-Prepackaged Software,10-K,2021-03-18,2021-01-31,2021-03-18 21:02:10+00:00,0001535527-21-000007,https://www.sec.gov/Archives/edgar/data/1535527/000153552721000007/crwd-20210131.htm,57184,4127,data/interim/text/000153552721000007.txt.gz,153552721000007,2021Q1,2021-03-18 17:02:10-04:00,2021-03-19,2021-03-19,2021-03-19,2021-03-18,47.5525016784668,136,1262,0.028277140458869615,186.37084201232003,0.007467123670956911,46.12317518588828,0.01969082260772244,30.40210228889755,0.5720927401827264,0.4189450118844652,55.0,60.0
800,CRWD,1535527,"CrowdStrike Holdings, Inc.",7372,Services-Prepackaged Software,10-Q,2021-06-04,2021-04-30,2021-06-04 20:08:40+00:00,0001535527-21-000013,https://www.sec.gov/Archives/edgar/data/1535527/000153552721000013/crwd-20210430.htm,37456,3124,data/interim/text/000153552721000013.txt.gz,153552721000013,2021Q2,2021-06-04 16:08:40-04:00,2021-06-05,2021-06-05,2021-06-07,2021-06-04,51.73500061035156,190,1208,0.03377296027338744,144.62701830603584,0.007074967962409227,23.422936837569345,0.026244126441691586,24.090077525540888,0.4845466989595645,0.4046095001711098,55.0,60.0
801,CRWD,1535527,"CrowdStrike Holdings, Inc.",7372,Services-Prepackaged Software,10-Q,2021-09-01,2021-07-31,2021-09-01 21:20:18+00:00,0001535527-21-000022,https://www.sec.gov/Archives/edgar/data/1535527/000153552721000022/crwd-20210731.htm,40412,3213,data/interim/text/000153552721000022.txt.gz,153552721000022,2021Q3,2021-09-01 17:20:18-04:00,2021-09-02,2021-09-02,2021-09-02,2021-09-01,67.49250030517578,252,1146,0.032020192022171635,144.12661437603657,0.006903889933683065,25.256180727384354,0.024373948332178562,23.102577169506922,0.4259878351685209,0.49406960122659455,55.0,60.0
802,CRWD,1535527,"CrowdStrike Holdings, Inc.",7372,Services-Prepackaged Software,10-Q,2021-12-02,2021-10-31,2021-12-02 21:10:00+00:00,0001535527-21-000028,https://www.sec.gov/Archives/edgar/data/1535527/000153552721000028/crwd-20211031.htm,38154,3094,data/interim/text/000153552721000028.txt.gz,153552721000028,2021Q4,2021-12-02 16:10:00-05:00,2021-12-03,2021-12-03,2021-12-03,2021-12-02,52.337501525878906,316,1082,0.033155108245531265,141.41537104005647,0.006971746081669026,23.125657420037246,0.02560675158567909,22.918852098358713,0.47603485028652465,0.6235933754045914,55.0,60.0
803,CRWD,1535527,"CrowdStrike Holdings, Inc.",7372,Services-Prepackaged Software,10-K,2022-03-16,2022-01-31,2022-03-16 20:08:17+00:00,0001535527-22-000006,https://www.sec.gov/Archives/edgar/data/1535527/000153552722000006/crwd-20220131.htm,49002,3987,data/interim/text/000153552722000006.txt.gz,153552722000006,2022Q1,2022-03-16 16:08:17-04:00,2022-03-17,2022-03-17,2022-03-17,2022-03-16,47.415000915527344,387,1011,0.03232521121586874,182.8466765305036,0.008387412758662912,43.90298472605655,0.022243990041222808,29.063845615966784,0.6617855444551649,0.7774617846048324,55.0,60.0
804,CRWD,1535527,"CrowdStrike Holdings, Inc.",7372,Services-Prepackaged Software,10-Q,2022-06-03,2022-04-30,2022-06-03 20:18:00+00:00,0001535527-22-000012,https://www.sec.gov/Archives/edgar/data/1535527/000153552722000012/crwd-20220430.htm,34680,2985,data/interim/text/000153552722000012.txt.gz,153552722000012,2022Q2,2022-06-03 16:18:00-04:00,2022-06-04,2022-06-04,2022-06-06,2022-06-03,40.525001525878906,442,956,0.037773933102652826,149.08851692048,0.007468281430219146,22.68415924425379,0.027277970011534026,22.68530471787989,0.79883782154087,0.5430468124788991,55.0,60.0
805,CRWD,1535527,"CrowdStrike Holdings, Inc.",7372,Services-Prepackaged Software,10-Q,2022-08-31,2022-07-31,2022-08-31 01:20:53+00:00,0001535527-22-000018,https://www.sec.gov/Archives/edgar/data/1535527/000153552722000018/crwd-20220731.htm,36285,3003,data/interim/text/000153552722000018.txt.gz,153552722000018,2022Q3,2022-08-30 21:20:53-04:00,2022-08-31,2022-08-31,2022-08-31,2022-08-30,48.32374954223633,502,896,0.036185751688025354,147.3241709330983,0.007137935786137522,22.431469387616723,0.026236736943640624,23.08503408141951,0.5440010113928435,0.6332342347490527,55.0,60.0
806,CRWD,1535527,"CrowdStrike Holdings, Inc.",7372,Services-Prepackaged Software,10-Q,2022-11-30,2022-10-31,2022-11-30 02:54:57+00:00,0001535527-22-000025,https://www.sec.gov/Archives/edgar/data/1535527/000153552722000025/crwd-20221031.htm,36725,3017,data/interim/text/000153552722000025.txt.gz,153552722000025,2022Q4,2022-11-29 21:54:57-05:00,2022-11-30,2022-11-30,2022-11-30,2022-11-29,34.5,565,833,0.03618788291354663,149.27201034681076,0.007052416609938734,22.31513945301005,0.026113002042205583,22.34391967056126,0.5781678018102195,0.4730532812710219,55.0,60.0
807,CRWD,1535527,"CrowdStrike Holdings, Inc.",7372,Services-Prepackaged Software,10-K,2023-03-09,2023-01-31,2023-03-09 00:41:08+00:00,0001535527-23-000008,https://www.sec.gov/Archives/edgar/data/1535527/000153552723000008/crwd-20230131.htm,48791,3980,data/interim/text/000153552723000008.txt.gz,153552723000008,2023Q1,2023-03-08 19:41:08-05:00,2023-03-09,2023-03-09,2023-03-09,2023-03-08,32.22999954223633,632,766,0.032936402205324754,185.33414065391756,0.008567153778360764,45.56203505463157,0.02209423869156197,27.274673468427494,0.4814456314559669,0.4178228225794794,55.0,60.0
808,CRWD,1535527,"CrowdStrike Holdings, Inc.",7372,Services-Prepackaged Software,10-Q,2023-06-01,2023-04-30,2023-06-01 01:31:12+00:00,0001535527-23-000014,https://www.sec.gov/Archives/edgar/data/1535527/000153552723000014/crwd-20230430.htm,34545,2970,data/interim/text/000153552723000014.txt.gz,153552723000014,2023Q2,2023-05-31 21:31:12-04:00,2023-06-01,2023-06-01,2023-06-01,2023-05-31,40.032501220703125,690,708,0.03823997684180055,150.9952292435792,0.007642205818497612,22.903024943747155,0.02697930235924157,20.997543972602575,0.4474126460042698,0.45534453329119035,55.0,60.0
809,CRWD,1535527,"CrowdStrike Holdings, Inc.",7372,Services-Prepackaged Software,10-Q,2023-08-31,2023-07-31,2023-08-31 01:28:30+00:00,0001535527-23-000020,https://www.sec.gov/Archives/edgar/data/1535527/000153552723000020/crwd-20230731.htm,35944,2975,data/interim/text/000153552723000020.txt.gz,153552723000020,2023Q3,2023-08-30 21:28:30-04:00,2023-08-31,2023-08-31,2023-08-31,2023-08-30,37.29499816894531,753,645,0.036918539951034945,150.67970067676364,0.00751168484308925,22.967406951800285,0.025873581126196307,20.17461029492563,0.4002374635225849,0.3648497360452441,55.0,60.0
810,CRWD,1535527,"CrowdStrike Holdings, Inc.",7372,Services-Prepackaged Software,10-Q,2023-11-29,2023-10-31,2023-11-29 02:26:26+00:00,0001535527-23-000026,https://www.sec.gov/Archives/edgar/data/1535527/000153552723000026/crwd-20231031.htm,36251,2990,data/interim/text/000153552723000026.txt.gz,153552723000026,2023Q4,2023-11-28 21:26:26-05:00,2023-11-29,2023-11-29,2023-11-29,2023-11-28,53.087501525878906,815,583,0.03671622851783399,150.59120838516665,0.007558412181732917,23.171379762916235,0.025792391934015613,20.15291769123766,0.31859156775740566,0.3953406308203959,55.0,60.0
811,CRWD,1535527,"CrowdStrike Holdings, Inc.",7372,Services-Prepackaged Software,10-K,2024-03-07,2024-01-31,2024-03-07 02:07:39+00:00,0001535527-24-000007,https://www.sec.gov/Archives/edgar/data/1535527/000153552724000007/crwd-20240131.htm,50096,4064,data/interim/text/000153552724000007.txt.gz,153552724000007,2024Q1,2024-03-06 21:07:39-05:00,2024-03-07,2024-03-07,2024-03-07,2024-03-06,82.39250183105469,882,516,0.03357553497285212,195.98150037863613,0.008862983072500798,47.5951546393788,0.022277227722772276,26.170023652852016,0.40612478479157094,0.43207452329831464,55.0,60.0
812,CRWD,1535527,"CrowdStrike Holdings, Inc.",7372,Services-Prepackaged Software,10-Q,2024-06-05,2024-04-30,2024-06-05 01:32:23+00:00,0001535527-24-000013,https://www.sec.gov/Archives/edgar/data/1535527/000153552724000013/crwd-20240430.htm,34452,2974,data/interim/text/000153552724000013.txt.gz,153552724000013,2024Q2,2024-06-04 21:32:23-04:00,2024-06-05,2024-06-05,2024-06-05,2024-06-04,76.3949966430664,944,454,0.03816904678973645,158.5143006228846,0.008011145942180425,23.483090232728077,0.027168234064785787,19.536158866299413,0.31494027270823866,0.5211073437636103,55.0,60.0
813,CRWD,1535527,"CrowdStrike Holdings, Inc.",7372,Services-Prepackaged Software,10-Q,2024-08-29,2024-07-31,2024-08-29 01:54:31+00:00,0001535527-24-000020,https://www.sec.gov/Archives/edgar/data/1535527/000153552724000020/crwd-20240731.htm,37841,3027,data/interim/text/000153552724000020.txt.gz,153552724000020,2024Q3,2024-08-28 21:54:31-04:00,2024-08-29,2024-08-29,2024-08-29,2024-08-28,66.05000305175781,1003,395,0.03892603261013187,160.1171553032316,0.007637218889564229,24.1855982887828,0.025792130229116566,19.535517896953642,0.6131589370465418,0.3931920399577125,55.0,60.0
814,CRWD,1535527,"CrowdStrike Holdings, Inc.",7372,Services-Prepackaged Software,10-Q,2024-11-27,2024-10-31,2024-11-27 02:24:56+00:00,0001535527-24-000026,https://www.sec.gov/Archives/edgar/data/1535527/000153552724000026/crwd-20241031.htm,38457,3069,data/interim/text/000153552724000026.txt.gz,153552724000026,2024Q4,2024-11-26 21:24:56-05:00,2024-11-27,2024-11-27,2024-11-27,2024-11-26,91.0749969482422,1066,332,0.03942065163689315,163.24271809793677,0.0076188990300855505,24.40605994736873,0.025691031541721924,19.53953980827368,0.3869660263055981,0.46024343592108263,55.0,60.0
815,CRWD,1535527,"CrowdStrike Holdings, Inc.",7372,Services-Prepackaged Software,10-K,2025-03-10,2025-01-31,2025-03-10 12:44:44+00:00,0001535527-25-000009,https://www.sec.gov/Archives/edgar/data/1535527/000153552725000009/crwd-20250131.htm,50882,4038,data/interim/text/000153552725000009.txt.gz,153552725000009,2025Q1,2025-03-10 08:44:44-04:00,2025-03-10,2025-03-10,2025-03-10,2025-03-07,83.375,1133,265,0.03551354113438937,201.90637327853926,0.009433591446877089,53.39697124582123,0.022463739632876067,24.157875709502328,0.47033022863489987,0.5719256877128838,55.0,60.0
816,CRWD,1535527,"CrowdStrike Holdings, Inc.",7372,Services-Prepackaged Software,10-Q,2025-06-04,2025-04-30,2025-06-04 01:45:41+00:00,0001535527-25-000019,https://www.sec.gov/Archives/edgar/data/1535527/000153552725000019/crwd-20250430.htm,36969,3046,data/interim/text/000153552725000019.txt.gz,153552725000019,2025Q2,2025-06-03 21:45:41-04:00,2025-06-04,2025-06-04,2025-06-04,2025-06-03,122.19000244140624,1193,205,0.04098028077578512,163.91482981312097,0.007898509562065514,25.033249197883528,0.02713083935188942,19.331318557835992,0.6298061072530385,0.31955567434174215,55.0,60.0
817,CRWD,1535527,"CrowdStrike Holdings, Inc.",7372,Services-Prepackaged Software,10-Q,2025-08-28,2025-07-31,2025-08-28 01:43:28+00:00,0001535527-25-000025,https://www.sec.gov/Archives/edgar/data/1535527/000153552725000025/crwd-20250731.htm,39091,3085,data/interim/text/000153552725000025.txt.gz,153552725000025,2025Q3,2025-08-27 21:43:28-04:00,2025-08-28,2025-08-28,2025-08-28,2025-08-27,105.65249633789062,1252,146,0.03919060653347318,163.3864697517945,0.007648819421350183,26.22300291967434,0.025965055895218848,19.412942530478816,0.3263997950774164,0.4149294221295861,55.0,60.0
818,CRWD,1535527,"CrowdStrike Holdings, Inc.",7372,Services-Prepackaged Software,10-Q,2025-12-03,2025-10-31,2025-12-03 02:47:01+00:00,0001535527-25-000033,https://www.sec.gov/Archives/edgar/data/1535527/000153552725000033/crwd-20251031.htm,38924,3089,data/interim/text/000153552725000033.txt.gz,153552725000033,2025Q4,2025-12-02 21:47:01-05:00,2025-12-03,2025-12-03,2025-12-03,2025-12-02,129.1374969482422,1319,79,0.03930736820470661,163.64709737168528,0.007655944918302333,25.593542304589647,0.026153529955811324,19.430964838748753,0.4270469959307642,0.4939631781635068,55.0,60.0
819,NRIX,1549595,"Nurix Therapeutics, Inc.",2834,Pharmaceutical Preparations,10-K,2021-02-16,2020-11-30,2021-02-16 21:11:19+00:00,0001564590-21-006071,https://www.sec.gov/Archives/edgar/data/1549595/000156459021006071/nrix-10k_20201130.htm,85055,4883,data/interim/text/000156459021006071.txt.gz,156459021006071,2021Q1,2021-02-16 16:11:19-05:00,2021-02-17,2021-02-17,2021-02-17,2021-02-16,39.93000030517578,114,1284,0.024678149432720006,244.61039974819394,0.01115748633237317,66.71993550618585,0.021209805420022338,41.59297145241351,1.2665707503071886,1.0911844758095652,55.0,60.0
820,NRIX,1549595,"Nurix Therapeutics, Inc.",2834,Pharmaceutical Preparations,10-Q,2021-04-13,2021-02-28,2021-04-13 20:24:34+00:00,0001564590-21-018713,https://www.sec.gov/Archives/edgar/data/1549595/000156459021018713/nrix-10q_20210228.htm,57480,3739,data/interim/text/000156459021018713.txt.gz,156459021018713,2021Q2,2021-04-13 16:24:34-04:00,2021-04-14,2021-04-14,2021-04-14,2021-04-13,26.559999465942383,153,1245,0.029940848990953374,194.89605420462718,0.012143354210160056,49.97698121258256,0.02663535142658316,32.381722621957465,1.140906705623405,0.6766156632172147,55.0,60.0
821,NRIX,1549595,"Nurix Therapeutics, Inc.",2834,Pharmaceutical Preparations,10-Q,2021-07-13,2021-05-31,2021-07-13 20:18:48+00:00,0001564590-21-036448,https://www.sec.gov/Archives/edgar/data/1549595/000156459021036448/nrix-10q_20210531.htm,58657,3789,data/interim/text/000156459021036448.txt.gz,156459021036448,2021Q3,2021-07-13 16:18:48-04:00,2021-07-14,2021-07-14,2021-07-14,2021-07-13,23.229999542236328,216,1182,0.02944235129652045,194.9600196291088,0.012087218916753328,50.05414450509667,0.02809553846940689,32.618834320291185,0.6959456344735032,0.7155133681817201,55.0,60.0
822,NRIX,1549595,"Nurix Therapeutics, Inc.",2834,Pharmaceutical Preparations,10-Q,2021-10-14,2021-08-31,2021-10-14 20:20:02+00:00,0001564590-21-050851,https://www.sec.gov/Archives/edgar/data/1549595/000156459021050851/nrix-10q_20210831.htm,50881,3586,data/interim/text/000156459021050851.txt.gz,156459021050851,2021Q4,2021-10-14 16:20:02-04:00,2021-10-15,2021-10-15,2021-10-15,2021-10-14,28.5,282,1116,0.03270375975314951,196.1301843160223,0.012951789469546589,48.184986557766884,0.029146439731923508,31.235106773170802,0.7030448481841315,0.6610950699656327,55.0,60.0
823,NRIX,1549595,"Nurix Therapeutics, Inc.",2834,Pharmaceutical Preparations,10-K,2022-01-28,2021-11-30,2022-01-28 21:11:58+00:00,0001564590-22-003007,https://www.sec.gov/Archives/edgar/data/1549595/000156459022003007/nrix-10k_20211130.htm,81292,4950,data/interim/text/000156459022003007.txt.gz,156459022003007,2022Q1,2022-01-28 16:11:58-05:00,2022-01-29,2022-01-29,2022-01-31,2022-01-28,17.65999984741211,355,1043,0.02689071495350096,261.54028112245663,0.011821581459430202,71.11601818425076,0.022523741573586577,40.73246546564918,0.6392491265433478,0.8355512089190943,55.0,60.0
824,NRIX,1549595,"Nurix Therapeutics, Inc.",2834,Pharmaceutical Preparations,10-Q,2022-04-08,2022-02-28,2022-04-08 20:07:42+00:00,0001564590-22-013988,https://www.sec.gov/Archives/edgar/data/1549595/000156459022013988/nrix-10q_20220228.htm,49804,3589,data/interim/text/000156459022013988.txt.gz,156459022013988,2022Q2,2022-04-08 16:07:42-04:00,2022-04-09,2022-04-09,2022-04-11,2022-04-08,14.81999969482422,404,994,0.034093647096618745,202.50501707489732,0.013171632800578266,49.29875807270739,0.029596016384226168,31.103127782629084,0.7639832183318109,1.1366464440391948,55.0,60.0
825,NRIX,1549595,"Nurix Therapeutics, Inc.",2834,Pharmaceutical Preparations,10-Q,2022-07-07,2022-05-31,2022-07-07 20:17:14+00:00,0001564590-22-025450,https://www.sec.gov/Archives/edgar/data/1549595/000156459022025450/nrix-10q_20220531.htm,50162,3604,data/interim/text/000156459022025450.txt.gz,156459022025450,2022Q3,2022-07-07 16:17:14-04:00,2022-07-08,2022-07-08,2022-07-08,2022-07-07,15.470000267028809,464,934,0.03396993740281488,203.71682492285672,0.012977951437343009,48.275664259846636,0.03080020732825645,31.108984711026373,1.1837107739110173,0.7515561666739609,55.0,60.0
826,NRIX,1549595,"Nurix Therapeutics, Inc.",2834,Pharmaceutical Preparations,10-Q,2022-10-06,2022-08-31,2022-10-06 20:28:07+00:00,0001564590-22-033709,https://www.sec.gov/Archives/edgar/data/1549595/000156459022033709/nrix-10q_20220831.htm,51588,3651,data/interim/text/000156459022033709.txt.gz,156459022033709,2022Q4,2022-10-06 16:28:07-04:00,2022-10-07,2022-10-07,2022-10-07,2022-10-06,11.81999969482422,528,870,0.03363185236876793,204.64421172925248,0.012929363417849112,49.353369678467274,0.02919283554314957,31.00900751885175,0.7655610185072917,0.6840072279350793,55.0,60.0
827,NRIX,1549595,"Nurix Therapeutics, Inc.",2834,Pharmaceutical Preparations,10-K,2023-02-09,2022-11-30,2023-02-09 21:19:57+00:00,0001549595-23-000021,https://www.sec.gov/Archives/edgar/data/1549595/000154959523000021/nrix-20221130.htm,83701,5045,data/interim/text/000154959523000021.txt.gz,154959523000021,2023Q1,2023-02-09 16:19:57-05:00,2023-02-10,2023-02-10,2023-02-10,2023-02-09,11.229999542236328,614,784,0.026570769763802106,265.53622497059024,0.011636659060226281,71.82535051457288,0.022245851304046545,42.17043760991663,0.6211748059096049,0.8011924972815734,55.0,60.0
828,NRIX,1549595,"Nurix Therapeutics, Inc.",2834,Pharmaceutical Preparations,10-Q,2023-04-13,2023-02-28,2023-04-13 20:04:29+00:00,0001549595-23-000032,https://www.sec.gov/Archives/edgar/data/1549595/000154959523000032/nrix-20230228.htm,51495,3695,data/interim/text/000154959523000032.txt.gz,154959523000032,2023Q2,2023-04-13 16:04:29-04:00,2023-04-14,2023-04-14,2023-04-14,2023-04-13,10.130000114440918,657,741,0.0334013010971939,203.74204453235438,0.01271968152247791,48.440091406991144,0.02951742887658996,34.33883343477958,0.5360646292659252,0.5967173831253493,55.0,60.0
829,NRIX,1549595,"Nurix Therapeutics, Inc.",2834,Pharmaceutical Preparations,10-Q,2023-07-13,2023-05-31,2023-07-13 20:19:55+00:00,0001549595-23-000040,https://www.sec.gov/Archives/edgar/data/1549595/000154959523000040/nrix-20230531.htm,50951,3642,data/interim/text/000154959523000040.txt.gz,154959523000040,2023Q3,2023-07-13 16:19:55-04:00,2023-07-14,2023-07-14,2023-07-14,2023-07-13,10.079999923706056,719,679,0.03324763007595533,199.0565439616062,0.01277698180604895,49.005315713073145,0.030480265352986202,33.49919402224503,0.6579403533474104,0.5185802416272316,55.0,60.0
830,NRIX,1549595,"Nurix Therapeutics, Inc.",2834,Pharmaceutical Preparations,10-Q,2023-10-12,2023-08-31,2023-10-12 20:06:47+00:00,0001549595-23-000048,https://www.sec.gov/Archives/edgar/data/1549595/000154959523000048/nrix-20230831.htm,51152,3635,data/interim/text/000154959523000048.txt.gz,154959523000048,2023Q4,2023-10-12 16:06:47-04:00,2023-10-13,2023-10-13,2023-10-13,2023-10-12,6.230000019073486,783,615,0.033019236784485456,196.96964951795368,0.012980919612136379,49.90445102906948,0.028992023772286518,32.765629414694,0.4972452489273358,0.9807981216097742,55.0,60.0
831,NRIX,1549595,"Nurix Therapeutics, Inc.",2834,Pharmaceutical Preparations,10-K,2024-02-15,2023-11-30,2024-02-15 21:04:30+00:00,0001549595-24-000025,https://www.sec.gov/Archives/edgar/data/1549595/000154959524000025/nrix-20231130.htm,85295,5058,data/interim/text/000154959524000025.txt.gz,154959524000025,2024Q1,2024-02-15 16:04:30-05:00,2024-02-16,2024-02-16,2024-02-16,2024-02-15,9.850000381469728,869,529,0.026941790257342165,265.5664630833447,0.012005393047658127,76.67255970073434,0.022850108447153995,43.17672600194018,0.6752658805175433,1.0105328722814986,55.0,60.0
832,NRIX,1549595,"Nurix Therapeutics, Inc.",2834,Pharmaceutical Preparations,10-Q,2024-04-10,2024-02-29,2024-04-10 11:06:08+00:00,0001549595-24-000049,https://www.sec.gov/Archives/edgar/data/1549595/000154959524000049/nrix-20240229.htm,54532,3737,data/interim/text/000154959524000049.txt.gz,154959524000049,2024Q2,2024-04-10 07:06:08-04:00,2024-04-10,2024-04-10,2024-04-10,2024-04-09,17.479999542236328,905,493,0.033686642705200616,208.30709530853798,0.013093229663316951,53.74508120978793,0.0293222328174283,32.99056868298407,0.7674113187050239,0.8309785160187775,55.0,60.0
833,NRIX,1549595,"Nurix Therapeutics, Inc.",2834,Pharmaceutical Preparations,10-Q,2024-07-11,2024-05-31,2024-07-11 20:07:20+00:00,0001549595-24-000098,https://www.sec.gov/Archives/edgar/data/1549595/000154959524000098/nrix-20240531.htm,55820,3741,data/interim/text/000154959524000098.txt.gz,154959524000098,2024Q3,2024-07-11 16:07:20-04:00,2024-07-12,2024-07-12,2024-07-12,2024-07-11,22.030000686645508,969,429,0.03348262271587245,208.84635423398785,0.012916517377284128,53.302038529259775,0.03025797205302759,32.83100624983317,0.8409516265707837,0.4806758613385049,55.0,60.0
834,NRIX,1549595,"Nurix Therapeutics, Inc.",2834,Pharmaceutical Preparations,10-Q,2024-10-11,2024-08-31,2024-10-11 20:05:50+00:00,0001549595-24-000131,https://www.sec.gov/Archives/edgar/data/1549595/000154959524000131/nrix-20240831.htm,56265,3752,data/interim/text/000154959524000131.txt.gz,154959524000131,2024Q4,2024-10-11 16:05:50-04:00,2024-10-12,2024-10-12,2024-10-14,2024-10-11,23.6299991607666,1034,364,0.0332178085843775,208.76444117319093,0.01292099884475251,53.167984198005996,0.0288811872389585,33.29002038870375,0.49177948480225553,0.5935665269500306,55.0,60.0
835,NRIX,1549595,"Nurix Therapeutics, Inc.",2834,Pharmaceutical Preparations,10-K,2025-01-28,2024-11-30,2025-01-28 21:15:22+00:00,0001549595-25-000016,https://www.sec.gov/Archives/edgar/data/1549595/000154959525000016/nrix-20241130.htm,90399,5355,data/interim/text/000154959525000016.txt.gz,154959525000016,2025Q1,2025-01-28 16:15:22-05:00,2025-01-29,2025-01-29,2025-01-29,2025-01-28,19.559999465942383,1106,292,0.02701357315899512,281.2697772709681,0.011758979634730472,80.29270680613973,0.02245600061947588,46.561119219468814,0.605044974309115,0.7092869672334311,55.0,60.0
836,NRIX,1549595,"Nurix Therapeutics, Inc.",2834,Pharmaceutical Preparations,10-Q,2025-04-08,2025-02-28,2025-04-08 20:06:50+00:00,0001549595-25-000055,https://www.sec.gov/Archives/edgar/data/1549595/000154959525000055/nrix-20250228.htm,57612,3819,data/interim/text/000154959525000055.txt.gz,154959525000055,2025Q2,2025-04-08 16:06:50-04:00,2025-04-09,2025-04-09,2025-04-09,2025-04-08,9.260000228881836,1155,243,0.03398597514406721,217.50800790371557,0.01241060890092342,54.22702195437467,0.02931680899812539,35.50582933749813,0.6179144224552215,0.629984259316447,55.0,60.0
837,NRIX,1549595,"Nurix Therapeutics, Inc.",2834,Pharmaceutical Preparations,10-Q,2025-07-09,2025-05-31,2025-07-09 20:03:49+00:00,0001549595-25-000095,https://www.sec.gov/Archives/edgar/data/1549595/000154959525000095/nrix-20250531.htm,58629,3839,data/interim/text/000154959525000095.txt.gz,154959525000095,2025Q3,2025-07-09 16:03:49-04:00,2025-07-10,2025-07-10,2025-07-10,2025-07-09,13.18000030517578,1217,181,0.033652288116802265,216.4116855909182,0.012468232444694605,55.81199575385433,0.030394514659980557,36.02363763611326,0.6340542616942177,0.5711662163393627,55.0,60.0
838,NRIX,1549595,"Nurix Therapeutics, Inc.",2834,Pharmaceutical Preparations,10-Q,2025-10-09,2025-08-31,2025-10-09 20:04:18+00:00,0001549595-25-000113,https://www.sec.gov/Archives/edgar/data/1549595/000154959525000113/nrix-20250831.htm,58546,3839,data/interim/text/000154959525000113.txt.gz,154959525000113,2025Q4,2025-10-09 16:04:18-04:00,2025-10-10,2025-10-10,2025-10-10,2025-10-09,10.859999656677246,1282,116,0.0336487548252656,216.05003832357878,0.01240050558535169,56.1564081585868,0.029259044170395928,36.037339543425055,0.5704849157350756,0.7360292256686909,55.0,60.0
839,MASS,1555279,908 Devices Inc.,3826,Laboratory Analytical Instruments,10-K,2021-03-31,2020-12-31,2021-03-31 13:00:19+00:00,0001104659-21-044397,https://www.sec.gov/Archives/edgar/data/1555279/000110465921044397/tm2110439d1_10k.htm,65405,4593,data/interim/text/000110465921044397.txt.gz,110465921044397,2021Q1,2021-03-31 09:00:19-04:00,2021-03-31,2021-03-31,2021-03-31,2021-03-30,44.86000061035156,68,1254,0.022567082027367937,203.13857407521124,0.00770583288739393,51.17244843235878,0.019417475728155338,34.542454073482084,0.9910095008483143,0.5909436833615297,55.0,60.0
840,MASS,1555279,908 Devices Inc.,3826,Laboratory Analytical Instruments,10-Q,2021-05-13,2021-03-31,2021-05-13 13:16:11+00:00,0001104659-21-065579,https://www.sec.gov/Archives/edgar/data/1555279/000110465921065579/mass-20210331x10q.htm,9395,1457,data/interim/text/000110465921065579.txt.gz,110465921065579,2021Q2,2021-05-13 09:16:11-04:00,2021-05-13,2021-05-13,2021-05-13,2021-05-12,44.0099983215332,98,1224,0.010324640766365087,15.874806340974011,0.005002660989888238,6.927498347607683,0.01447578499201703,6.703338371271764,0.8500927065300036,0.583264822150289,55.0,60.0
841,MASS,1555279,908 Devices Inc.,3826,Laboratory Analytical Instruments,10-Q,2021-08-04,2021-06-30,2021-08-04 13:16:30+00:00,0001104659-21-099830,https://www.sec.gov/Archives/edgar/data/1555279/000110465921099830/mass-20210630x10q.htm,10546,1489,data/interim/text/000110465921099830.txt.gz,110465921099830,2021Q3,2021-08-04 09:16:30-04:00,2021-08-04,2021-08-04,2021-08-04,2021-08-03,31.0,155,1167,0.009671913521714395,17.557625547625243,0.0045514887161008915,7.127607219416232,0.013275175421960933,8.505389206344953,0.6844565527103899,0.5711656651731712,55.0,60.0
842,MASS,1555279,908 Devices Inc.,3826,Laboratory Analytical Instruments,10-Q,2021-11-04,2021-09-30,2021-11-04 13:15:49+00:00,0001558370-21-014475,https://www.sec.gov/Archives/edgar/data/1555279/000155837021014475/mass-20210930x10q.htm,36844,3136,data/interim/text/000155837021014475.txt.gz,155837021014475,2021Q4,2021-11-04 09:15:49-04:00,2021-11-04,2021-11-04,2021-11-04,2021-11-03,33.08000183105469,220,1102,0.031945499945717076,158.59978172612537,0.009173813918141352,32.68323714291158,0.027250027141461297,22.86201923713003,0.5528833285014341,0.8321603955703276,55.0,60.0
843,MASS,1555279,908 Devices Inc.,3826,Laboratory Analytical Instruments,10-K,2022-03-11,2021-12-31,2022-03-11 13:30:49+00:00,0001558370-22-003363,https://www.sec.gov/Archives/edgar/data/1555279/000155837022003363/mass-20211231x10k.htm,54514,4426,data/interim/text/000155837022003363.txt.gz,155837022003363,2022Q1,2022-03-11 08:30:49-05:00,2022-03-11,2022-03-11,2022-03-11,2022-03-10,18.88999938964844,307,1015,0.02491103202846975,207.87640943497556,0.008860109329713468,52.835494147005264,0.021572440107128443,30.220237268417133,0.8509812267278573,1.0290757757962712,55.0,60.0
844,MASS,1555279,908 Devices Inc.,3826,Laboratory Analytical Instruments,10-Q,2022-05-10,2022-03-31,2022-05-10 12:30:34+00:00,0001558370-22-007984,https://www.sec.gov/Archives/edgar/data/1555279/000155837022007984/mass-20220331x10q.htm,9171,1454,data/interim/text/000155837022007984.txt.gz,155837022007984,2022Q2,2022-05-10 08:30:34-04:00,2022-05-10,2022-05-10,2022-05-10,2022-05-09,15.489999771118164,348,974,0.009704503325700577,15.808734927092079,0.005124850070875586,7.737305478184814,0.015374550212626759,8.608323075975324,0.8211511065546595,0.9334445326915457,55.0,60.0
845,MASS,1555279,908 Devices Inc.,3826,Laboratory Analytical Instruments,10-Q,2022-08-09,2022-06-30,2022-08-09 11:26:23+00:00,0001558370-22-012746,https://www.sec.gov/Archives/edgar/data/1555279/000155837022012746/mass-20220630x10q.htm,10140,1473,data/interim/text/000155837022012746.txt.gz,155837022012746,2022Q3,2022-08-09 07:26:23-04:00,2022-08-09,2022-08-09,2022-08-09,2022-08-08,21.40999984741211,410,912,0.009270216962524655,16.26920202556647,0.004832347140039448,7.533792717564868,0.013708086785009862,8.60314020272558,0.9328494246739161,0.6652518828523404,55.0,60.0
846,MASS,1555279,908 Devices Inc.,3826,Laboratory Analytical Instruments,10-Q,2022-11-14,2022-09-30,2022-11-14 14:16:07+00:00,0001558370-22-017620,https://www.sec.gov/Archives/edgar/data/1555279/000155837022017620/mass-20220930x10q.htm,13220,1774,data/interim/text/000155837022017620.txt.gz,155837022017620,2022Q4,2022-11-14 09:16:07-05:00,2022-11-14,2022-11-14,2022-11-14,2022-11-11,16.010000228881836,478,844,0.013464447806354009,27.767029176634264,0.0050680786686838125,9.4534065457081,0.019062027231467472,13.644177223374431,0.6443631098831146,0.7601929471667807,55.0,60.0
847,MASS,1555279,908 Devices Inc.,3826,Laboratory Analytical Instruments,10-K,2023-03-15,2022-12-31,2023-03-15 20:31:02+00:00,0001558370-23-003887,https://www.sec.gov/Archives/edgar/data/1555279/000155837023003887/mass-20221231x10k.htm,55526,4520,data/interim/text/000155837023003887.txt.gz,155837023003887,2023Q1,2023-03-15 16:31:02-04:00,2023-03-16,2023-03-16,2023-03-16,2023-03-15,8.9399995803833,561,761,0.02515938479270972,203.3823572642158,0.008842704318697547,53.02025864510637,0.02254799553362389,34.64596032325831,0.7454860275890647,0.7696698745932933,55.0,60.0
848,MASS,1555279,908 Devices Inc.,3826,Laboratory Analytical Instruments,10-Q,2023-05-09,2023-03-31,2023-05-09 12:45:41+00:00,0001558370-23-008690,https://www.sec.gov/Archives/edgar/data/1555279/000155837023008690/mass-20230331x10q.htm,9921,1530,data/interim/text/000155837023008690.txt.gz,155837023008690,2023Q2,2023-05-09 08:45:41-04:00,2023-05-09,2023-05-09,2023-05-09,2023-05-08,7.139999866485596,598,724,0.010281221651043242,19.265973993944524,0.00554379598830763,9.43325488606191,0.016832980546315896,7.749265420642046,0.7745741629298026,0.8600380721957529,55.0,60.0
849,MASS,1555279,908 Devices Inc.,3826,Laboratory Analytical Instruments,10-Q,2023-08-08,2023-06-30,2023-08-08 13:15:47+00:00,0001558370-23-013779,https://www.sec.gov/Archives/edgar/data/1555279/000155837023013779/mass-20230630x10q.htm,11490,1567,data/interim/text/000155837023013779.txt.gz,155837023013779,2023Q3,2023-08-08 09:15:47-04:00,2023-08-08,2023-08-08,2023-08-08,2023-08-07,6.269999980926514,660,662,0.01009573542210618,19.272230812141096,0.005221932114882507,9.822033059402152,0.015404699738903394,8.50310625416755,0.7487419956217449,0.5930010084860129,55.0,60.0
850,MASS,1555279,908 Devices Inc.,3826,Laboratory Analytical Instruments,10-Q,2023-11-07,2023-09-30,2023-11-07 13:46:06+00:00,0001558370-23-017879,https://www.sec.gov/Archives/edgar/data/1555279/000155837023017879/mass-20230930x10q.htm,11583,1592,data/interim/text/000155837023017879.txt.gz,155837023017879,2023Q4,2023-11-07 08:46:06-05:00,2023-11-07,2023-11-07,2023-11-07,2023-11-06,5.909999847412109,724,598,0.010791677458344124,20.452044345749893,0.005439005439005439,9.65558616795714,0.014849348182681516,8.349200393640832,0.48305488652180095,1.0735953199285717,55.0,60.0
851,MASS,1555279,908 Devices Inc.,3826,Laboratory Analytical Instruments,10-K,2024-03-08,2023-12-31,2024-03-08 21:15:45+00:00,0001558370-24-002818,https://www.sec.gov/Archives/edgar/data/1555279/000155837024002818/mass-20231231x10k.htm,55637,4480,data/interim/text/000155837024002818.txt.gz,155837024002818,2024Q1,2024-03-08 16:15:45-05:00,2024-03-09,2024-03-09,2024-03-11,2024-03-08,6.860000133514404,808,514,0.025342847385732517,199.70679613557144,0.008717220554666859,52.30820467386543,0.022790588996531084,32.464567350946695,0.9607790858556058,0.6221115059651048,55.0,60.0
852,MASS,1555279,908 Devices Inc.,3826,Laboratory Analytical Instruments,10-Q,2024-05-03,2024-03-31,2024-05-03 12:45:43+00:00,0001558370-24-006601,https://www.sec.gov/Archives/edgar/data/1555279/000155837024006601/mass-20240331x10q.htm,9522,1492,data/interim/text/000155837024006601.txt.gz,155837024006601,2024Q2,2024-05-03 08:45:43-04:00,2024-05-03,2024-05-03,2024-05-03,2024-05-02,5.670000076293945,846,476,0.010081915563957152,16.014350399388658,0.005566057550934677,8.400978381600169,0.01638311279143037,8.14897821279973,0.6096435623742443,0.7532732123477922,55.0,60.0
853,MASS,1555279,908 Devices Inc.,3826,Laboratory Analytical Instruments,10-Q,2024-08-06,2024-06-30,2024-08-06 13:15:36+00:00,0001558370-24-010969,https://www.sec.gov/Archives/edgar/data/1555279/000155837024010969/mass-20240630x10q.htm,11351,1572,data/interim/text/000155837024010969.txt.gz,155837024010969,2024Q3,2024-08-06 09:15:36-04:00,2024-08-06,2024-08-06,2024-08-06,2024-08-05,4.630000114440918,910,412,0.008897894458638006,16.094030321804123,0.005285877896220597,10.54697443926507,0.014271870319795613,8.234614356022202,0.7370195916583944,0.48315597944870176,55.0,60.0
854,MASS,1555279,908 Devices Inc.,3826,Laboratory Analytical Instruments,10-Q,2024-11-12,2024-09-30,2024-11-12 14:10:41+00:00,0001558370-24-015175,https://www.sec.gov/Archives/edgar/data/1555279/000155837024015175/mass-20240930x10q.htm,11680,1596,data/interim/text/000155837024015175.txt.gz,155837024015175,2024Q4,2024-11-12 09:10:41-05:00,2024-11-12,2024-11-12,2024-11-12,2024-11-11,3.619999885559082,979,343,0.010359589041095891,16.89017493226566,0.005136986301369863,10.215204035079363,0.016523972602739728,10.242664891135476,0.48070963695776064,1.3202553560049832,55.0,60.0
855,MASS,1555279,908 Devices Inc.,3826,Laboratory Analytical Instruments,10-K,2025-03-07,2024-12-31,2025-03-07 13:30:54+00:00,0001558370-25-002459,https://www.sec.gov/Archives/edgar/data/1555279/000155837025002459/mass-20241231x10k.htm,54571,4425,data/interim/text/000155837025002459.txt.gz,155837025002459,2025Q1,2025-03-07 08:30:54-05:00,2025-03-07,2025-03-07,2025-03-07,2025-03-06,3.009999990463257,1056,266,0.025856224001759177,198.7188834836071,0.008557658829781385,52.845029430555115,0.023089186564292388,30.807306751394094,1.359382688233602,0.9979535944982881,55.0,60.0
856,MASS,1555279,908 Devices Inc.,3826,Laboratory Analytical Instruments,10-Q,2025-05-13,2025-03-31,2025-05-13 12:45:57+00:00,0001558370-25-007502,https://www.sec.gov/Archives/edgar/data/1555279/000155837025007502/mass-20250331x10q.htm,9601,1489,data/interim/text/000155837025007502.txt.gz,155837025007502,2025Q2,2025-05-13 08:45:57-04:00,2025-05-13,2025-05-13,2025-05-13,2025-05-12,5.730000019073486,1102,220,0.012394542235183836,18.550957278096266,0.005728569940631184,9.509337685590976,0.017914800541610248,7.583854184255221,2.3942925603123726,0.7118058143616781,55.0,60.0
857,MASS,1555279,908 Devices Inc.,3826,Laboratory Analytical Instruments,10-Q,2025-08-05,2025-06-30,2025-08-05 12:45:33+00:00,0001558370-25-010189,https://www.sec.gov/Archives/edgar/data/1555279/000155837025010189/mass-20250630x10q.htm,10609,1515,data/interim/text/000155837025010189.txt.gz,155837025010189,2025Q3,2025-08-05 08:45:33-04:00,2025-08-05,2025-08-05,2025-08-05,2025-08-04,6.519999980926514,1159,163,0.011688189273258555,18.813122627428825,0.005467056272975775,9.046157807233886,0.016495428409840703,8.259133079795369,0.8445141960242767,0.6355446467533918,55.0,60.0
858,MASS,1555279,908 Devices Inc.,3826,Laboratory Analytical Instruments,10-Q,2025-11-10,2025-09-30,2025-11-10 14:01:06+00:00,0001104659-25-108875,https://www.sec.gov/Archives/edgar/data/1555279/000110465925108875/mass-20250930x10q.htm,11018,1542,data/interim/text/000110465925108875.txt.gz,110465925108875,2025Q4,2025-11-10 09:01:06-05:00,2025-11-10,2025-11-10,2025-11-10,2025-11-07,7.380000114440918,1227,95,0.012978762025776002,22.06223004581902,0.005264113269195862,8.941479536122513,0.016609184970049012,7.485974063099459,0.6369763001239638,0.6623686235380389,55.0,60.0
859,ABNB,1559720,"Airbnb, Inc.",7340,Services-To Dwellings & Other Buildings,10-Q,2021-05-14,2021-03-31,2021-05-14 21:18:14+00:00,0001628280-21-010389,https://www.sec.gov/Archives/edgar/data/1559720/000162828021010389/abnb-20210331.htm,17257,1946,data/interim/text/000162828021010389.txt.gz,162828021010389,2021Q2,2021-05-14 17:18:14-04:00,2021-05-15,2021-05-15,2021-05-17,2021-05-14,141.1999969482422,106,1222,0.014602769890479227,33.785828707348934,0.003824534971315988,11.286269208236417,0.01651503737613722,12.693185112440798,0.5774380238278842,0.34617946766251273,55.0,60.0
860,ABNB,1559720,"Airbnb, Inc.",7340,Services-To Dwellings & Other Buildings,10-Q,2021-08-13,2021-06-30,2021-08-13 20:05:47+00:00,0001628280-21-016979,https://www.sec.gov/Archives/edgar/data/1559720/000162828021016979/abnb-20210630.htm,16752,1884,data/interim/text/000162828021016979.txt.gz,162828021016979,2021Q3,2021-08-13 16:05:47-04:00,2021-08-14,2021-08-14,2021-08-16,2021-08-13,152.75999450683594,169,1159,0.0153414517669532,33.47059358214093,0.0038801337153772683,11.66115589100589,0.01414756446991404,14.528877003788098,0.35418686915526876,0.4761562967214925,55.0,60.0
861,ABNB,1559720,"Airbnb, Inc.",7340,Services-To Dwellings & Other Buildings,10-Q,2021-11-05,2021-09-30,2021-11-05 20:32:10+00:00,0001559720-21-000017,https://www.sec.gov/Archives/edgar/data/1559720/000155972021000017/abnb-20210930.htm,16373,1881,data/interim/text/000155972021000017.txt.gz,155972021000017,2021Q4,2021-11-05 16:32:10-04:00,2021-11-06,2021-11-06,2021-11-08,2021-11-05,201.6199951171875,228,1100,0.015146888169547425,33.139687030597116,0.0034813412325169486,10.902632730865612,0.014352898063885665,12.59299719062897,0.3910917998061781,0.5649839461893644,55.0,60.0
862,ABNB,1559720,"Airbnb, Inc.",7340,Services-To Dwellings & Other Buildings,10-K,2022-02-25,2021-12-31,2022-02-25 21:09:12+00:00,0001559720-22-000006,https://www.sec.gov/Archives/edgar/data/1559720/000155972022000006/abnb-20211231.htm,71953,4595,data/interim/text/000155972022000006.txt.gz,155972022000006,2022Q1,2022-02-25 16:09:12-05:00,2022-02-26,2022-02-26,2022-02-28,2022-02-25,155.08999633789062,304,1024,0.030770086028379637,252.0294811254862,0.005475796700624019,52.83641936616745,0.02194488068600336,36.90461729068721,0.5458195229242038,0.7129451968858705,55.0,60.0
863,ABNB,1559720,"Airbnb, Inc.",7340,Services-To Dwellings & Other Buildings,10-Q,2022-05-09,2022-03-31,2022-05-09 20:48:00+00:00,0001559720-22-000009,https://www.sec.gov/Archives/edgar/data/1559720/000155972022000009/abnb-20220331.htm,12531,1718,data/interim/text/000155972022000009.txt.gz,155972022000009,2022Q2,2022-05-09 16:48:00-04:00,2022-05-10,2022-05-10,2022-05-10,2022-05-09,119.37000274658205,354,974,0.014922990982363738,26.455378824540045,0.003431489905035512,8.479912983490728,0.01827467879658447,11.304331067530313,0.6394087488733836,0.6505457849219449,55.0,60.0
864,ABNB,1559720,"Airbnb, Inc.",7340,Services-To Dwellings & Other Buildings,10-Q,2022-08-03,2022-06-30,2022-08-03 20:06:00+00:00,0001559720-22-000012,https://www.sec.gov/Archives/edgar/data/1559720/000155972022000012/abnb-20220630.htm,15128,1831,data/interim/text/000155972022000012.txt.gz,155972022000012,2022Q3,2022-08-03 16:06:00-04:00,2022-08-04,2022-08-04,2022-08-04,2022-08-03,115.0199966430664,413,915,0.014740877842411423,32.21118848424888,0.0031068217874140667,8.24377686228132,0.017451084082496033,14.01582417360086,0.7166474832307477,0.5579387218674149,55.0,60.0
865,ABNB,1559720,"Airbnb, Inc.",7340,Services-To Dwellings & Other Buildings,10-Q,2022-11-03,2022-09-30,2022-11-02 21:33:55+00:00,0001559720-22-000019,https://www.sec.gov/Archives/edgar/data/1559720/000155972022000019/abnb-20220930.htm,14273,1768,data/interim/text/000155972022000019.txt.gz,155972022000019,2022Q4,2022-11-02 17:33:55-04:00,2022-11-03,2022-11-03,2022-11-03,2022-11-02,94.41000366210938,477,851,0.014362782876760316,28.658608090368745,0.0037833671968051565,9.134746006905207,0.016744902963637637,10.49403176935928,0.4736028445400254,0.490547073342671,55.0,60.0
866,ABNB,1559720,"Airbnb, Inc.",7340,Services-To Dwellings & Other Buildings,10-K,2023-02-17,2022-12-31,2023-02-17 21:07:04+00:00,0001559720-23-000003,https://www.sec.gov/Archives/edgar/data/1559720/000155972023000003/abnb-20221231.htm,66841,4371,data/interim/text/000155972023000003.txt.gz,155972023000003,2023Q1,2023-02-17 16:07:04-05:00,2023-02-18,2023-02-18,2023-02-21,2023-02-17,131.60000610351562,550,778,0.032854086563636094,250.29170524901255,0.005415837584715968,41.67967027836479,0.02326416421058931,36.90957683430061,0.45429754228646535,0.4401758169561809,55.0,60.0
867,ABNB,1559720,"Airbnb, Inc.",7340,Services-To Dwellings & Other Buildings,10-Q,2023-05-09,2023-03-31,2023-05-09 20:41:30+00:00,0001559720-23-000010,https://www.sec.gov/Archives/edgar/data/1559720/000155972023000010/abnb-20230331.htm,9168,1367,data/interim/text/000155972023000010.txt.gz,155972023000010,2023Q2,2023-05-09 16:41:30-04:00,2023-05-10,2023-05-10,2023-05-10,2023-05-09,127.06999969482422,605,723,0.01407068062827225,18.40269107496647,0.003817626527050611,6.500387604816105,0.01832460732984293,8.339708995401745,0.49155556604352973,0.3464072993183942,55.0,60.0
868,ABNB,1559720,"Airbnb, Inc.",7340,Services-To Dwellings & Other Buildings,10-Q,2023-08-03,2023-06-30,2023-08-03 20:05:04+00:00,0001559720-23-000015,https://www.sec.gov/Archives/edgar/data/1559720/000155972023000015/abnb-20230630.htm,10118,1380,data/interim/text/000155972023000015.txt.gz,155972023000015,2023Q3,2023-08-03 16:05:04-04:00,2023-08-04,2023-08-04,2023-08-04,2023-08-03,140.8800048828125,664,664,0.01215655267839494,19.441253117849456,0.004151017987744613,8.433605015348824,0.01640640442775252,7.98738198434769,0.4282818337504934,0.35127841171142465,55.0,60.0
869,ABNB,1559720,"Airbnb, Inc.",7340,Services-To Dwellings & Other Buildings,10-Q,2023-11-01,2023-09-30,2023-11-01 20:07:52+00:00,0001559720-23-000020,https://www.sec.gov/Archives/edgar/data/1559720/000155972023000020/abnb-20230930.htm,10667,1421,data/interim/text/000155972023000020.txt.gz,155972023000020,2023Q4,2023-11-01 16:07:52-04:00,2023-11-02,2023-11-02,2023-11-02,2023-11-01,119.47000122070312,727,601,0.013030842786162932,21.248245274349323,0.0039373769569700946,6.671317747823344,0.01593700196868848,8.162966890687589,0.350364849502567,0.32954013262916276,55.0,60.0
870,ABNB,1559720,"Airbnb, Inc.",7340,Services-To Dwellings & Other Buildings,10-K,2024-02-16,2023-12-31,2024-02-16 21:02:16+00:00,0001559720-24-000006,https://www.sec.gov/Archives/edgar/data/1559720/000155972024000006/abnb-20231231.htm,65624,4341,data/interim/text/000155972024000006.txt.gz,155972024000006,2024Q1,2024-02-16 16:02:16-05:00,2024-02-17,2024-02-17,2024-02-20,2024-02-16,152.50999450683594,800,528,0.03382908691941972,260.14182557303525,0.005531512861148361,43.86663517560007,0.023832744118005608,36.46671418088717,0.30794212063388077,0.29165188364576616,55.0,60.0
871,ABNB,1559720,"Airbnb, Inc.",7340,Services-To Dwellings & Other Buildings,10-Q,2024-05-08,2024-03-31,2024-05-08 20:16:11+00:00,0001559720-24-000017,https://www.sec.gov/Archives/edgar/data/1559720/000155972024000017/abnb-20240331.htm,8036,1273,data/interim/text/000155972024000017.txt.gz,155972024000017,2024Q2,2024-05-08 16:16:11-04:00,2024-05-09,2024-05-09,2024-05-09,2024-05-08,157.89999389648438,856,472,0.011199601791936287,17.59142827759135,0.0037332005973120955,7.506968008588761,0.015803882528621204,6.536162657513108,0.32124633384318935,0.37382172182538703,55.0,60.0
872,ABNB,1559720,"Airbnb, Inc.",7340,Services-To Dwellings & Other Buildings,10-Q,2024-08-06,2024-06-30,2024-08-06 20:03:41+00:00,0001559720-24-000024,https://www.sec.gov/Archives/edgar/data/1559720/000155972024000024/abnb-20240630.htm,8692,1286,data/interim/text/000155972024000024.txt.gz,155972024000024,2024Q3,2024-08-06 16:03:41-04:00,2024-08-07,2024-08-07,2024-08-07,2024-08-06,130.47000122070312,917,411,0.01058444546709618,17.210520901408547,0.003796594569719282,7.447142990114613,0.01403589507593189,6.36414814067657,0.2182344256116207,0.25197875242175705,55.0,60.0
873,ABNB,1559720,"Airbnb, Inc.",7340,Services-To Dwellings & Other Buildings,10-Q,2024-11-07,2024-09-30,2024-11-07 21:08:29+00:00,0001559720-24-000032,https://www.sec.gov/Archives/edgar/data/1559720/000155972024000032/abnb-20240930.htm,9009,1291,data/interim/text/000155972024000032.txt.gz,155972024000032,2024Q4,2024-11-07 16:08:29-05:00,2024-11-08,2024-11-08,2024-11-08,2024-11-07,147.3699951171875,983,345,0.010434010434010434,17.02780269284808,0.003552003552003552,6.998522946934962,0.013542013542013542,7.040577207157015,0.25581674511318886,0.2938225764246538,55.0,60.0
874,ABNB,1559720,"Airbnb, Inc.",7340,Services-To Dwellings & Other Buildings,10-K,2025-02-13,2024-12-31,2025-02-13 21:04:28+00:00,0001559720-25-000010,https://www.sec.gov/Archives/edgar/data/1559720/000155972025000010/abnb-20241231.htm,42175,3590,data/interim/text/000155972025000010.txt.gz,155972025000010,2025Q1,2025-02-13 16:04:28-05:00,2025-02-14,2025-02-14,2025-02-14,2025-02-13,141.0399932861328,1048,280,0.031890930646117366,186.82601751770318,0.005453467694131594,27.916394765634784,0.024232365145228217,30.12303143976962,0.28781450533884667,0.5306160629675999,55.0,60.0
875,ABNB,1559720,"Airbnb, Inc.",7340,Services-To Dwellings & Other Buildings,10-Q,2025-05-01,2025-03-31,2025-05-01 20:02:22+00:00,0001559720-25-000017,https://www.sec.gov/Archives/edgar/data/1559720/000155972025000017/abnb-20250331.htm,8521,1294,data/interim/text/000155972025000017.txt.gz,155972025000017,2025Q2,2025-05-01 16:02:22-04:00,2025-05-02,2025-05-02,2025-05-02,2025-05-01,124.01000213623048,1101,227,0.011735711770918906,17.45024687863841,0.0038727848844032392,7.155485219323478,0.015373782419903767,5.966683933173273,0.6230025822155731,0.2871256870202347,55.0,60.0
876,ABNB,1559720,"Airbnb, Inc.",7340,Services-To Dwellings & Other Buildings,10-Q,2025-08-06,2025-06-30,2025-08-06 20:09:27+00:00,0001559720-25-000025,https://www.sec.gov/Archives/edgar/data/1559720/000155972025000025/abnb-20250630.htm,9252,1339,data/interim/text/000155972025000025.txt.gz,155972025000025,2025Q3,2025-08-06 16:09:27-04:00,2025-08-07,2025-08-07,2025-08-07,2025-08-06,130.5,1167,161,0.01124081279723303,17.775897917797423,0.0035667963683527885,8.590229917399094,0.014699524427150886,6.898011940710789,0.2787002740048095,0.20775800031290736,55.0,60.0
877,ABNB,1559720,"Airbnb, Inc.",7340,Services-To Dwellings & Other Buildings,10-Q,2025-11-06,2025-09-30,2025-11-06 21:02:39+00:00,0001559720-25-000030,https://www.sec.gov/Archives/edgar/data/1559720/000155972025000030/abnb-20250930.htm,9379,1345,data/interim/text/000155972025000030.txt.gz,155972025000030,2025Q4,2025-11-06 16:02:39-05:00,2025-11-07,2025-11-07,2025-11-07,2025-11-06,120.52999877929688,1232,96,0.01140846572129225,17.308767248664118,0.0037317411237871843,8.054826315923416,0.014926964495148737,5.958900668838675,0.1965441248589612,0.2967274008449711,55.0,60.0
878,DDOG,1561550,"Datadog, Inc.",7372,Services-Prepackaged Software,10-K,2021-03-01,2020-12-31,2021-03-01 19:25:23+00:00,0001564590-21-009770,https://www.sec.gov/Archives/edgar/data/1561550/000156459021009770/ddog-10k_20201231.htm,53827,3809,data/interim/text/000156459021009770.txt.gz,156459021009770,2021Q1,2021-03-01 14:25:23-05:00,2021-03-01,2021-03-01,2021-03-01,2021-02-26,95.41000366210938,122,1276,0.022182176231259405,140.5015401825401,0.006576625113790477,33.03750150507417,0.02064019915655712,35.66160240582694,0.5279605691469853,0.6042231989827062,55.0,60.0
879,DDOG,1561550,"Datadog, Inc.",7372,Services-Prepackaged Software,10-Q,2021-05-07,2021-03-31,2021-05-07 19:58:29+00:00,0001561550-21-000007,https://www.sec.gov/Archives/edgar/data/1561550/000156155021000007/ddog-20210331.htm,30667,2864,data/interim/text/000156155021000007.txt.gz,156155021000007,2021Q2,2021-05-07 15:58:29-04:00,2021-05-07,2021-05-07,2021-05-07,2021-05-06,71.36000061035156,170,1228,0.03251051619004141,118.6028641959613,0.007271660090651189,20.30466422527539,0.027977956761339552,22.081455599186945,0.5915776789226025,0.4056995309538592,55.0,60.0
880,DDOG,1561550,"Datadog, Inc.",7372,Services-Prepackaged Software,10-Q,2021-08-06,2021-06-30,2021-08-06 16:46:11+00:00,0001561550-21-000018,https://www.sec.gov/Archives/edgar/data/1561550/000156155021000018/ddog-20210630.htm,31465,2854,data/interim/text/000156155021000018.txt.gz,156155021000018,2021Q3,2021-08-06 12:46:11-04:00,2021-08-06,2021-08-06,2021-08-06,2021-08-05,132.47000122070312,233,1165,0.03251231527093596,122.10565669722618,0.007119021134593994,19.917472139221672,0.027363737486095663,24.070523635092165,0.2884306832942865,0.3432184829458096,55.0,60.0
881,DDOG,1561550,"Datadog, Inc.",7372,Services-Prepackaged Software,10-Q,2021-11-05,2021-09-30,2021-11-05 12:29:53+00:00,0001561550-21-000026,https://www.sec.gov/Archives/edgar/data/1561550/000156155021000026/ddog-20210930.htm,31242,2852,data/interim/text/000156155021000026.txt.gz,156155021000026,2021Q4,2021-11-05 08:29:53-04:00,2021-11-05,2021-11-05,2021-11-05,2021-11-04,166.9499969482422,297,1101,0.03322450547340119,122.42330463053413,0.007169835477882338,19.976052089966466,0.027687087894500993,25.029621268343522,0.3447191259806992,0.6687044156546398,55.0,60.0
882,DDOG,1561550,"Datadog, Inc.",7372,Services-Prepackaged Software,10-K,2022-02-25,2021-12-31,2022-02-25 21:36:34+00:00,0001561550-22-000009,https://www.sec.gov/Archives/edgar/data/1561550/000156155022000009/ddog-20211231.htm,39881,3494,data/interim/text/000156155022000009.txt.gz,156155022000009,2022Q1,2022-02-25 16:36:34-05:00,2022-02-26,2022-02-26,2022-02-28,2022-02-25,161.41000366210938,374,1024,0.02753190742458815,143.06750627794403,0.008425064567087083,33.224204373157924,0.024222060630375367,30.476796095154096,0.7520550548854453,0.8583116471501774,55.0,60.0
883,DDOG,1561550,"Datadog, Inc.",7372,Services-Prepackaged Software,10-Q,2022-05-06,2022-03-31,2022-05-06 12:20:07+00:00,0001561550-22-000026,https://www.sec.gov/Archives/edgar/data/1561550/000156155022000026/ddog-20220331.htm,29250,2800,data/interim/text/000156155022000026.txt.gz,156155022000026,2022Q2,2022-05-06 08:20:07-04:00,2022-05-06,2022-05-06,2022-05-06,2022-05-05,111.87000274658205,422,976,0.034735042735042736,123.01018172690628,0.007418803418803419,19.937603430264367,0.028786324786324785,23.123847982377114,0.8012093717075084,0.8826043671286112,55.0,60.0
884,DDOG,1561550,"Datadog, Inc.",7372,Services-Prepackaged Software,10-Q,2022-08-08,2022-06-30,2022-08-08 21:24:05+00:00,0001561550-22-000038,https://www.sec.gov/Archives/edgar/data/1561550/000156155022000038/ddog-20220630.htm,30219,2822,data/interim/text/000156155022000038.txt.gz,156155022000038,2022Q3,2022-08-08 17:24:05-04:00,2022-08-09,2022-08-09,2022-08-09,2022-08-08,112.9800033569336,486,912,0.0343823422350177,126.1315233756914,0.007280187961216453,20.12468091795894,0.02812799894106357,23.138512007711356,0.9112709209078225,0.5640461826989307,55.0,60.0
885,DDOG,1561550,"Datadog, Inc.",7372,Services-Prepackaged Software,10-Q,2022-11-04,2022-09-30,2022-11-04 12:58:49+00:00,0001561550-22-000045,https://www.sec.gov/Archives/edgar/data/1561550/000156155022000045/ddog-20220930.htm,30127,2808,data/interim/text/000156155022000045.txt.gz,156155022000045,2022Q4,2022-11-04 08:58:49-04:00,2022-11-04,2022-11-04,2022-11-04,2022-11-03,75.01000213623047,548,850,0.0347528794768812,127.39035437319295,0.0072692269392903375,19.962647836320304,0.02828028014737611,22.562104036536358,0.5574402172087678,0.7443934699699255,55.0,60.0
886,DDOG,1561550,"Datadog, Inc.",7372,Services-Prepackaged Software,10-K,2023-02-24,2022-12-31,2023-02-24 21:11:43+00:00,0001561550-23-000006,https://www.sec.gov/Archives/edgar/data/1561550/000156155023000006/ddog-20221231.htm,38997,3478,data/interim/text/000156155023000006.txt.gz,156155023000006,2023Q1,2023-02-24 16:11:43-05:00,2023-02-25,2023-02-25,2023-02-27,2023-02-24,76.66999816894531,624,774,0.028668871964510092,143.96088817352012,0.008590404390081288,32.44401812837213,0.024514706259455857,28.07125100243079,0.6631093865519627,0.5887538249753904,55.0,60.0
887,DDOG,1561550,"Datadog, Inc.",7372,Services-Prepackaged Software,10-Q,2023-05-05,2023-03-31,2023-05-05 13:07:00+00:00,0001561550-23-000023,https://www.sec.gov/Archives/edgar/data/1561550/000156155023000023/ddog-20230331.htm,29373,2806,data/interim/text/000156155023000023.txt.gz,156155023000023,2023Q2,2023-05-05 09:07:00-04:00,2023-05-05,2023-05-05,2023-05-05,2023-05-04,75.4000015258789,672,726,0.035815204439451194,123.99690947192529,0.007626051135396453,20.571451463116595,0.02900623021141865,21.050443636338983,0.526545776910551,0.406096077147997,55.0,60.0
888,DDOG,1561550,"Datadog, Inc.",7372,Services-Prepackaged Software,10-Q,2023-08-09,2023-06-30,2023-08-09 10:48:21+00:00,0001561550-23-000039,https://www.sec.gov/Archives/edgar/data/1561550/000156155023000039/ddog-20230630.htm,29858,2840,data/interim/text/000156155023000039.txt.gz,156155023000039,2023Q3,2023-08-09 06:48:21-04:00,2023-08-09,2023-08-09,2023-08-09,2023-08-08,88.04000091552734,737,661,0.03526693013597696,122.92493904736786,0.0076696362783843525,21.63398613218548,0.02786522874941389,20.359892758458724,0.39047125170503916,0.695120952622883,55.0,60.0
889,DDOG,1561550,"Datadog, Inc.",7372,Services-Prepackaged Software,10-Q,2023-11-07,2023-09-30,2023-11-07 21:25:47+00:00,0001561550-23-000055,https://www.sec.gov/Archives/edgar/data/1561550/000156155023000055/ddog-20230930.htm,29408,2792,data/interim/text/000156155023000055.txt.gz,156155023000055,2023Q4,2023-11-07 16:25:47-05:00,2023-11-08,2023-11-08,2023-11-08,2023-11-07,102.1999969482422,801,597,0.03570457018498368,119.0730953851016,0.007548966267682263,20.496412251487097,0.02822361262241567,20.380829551427556,0.3736080583932645,0.3234716108777455,55.0,60.0
890,DDOG,1561550,"Datadog, Inc.",7372,Services-Prepackaged Software,10-K,2024-02-23,2023-12-31,2024-02-23 13:35:39+00:00,0001561550-24-000009,https://www.sec.gov/Archives/edgar/data/1561550/000156155024000009/ddog-20231231.htm,40167,3542,data/interim/text/000156155024000009.txt.gz,156155024000009,2024Q1,2024-02-23 08:35:39-05:00,2024-02-23,2024-02-23,2024-02-23,2024-02-22,131.1199951171875,873,525,0.029750790449871785,144.1059496606149,0.008738516692807528,33.66345609024568,0.02492095501282147,26.21920953098104,0.33537281744381003,0.38079406068137583,55.0,60.0
891,DDOG,1561550,"Datadog, Inc.",7372,Services-Prepackaged Software,10-Q,2024-05-08,2024-03-31,2024-05-08 11:51:04+00:00,0001561550-24-000051,https://www.sec.gov/Archives/edgar/data/1561550/000156155024000051/ddog-20240331.htm,29433,2778,data/interim/text/000156155024000051.txt.gz,156155024000051,2024Q2,2024-05-08 07:51:04-04:00,2024-05-08,2024-05-08,2024-05-08,2024-05-07,112.4000015258789,925,473,0.03655760540889478,119.60805852674241,0.007712431624367207,19.204901281432956,0.029286854890768866,19.317050311769002,0.3193751726539638,0.3832486664584155,55.0,60.0
892,DDOG,1561550,"Datadog, Inc.",7372,Services-Prepackaged Software,10-Q,2024-08-09,2024-06-30,2024-08-09 11:39:19+00:00,0001561550-24-000112,https://www.sec.gov/Archives/edgar/data/1561550/000156155024000112/ddog-20240630.htm,30041,2782,data/interim/text/000156155024000112.txt.gz,156155024000112,2024Q3,2024-08-09 07:39:19-04:00,2024-08-09,2024-08-09,2024-08-09,2024-08-08,114.05999755859376,989,409,0.03605073066808695,119.66702439512042,0.00748976398921474,18.806551412234263,0.028793981558536668,19.31536976739398,0.3584239333683303,0.26558315820866796,55.0,60.0
893,DDOG,1561550,"Datadog, Inc.",7372,Services-Prepackaged Software,10-Q,2024-11-08,2024-09-30,2024-11-08 12:33:54+00:00,0001561550-24-000175,https://www.sec.gov/Archives/edgar/data/1561550/000156155024000175/ddog-20240930.htm,29974,2778,data/interim/text/000156155024000175.txt.gz,156155024000175,2024Q4,2024-11-08 07:33:54-05:00,2024-11-08,2024-11-08,2024-11-08,2024-11-07,129.7899932861328,1053,345,0.03586441582705011,119.42362577688861,0.007473143390938813,18.801457793288765,0.028925068392606924,19.32692364933646,0.2658759720525157,0.4226621092737416,55.0,60.0
894,DDOG,1561550,"Datadog, Inc.",7372,Services-Prepackaged Software,10-K,2025-02-20,2024-12-31,2025-02-20 13:53:34+00:00,0001561550-25-000025,https://www.sec.gov/Archives/edgar/data/1561550/000156155025000025/ddog-20241231.htm,39653,3467,data/interim/text/000156155025000025.txt.gz,156155025000025,2025Q1,2025-02-20 08:53:34-05:00,2025-02-20,2025-02-20,2025-02-20,2025-02-19,128.85000610351562,1121,277,0.03008599601543389,146.71712113596251,0.00834741381484377,31.838765344573275,0.024714397397422642,26.913654871385656,0.4101982885713142,0.498797934624858,55.0,60.0
895,DDOG,1561550,"Datadog, Inc.",7372,Services-Prepackaged Software,10-Q,2025-05-07,2025-03-31,2025-05-07 13:03:25+00:00,0001561550-25-000123,https://www.sec.gov/Archives/edgar/data/1561550/000156155025000123/ddog-20250331.htm,30359,2819,data/interim/text/000156155025000123.txt.gz,156155025000123,2025Q2,2025-05-07 09:03:25-04:00,2025-05-07,2025-05-07,2025-05-07,2025-05-06,106.05999755859376,1174,224,0.03620013834447775,125.37943494539088,0.00724661550116934,18.887763778718597,0.029052340327415264,20.390151157247814,0.5395403150611561,0.4433858093650953,55.0,60.0
896,DDOG,1561550,"Datadog, Inc.",7372,Services-Prepackaged Software,10-Q,2025-08-08,2025-06-30,2025-08-08 11:12:02+00:00,0001561550-25-000220,https://www.sec.gov/Archives/edgar/data/1561550/000156155025000220/ddog-20250630.htm,30969,2836,data/interim/text/000156155025000220.txt.gz,156155025000220,2025Q3,2025-08-08 07:12:02-04:00,2025-08-08,2025-08-08,2025-08-08,2025-08-07,136.3800048828125,1238,160,0.035810003551939036,126.51049873293636,0.007071587716749007,19.62461670988167,0.028576964060835028,20.42793992248469,0.4385094663373282,0.6141058953973833,55.0,60.0
897,DDOG,1561550,"Datadog, Inc.",7372,Services-Prepackaged Software,10-Q,2025-11-07,2025-09-30,2025-11-07 12:29:33+00:00,0001561550-25-000313,https://www.sec.gov/Archives/edgar/data/1561550/000156155025000313/ddog-20250930.htm,30996,2851,data/interim/text/000156155025000313.txt.gz,156155025000313,2025Q4,2025-11-07 07:29:33-05:00,2025-11-07,2025-11-07,2025-11-07,2025-11-06,190.82000732421875,1302,96,0.03561749903213318,126.64193169107938,0.007065427797135114,19.65013854452263,0.028648857917150602,20.45222875771979,0.40251329353418935,0.5707068558545677,55.0,60.0
898,ICE,1571949,"Intercontinental Exchange, Inc.",6200,"Security & Commodity Brokers, Dealers, Exchanges & Services",10-K,2021-02-04,2020-12-31,2021-02-04 13:29:58+00:00,0001571949-21-000003,https://www.sec.gov/Archives/edgar/data/1571949/000157194921000003/ice-20201231.htm,57528,4122,data/interim/text/000157194921000003.txt.gz,157194921000003,2021Q1,2021-02-04 08:29:58-05:00,2021-02-04,2021-02-04,2021-02-04,2021-02-03,107.39257049560548,106,1292,0.019138506466416353,158.69940014881894,0.006640244750382423,41.12262795290886,0.019486163259630093,30.59408465249293,0.18388031597111137,0.17648072897635747,55.0,60.0
899,ICE,1571949,"Intercontinental Exchange, Inc.",6200,"Security & Commodity Brokers, Dealers, Exchanges & Services",10-Q,2021-04-29,2021-03-31,2021-04-29 12:26:46+00:00,0001571949-21-000007,https://www.sec.gov/Archives/edgar/data/1571949/000157194921000007/ice-20210331.htm,15194,1912,data/interim/text/000157194921000007.txt.gz,157194921000007,2021Q2,2021-04-29 08:26:46-04:00,2021-04-29,2021-04-29,2021-04-29,2021-04-28,111.22134399414062,164,1234,0.006186652626036593,19.1536729699956,0.00434381992891931,13.738271214167042,0.013360537054100303,9.097201084271154,0.1835955411548263,0.1375560325067488,55.0,60.0
900,ICE,1571949,"Intercontinental Exchange, Inc.",6200,"Security & Commodity Brokers, Dealers, Exchanges & Services",10-Q,2021-07-29,2021-06-30,2021-07-29 12:28:09+00:00,0001571949-21-000010,https://www.sec.gov/Archives/edgar/data/1571949/000157194921000010/ice-20210630.htm,16631,1975,data/interim/text/000157194921000010.txt.gz,157194921000010,2021Q3,2021-07-29 08:28:09-04:00,2021-07-29,2021-07-29,2021-07-29,2021-07-28,113.65251922607422,227,1171,0.006554025614815706,19.836284528701764,0.0045697793277614095,13.902346823424201,0.012807407852805004,9.082256910386837,0.14225990114038006,0.17085346948684424,55.0,60.0
901,ICE,1571949,"Intercontinental Exchange, Inc.",6200,"Security & Commodity Brokers, Dealers, Exchanges & Services",10-Q,2021-10-28,2021-09-30,2021-10-28 12:29:23+00:00,0001571949-21-000013,https://www.sec.gov/Archives/edgar/data/1571949/000157194921000013/ice-20210930.htm,17261,1985,data/interim/text/000157194921000013.txt.gz,157194921000013,2021Q4,2021-10-28 08:29:23-04:00,2021-10-28,2021-10-28,2021-10-28,2021-10-27,124.9024429321289,291,1107,0.006256879670934476,17.2100424647422,0.0045188575401193445,13.879616840222875,0.012745495625977637,8.762782779823015,0.17361348623846237,0.1707180969984289,55.0,60.0
902,ICE,1571949,"Intercontinental Exchange, Inc.",6200,"Security & Commodity Brokers, Dealers, Exchanges & Services",10-K,2022-02-03,2021-12-31,2022-02-03 13:33:47+00:00,0001571949-22-000006,https://www.sec.gov/Archives/edgar/data/1571949/000157194922000006/ice-20211231.htm,52720,3926,data/interim/text/000157194922000006.txt.gz,157194922000006,2022Q1,2022-02-03 08:33:47-05:00,2022-02-03,2022-02-03,2022-02-03,2022-02-02,121.50737762451172,358,1040,0.01707132018209408,132.84460627094538,0.007113050075872534,38.805503924128445,0.019802731411229135,31.60361812830518,0.17262318427562612,0.3257000447867178,55.0,60.0
903,ICE,1571949,"Intercontinental Exchange, Inc.",6200,"Security & Commodity Brokers, Dealers, Exchanges & Services",10-Q,2022-05-05,2022-03-31,2022-05-05 12:23:52+00:00,0001571949-22-000010,https://www.sec.gov/Archives/edgar/data/1571949/000157194922000010/ice-20220331.htm,14369,1801,data/interim/text/000157194922000010.txt.gz,157194922000010,2022Q2,2022-05-05 08:23:52-04:00,2022-05-05,2022-05-05,2022-05-05,2022-05-04,103.75768280029295,421,977,0.0065418609506576655,13.192357897719432,0.004036467395086645,12.341880589284818,0.014475607209965899,12.320037232983244,0.27696175374918025,0.3055483543277695,55.0,60.0
904,ICE,1571949,"Intercontinental Exchange, Inc.",6200,"Security & Commodity Brokers, Dealers, Exchanges & Services",10-Q,2022-08-04,2022-06-30,2022-08-04 12:28:24+00:00,0001571949-22-000013,https://www.sec.gov/Archives/edgar/data/1571949/000157194922000013/ice-20220630.htm,19234,2034,data/interim/text/000157194922000013.txt.gz,157194922000013,2022Q3,2022-08-04 08:28:24-04:00,2022-08-04,2022-08-04,2022-08-04,2022-08-03,97.6810073852539,483,915,0.009410419049599668,31.128505846945828,0.004887178953935738,15.193564905044111,0.016741187480503277,12.809094529527036,0.28156549899667455,0.25799568245115,55.0,60.0
905,ICE,1571949,"Intercontinental Exchange, Inc.",6200,"Security & Commodity Brokers, Dealers, Exchanges & Services",10-Q,2022-11-03,2022-09-30,2022-11-03 12:25:30+00:00,0001571949-22-000016,https://www.sec.gov/Archives/edgar/data/1571949/000157194922000016/ice-20220930.htm,19519,2073,data/interim/text/000157194922000016.txt.gz,157194922000016,2022Q4,2022-11-03 08:25:30-04:00,2022-11-03,2022-11-03,2022-11-03,2022-11-02,88.16496276855469,547,851,0.011066140683436651,33.300481467942525,0.005225677544956196,16.192677201792176,0.015779496900455967,13.387671521203703,0.2604628093505545,0.22553062418518663,55.0,60.0
906,ICE,1571949,"Intercontinental Exchange, Inc.",6200,"Security & Commodity Brokers, Dealers, Exchanges & Services",10-K,2023-02-02,2022-12-31,2023-02-02 13:32:09+00:00,0001571949-23-000006,https://www.sec.gov/Archives/edgar/data/1571949/000157194923000006/ice-20221231.htm,55902,4021,data/interim/text/000157194923000006.txt.gz,157194923000006,2023Q1,2023-02-02 08:32:09-05:00,2023-02-02,2023-02-02,2023-02-02,2023-02-01,104.12735748291016,608,790,0.018550320203212765,150.3598068228099,0.007173267503846017,42.509242839626765,0.020893706844120067,30.61307616769219,0.2332051669508431,0.23215951535248744,55.0,60.0
907,ICE,1571949,"Intercontinental Exchange, Inc.",6200,"Security & Commodity Brokers, Dealers, Exchanges & Services",10-Q,2023-05-04,2023-03-31,2023-05-04 12:28:53+00:00,0001571949-23-000011,https://www.sec.gov/Archives/edgar/data/1571949/000157194923000011/ice-20230331.htm,15820,1905,data/interim/text/000157194923000011.txt.gz,157194923000011,2023Q2,2023-05-04 08:28:53-04:00,2023-05-04,2023-05-04,2023-05-04,2023-05-03,100.56771850585938,671,727,0.009671302149178256,31.65161526874177,0.003982300884955752,13.591976643551583,0.015107458912768648,12.192539123952463,0.2244150663503367,0.15034613525418086,55.0,60.0
908,ICE,1571949,"Intercontinental Exchange, Inc.",6200,"Security & Commodity Brokers, Dealers, Exchanges & Services",10-Q,2023-08-03,2023-06-30,2023-08-03 12:29:09+00:00,0001571949-23-000015,https://www.sec.gov/Archives/edgar/data/1571949/000157194923000015/ice-20230630.htm,17432,1973,data/interim/text/000157194923000015.txt.gz,157194923000015,2023Q3,2023-08-03 08:29:09-04:00,2023-08-03,2023-08-03,2023-08-03,2023-08-02,110.75099182128906,733,665,0.009121156493804497,31.396542406360062,0.004302432308398348,15.299743150205774,0.013997246443322625,11.388885286766314,0.14105649381672003,0.16737055087523464,55.0,60.0
909,ICE,1571949,"Intercontinental Exchange, Inc.",6200,"Security & Commodity Brokers, Dealers, Exchanges & Services",10-Q,2023-11-02,2023-09-30,2023-11-02 12:29:32+00:00,0001571949-23-000019,https://www.sec.gov/Archives/edgar/data/1571949/000157194923000019/ice-20230930.htm,18080,1997,data/interim/text/000157194923000019.txt.gz,157194923000019,2023Q4,2023-11-02 08:29:32-04:00,2023-11-02,2023-11-02,2023-11-02,2023-11-01,104.62672424316406,797,601,0.008738938053097346,18.955504131589347,0.004369469026548673,14.633454362368404,0.01377212389380531,10.8428129868472,0.16066059217741785,0.1627961846152583,55.0,60.0
910,ICE,1571949,"Intercontinental Exchange, Inc.",6200,"Security & Commodity Brokers, Dealers, Exchanges & Services",10-K,2024-02-08,2023-12-31,2024-02-08 13:32:20+00:00,0001571949-24-000007,https://www.sec.gov/Archives/edgar/data/1571949/000157194924000007/ice-20231231.htm,58688,4109,data/interim/text/000157194924000007.txt.gz,157194924000007,2024Q1,2024-02-08 08:32:20-05:00,2024-02-08,2024-02-08,2024-02-08,2024-02-07,124.23543548583984,863,535,0.018606870229007633,154.80987469780445,0.006815703380588877,41.79823389429271,0.020549345692475462,29.5426147968468,0.15874063341981637,0.14847389148000464,55.0,60.0
911,ICE,1571949,"Intercontinental Exchange, Inc.",6200,"Security & Commodity Brokers, Dealers, Exchanges & Services",10-Q,2024-05-02,2024-03-31,2024-05-02 12:27:24+00:00,0001571949-24-000011,https://www.sec.gov/Archives/edgar/data/1571949/000157194924000011/ice-20240331.htm,14979,1915,data/interim/text/000157194924000011.txt.gz,157194924000011,2024Q2,2024-05-02 08:27:24-04:00,2024-05-02,2024-05-02,2024-05-02,2024-05-01,125.22733306884766,921,477,0.00774417517858335,20.975114626716262,0.00453968889779024,14.015936861652392,0.012817945123172442,9.529807447960101,0.16174874068363518,0.13963946909811442,55.0,60.0
912,ICE,1571949,"Intercontinental Exchange, Inc.",6200,"Security & Commodity Brokers, Dealers, Exchanges & Services",10-Q,2024-08-01,2024-06-30,2024-08-01 12:27:18+00:00,0001571949-24-000014,https://www.sec.gov/Archives/edgar/data/1571949/000157194924000014/ice-20240630.htm,16563,1952,data/interim/text/000157194924000014.txt.gz,157194924000014,2024Q3,2024-08-01 08:27:18-04:00,2024-08-01,2024-08-01,2024-08-01,2024-07-31,147.98291015625,983,415,0.007426190907444304,19.8038344665707,0.004286663044134517,13.581109534162694,0.012256233774074745,9.389095215230823,0.1453690135964435,0.12097650147695084,55.0,60.0
913,ICE,1571949,"Intercontinental Exchange, Inc.",6200,"Security & Commodity Brokers, Dealers, Exchanges & Services",10-Q,2024-10-31,2024-09-30,2024-10-31 12:26:25+00:00,0001571949-24-000017,https://www.sec.gov/Archives/edgar/data/1571949/000157194924000017/ice-20240930.htm,17105,1993,data/interim/text/000157194924000017.txt.gz,157194924000017,2024Q4,2024-10-31 08:26:25-04:00,2024-10-31,2024-10-31,2024-10-31,2024-10-30,163.05433654785156,1047,351,0.007775504238526747,22.70137431687698,0.004209295527623502,13.542102849553276,0.01169248757673195,9.91401873263074,0.12162386073417318,0.17050630533668307,55.0,60.0
914,ICE,1571949,"Intercontinental Exchange, Inc.",6200,"Security & Commodity Brokers, Dealers, Exchanges & Services",10-K,2025-02-06,2024-12-31,2025-02-06 13:26:34+00:00,0001571949-25-000003,https://www.sec.gov/Archives/edgar/data/1571949/000157194925000003/ice-20241231.htm,57372,4057,data/interim/text/000157194925000003.txt.gz,157194925000003,2025Q1,2025-02-06 08:26:34-05:00,2025-02-06,2025-02-06,2025-02-06,2025-02-05,157.8024139404297,1112,286,0.01889423412117409,153.83515095170935,0.006466569058077111,37.88653748862343,0.020550094122568502,26.836658686661533,0.1724682486043175,0.22988522558531363,55.0,60.0
915,ICE,1571949,"Intercontinental Exchange, Inc.",6200,"Security & Commodity Brokers, Dealers, Exchanges & Services",10-Q,2025-05-01,2025-03-31,2025-05-01 12:26:54+00:00,0001571949-25-000007,https://www.sec.gov/Archives/edgar/data/1571949/000157194925000007/ice-20250331.htm,14798,1843,data/interim/text/000157194925000007.txt.gz,157194925000007,2025Q2,2025-05-01 08:26:54-04:00,2025-05-01,2025-05-01,2025-05-01,2025-04-30,165.4054718017578,1170,228,0.00783889714826328,19.06529342098435,0.004054601973239627,11.593236344217244,0.013380186511690768,9.676763379868328,0.24889823981999987,0.12793108118329746,55.0,60.0
916,ICE,1571949,"Intercontinental Exchange, Inc.",6200,"Security & Commodity Brokers, Dealers, Exchanges & Services",10-Q,2025-07-31,2025-06-30,2025-07-31 12:29:07+00:00,0001571949-25-000013,https://www.sec.gov/Archives/edgar/data/1571949/000157194925000013/ice-20250630.htm,16166,1876,data/interim/text/000157194925000013.txt.gz,157194925000013,2025Q3,2025-07-31 08:29:07-04:00,2025-07-31,2025-07-31,2025-07-31,2025-07-30,183.39572143554688,1232,166,0.007670419398738092,18.993903544385912,0.0038970679203266115,11.902762601126932,0.012557218854385748,8.550850923736938,0.12653982851105555,0.18345062288082487,55.0,60.0
917,ICE,1571949,"Intercontinental Exchange, Inc.",6200,"Security & Commodity Brokers, Dealers, Exchanges & Services",10-Q,2025-10-30,2025-09-30,2025-10-30 12:26:57+00:00,0001571949-25-000018,https://www.sec.gov/Archives/edgar/data/1571949/000157194925000018/ice-20250930.htm,16795,1888,data/interim/text/000157194925000018.txt.gz,157194925000018,2025Q4,2025-10-30 08:26:57-04:00,2025-10-30,2025-10-30,2025-10-30,2025-10-29,149.13461303710938,1296,102,0.007442691277165823,19.196315870378832,0.0040488240547782075,11.301803787756393,0.011908306043465317,8.437946970449845,0.16506990709742594,0.19000394532360332,55.0,60.0
918,GH,1576280,"Guardant Health, Inc.",8071,Services-Medical Laboratories,10-K,2021-02-25,2020-12-31,2021-02-25 21:36:12+00:00,0001576280-21-000031,https://www.sec.gov/Archives/edgar/data/1576280/000157628021000031/gh-20201231.htm,68914,4390,data/interim/text/000157628021000031.txt.gz,157628021000031,2021Q1,2021-02-25 16:36:12-05:00,2021-02-26,2021-02-26,2021-02-26,2021-02-25,149.4499969482422,121,1277,0.027643149432626173,237.74406044356036,0.00783585338247671,51.57024254912215,0.023115767478306296,37.721538151058446,0.4314285037338098,0.5205226113783782,55.0,60.0
919,GH,1576280,"Guardant Health, Inc.",8071,Services-Medical Laboratories,10-Q,2021-05-06,2021-03-31,2021-05-06 21:09:26+00:00,0001576280-21-000062,https://www.sec.gov/Archives/edgar/data/1576280/000157628021000062/gh-20210331.htm,12982,1731,data/interim/text/000157628021000062.txt.gz,157628021000062,2021Q2,2021-05-06 17:09:26-04:00,2021-05-07,2021-05-07,2021-05-07,2021-05-06,134.6199951171875,170,1228,0.009551686951163148,16.336138461674015,0.004698813742104452,10.232566224985293,0.018024957633646588,14.612325786195527,0.5405973254156696,0.3899935063894186,55.0,60.0
920,GH,1576280,"Guardant Health, Inc.",8071,Services-Medical Laboratories,10-Q,2021-08-05,2021-06-30,2021-08-05 20:29:59+00:00,0001576280-21-000080,https://www.sec.gov/Archives/edgar/data/1576280/000157628021000080/gh-20210630.htm,10908,1453,data/interim/text/000157628021000080.txt.gz,157628021000080,2021Q3,2021-08-05 16:29:59-04:00,2021-08-06,2021-08-06,2021-08-06,2021-08-05,115.38999938964844,233,1165,0.010084341767510085,10.388458161206632,0.003942060872753942,6.4612451383459035,0.015401540154015401,10.0566657448309,0.40999623564581367,0.511958998442245,55.0,60.0
921,GH,1576280,"Guardant Health, Inc.",8071,Services-Medical Laboratories,10-Q,2021-11-04,2021-09-30,2021-11-04 21:08:48+00:00,0001576280-21-000105,https://www.sec.gov/Archives/edgar/data/1576280/000157628021000105/gh-20210930.htm,10749,1440,data/interim/text/000157628021000105.txt.gz,157628021000105,2021Q4,2021-11-04 17:08:48-04:00,2021-11-05,2021-11-05,2021-11-05,2021-11-04,114.8000030517578,297,1101,0.010884733463578006,11.053570723596751,0.0038143083077495582,6.21395409926474,0.0158154246906689,9.61607481659412,0.5239467876392685,0.6889769067623106,55.0,60.0
922,GH,1576280,"Guardant Health, Inc.",8071,Services-Medical Laboratories,10-K,2022-02-24,2021-12-31,2022-02-24 22:00:06+00:00,0001576280-22-000015,https://www.sec.gov/Archives/edgar/data/1576280/000157628022000015/gh-20211231.htm,73756,4665,data/interim/text/000157628022000015.txt.gz,157628022000015,2022Q1,2022-02-24 17:00:06-05:00,2022-02-25,2022-02-25,2022-02-25,2022-02-24,65.5999984741211,373,1025,0.027536742773469278,251.24963383419245,0.007660393730679538,55.67667666421416,0.023415044199793913,46.42646740987162,0.6283041609393172,1.1092655082744605,55.0,60.0
923,GH,1576280,"Guardant Health, Inc.",8071,Services-Medical Laboratories,10-Q,2022-05-05,2022-03-31,2022-05-05 21:14:22+00:00,0001576280-22-000026,https://www.sec.gov/Archives/edgar/data/1576280/000157628022000026/gh-20220331.htm,9400,1466,data/interim/text/000157628022000026.txt.gz,157628022000026,2022Q2,2022-05-05 17:14:22-04:00,2022-05-06,2022-05-06,2022-05-06,2022-05-05,50.720001220703125,422,976,0.01053191489361702,11.153689931600082,0.003829787234042553,6.2407033880655005,0.01797872340425532,10.738785222178596,0.7802675579696081,0.8538797768040057,55.0,60.0
924,GH,1576280,"Guardant Health, Inc.",8071,Services-Medical Laboratories,10-Q,2022-08-04,2022-06-30,2022-08-04 21:03:48+00:00,0001576280-22-000058,https://www.sec.gov/Archives/edgar/data/1576280/000157628022000058/gh-20220630.htm,11000,1500,data/interim/text/000157628022000058.txt.gz,157628022000058,2022Q3,2022-08-04 17:03:48-04:00,2022-08-05,2022-08-05,2022-08-05,2022-08-04,51.09000015258789,484,914,0.010363636363636363,12.470730784596379,0.0038181818181818182,7.710282157910307,0.01572727272727273,9.315113404337971,0.8960905515090715,0.7005792116812652,55.0,60.0
925,GH,1576280,"Guardant Health, Inc.",8071,Services-Medical Laboratories,10-Q,2022-11-03,2022-09-30,2022-11-03 21:13:19+00:00,0001576280-22-000092,https://www.sec.gov/Archives/edgar/data/1576280/000157628022000092/gh-20220930.htm,11195,1503,data/interim/text/000157628022000092.txt.gz,157628022000092,2022Q4,2022-11-03 17:13:19-04:00,2022-11-04,2022-11-04,2022-11-04,2022-11-03,45.04999923706055,548,850,0.010897722197409558,12.405601858841187,0.0036623492630638676,7.58719290826145,0.015542652970075926,9.302738665581519,0.70901271045191,0.9172553779070952,55.0,60.0
926,GH,1576280,"Guardant Health, Inc.",8071,Services-Medical Laboratories,10-K,2023-02-23,2022-12-31,2023-02-23 22:00:52+00:00,0001576280-23-000020,https://www.sec.gov/Archives/edgar/data/1576280/000157628023000020/gh-20221231.htm,72601,4607,data/interim/text/000157628023000020.txt.gz,157628023000020,2023Q1,2023-02-23 17:00:52-05:00,2023-02-24,2023-02-24,2023-02-24,2023-02-23,25.86000061035156,623,775,0.02776821255905566,246.1720608927306,0.007506783653117726,54.63896914143003,0.02378755113565929,44.709425923921714,0.7935866374962973,0.6568066117588525,55.0,60.0
927,GH,1576280,"Guardant Health, Inc.",8071,Services-Medical Laboratories,10-Q,2023-05-09,2023-03-31,2023-05-09 21:00:24+00:00,0001576280-23-000060,https://www.sec.gov/Archives/edgar/data/1576280/000157628023000060/gh-20230331.htm,9563,1485,data/interim/text/000157628023000060.txt.gz,157628023000060,2023Q2,2023-05-09 17:00:24-04:00,2023-05-10,2023-05-10,2023-05-10,2023-05-09,23.989999771118164,675,723,0.011816375614346963,14.226370918740175,0.005019345393704904,8.513770987371323,0.01819512705218028,10.562046179115148,0.6266780388008598,0.45481054050256947,55.0,60.0
928,GH,1576280,"Guardant Health, Inc.",8071,Services-Medical Laboratories,10-Q,2023-08-03,2023-06-30,2023-08-03 21:02:11+00:00,0001576280-23-000123,https://www.sec.gov/Archives/edgar/data/1576280/000157628023000123/gh-20230630.htm,11047,1510,data/interim/text/000157628023000123.txt.gz,157628023000123,2023Q3,2023-08-03 17:02:11-04:00,2023-08-04,2023-08-04,2023-08-04,2023-08-03,35.540000915527344,734,664,0.010500588395039378,13.66078230065012,0.004797682628767991,8.57195892025136,0.016022449533810084,10.121159488752339,0.5412660348267825,0.4827001578814902,55.0,60.0
929,GH,1576280,"Guardant Health, Inc.",8071,Services-Medical Laboratories,10-Q,2023-11-06,2023-09-30,2023-11-06 21:58:53+00:00,0001576280-23-000187,https://www.sec.gov/Archives/edgar/data/1576280/000157628023000187/gh-20230930.htm,10794,1480,data/interim/text/000157628023000187.txt.gz,157628023000187,2023Q4,2023-11-06 16:58:53-05:00,2023-11-07,2023-11-07,2023-11-07,2023-11-06,27.739999771118164,800,598,0.010190846766722253,12.79521300298343,0.005002779321845469,8.679108512411727,0.015934778580692976,9.684235624224689,0.4947188005697871,0.5813256419478018,55.0,60.0
930,GH,1576280,"Guardant Health, Inc.",8071,Services-Medical Laboratories,10-K,2024-02-22,2023-12-31,2024-02-22 22:23:38+00:00,0001576280-24-000043,https://www.sec.gov/Archives/edgar/data/1576280/000157628024000043/gh-20231231.htm,71569,4600,data/interim/text/000157628024000043.txt.gz,157628024000043,2024Q1,2024-02-22 17:23:38-05:00,2024-02-23,2024-02-23,2024-02-23,2024-02-22,22.270000457763672,873,525,0.02774944459193226,247.60855216408453,0.007629001383280471,55.00974633267613,0.023487822940099764,43.84252070653611,0.5611469153865594,0.705292897914241,55.0,60.0
931,GH,1576280,"Guardant Health, Inc.",8071,Services-Medical Laboratories,10-Q,2024-05-09,2024-03-31,2024-05-09 20:59:52+00:00,0001576280-24-000109,https://www.sec.gov/Archives/edgar/data/1576280/000157628024000109/gh-20240331.htm,9335,1449,data/interim/text/000157628024000109.txt.gz,157628024000109,2024Q2,2024-05-09 16:59:52-04:00,2024-05-10,2024-05-10,2024-05-10,2024-05-09,19.440000534057617,927,471,0.010283877878950187,12.439570048373238,0.005249062667380825,8.650373311219782,0.017675415104445636,8.590081115087624,0.683064412356947,0.694050967293719,55.0,60.0
932,GH,1576280,"Guardant Health, Inc.",8071,Services-Medical Laboratories,10-Q,2024-08-07,2024-06-30,2024-08-07 21:12:53+00:00,0001576280-24-000190,https://www.sec.gov/Archives/edgar/data/1576280/000157628024000190/gh-20240630.htm,10777,1456,data/interim/text/000157628024000190.txt.gz,157628024000190,2024Q3,2024-08-07 17:12:53-04:00,2024-08-08,2024-08-08,2024-08-08,2024-08-07,33.959999084472656,988,410,0.0102997123503758,11.258742637577464,0.0051034610745105315,8.722235691272308,0.015217593022176857,7.516150747140349,0.6434930645557099,0.5348279015942325,55.0,60.0
933,GH,1576280,"Guardant Health, Inc.",8071,Services-Medical Laboratories,10-Q,2024-11-06,2024-09-30,2024-11-06 22:12:45+00:00,0001576280-24-000261,https://www.sec.gov/Archives/edgar/data/1576280/000157628024000261/gh-20240930.htm,10883,1465,data/interim/text/000157628024000261.txt.gz,157628024000261,2024Q4,2024-11-06 17:12:45-05:00,2024-11-07,2024-11-07,2024-11-07,2024-11-06,25.290000915527344,1052,346,0.009464302122576495,10.60713955439473,0.004961867132224571,8.417574128752754,0.015069374253422769,7.505701373087914,0.5051422333555,0.6962880600621328,55.0,60.0
934,GH,1576280,"Guardant Health, Inc.",8071,Services-Medical Laboratories,10-K,2025-02-20,2024-12-31,2025-02-20 22:17:57+00:00,0001576280-25-000044,https://www.sec.gov/Archives/edgar/data/1576280/000157628025000044/gh-20241231.htm,70861,4547,data/interim/text/000157628025000044.txt.gz,157628025000044,2025Q1,2025-02-20 17:17:57-05:00,2025-02-21,2025-02-21,2025-02-21,2025-02-20,47.400001525878906,1122,276,0.027151747787922835,240.02674718290854,0.007662889318525,54.834603019447215,0.023270910656073156,43.3901878166473,0.6965944550091365,0.719589151441028,55.0,60.0
935,GH,1576280,"Guardant Health, Inc.",8071,Services-Medical Laboratories,10-Q,2025-04-30,2025-03-31,2025-04-30 21:10:41+00:00,0001576280-25-000136,https://www.sec.gov/Archives/edgar/data/1576280/000157628025000136/gh-20250331.htm,9264,1437,data/interim/text/000157628025000136.txt.gz,157628025000136,2025Q2,2025-04-30 17:10:41-04:00,2025-05-01,2025-05-01,2025-05-01,2025-04-30,47.22999954223633,1170,228,0.011010362694300517,11.138160167203642,0.004749568221070812,6.990588826513126,0.01629965457685665,8.739821474457077,0.7508406235651269,0.45382871596836055,55.0,60.0
936,GH,1576280,"Guardant Health, Inc.",8071,Services-Medical Laboratories,10-Q,2025-07-30,2025-06-30,2025-07-30 21:13:33+00:00,0001576280-25-000246,https://www.sec.gov/Archives/edgar/data/1576280/000157628025000246/gh-20250630.htm,10524,1458,data/interim/text/000157628025000246.txt.gz,157628025000246,2025Q3,2025-07-30 17:13:33-04:00,2025-07-31,2025-07-31,2025-07-31,2025-07-30,45.18999862670898,1232,166,0.010737362219688332,10.767380499863135,0.004465982516153554,8.25201463102781,0.014728240212846827,8.417749411539088,0.4449587015931402,0.5243849970517409,55.0,60.0
937,GH,1576280,"Guardant Health, Inc.",8071,Services-Medical Laboratories,10-Q,2025-10-29,2025-09-30,2025-10-29 21:13:13+00:00,0001576280-25-000277,https://www.sec.gov/Archives/edgar/data/1576280/000157628025000277/gh-20250930.htm,10538,1470,data/interim/text/000157628025000277.txt.gz,157628025000277,2025Q4,2025-10-29 17:13:13-04:00,2025-10-30,2025-10-30,2025-10-30,2025-10-29,72.2699966430664,1296,102,0.01062820269500854,10.792279591120849,0.004934522679825394,9.185673323354933,0.01480356803947618,8.437215084808935,0.5331242905553824,0.40127643907156424,55.0,60.0
938,FIG,1579878,"Figma, Inc.",7372,Services-Prepackaged Software,10-Q,2025-11-05,2025-09-30,2025-11-05 22:09:34+00:00,0001628280-25-049683,https://www.sec.gov/Archives/edgar/data/1579878/000162828025049683/fig-20250930.htm,48613,3401,data/interim/text/000162828025049683.txt.gz,162828025049683,2025Q4,2025-11-05 17:09:34-05:00,2025-11-06,2025-11-06,2025-11-06,2025-11-05,44.0099983215332,68,97,0.03289243617962274,173.11395215953593,0.007302573385719869,34.81304380520021,0.02740007816839117,22.050704531566858,0.9188774223409677,0.5947962446053798,55.0,60.0
939,TWST,1581280,Twist Bioscience Corp,2836,"Biological Products, (No Diagnostic Substances)",10-Q,2021-02-09,2020-12-31,2021-02-08 23:58:14+00:00,0001193125-21-032669,https://www.sec.gov/Archives/edgar/data/1581280/000119312521032669/d97574d10q.htm,28983,2916,data/interim/text/000119312521032669.txt.gz,119312521032669,2021Q1,2021-02-08 18:58:14-05:00,2021-02-09,2021-02-09,2021-02-09,2021-02-08,175.3800048828125,109,1289,0.0341234516785702,123.24039649541471,0.010005865507366388,25.57161573794532,0.029189524893903324,15.519340414981002,0.9587788869389391,1.052556449598202,55.0,60.0
940,TWST,1581280,Twist Bioscience Corp,2836,"Biological Products, (No Diagnostic Substances)",10-Q,2021-05-07,2021-03-31,2021-05-07 21:08:43+00:00,0001104659-21-063169,https://www.sec.gov/Archives/edgar/data/1581280/000110465921063169/twst-20210331x10q.htm,29812,2933,data/interim/text/000110465921063169.txt.gz,110465921063169,2021Q2,2021-05-07 17:08:43-04:00,2021-05-08,2021-05-08,2021-05-10,2021-05-07,116.73999786376952,171,1227,0.032872668724003754,121.77563865864387,0.010063061854286865,26.436435930398616,0.02814302965248893,16.08077719592886,0.963061036788247,0.5482115590281532,55.0,60.0
941,TWST,1581280,Twist Bioscience Corp,2836,"Biological Products, (No Diagnostic Substances)",10-Q,2021-08-09,2021-06-30,2021-08-09 20:09:21+00:00,0001104659-21-102129,https://www.sec.gov/Archives/edgar/data/1581280/000110465921102129/twst-20210630x10q.htm,30105,2953,data/interim/text/000110465921102129.txt.gz,110465921102129,2021Q3,2021-08-09 16:09:21-04:00,2021-08-10,2021-08-10,2021-08-10,2021-08-09,112.83999633789062,235,1163,0.032519515030725796,122.2407184595454,0.009898687925593756,25.269953875542377,0.027503736920777278,15.626423939102464,0.5142972749949715,0.5742806941723854,55.0,60.0
942,TWST,1581280,Twist Bioscience Corp,2836,"Biological Products, (No Diagnostic Substances)",10-K,2021-11-23,2021-09-30,2021-11-23 01:45:40+00:00,0001104659-21-142700,https://www.sec.gov/Archives/edgar/data/1581280/000110465921142700/twst-20210930x10k.htm,45633,4011,data/interim/text/000110465921142700.txt.gz,110465921142700,2021Q4,2021-11-22 20:45:40-05:00,2021-11-23,2021-11-23,2021-11-23,2021-11-22,98.16999816894533,309,1089,0.024631297525913264,144.43262902671376,0.009313435452413824,46.94245510374811,0.022659040606578574,19.81179485678929,0.5773152589919738,0.8838701727117529,55.0,60.0
943,TWST,1581280,Twist Bioscience Corp,2836,"Biological Products, (No Diagnostic Substances)",10-Q,2022-02-09,2021-12-31,2022-02-09 21:07:29+00:00,0001104659-22-017090,https://www.sec.gov/Archives/edgar/data/1581280/000110465922017090/twst-20211231x10q.htm,29374,2934,data/interim/text/000110465922017090.txt.gz,110465922017090,2022Q1,2022-02-09 16:07:29-05:00,2022-02-10,2022-02-10,2022-02-10,2022-02-09,64.61000061035156,363,1035,0.03366923129298019,125.04946224184555,0.009838632804521005,26.135800687958653,0.02900524273166746,16.032159304063853,0.8686999349110487,0.9375278496782814,55.0,60.0
944,TWST,1581280,Twist Bioscience Corp,2836,"Biological Products, (No Diagnostic Substances)",10-Q,2022-05-06,2022-03-31,2022-05-06 20:19:10+00:00,0001628280-22-013045,https://www.sec.gov/Archives/edgar/data/1581280/000162828022013045/twst-20220331.htm,29570,2869,data/interim/text/000162828022013045.txt.gz,162828022013045,2022Q2,2022-05-06 16:19:10-04:00,2022-05-07,2022-05-07,2022-05-09,2022-05-06,31.38999938964844,423,975,0.03297260737233683,118.57231422525408,0.009604328711531959,25.2183819263508,0.02928643895840379,15.609879305745258,0.87011728174457,0.9754716910599257,55.0,60.0
945,TWST,1581280,Twist Bioscience Corp,2836,"Biological Products, (No Diagnostic Substances)",10-Q,2022-08-08,2022-06-30,2022-08-08 20:37:08+00:00,0001628280-22-021593,https://www.sec.gov/Archives/edgar/data/1581280/000162828022021593/twst-20220630.htm,30104,2919,data/interim/text/000162828022021593.txt.gz,162828022021593,2022Q3,2022-08-08 16:37:08-04:00,2022-08-09,2022-08-09,2022-08-09,2022-08-08,56.560001373291016,486,912,0.03281955886260962,120.8573771509436,0.009467180441137391,25.235326657037653,0.02906590486314111,15.957282419309285,0.945200685750383,0.8176083717804608,55.0,60.0
946,TWST,1581280,Twist Bioscience Corp,2836,"Biological Products, (No Diagnostic Substances)",10-K,2022-11-28,2022-09-30,2022-11-28 14:12:34+00:00,0001628280-22-030817,https://www.sec.gov/Archives/edgar/data/1581280/000162828022030817/twst-20220930.htm,45243,3967,data/interim/text/000162828022030817.txt.gz,162828022030817,2022Q4,2022-11-28 09:12:34-05:00,2022-11-28,2022-11-28,2022-11-28,2022-11-25,25.440000534057617,563,835,0.026037177021859734,153.93715262557419,0.00937161549853016,47.417560934693405,0.023517450213292664,23.505630409235494,1.0713724159068636,0.7428556849770415,55.0,60.0
947,TWST,1581280,Twist Bioscience Corp,2836,"Biological Products, (No Diagnostic Substances)",10-Q,2023-02-07,2022-12-31,2023-02-07 21:12:24+00:00,0001628280-23-002560,https://www.sec.gov/Archives/edgar/data/1581280/000162828023002560/twst-20221231.htm,28351,2877,data/interim/text/000162828023002560.txt.gz,162828023002560,2023Q1,2023-02-07 16:12:24-05:00,2023-02-08,2023-02-08,2023-02-08,2023-02-07,26.18000030517578,612,786,0.036541920919897004,135.39628205702252,0.010052555465415681,25.769080048538132,0.0308983810094882,18.111485386826374,0.9443419506781279,0.646518016991667,55.0,60.0
948,TWST,1581280,Twist Bioscience Corp,2836,"Biological Products, (No Diagnostic Substances)",10-Q,2023-05-08,2023-03-31,2023-05-08 20:19:23+00:00,0001628280-23-016426,https://www.sec.gov/Archives/edgar/data/1581280/000162828023016426/twst-20230331.htm,30010,2889,data/interim/text/000162828023016426.txt.gz,162828023016426,2023Q2,2023-05-08 16:19:23-04:00,2023-05-09,2023-05-09,2023-05-09,2023-05-08,13.399999618530272,674,724,0.035654781739420195,136.35063880958901,0.009696767744085306,25.860306254303786,0.030989670109963344,18.87088978819101,0.6188295770891242,0.7616477683505092,55.0,60.0
949,TWST,1581280,Twist Bioscience Corp,2836,"Biological Products, (No Diagnostic Substances)",10-Q,2023-08-07,2023-06-30,2023-08-07 20:34:12+00:00,0001628280-23-027803,https://www.sec.gov/Archives/edgar/data/1581280/000162828023027803/twst-20230630.htm,29663,2870,data/interim/text/000162828023027803.txt.gz,162828023027803,2023Q3,2023-08-07 16:34:12-04:00,2023-08-08,2023-08-08,2023-08-08,2023-08-07,23.75,736,662,0.03657755452921148,136.68500293277862,0.00981020126082999,26.14002742374858,0.03084650911910461,19.15497010844094,0.7390495725588921,0.6894321443378821,55.0,60.0
950,TWST,1581280,Twist Bioscience Corp,2836,"Biological Products, (No Diagnostic Substances)",10-K,2023-11-21,2023-09-30,2023-11-21 21:03:32+00:00,0001628280-23-039767,https://www.sec.gov/Archives/edgar/data/1581280/000162828023039767/twst-20230930.htm,44882,3984,data/interim/text/000162828023039767.txt.gz,162828023039767,2023Q4,2023-11-21 16:03:32-05:00,2023-11-22,2023-11-22,2023-11-22,2023-11-21,23.709999084472656,811,587,0.027115547435497527,162.68770218497664,0.009491555634775634,48.17014985229985,0.023840292322089035,22.768562117866928,0.7415730183362407,0.7335742416950838,55.0,60.0
951,TWST,1581280,Twist Bioscience Corp,2836,"Biological Products, (No Diagnostic Substances)",10-Q,2024-02-02,2023-12-31,2024-02-02 21:04:35+00:00,0001628280-24-003051,https://www.sec.gov/Archives/edgar/data/1581280/000162828024003051/twst-20231231.htm,7162,1334,data/interim/text/000162828024003051.txt.gz,162828024003051,2024Q1,2024-02-02 16:04:35-05:00,2024-02-03,2024-02-03,2024-02-05,2024-02-02,36.59000015258789,860,538,0.023596760681373917,37.82633324565022,0.005305780508237923,5.445894827998459,0.01898910918737783,6.683115688528307,0.888732475197176,0.8163140746977984,55.0,60.0
952,TWST,1581280,Twist Bioscience Corp,2836,"Biological Products, (No Diagnostic Substances)",10-Q,2024-05-02,2024-03-31,2024-05-02 20:13:43+00:00,0001628280-24-020014,https://www.sec.gov/Archives/edgar/data/1581280/000162828024020014/twst-20240331.htm,6897,1116,data/interim/text/000162828024020014.txt.gz,162828024020014,2024Q2,2024-05-02 16:13:43-04:00,2024-05-03,2024-05-03,2024-05-03,2024-05-02,32.0099983215332,922,476,0.011889227200231984,10.617489839220548,0.0039147455415398,3.1567283084224558,0.015224010439321443,5.557969579394466,0.5735677690981693,0.7300682196552533,55.0,60.0
953,TWST,1581280,Twist Bioscience Corp,2836,"Biological Products, (No Diagnostic Substances)",10-Q,2024-08-02,2024-06-30,2024-08-02 20:24:13+00:00,0001628280-24-034434,https://www.sec.gov/Archives/edgar/data/1581280/000162828024034434/twst-20240630.htm,7396,1183,data/interim/text/000162828024034434.txt.gz,162828024034434,2024Q3,2024-08-02 16:24:13-04:00,2024-08-03,2024-08-03,2024-08-05,2024-08-02,42.970001220703125,985,413,0.015548945375878854,11.77233966439258,0.0033802055164954027,2.7568557305496006,0.0167658193618172,5.698575218304506,0.6196468738123738,0.584275966855667,55.0,60.0
954,TWST,1581280,Twist Bioscience Corp,2836,"Biological Products, (No Diagnostic Substances)",10-K,2024-11-18,2024-09-30,2024-11-18 21:10:02+00:00,0001628280-24-048262,https://www.sec.gov/Archives/edgar/data/1581280/000162828024048262/twst-20240930.htm,43663,3914,data/interim/text/000162828024048262.txt.gz,162828024048262,2024Q4,2024-11-18 16:10:02-05:00,2024-11-19,2024-11-19,2024-11-19,2024-11-18,41.43000030517578,1060,338,0.02798708288482239,163.01418144743573,0.010031376680484622,47.72629859602464,0.023772988571559444,20.030042320077712,0.5739593922240878,0.6052021204518767,55.0,60.0
955,TWST,1581280,Twist Bioscience Corp,2836,"Biological Products, (No Diagnostic Substances)",10-Q,2025-02-03,2024-12-31,2025-02-03 21:09:45+00:00,0001628280-25-003461,https://www.sec.gov/Archives/edgar/data/1581280/000162828025003461/twst-20241231.htm,4921,961,data/interim/text/000162828025003461.txt.gz,162828025003461,2025Q1,2025-02-03 16:09:45-05:00,2025-02-04,2025-02-04,2025-02-04,2025-02-03,52.75,1110,288,0.010973379394432025,4.472783464873785,0.004673846779109937,3.1743690037426533,0.01402154033732981,3.473615615550116,0.6624844211578718,0.7551143391818538,55.0,60.0
956,TWST,1581280,Twist Bioscience Corp,2836,"Biological Products, (No Diagnostic Substances)",10-Q,2025-05-05,2025-03-31,2025-05-05 20:05:23+00:00,0001628280-25-022154,https://www.sec.gov/Archives/edgar/data/1581280/000162828025022154/twst-20250331.htm,6098,1073,data/interim/text/000162828025022154.txt.gz,162828025022154,2025Q2,2025-05-05 16:05:23-04:00,2025-05-06,2025-05-06,2025-05-06,2025-05-05,35.93000030517578,1173,225,0.013119055428009183,10.45810108687538,0.005411610364053788,4.316548041902247,0.015250901935060675,3.489416866601728,0.7413149249170986,0.6136720188739947,55.0,60.0
957,TWST,1581280,Twist Bioscience Corp,2836,"Biological Products, (No Diagnostic Substances)",10-Q,2025-08-04,2025-06-30,2025-08-04 20:24:11+00:00,0001581280-25-000009,https://www.sec.gov/Archives/edgar/data/1581280/000158128025000009/twst-20250630.htm,6603,1066,data/interim/text/000158128025000009.txt.gz,158128025000009,2025Q3,2025-08-04 16:24:11-04:00,2025-08-05,2025-08-05,2025-08-05,2025-08-04,30.209999084472656,1235,163,0.01150991973345449,6.679297356268168,0.0051491746175980615,3.2915791691396175,0.012872936543995154,3.4863331048014583,0.5526607811142852,0.657170360605824,55.0,60.0
958,TWST,1581280,Twist Bioscience Corp,2836,"Biological Products, (No Diagnostic Substances)",10-K,2025-11-17,2025-09-30,2025-11-17 12:31:44+00:00,0001581280-25-000025,https://www.sec.gov/Archives/edgar/data/1581280/000158128025000025/twst-20250930.htm,40471,3767,data/interim/text/000158128025000025.txt.gz,158128025000025,2025Q4,2025-11-17 07:31:44-05:00,2025-11-17,2025-11-17,2025-11-17,2025-11-14,26.8700008392334,1308,90,0.028464826666007758,146.51149894482717,0.01104494576363322,47.81061557557413,0.024634923772577894,18.455067001943167,0.6714869132775141,0.6373268144320113,55.0,60.0
959,SHOP,1594805,SHOPIFY INC.,7372,Services-Prepackaged Software,10-K,2025-02-11,2024-12-31,2025-02-11 12:02:46+00:00,0001594805-25-000012,https://www.sec.gov/Archives/edgar/data/1594805/000159480525000012/shop-20241231.htm,43463,3400,data/interim/text/000159480525000012.txt.gz,159480525000012,2025Q1,2025-02-11 07:02:46-05:00,2025-02-11,2025-02-11,2025-02-11,2025-02-10,119.9000015258789,1115,283,0.027126521409014562,128.47666875168608,0.006695350067873824,28.080054664197696,0.02450360076386812,24.6361523962525,0.636386748697233,0.8283964272195993,55.0,60.0
960,SHOP,1594805,SHOPIFY INC.,7372,Services-Prepackaged Software,10-Q,2025-05-08,2025-03-31,2025-05-08 11:02:29+00:00,0001594805-25-000046,https://www.sec.gov/Archives/edgar/data/1594805/000159480525000046/shop-20250331.htm,10099,1423,data/interim/text/000159480525000046.txt.gz,159480525000046,2025Q2,2025-05-08 07:02:29-04:00,2025-05-08,2025-05-08,2025-05-08,2025-05-07,94.5,1175,223,0.010793147836419447,8.928104430207293,0.004158827606693732,7.532689660584916,0.019506881869492027,10.75166672376101,0.8136441049432046,0.6038585826547942,55.0,60.0
961,SHOP,1594805,SHOPIFY INC.,7372,Services-Prepackaged Software,10-Q,2025-08-06,2025-06-30,2025-08-06 11:06:12+00:00,0001594805-25-000073,https://www.sec.gov/Archives/edgar/data/1594805/000159480525000073/shop-20250630.htm,10702,1402,data/interim/text/000159480525000073.txt.gz,159480525000073,2025Q3,2025-08-06 07:06:12-04:00,2025-08-06,2025-08-06,2025-08-06,2025-08-05,127.0,1236,162,0.01074565501775369,8.284582157904742,0.005326107269669221,7.428088038116747,0.01840777424780415,10.101684071434244,0.49657091843305146,0.42413055299889557,55.0,60.0
962,SHOP,1594805,SHOPIFY INC.,7372,Services-Prepackaged Software,10-Q,2025-11-04,2025-09-30,2025-11-04 12:03:12+00:00,0001594805-25-000089,https://www.sec.gov/Archives/edgar/data/1594805/000159480525000089/shop-20250930.htm,10705,1407,data/interim/text/000159480525000089.txt.gz,159480525000089,2025Q4,2025-11-04 07:03:12-05:00,2025-11-04,2025-11-04,2025-11-04,2025-11-03,172.94000244140625,1299,99,0.010555815039701074,8.31026499999705,0.005604857543204111,7.665553754572811,0.018122372723026622,9.512237367928225,0.4081782855704274,0.5184545538372256,55.0,60.0
963,RXRX,1601830,"RECURSION PHARMACEUTICALS, INC.",2836,"Biological Products, (No Diagnostic Substances)",10-Q,2021-08-13,2021-06-30,2021-08-13 11:57:50+00:00,0001601830-21-000017,https://www.sec.gov/Archives/edgar/data/1601830/000160183021000017/rxrx-20210630.htm,46134,3640,data/interim/text/000160183021000017.txt.gz,160183021000017,2021Q3,2021-08-13 07:57:50-04:00,2021-08-13,2021-08-13,2021-08-13,2021-08-12,22.989999771118164,82,1160,0.03355442840421381,184.10375793074746,0.012918888455369142,49.86027543284743,0.028785711189144667,27.43633147636765,0.795978406513205,0.8710355699323321,55.0,60.0
964,RXRX,1601830,"RECURSION PHARMACEUTICALS, INC.",2836,"Biological Products, (No Diagnostic Substances)",10-Q,2021-11-10,2021-09-30,2021-11-10 12:57:48+00:00,0001601830-21-000023,https://www.sec.gov/Archives/edgar/data/1601830/000160183021000023/rxrx-20210930.htm,40329,3340,data/interim/text/000160183021000023.txt.gz,160183021000023,2021Q4,2021-11-10 07:57:48-05:00,2021-11-10,2021-11-10,2021-11-10,2021-11-09,19.600000381469727,144,1098,0.03263160504847628,153.66822988623608,0.013042723598403133,47.727590527866454,0.028540256391182524,22.309189893548268,0.7977801504246705,0.9414470234475512,55.0,60.0
965,RXRX,1601830,"RECURSION PHARMACEUTICALS, INC.",2836,"Biological Products, (No Diagnostic Substances)",10-K,2022-03-23,2021-12-31,2022-03-23 12:01:20+00:00,0001601830-22-000012,https://www.sec.gov/Archives/edgar/data/1601830/000160183022000012/rxrx-20211231.htm,83953,6077,data/interim/text/000160183022000012.txt.gz,160183022000012,2022Q1,2022-03-23 08:01:20-04:00,2022-03-23,2022-03-23,2022-03-23,2022-03-22,6.989999771118164,235,1007,0.02166688504282158,248.01174541891203,0.01213774373756745,97.65938213958437,0.021595416483032173,59.07896943727704,0.8998685967683387,1.031024560920132,55.0,60.0
966,RXRX,1601830,"RECURSION PHARMACEUTICALS, INC.",2836,"Biological Products, (No Diagnostic Substances)",10-Q,2022-05-10,2022-03-31,2022-05-10 20:38:12+00:00,0001601830-22-000024,https://www.sec.gov/Archives/edgar/data/1601830/000160183022000024/rxrx-20220331.htm,6543,1277,data/interim/text/000160183022000024.txt.gz,160183022000024,2022Q2,2022-05-10 16:38:12-04:00,2022-05-11,2022-05-11,2022-05-11,2022-05-10,5.690000057220459,269,973,0.011615466911202812,7.940992723068637,0.007030414183096439,11.660395286666697,0.01360232309338224,4.519505354649438,0.9529025750476872,0.9860763319049275,55.0,60.0
967,RXRX,1601830,"RECURSION PHARMACEUTICALS, INC.",2836,"Biological Products, (No Diagnostic Substances)",10-Q,2022-08-09,2022-06-30,2022-08-09 20:20:31+00:00,0001601830-22-000030,https://www.sec.gov/Archives/edgar/data/1601830/000160183022000030/rxrx-20220630.htm,8744,1463,data/interim/text/000160183022000030.txt.gz,160183022000030,2022Q3,2022-08-09 16:20:31-04:00,2022-08-10,2022-08-10,2022-08-10,2022-08-09,8.8100004196167,331,911,0.015324794144556267,14.296632330976845,0.006747483989021043,12.05015453225456,0.014981701738334859,5.046358636587889,0.9290709200512851,0.8367818490139748,55.0,60.0
968,RXRX,1601830,"RECURSION PHARMACEUTICALS, INC.",2836,"Biological Products, (No Diagnostic Substances)",10-Q,2022-11-08,2022-09-30,2022-11-08 21:35:39+00:00,0001601830-22-000035,https://www.sec.gov/Archives/edgar/data/1601830/000160183022000035/rxrx-20220930.htm,7786,1429,data/interim/text/000160183022000035.txt.gz,160183022000035,2022Q4,2022-11-08 16:35:39-05:00,2022-11-09,2022-11-09,2022-11-09,2022-11-08,9.600000381469728,395,847,0.012586694066272797,11.602092426860857,0.007063960955561264,13.002688193682213,0.014256357564860005,5.232921097365365,0.8653913227455508,0.716586103529589,55.0,60.0
969,RXRX,1601830,"RECURSION PHARMACEUTICALS, INC.",2836,"Biological Products, (No Diagnostic Substances)",10-K,2023-02-27,2022-12-31,2023-02-27 21:44:03+00:00,0001601830-23-000010,https://www.sec.gov/Archives/edgar/data/1601830/000160183023000010/rxrx-20221231.htm,85022,6165,data/interim/text/000160183023000010.txt.gz,160183023000010,2023Q1,2023-02-27 16:44:03-05:00,2023-02-28,2023-02-28,2023-02-28,2023-02-27,7.71999979019165,469,773,0.02265296041024676,271.6240681529962,0.01293782785631954,107.09292363973611,0.020806379525299335,55.84426191915358,0.6650000341473798,1.0200030044095632,55.0,60.0
970,RXRX,1601830,"RECURSION PHARMACEUTICALS, INC.",2836,"Biological Products, (No Diagnostic Substances)",10-Q,2023-05-08,2023-03-31,2023-05-08 12:22:37+00:00,0001601830-23-000023,https://www.sec.gov/Archives/edgar/data/1601830/000160183023000023/rxrx-20230331.htm,6901,1404,data/interim/text/000160183023000023.txt.gz,160183023000023,2023Q2,2023-05-08 08:22:37-04:00,2023-05-08,2023-05-08,2023-05-08,2023-05-05,5.159999847412109,517,725,0.013331401246196204,15.08430430718927,0.00753513983480655,12.904148150200434,0.014490653528474133,6.676817027744034,0.6609812065306685,1.929244292115528,55.0,60.0
971,RXRX,1601830,"RECURSION PHARMACEUTICALS, INC.",2836,"Biological Products, (No Diagnostic Substances)",10-Q,2023-08-08,2023-06-30,2023-08-08 12:08:07+00:00,0001601830-23-000057,https://www.sec.gov/Archives/edgar/data/1601830/000160183023000057/rxrx-20230630.htm,10786,1756,data/interim/text/000160183023000057.txt.gz,160183023000057,2023Q3,2023-08-08 08:08:07-04:00,2023-08-08,2023-08-08,2023-08-08,2023-08-07,11.029999732971191,580,662,0.013072501390691637,20.97050764711367,0.0071388837381791215,12.361080530138604,0.018449842388281106,6.624141384771402,1.9822089944268866,0.6190976330132121,55.0,60.0
972,RXRX,1601830,"RECURSION PHARMACEUTICALS, INC.",2836,"Biological Products, (No Diagnostic Substances)",10-Q,2023-11-09,2023-09-30,2023-11-09 13:08:57+00:00,0001601830-23-000069,https://www.sec.gov/Archives/edgar/data/1601830/000160183023000069/rxrx-20230930.htm,8119,1493,data/interim/text/000160183023000069.txt.gz,160183023000069,2023Q4,2023-11-09 08:08:57-05:00,2023-11-09,2023-11-09,2023-11-09,2023-11-08,5.630000114440918,646,596,0.012193619903929056,16.169692744277977,0.007513240546865378,11.87339495078141,0.014780145338095825,5.0628662094062316,0.553559528429424,0.9140196132627061,55.0,60.0
973,RXRX,1601830,"RECURSION PHARMACEUTICALS, INC.",2836,"Biological Products, (No Diagnostic Substances)",10-K,2024-02-29,2023-12-31,2024-02-29 13:25:26+00:00,0001601830-24-000019,https://www.sec.gov/Archives/edgar/data/1601830/000160183024000019/rxrx-20231231.htm,92571,6300,data/interim/text/000160183024000019.txt.gz,160183024000019,2024Q1,2024-02-29 08:25:26-05:00,2024-02-29,2024-02-29,2024-02-29,2024-02-28,12.9399995803833,721,521,0.023700727009538625,280.83789768139474,0.012541724730207085,115.02937622589349,0.022080349137418846,58.45134984235784,0.9856218594384701,0.5862926343967237,55.0,60.0
974,RXRX,1601830,"RECURSION PHARMACEUTICALS, INC.",2836,"Biological Products, (No Diagnostic Substances)",10-Q,2024-05-09,2024-03-31,2024-05-09 20:11:55+00:00,0001601830-24-000052,https://www.sec.gov/Archives/edgar/data/1601830/000160183024000052/rxrx-20240331.htm,8083,1554,data/interim/text/000160183024000052.txt.gz,160183024000052,2024Q2,2024-05-09 16:11:55-04:00,2024-05-10,2024-05-10,2024-05-10,2024-05-09,8.640000343322754,771,471,0.012124211307682792,19.1069069188355,0.008412718050228876,13.169771471930886,0.015835704565136707,7.4394539328965354,0.9631666864219508,0.7412423031944211,55.0,60.0
975,RXRX,1601830,"RECURSION PHARMACEUTICALS, INC.",2836,"Biological Products, (No Diagnostic Substances)",10-Q,2024-08-08,2024-06-30,2024-08-08 12:09:26+00:00,0001601830-24-000115,https://www.sec.gov/Archives/edgar/data/1601830/000160183024000115/rxrx-20240630.htm,9229,1670,data/interim/text/000160183024000115.txt.gz,160183024000115,2024Q3,2024-08-08 08:09:26-04:00,2024-08-08,2024-08-08,2024-08-08,2024-08-07,6.369999885559082,832,410,0.014086033156354968,24.668141015054957,0.007909849387799327,13.480341299737585,0.01874525950807238,7.983604648574668,0.7571948306800425,0.6490435231924736,55.0,60.0
976,RXRX,1601830,"RECURSION PHARMACEUTICALS, INC.",2836,"Biological Products, (No Diagnostic Substances)",10-Q,2024-11-06,2024-09-30,2024-11-06 21:18:48+00:00,0001601830-24-000196,https://www.sec.gov/Archives/edgar/data/1601830/000160183024000196/rxrx-20240930.htm,7463,1428,data/interim/text/000160183024000196.txt.gz,160183024000196,2024Q4,2024-11-06 16:18:48-05:00,2024-11-07,2024-11-07,2024-11-07,2024-11-06,6.96999979019165,896,346,0.01125552726785475,13.07754727081102,0.007637679217472866,11.534581461845326,0.013801420340345705,6.896406395520806,0.6590347390452121,1.0235008068962894,55.0,60.0
977,RXRX,1601830,"RECURSION PHARMACEUTICALS, INC.",2836,"Biological Products, (No Diagnostic Substances)",10-K,2025-02-28,2024-12-31,2025-02-28 11:33:59+00:00,0001601830-25-000035,https://www.sec.gov/Archives/edgar/data/1601830/000160183025000035/rxrx-20241231.htm,109846,6848,data/interim/text/000160183025000035.txt.gz,160183025000035,2025Q1,2025-02-28 06:33:59-05:00,2025-02-28,2025-02-28,2025-02-28,2025-02-27,7.670000076293945,971,271,0.024588970012563043,329.5749043866059,0.013300438796132767,126.6649497267726,0.02179414817107587,64.12628656283094,1.135804699618594,1.0737093403989453,55.0,60.0
978,RXRX,1601830,"RECURSION PHARMACEUTICALS, INC.",2836,"Biological Products, (No Diagnostic Substances)",10-Q,2025-05-05,2025-03-31,2025-05-05 10:02:27+00:00,0001601830-25-000075,https://www.sec.gov/Archives/edgar/data/1601830/000160183025000075/rxrx-20250331.htm,8698,1667,data/interim/text/000160183025000075.txt.gz,160183025000075,2025Q2,2025-05-05 06:02:27-04:00,2025-05-05,2025-05-05,2025-05-05,2025-05-02,5.699999809265137,1016,226,0.014716026672798345,23.68808907370116,0.007932858128305357,16.023702181297427,0.015060933547942055,6.645880089122212,1.2021105786348056,0.8414084370104222,55.0,60.0
979,RXRX,1601830,"RECURSION PHARMACEUTICALS, INC.",2836,"Biological Products, (No Diagnostic Substances)",10-Q,2025-08-05,2025-06-30,2025-08-05 10:33:05+00:00,0001601830-25-000127,https://www.sec.gov/Archives/edgar/data/1601830/000160183025000127/rxrx-20250630.htm,9294,1715,data/interim/text/000160183025000127.txt.gz,160183025000127,2025Q3,2025-08-05 06:33:05-04:00,2025-08-05,2025-08-05,2025-08-05,2025-08-04,5.800000190734863,1079,163,0.016354637400473424,28.515653272361455,0.013019152141166343,14.664988267028745,0.016569829997848073,5.696613157993631,0.8540049554265563,0.8416445620584407,55.0,60.0
980,RXRX,1601830,"RECURSION PHARMACEUTICALS, INC.",2836,"Biological Products, (No Diagnostic Substances)",10-Q,2025-11-05,2025-09-30,2025-11-05 11:40:25+00:00,0001601830-25-000166,https://www.sec.gov/Archives/edgar/data/1601830/000160183025000166/rxrx-20250930.htm,8211,1495,data/interim/text/000160183025000166.txt.gz,160183025000166,2025Q4,2025-11-05 06:40:25-05:00,2025-11-05,2025-11-05,2025-11-05,2025-11-04,5.0,1144,98,0.012909511630739253,14.857605071161226,0.009012300572402874,14.996104948275716,0.012909511630739253,4.724086274542972,0.8721105500472208,0.7167560301481799,55.0,60.0
981,NTRA,1604821,"Natera, Inc.",8071,Services-Medical Laboratories,10-K,2021-02-26,2020-12-31,2021-02-26 02:55:00+00:00,0001558370-21-001907,https://www.sec.gov/Archives/edgar/data/1604821/000155837021001907/ntra-20201231x10k.htm,61778,4375,data/interim/text/000155837021001907.txt.gz,155837021001907,2021Q1,2021-02-25 21:55:00-05:00,2021-02-26,2021-02-26,2021-02-26,2021-02-25,108.76000213623048,121,1277,0.027048463854446567,213.6767930561457,0.007073715562174236,42.17544849854022,0.021188772702256466,32.39635013776991,0.565135644091498,0.6329204368784306,55.0,60.0
982,NTRA,1604821,"Natera, Inc.",8071,Services-Medical Laboratories,10-Q,2021-05-07,2021-03-31,2021-05-07 01:36:07+00:00,0001558370-21-006346,https://www.sec.gov/Archives/edgar/data/1604821/000155837021006346/ntra-20210331x10q.htm,8586,1378,data/interim/text/000155837021006346.txt.gz,155837021006346,2021Q2,2021-05-06 21:36:07-04:00,2021-05-07,2021-05-07,2021-05-07,2021-05-06,96.30999755859376,170,1228,0.011763335662706731,17.535453419067693,0.0037269974376892617,5.064596179895382,0.01583973911017936,2.677362592519517,0.6584778258077066,0.43772117059616766,55.0,60.0
983,NTRA,1604821,"Natera, Inc.",8071,Services-Medical Laboratories,10-Q,2021-08-06,2021-06-30,2021-08-06 01:50:24+00:00,0001558370-21-010673,https://www.sec.gov/Archives/edgar/data/1604821/000155837021010673/ntra-20210630x10q.htm,9684,1384,data/interim/text/000155837021010673.txt.gz,155837021010673,2021Q3,2021-08-05 21:50:24-04:00,2021-08-06,2021-08-06,2021-08-06,2021-08-05,119.63999938964844,233,1165,0.011565468814539447,16.622095119344607,0.0040272614622057,5.607055346213385,0.014456836018174308,2.7344139588485605,0.4439442685326909,0.3931044081399309,55.0,60.0
984,NTRA,1604821,"Natera, Inc.",8071,Services-Medical Laboratories,10-Q,2021-11-05,2021-09-30,2021-11-05 01:50:25+00:00,0001558370-21-014721,https://www.sec.gov/Archives/edgar/data/1604821/000155837021014721/ntra-20210930x10q.htm,10180,1449,data/interim/text/000155837021014721.txt.gz,155837021014721,2021Q4,2021-11-04 21:50:25-04:00,2021-11-05,2021-11-05,2021-11-05,2021-11-04,110.66999816894533,297,1101,0.011493123772102161,17.569068040735523,0.004027504911591356,6.06173528232529,0.014145383104125737,3.812056146426027,0.3848626963084592,0.6107913021478237,55.0,60.0
985,NTRA,1604821,"Natera, Inc.",8071,Services-Medical Laboratories,10-K,2022-02-25,2021-12-31,2022-02-25 02:13:07+00:00,0001558370-22-002022,https://www.sec.gov/Archives/edgar/data/1604821/000155837022002022/ntra-20211231x10k.htm,63440,4426,data/interim/text/000155837022002022.txt.gz,155837022002022,2022Q1,2022-02-24 21:13:07-05:00,2022-02-25,2022-02-25,2022-02-25,2022-02-24,65.2300033569336,373,1025,0.026970365699873898,221.0702843906651,0.007077553593947037,46.08069101737898,0.02112232030264817,35.641409263282156,0.6212067274784361,1.2452089481653386,55.0,60.0
986,NTRA,1604821,"Natera, Inc.",8071,Services-Medical Laboratories,10-Q,2022-05-06,2022-03-31,2022-05-06 10:04:58+00:00,0001558370-22-007500,https://www.sec.gov/Archives/edgar/data/1604821/000155837022007500/ntra-20220331x10q.htm,9282,1463,data/interim/text/000155837022007500.txt.gz,155837022007500,2022Q2,2022-05-06 06:04:58-04:00,2022-05-06,2022-05-06,2022-05-06,2022-05-05,34.099998474121094,422,976,0.013359189829778064,26.075039100740085,0.0039862098685628095,7.017880413328902,0.01583710407239819,3.8979960767580986,1.1388031348218304,0.8194530126993699,55.0,60.0
987,NTRA,1604821,"Natera, Inc.",8071,Services-Medical Laboratories,10-Q,2022-08-05,2022-06-30,2022-08-05 01:45:34+00:00,0001558370-22-012331,https://www.sec.gov/Archives/edgar/data/1604821/000155837022012331/ntra-20220630x10q.htm,9846,1440,data/interim/text/000155837022012331.txt.gz,155837022012331,2022Q3,2022-08-04 21:45:34-04:00,2022-08-05,2022-08-05,2022-08-05,2022-08-04,50.9900016784668,484,914,0.012086126345724152,19.27513583695375,0.0037578712167377617,6.574456155421961,0.01533617712776762,3.8063785573374487,0.8630773009159242,0.567380420322745,55.0,60.0
988,NTRA,1604821,"Natera, Inc.",8071,Services-Medical Laboratories,10-Q,2022-11-09,2022-09-30,2022-11-09 02:22:49+00:00,0001558370-22-016984,https://www.sec.gov/Archives/edgar/data/1604821/000155837022016984/ntra-20220930x10q.htm,10525,1486,data/interim/text/000155837022016984.txt.gz,155837022016984,2022Q4,2022-11-08 21:22:49-05:00,2022-11-09,2022-11-09,2022-11-09,2022-11-08,42.43999862670898,551,847,0.013681710213776722,22.552448336628693,0.003705463182897862,7.346159646375013,0.01681710213776722,4.424469941715585,0.5798687494875151,0.6251569423912571,55.0,60.0
989,NTRA,1604821,"Natera, Inc.",8071,Services-Medical Laboratories,10-K,2023-03-01,2022-12-31,2023-03-01 11:05:02+00:00,0001558370-23-002460,https://www.sec.gov/Archives/edgar/data/1604821/000155837023002460/ntra-20221231x10k.htm,58695,4288,data/interim/text/000155837023002460.txt.gz,155837023002460,2023Q1,2023-03-01 06:05:02-05:00,2023-03-01,2023-03-01,2023-03-01,2023-02-28,48.54999923706055,626,772,0.02821364681829798,215.65296463863965,0.0070874861572535995,43.476080025923274,0.021586165772212285,28.873969557996297,0.689203281891389,0.40569543641787353,55.0,60.0
990,NTRA,1604821,"Natera, Inc.",8071,Services-Medical Laboratories,10-Q,2023-05-10,2023-03-31,2023-05-10 00:46:49+00:00,0001558370-23-008938,https://www.sec.gov/Archives/edgar/data/1604821/000155837023008938/ntra-20230331x10q.htm,8294,1307,data/interim/text/000155837023008938.txt.gz,155837023008938,2023Q2,2023-05-09 20:46:49-04:00,2023-05-10,2023-05-10,2023-05-10,2023-05-09,53.0,675,723,0.011333494092114782,15.386741366993604,0.004099348926935134,6.295141639995958,0.01567398119122257,2.3702890834644395,0.5918066492310112,0.5232323797282241,55.0,60.0
991,NTRA,1604821,"Natera, Inc.",8071,Services-Medical Laboratories,10-Q,2023-08-04,2023-06-30,2023-08-03 23:37:07+00:00,0001558370-23-013289,https://www.sec.gov/Archives/edgar/data/1604821/000155837023013289/ntra-20230630x10q.htm,9185,1324,data/interim/text/000155837023013289.txt.gz,155837023013289,2023Q3,2023-08-03 19:37:07-04:00,2023-08-04,2023-08-04,2023-08-04,2023-08-03,43.400001525878906,734,664,0.011431682090364725,14.96641763470683,0.004246053347849755,6.456859536104033,0.014480130647795318,2.3039945972485456,0.3837880947683796,0.5213050727952792,55.0,60.0
992,NTRA,1604821,"Natera, Inc.",8071,Services-Medical Laboratories,10-Q,2023-11-09,2023-09-30,2023-11-09 01:15:16+00:00,0001558370-23-018379,https://www.sec.gov/Archives/edgar/data/1604821/000155837023018379/ntra-20230930x10q.htm,9249,1314,data/interim/text/000155837023018379.txt.gz,155837023018379,2023Q4,2023-11-08 20:15:16-05:00,2023-11-09,2023-11-09,2023-11-09,2023-11-08,41.34000015258789,802,596,0.011352578657152125,14.892761694408268,0.004432911666126068,6.526791794725587,0.014488052762460806,2.293437472111563,0.5183491677297899,0.35855513600757916,55.0,60.0
993,NTRA,1604821,"Natera, Inc.",8071,Services-Medical Laboratories,10-K,2024-02-29,2023-12-31,2024-02-29 02:10:14+00:00,0001558370-24-002083,https://www.sec.gov/Archives/edgar/data/1604821/000155837024002083/ntra-20231231x10k.htm,58618,4255,data/interim/text/000155837024002083.txt.gz,155837024002083,2024Q1,2024-02-28 21:10:14-05:00,2024-02-29,2024-02-29,2024-02-29,2024-02-28,76.55000305175781,877,521,0.02876249616158859,220.29537447915936,0.007182094237265004,45.37489631621691,0.02175099798696646,29.051337824659058,0.37506650243895323,0.3489966704883847,55.0,60.0
994,NTRA,1604821,"Natera, Inc.",8071,Services-Medical Laboratories,10-Q,2024-05-10,2024-03-31,2024-05-10 00:29:48+00:00,0001558370-24-007686,https://www.sec.gov/Archives/edgar/data/1604821/000155837024007686/ntra-20240331x10q.htm,8588,1351,data/interim/text/000155837024007686.txt.gz,155837024007686,2024Q2,2024-05-09 20:29:48-04:00,2024-05-10,2024-05-10,2024-05-10,2024-05-09,95.5500030517578,927,471,0.010945505356311131,14.503893094519023,0.005006986492780624,8.788372861903731,0.014904517931998137,2.6565924942298627,0.4138356125454178,0.41539581105577206,55.0,60.0
995,NTRA,1604821,"Natera, Inc.",8071,Services-Medical Laboratories,10-Q,2024-08-09,2024-06-30,2024-08-09 00:28:12+00:00,0001558370-24-011666,https://www.sec.gov/Archives/edgar/data/1604821/000155837024011666/ntra-20240630x10q.htm,9592,1383,data/interim/text/000155837024011666.txt.gz,155837024011666,2024Q3,2024-08-08 20:28:12-04:00,2024-08-09,2024-08-09,2024-08-09,2024-08-08,107.6999969482422,989,409,0.010529608006672226,14.456074575096928,0.0050041701417848205,8.907318255671475,0.01396997497914929,2.685259664267016,0.3708672412235677,0.37415447428323956,55.0,60.0
996,NTRA,1604821,"Natera, Inc.",8071,Services-Medical Laboratories,10-Q,2024-11-12,2024-09-30,2024-11-12 21:23:00+00:00,0001558370-24-015325,https://www.sec.gov/Archives/edgar/data/1604821/000155837024015325/ntra-20240930x10q.htm,9716,1365,data/interim/text/000155837024015325.txt.gz,155837024015325,2024Q4,2024-11-12 16:23:00-05:00,2024-11-13,2024-11-13,2024-11-13,2024-11-12,135.1199951171875,1056,342,0.010395224372169618,14.207834004482383,0.004940304652120214,8.829312186145247,0.014100452861259778,2.6628276476533284,0.37799905791322413,0.3919431855131711,55.0,60.0
997,NTRA,1604821,"Natera, Inc.",8071,Services-Medical Laboratories,10-K,2025-02-28,2024-12-31,2025-02-28 02:43:05+00:00,0001558370-25-001869,https://www.sec.gov/Archives/edgar/data/1604821/000155837025001869/ntra-20241231x10k.htm,55219,4177,data/interim/text/000155837025001869.txt.gz,155837025001869,2025Q1,2025-02-27 21:43:05-05:00,2025-02-28,2025-02-28,2025-02-28,2025-02-27,156.61000061035156,1127,271,0.029011753200890996,220.08693587686278,0.0071533349028414135,43.170024127182785,0.02156866296021297,27.331986254279336,0.38425791584141455,0.5276803740503262,55.0,60.0
998,NTRA,1604821,"Natera, Inc.",8071,Services-Medical Laboratories,10-Q,2025-05-09,2025-03-31,2025-05-08 23:35:38+00:00,0001558370-25-007036,https://www.sec.gov/Archives/edgar/data/1604821/000155837025007036/ntra-20250331x10q.htm,8556,1374,data/interim/text/000155837025007036.txt.gz,155837025007036,2025Q2,2025-05-08 19:35:38-04:00,2025-05-09,2025-05-09,2025-05-09,2025-05-08,162.57000732421875,1176,222,0.010986442262739598,14.668298408536995,0.005376344086021506,9.026757340719762,0.014960261804581581,3.1324231433233267,0.5579972789355796,0.37235108806173584,55.0,60.0
999,NTRA,1604821,"Natera, Inc.",8071,Services-Medical Laboratories,10-Q,2025-08-08,2025-06-30,2025-08-08 00:24:04+00:00,0001558370-25-010829,https://www.sec.gov/Archives/edgar/data/1604821/000155837025010829/ntra-20250630x10q.htm,9377,1376,data/interim/text/000155837025010829.txt.gz,155837025010829,2025Q3,2025-08-07 20:24:04-04:00,2025-08-08,2025-08-08,2025-08-08,2025-08-07,141.0800018310547,1238,160,0.011090967260317799,15.59299351339614,0.005332195798229711,9.109381122705967,0.014183640823291032,3.0821315286090956,0.33807806579668076,0.32730061385255704,55.0,60.0
1000,NTRA,1604821,"Natera, Inc.",8071,Services-Medical Laboratories,10-Q,2025-11-07,2025-09-30,2025-11-07 01:02:44+00:00,0001104659-25-107976,https://www.sec.gov/Archives/edgar/data/1604821/000110465925107976/ntra-20250930x10q.htm,9682,1413,data/interim/text/000110465925107976.txt.gz,110465925107976,2025Q4,2025-11-06 20:02:44-05:00,2025-11-07,2025-11-07,2025-11-07,2025-11-06,198.47999572753903,1302,96,0.01094815120842801,15.56791237231276,0.005267506713488948,9.119328927745473,0.014046684569303863,4.9033849900053745,0.33390100732812505,0.3922639296482834,55.0,60.0
1001,Z,1617640,"ZILLOW GROUP, INC.",7389,"Services-Business Services, NEC",10-K,2021-02-12,2020-12-31,2021-02-12 17:01:06+00:00,0001617640-21-000012,https://www.sec.gov/Archives/edgar/data/1617640/000161764021000012/z-20201231.htm,48952,3531,data/interim/text/000161764021000012.txt.gz,161764021000012,2021Q1,2021-02-12 12:01:06-05:00,2021-02-12,2021-02-12,2021-02-12,2021-02-11,194.0,112,1286,0.02120444517077954,118.871232704482,0.007149861088413139,32.06406677330843,0.02163343683608433,27.207305132280208,0.49677352864756924,0.6957402542585231,55.0,60.0
1002,Z,1617640,"ZILLOW GROUP, INC.",7389,"Services-Business Services, NEC",10-Q,2021-05-04,2021-03-31,2021-05-04 20:36:40+00:00,0001617640-21-000031,https://www.sec.gov/Archives/edgar/data/1617640/000161764021000031/z-20210331.htm,12219,1450,data/interim/text/000161764021000031.txt.gz,161764021000031,2021Q2,2021-05-04 16:36:40-04:00,2021-05-05,2021-05-05,2021-05-05,2021-05-04,121.4499969482422,168,1230,0.009575251657255094,11.765220140998045,0.005401424011784925,11.111476165509849,0.01219412390539324,6.763998114200914,0.8050075198329437,0.3961271024896209,55.0,60.0
1003,Z,1617640,"ZILLOW GROUP, INC.",7389,"Services-Business Services, NEC",10-Q,2021-08-05,2021-06-30,2021-08-05 20:38:05+00:00,0001617640-21-000055,https://www.sec.gov/Archives/edgar/data/1617640/000161764021000055/z-20210630.htm,14089,1466,data/interim/text/000161764021000055.txt.gz,161764021000055,2021Q3,2021-08-05 16:38:05-04:00,2021-08-06,2021-08-06,2021-08-06,2021-08-05,110.23999786376952,233,1165,0.007949464120945418,12.504150712051832,0.0063169848818226985,11.09305536583964,0.010788558449854496,6.6646916979447015,0.39349875197158557,0.7239096786382647,55.0,60.0
1004,Z,1617640,"ZILLOW GROUP, INC.",7389,"Services-Business Services, NEC",10-Q,2021-11-02,2021-09-30,2021-11-02 20:36:26+00:00,0001617640-21-000087,https://www.sec.gov/Archives/edgar/data/1617640/000161764021000087/z-20210930.htm,15688,1562,data/interim/text/000161764021000087.txt.gz,161764021000087,2021Q4,2021-11-02 16:36:26-04:00,2021-11-03,2021-11-03,2021-11-03,2021-11-02,87.19999694824219,295,1103,0.009880163182049975,18.59013565923405,0.005418154003059663,10.58311794995107,0.012302396736359,7.772139698150995,0.4358189274548957,0.5405780735364295,55.0,60.0
1005,Z,1617640,"ZILLOW GROUP, INC.",7389,"Services-Business Services, NEC",10-K,2022-02-10,2021-12-31,2022-02-10 21:36:08+00:00,0001617640-22-000013,https://www.sec.gov/Archives/edgar/data/1617640/000161764022000013/z-20211231.htm,50099,3581,data/interim/text/000161764022000013.txt.gz,161764022000013,2022Q1,2022-02-10 16:36:08-05:00,2022-02-11,2022-02-11,2022-02-11,2022-02-10,48.790000915527344,364,1034,0.021437553643785304,125.74148801008414,0.010239725343819239,32.69666933698151,0.021637158426315896,25.926070832911087,0.5607146310450476,0.7008477495655862,55.0,60.0
1006,Z,1617640,"ZILLOW GROUP, INC.",7389,"Services-Business Services, NEC",10-Q,2022-05-05,2022-03-31,2022-05-05 20:36:54+00:00,0001617640-22-000063,https://www.sec.gov/Archives/edgar/data/1617640/000161764022000063/z-20220331.htm,13033,1451,data/interim/text/000161764022000063.txt.gz,161764022000063,2022Q2,2022-05-05 16:36:54-04:00,2022-05-06,2022-05-06,2022-05-06,2022-05-05,39.77999877929688,422,976,0.008670298473106729,13.336102987147996,0.004603698304304458,8.339910297353315,0.012276528811478555,6.90385082158417,0.761204482472985,0.7229164983965629,55.0,60.0
1007,Z,1617640,"ZILLOW GROUP, INC.",7389,"Services-Business Services, NEC",10-Q,2022-08-04,2022-06-30,2022-08-04 20:40:18+00:00,0001617640-22-000081,https://www.sec.gov/Archives/edgar/data/1617640/000161764022000081/z-20220630.htm,14830,1481,data/interim/text/000161764022000081.txt.gz,161764022000081,2022Q3,2022-08-04 16:40:18-04:00,2022-08-05,2022-08-05,2022-08-05,2022-08-04,37.65999984741211,484,914,0.008361429534726905,12.281557876081612,0.004180714767363453,8.264038953902793,0.010519217801753203,6.022349362767418,0.746575200270424,0.5595100094485854,55.0,60.0
1008,Z,1617640,"ZILLOW GROUP, INC.",7389,"Services-Business Services, NEC",10-Q,2022-11-02,2022-09-30,2022-11-02 20:37:19+00:00,0001617640-22-000106,https://www.sec.gov/Archives/edgar/data/1617640/000161764022000106/z-20220930.htm,13863,1457,data/interim/text/000161764022000106.txt.gz,161764022000106,2022Q4,2022-11-02 16:37:19-04:00,2022-11-03,2022-11-03,2022-11-03,2022-11-02,29.5,547,851,0.012190723508620068,13.943531056696807,0.004328067517853278,7.708526375378342,0.0113972444636803,6.2710438699016855,0.5583773984718935,0.5568798496602253,55.0,60.0
1009,Z,1617640,"ZILLOW GROUP, INC.",7389,"Services-Business Services, NEC",10-K,2023-02-15,2022-12-31,2023-02-15 21:44:09+00:00,0001617640-23-000010,https://www.sec.gov/Archives/edgar/data/1617640/000161764023000010/z-20221231.htm,48666,3571,data/interim/text/000161764023000010.txt.gz,161764023000010,2023Q1,2023-02-15 16:44:09-05:00,2023-02-16,2023-02-16,2023-02-16,2023-02-15,47.4900016784668,618,780,0.024616775572268112,139.39820377674036,0.00698639707393252,30.388758143216418,0.021246866395430074,22.80177979737361,0.5179230657638646,0.3828867213135029,55.0,60.0
1010,Z,1617640,"ZILLOW GROUP, INC.",7389,"Services-Business Services, NEC",10-Q,2023-05-03,2023-03-31,2023-05-03 20:37:24+00:00,0001617640-23-000067,https://www.sec.gov/Archives/edgar/data/1617640/000161764023000067/z-20230331.htm,10887,1432,data/interim/text/000161764023000067.txt.gz,161764023000067,2023Q2,2023-05-03 16:37:24-04:00,2023-05-04,2023-05-04,2023-05-04,2023-05-03,42.400001525878906,671,727,0.011022320198401764,14.267695416949026,0.0032148433912005145,6.475375364198012,0.01350234224304216,5.498799929431368,0.378012070769472,0.3809772641701245,55.0,60.0
1011,Z,1617640,"ZILLOW GROUP, INC.",7389,"Services-Business Services, NEC",10-Q,2023-08-02,2023-06-30,2023-08-02 20:36:46+00:00,0001617640-23-000090,https://www.sec.gov/Archives/edgar/data/1617640/000161764023000090/z-20230630.htm,12328,1485,data/interim/text/000161764023000090.txt.gz,161764023000090,2023Q3,2023-08-02 16:36:46-04:00,2023-08-03,2023-08-03,2023-08-03,2023-08-02,54.22999954223633,733,665,0.01062621674237508,18.087175229240195,0.0030012978585334197,6.3666394500503865,0.013059701492537313,5.0531679799956715,0.38317866280428725,0.34325858998902803,55.0,60.0
1012,Z,1617640,"ZILLOW GROUP, INC.",7389,"Services-Business Services, NEC",10-Q,2023-11-01,2023-09-30,2023-11-01 20:37:16+00:00,0001617640-23-000110,https://www.sec.gov/Archives/edgar/data/1617640/000161764023000110/z-20230930.htm,12948,1531,data/interim/text/000161764023000110.txt.gz,161764023000110,2023Q4,2023-11-01 16:37:16-04:00,2023-11-02,2023-11-02,2023-11-02,2023-11-01,36.459999084472656,797,601,0.010580784677170219,18.22523661744029,0.0030892801977139327,6.943554397106062,0.012279888785912883,4.445462371225438,0.3257143570687658,0.4865779776849897,55.0,60.0
1013,Z,1617640,"ZILLOW GROUP, INC.",7389,"Services-Business Services, NEC",10-K,2024-02-15,2023-12-31,2024-02-14 23:12:31+00:00,0001617640-24-000022,https://www.sec.gov/Archives/edgar/data/1617640/000161764024000022/z-20231231.htm,48466,3773,data/interim/text/000161764024000022.txt.gz,161764024000022,2024Q1,2024-02-14 18:12:31-05:00,2024-02-15,2024-02-15,2024-02-15,2024-02-14,58.060001373291016,868,530,0.025399248958032434,155.71555045086518,0.006685098832171006,32.587608550343816,0.023480377996946314,25.791184851360963,0.42290921895057,0.4544092050768027,55.0,60.0
1014,Z,1617640,"ZILLOW GROUP, INC.",7389,"Services-Business Services, NEC",10-Q,2024-05-01,2024-03-31,2024-05-01 20:36:00+00:00,0001617640-24-000070,https://www.sec.gov/Archives/edgar/data/1617640/000161764024000070/z-20240331.htm,10815,1461,data/interim/text/000161764024000070.txt.gz,161764024000070,2024Q2,2024-05-01 16:36:00-04:00,2024-05-02,2024-05-02,2024-05-02,2024-05-01,41.88999938964844,921,477,0.009061488673139158,14.636546483768015,0.00332871012482663,8.48988702498012,0.014424410540915394,5.404990566501043,0.47663823854165427,0.4833251131769561,55.0,60.0
1015,Z,1617640,"ZILLOW GROUP, INC.",7389,"Services-Business Services, NEC",10-Q,2024-08-07,2024-06-30,2024-08-07 20:02:41+00:00,0001617640-24-000094,https://www.sec.gov/Archives/edgar/data/1617640/000161764024000094/z-20240630.htm,12087,1495,data/interim/text/000161764024000094.txt.gz,161764024000094,2024Q3,2024-08-07 16:02:41-04:00,2024-08-08,2024-08-08,2024-08-08,2024-08-07,41.77000045776367,988,410,0.009762554810953918,15.170008571674089,0.0030611400678414824,8.588468307153812,0.013237362455530735,5.3350166140784445,0.4672954055694633,0.37411772113903397,55.0,60.0
1016,Z,1617640,"ZILLOW GROUP, INC.",7389,"Services-Business Services, NEC",10-Q,2024-11-06,2024-09-30,2024-11-06 21:35:47+00:00,0001617640-24-000126,https://www.sec.gov/Archives/edgar/data/1617640/000161764024000126/z-20240930.htm,12185,1512,data/interim/text/000161764024000126.txt.gz,161764024000126,2024Q4,2024-11-06 16:35:47-05:00,2024-11-07,2024-11-07,2024-11-07,2024-11-06,58.68000030517578,1052,346,0.009766105867870332,15.773582541739687,0.003282724661469019,8.574205154232828,0.012966762412802627,4.871775560178114,0.3538325121488407,0.31549463807356465,55.0,60.0
1017,Z,1617640,"ZILLOW GROUP, INC.",7389,"Services-Business Services, NEC",10-K,2025-02-11,2024-12-31,2025-02-11 21:21:09+00:00,0001617640-25-000016,https://www.sec.gov/Archives/edgar/data/1617640/000161764025000016/z-20241231.htm,45046,3608,data/interim/text/000161764025000016.txt.gz,161764025000016,2025Q1,2025-02-11 16:21:09-05:00,2025-02-12,2025-02-12,2025-02-12,2025-02-11,86.31999969482422,1116,282,0.025063268658704434,138.87311434152517,0.006881854104692981,32.530815192070015,0.023442703014696087,25.18543180939357,0.32408902557695796,0.4449989704538011,55.0,60.0
1018,Z,1617640,"ZILLOW GROUP, INC.",7389,"Services-Business Services, NEC",10-Q,2025-05-07,2025-03-31,2025-05-07 20:36:57+00:00,0001617640-25-000064,https://www.sec.gov/Archives/edgar/data/1617640/000161764025000064/z-20250331.htm,10871,1473,data/interim/text/000161764025000064.txt.gz,161764025000064,2025Q2,2025-05-07 16:36:57-04:00,2025-05-08,2025-05-08,2025-05-08,2025-05-07,67.87999725341797,1175,223,0.008370895041854474,15.00385428527145,0.003219575016097875,8.306821350783776,0.014718057216447429,5.571535154338214,0.4873842977593793,0.30218566086183224,55.0,60.0
1019,Z,1617640,"ZILLOW GROUP, INC.",7389,"Services-Business Services, NEC",10-Q,2025-08-06,2025-06-30,2025-08-06 20:37:13+00:00,0001617640-25-000094,https://www.sec.gov/Archives/edgar/data/1617640/000161764025000094/z-20250630.htm,11665,1487,data/interim/text/000161764025000094.txt.gz,161764025000094,2025Q3,2025-08-06 16:37:13-04:00,2025-08-07,2025-08-07,2025-08-07,2025-08-06,85.17500305175781,1237,161,0.008401200171453065,14.86684063238487,0.0034290612944706386,10.02746381891656,0.013116159451350192,5.0204672159466455,0.2947452267089422,0.42884168882997337,55.0,60.0
1020,Z,1617640,"ZILLOW GROUP, INC.",7389,"Services-Business Services, NEC",10-Q,2025-10-30,2025-09-30,2025-10-30 20:36:05+00:00,0001617640-25-000150,https://www.sec.gov/Archives/edgar/data/1617640/000161764025000150/z-20250930.htm,12579,1557,data/interim/text/000161764025000150.txt.gz,161764025000150,2025Q4,2025-10-30 16:36:05-04:00,2025-10-31,2025-10-31,2025-10-31,2025-10-30,71.72000122070312,1297,101,0.00969870418952222,20.082422323931873,0.0032594005882820576,9.760043808474101,0.01423006598298752,5.305882730728077,0.42920297762576015,0.4051935791662436,55.0,60.0
1021,PYPL,1633917,"PayPal Holdings, Inc.",7389,"Services-Business Services, NEC",10-K,2021-02-05,2020-12-31,2021-02-05 00:30:14+00:00,0001633917-21-000018,https://www.sec.gov/Archives/edgar/data/1633917/000163391721000018/pypl-20201231.htm,37250,3198,data/interim/text/000163391721000018.txt.gz,163391721000018,2021Q1,2021-02-04 19:30:14-05:00,2021-02-05,2021-02-05,2021-02-05,2021-02-04,267.44744873046875,107,1291,0.026845637583892617,122.56661633368788,0.007087248322147651,32.56440890349136,0.02080536912751678,19.492516709649877,0.3931174472794893,0.4350592485877915,55.0,60.0
1022,PYPL,1633917,"PayPal Holdings, Inc.",7389,"Services-Business Services, NEC",10-Q,2021-05-06,2021-03-31,2021-05-05 22:59:31+00:00,0001633917-21-000100,https://www.sec.gov/Archives/edgar/data/1633917/000163391721000100/pypl-20210331.htm,11776,1498,data/interim/text/000163391721000100.txt.gz,163391721000100,2021Q2,2021-05-05 18:59:31-04:00,2021-05-06,2021-05-06,2021-05-06,2021-05-05,244.67144775390625,169,1229,0.01596467391304348,28.593389590219033,0.006199048913043478,12.95713551879315,0.017578125,6.295433376802202,0.44322174947685056,0.25488213121672987,55.0,60.0
1023,PYPL,1633917,"PayPal Holdings, Inc.",7389,"Services-Business Services, NEC",10-Q,2021-07-29,2021-06-30,2021-07-29 20:40:05+00:00,0001633917-21-000149,https://www.sec.gov/Archives/edgar/data/1633917/000163391721000149/pypl-20210630.htm,13121,1582,data/interim/text/000163391721000149.txt.gz,163391721000149,2021Q3,2021-07-29 16:40:05-04:00,2021-07-30,2021-07-30,2021-07-30,2021-07-29,280.0469665527344,228,1170,0.016233518786677843,29.519676634129492,0.006859233290145568,14.023156202612817,0.016462159896349363,7.694863276348296,0.2270479625791196,0.3039722965305277,55.0,60.0
1024,PYPL,1633917,"PayPal Holdings, Inc.",7389,"Services-Business Services, NEC",10-Q,2021-11-09,2021-09-30,2021-11-09 00:24:41+00:00,0001633917-21-000169,https://www.sec.gov/Archives/edgar/data/1633917/000163391721000169/pypl-20210930.htm,14351,1708,data/interim/text/000163391721000169.txt.gz,163391721000169,2021Q4,2021-11-08 19:24:41-05:00,2021-11-09,2021-11-09,2021-11-09,2021-11-08,226.8897399902344,299,1099,0.019232109260678698,41.35689376957018,0.006619747752769842,14.49528129675911,0.016932617936032332,8.725338235800407,0.3142290353426303,0.634554941503493,55.0,60.0
1025,PYPL,1633917,"PayPal Holdings, Inc.",7389,"Services-Business Services, NEC",10-K,2022-02-03,2021-12-31,2022-02-03 21:55:53+00:00,0001633917-22-000027,https://www.sec.gov/Archives/edgar/data/1633917/000163391722000027/pypl-20211231.htm,37842,3290,data/interim/text/000163391722000027.txt.gz,163391722000027,2022Q1,2022-02-03 16:55:53-05:00,2022-02-04,2022-02-04,2022-02-04,2022-02-03,122.92910766601562,359,1039,0.027561968183499815,129.83011569118875,0.0076370170709793355,36.26257303859449,0.021272660007399188,21.68773227116206,0.415344525095965,0.6215513446982808,55.0,60.0
1026,PYPL,1633917,"PayPal Holdings, Inc.",7389,"Services-Business Services, NEC",10-Q,2022-04-28,2022-03-31,2022-04-28 20:49:04+00:00,0001633917-22-000088,https://www.sec.gov/Archives/edgar/data/1633917/000163391722000088/pypl-20220331.htm,12647,1609,data/interim/text/000163391722000088.txt.gz,163391722000088,2022Q2,2022-04-28 16:49:04-04:00,2022-04-29,2022-04-29,2022-04-29,2022-04-28,91.07434844970705,417,981,0.01755357001660473,28.67444072861706,0.006325610816794496,10.283380685795208,0.018502411639123903,8.235131494863024,0.7569389938590272,0.6152091288580422,55.0,60.0
1027,PYPL,1633917,"PayPal Holdings, Inc.",7389,"Services-Business Services, NEC",10-Q,2022-08-03,2022-06-30,2022-08-02 23:32:26+00:00,0001633917-22-000137,https://www.sec.gov/Archives/edgar/data/1633917/000163391722000137/pypl-20220630.htm,16073,1837,data/interim/text/000163391722000137.txt.gz,163391722000137,2022Q3,2022-08-02 19:32:26-04:00,2022-08-03,2022-08-03,2022-08-03,2022-08-02,88.6414794921875,482,916,0.021589000186648416,42.83974487274841,0.005537236359111554,10.498181347332922,0.020282461270453557,10.143367734224585,0.5585907386177202,0.43781288096824705,55.0,60.0
1028,PYPL,1633917,"PayPal Holdings, Inc.",7389,"Services-Business Services, NEC",10-Q,2022-11-04,2022-09-30,2022-11-03 23:29:22+00:00,0001633917-22-000167,https://www.sec.gov/Archives/edgar/data/1633917/000163391722000167/pypl-20220930.htm,17043,1897,data/interim/text/000163391722000167.txt.gz,163391722000167,2022Q4,2022-11-03 19:29:22-04:00,2022-11-04,2022-11-04,2022-11-04,2022-11-03,75.70574188232422,548,850,0.021475092413307518,45.35053332769455,0.005984861820102095,10.190309730233212,0.020301590095640438,10.34106634097046,0.43875470798592286,0.4141919496529905,55.0,60.0
1029,PYPL,1633917,"PayPal Holdings, Inc.",7389,"Services-Business Services, NEC",10-K,2023-02-10,2022-12-31,2023-02-10 00:38:19+00:00,0001633917-23-000033,https://www.sec.gov/Archives/edgar/data/1633917/000163391723000033/pypl-20221231.htm,37748,3279,data/interim/text/000163391723000033.txt.gz,163391723000033,2023Q1,2023-02-09 19:38:19-05:00,2023-02-10,2023-02-10,2023-02-10,2023-02-09,77.55510711669922,614,784,0.029008159372681995,134.9934789757799,0.0071262053618734765,30.99841855507428,0.02121966726713998,21.02813441665464,0.3444988333064043,0.4035666049281575,55.0,60.0
1030,PYPL,1633917,"PayPal Holdings, Inc.",7389,"Services-Business Services, NEC",10-Q,2023-05-09,2023-03-31,2023-05-08 23:11:44+00:00,0001633917-23-000072,https://www.sec.gov/Archives/edgar/data/1633917/000163391723000072/pypl-20230331.htm,12975,1564,data/interim/text/000163391723000072.txt.gz,163391723000072,2023Q2,2023-05-08 19:11:44-04:00,2023-05-09,2023-05-09,2023-05-09,2023-05-08,74.68709564208984,674,724,0.020809248554913295,33.186443087229975,0.006551059730250481,9.10153381140946,0.018959537572254336,6.2909369548430165,0.2896664122081872,0.3867814009307571,55.0,60.0
1031,PYPL,1633917,"PayPal Holdings, Inc.",7389,"Services-Business Services, NEC",10-Q,2023-08-03,2023-06-30,2023-08-02 23:24:53+00:00,0001633917-23-000117,https://www.sec.gov/Archives/edgar/data/1633917/000163391723000117/pypl-20230630.htm,17532,1873,data/interim/text/000163391723000117.txt.gz,163391723000117,2023Q3,2023-08-02 19:24:53-04:00,2023-08-03,2023-08-03,2023-08-03,2023-08-02,72.39269256591797,733,665,0.024697695642254165,55.5222912924103,0.006103125712981976,9.977854485417545,0.01922199406798996,8.762292935790637,0.4021355301871833,0.30084276260184367,55.0,60.0
1032,PYPL,1633917,"PayPal Holdings, Inc.",7389,"Services-Business Services, NEC",10-Q,2023-11-02,2023-09-30,2023-11-01 23:36:59+00:00,0001633917-23-000156,https://www.sec.gov/Archives/edgar/data/1633917/000163391723000156/pypl-20230930.htm,19234,2039,data/interim/text/000163391723000156.txt.gz,163391723000156,2023Q4,2023-11-01 19:36:59-04:00,2023-11-02,2023-11-02,2023-11-02,2023-11-01,51.09024429321289,797,601,0.029687012581886243,81.81601966630659,0.00634293438702298,10.546637302113039,0.019912654674014766,9.019157446867764,0.3054839910824921,0.3669854559503452,55.0,60.0
1033,PYPL,1633917,"PayPal Holdings, Inc.",7389,"Services-Business Services, NEC",10-K,2024-02-08,2023-12-31,2024-02-08 00:35:06+00:00,0001633917-24-000024,https://www.sec.gov/Archives/edgar/data/1633917/000163391724000024/pypl-20231231.htm,37654,3304,data/interim/text/000163391724000024.txt.gz,163391724000024,2024Q1,2024-02-07 19:35:06-05:00,2024-02-08,2024-02-08,2024-02-08,2024-02-07,62.54253768920898,863,535,0.030488128751261487,143.42267209003646,0.0070377649120943325,31.123550356856075,0.020874276305306208,17.259146518425965,0.3794346323438108,0.251349901636607,55.0,60.0
1034,PYPL,1633917,"PayPal Holdings, Inc.",7389,"Services-Business Services, NEC",10-Q,2024-04-30,2024-03-31,2024-04-30 20:49:48+00:00,0001633917-24-000048,https://www.sec.gov/Archives/edgar/data/1633917/000163391724000048/pypl-20240331.htm,13271,1662,data/interim/text/000163391724000048.txt.gz,163391724000048,2024Q2,2024-04-30 16:49:48-04:00,2024-05-01,2024-05-01,2024-05-01,2024-04-30,67.17091369628906,920,478,0.022530329289428077,48.221596480710154,0.006404943109034738,10.021822249264641,0.018235249792781252,7.307250311905736,0.36822122957323755,0.3220276231344899,55.0,60.0
1035,PYPL,1633917,"PayPal Holdings, Inc.",7389,"Services-Business Services, NEC",10-Q,2024-07-30,2024-06-30,2024-07-30 20:52:08+00:00,0001633917-24-000098,https://www.sec.gov/Archives/edgar/data/1633917/000163391724000098/pypl-20240630.htm,14482,1742,data/interim/text/000163391724000098.txt.gz,163391724000098,2024Q3,2024-07-30 16:52:08-04:00,2024-07-31,2024-07-31,2024-07-31,2024-07-30,63.29415130615234,982,416,0.022855959121668278,52.415347879975016,0.00718132854578097,10.926142991504278,0.018574782488606546,8.478476997442113,0.26280686387444396,0.30051703584023054,55.0,60.0
1036,PYPL,1633917,"PayPal Holdings, Inc.",7389,"Services-Business Services, NEC",10-Q,2024-10-29,2024-09-30,2024-10-29 20:55:06+00:00,0001633917-24-000110,https://www.sec.gov/Archives/edgar/data/1633917/000163391724000110/pypl-20240930.htm,14970,1750,data/interim/text/000163391724000110.txt.gz,163391724000110,2024Q4,2024-10-29 16:55:06-04:00,2024-10-30,2024-10-30,2024-10-30,2024-10-29,79.39460754394531,1046,352,0.022511690046760187,52.76910523743749,0.007949231796927188,10.805135329252721,0.017635270541082163,7.720006321506986,0.29598603719667704,0.30809541448986194,55.0,60.0
1037,PYPL,1633917,"PayPal Holdings, Inc.",7389,"Services-Business Services, NEC",10-K,2025-02-04,2024-12-31,2025-02-04 22:25:36+00:00,0001633917-25-000019,https://www.sec.gov/Archives/edgar/data/1633917/000163391725000019/pypl-20241231.htm,35697,3162,data/interim/text/000163391725000019.txt.gz,163391725000019,2025Q1,2025-02-04 17:25:36-05:00,2025-02-05,2025-02-05,2025-02-05,2025-02-04,76.8677749633789,1111,287,0.030394711040143428,135.18279534291622,0.006499145586463848,25.866796830193977,0.021458385858755636,16.76935470059682,0.3187355105708778,0.4459248375206661,55.0,60.0
1038,PYPL,1633917,"PayPal Holdings, Inc.",7389,"Services-Business Services, NEC",10-Q,2025-04-29,2025-03-31,2025-04-29 20:54:06+00:00,0001633917-25-000064,https://www.sec.gov/Archives/edgar/data/1633917/000163391725000064/pypl-20250331.htm,13786,1742,data/interim/text/000163391725000064.txt.gz,163391725000064,2025Q2,2025-04-29 16:54:06-04:00,2025-04-30,2025-04-30,2025-04-30,2025-04-29,65.58856201171875,1169,229,0.026983896706804004,51.90351224795596,0.005875525895836356,10.591128195628968,0.02132598288118381,6.815954530753488,0.5263162773968874,0.3298335661541301,55.0,60.0
1039,PYPL,1633917,"PayPal Holdings, Inc.",7389,"Services-Business Services, NEC",10-Q,2025-07-29,2025-06-30,2025-07-29 21:06:28+00:00,0001633917-25-000161,https://www.sec.gov/Archives/edgar/data/1633917/000163391725000161/pypl-20250630.htm,15098,1803,data/interim/text/000163391725000161.txt.gz,163391725000161,2025Q3,2025-07-29 17:06:28-04:00,2025-07-30,2025-07-30,2025-07-30,2025-07-29,70.66197967529297,1231,167,0.027685786196847265,55.47310388947023,0.005961054444297258,10.311745268478726,0.02006888329580077,7.190347870597059,0.2864522574395233,0.34008858264131636,55.0,60.0
1040,PYPL,1633917,"PayPal Holdings, Inc.",7389,"Services-Business Services, NEC",10-Q,2025-10-28,2025-09-30,2025-10-28 21:10:10+00:00,0001633917-25-000196,https://www.sec.gov/Archives/edgar/data/1633917/000163391725000196/pypl-20250930.htm,17856,2017,data/interim/text/000163391725000196.txt.gz,163391725000196,2025Q4,2025-10-28 17:10:10-04:00,2025-10-29,2025-10-29,2025-10-29,2025-10-28,72.21466827392578,1295,103,0.03337813620071685,79.73421958548023,0.005992383512544803,10.88997009450041,0.021841397849462367,8.433101803878476,0.3361806936414092,0.2614796486799988,55.0,60.0
1041,SNOW,1640147,Snowflake Inc.,7372,Services-Prepackaged Software,10-K,2021-03-31,2021-01-31,2021-03-31 20:12:48+00:00,0001640147-21-000073,https://www.sec.gov/Archives/edgar/data/1640147/000164014721000073/snow-20210131.htm,42147,3365,data/interim/text/000164014721000073.txt.gz,164014721000073,2021Q1,2021-03-31 16:12:48-04:00,2021-04-01,2021-04-01,2021-04-01,2021-03-31,229.27999877929688,135,1253,0.020736944503760648,108.43015354148928,0.00806700358269865,34.57381474054246,0.019099817306095335,21.550160748588315,0.6326162248408452,0.45731230947446655,55.0,60.0
1042,SNOW,1640147,Snowflake Inc.,7372,Services-Prepackaged Software,10-Q,2021-06-04,2021-04-30,2021-06-04 20:32:41+00:00,0001640147-21-000122,https://www.sec.gov/Archives/edgar/data/1640147/000164014721000122/snow-20210430.htm,28699,2668,data/interim/text/000164014721000122.txt.gz,164014721000122,2021Q2,2021-06-04 16:32:41-04:00,2021-06-05,2021-06-05,2021-06-07,2021-06-04,242.5599975585937,180,1208,0.028258824349280464,97.86966850703601,0.006690128575908568,18.68849883837311,0.025122826579323323,16.4289779053362,0.5626790475057462,0.3919889691058948,55.0,60.0
1043,SNOW,1640147,Snowflake Inc.,7372,Services-Prepackaged Software,10-Q,2021-09-02,2021-07-31,2021-09-02 20:58:03+00:00,0001640147-21-000212,https://www.sec.gov/Archives/edgar/data/1640147/000164014721000212/snow-20210731.htm,29178,2680,data/interim/text/000164014721000212.txt.gz,164014721000212,2021Q3,2021-09-02 16:58:03-04:00,2021-09-03,2021-09-03,2021-09-03,2021-09-02,306.8900146484375,243,1145,0.028343272328466652,98.9586441010162,0.006511755432174926,18.15765812189811,0.025155939406402084,17.488011676633477,0.400241519371453,0.5503590357957673,55.0,60.0
1044,SNOW,1640147,Snowflake Inc.,7372,Services-Prepackaged Software,10-Q,2021-12-03,2021-10-31,2021-12-03 21:51:17+00:00,0001640147-21-000271,https://www.sec.gov/Archives/edgar/data/1640147/000164014721000271/snow-20211031.htm,29977,2708,data/interim/text/000164014721000271.txt.gz,164014721000271,2021Q4,2021-12-03 16:51:17-05:00,2021-12-04,2021-12-04,2021-12-06,2021-12-03,345.1099853515625,307,1081,0.028254995496547353,100.23654889416684,0.0068052173332888545,19.435656484315764,0.02488574573839944,16.644512450199606,0.3860462305296211,0.6978179859948237,55.0,60.0
1045,SNOW,1640147,Snowflake Inc.,7372,Services-Prepackaged Software,10-K,2022-03-30,2022-01-31,2022-03-30 20:18:31+00:00,0001640147-22-000023,https://www.sec.gov/Archives/edgar/data/1640147/000164014722000023/snow-20220131.htm,38275,3293,data/interim/text/000164014722000023.txt.gz,164014722000023,2022Q1,2022-03-30 16:18:31-04:00,2022-03-31,2022-03-31,2022-03-31,2022-03-30,231.6300048828125,387,1001,0.02273024167210973,113.06143683079954,0.008830829523187459,34.75009859051435,0.020640104506858263,18.57404274200926,0.8562877858929477,0.864486521938908,55.0,60.0
1046,SNOW,1640147,Snowflake Inc.,7372,Services-Prepackaged Software,10-Q,2022-06-03,2022-04-30,2022-06-03 20:10:48+00:00,0001640147-22-000044,https://www.sec.gov/Archives/edgar/data/1640147/000164014722000044/snow-20220430.htm,29434,2694,data/interim/text/000164014722000044.txt.gz,164014722000044,2022Q2,2022-06-03 16:10:48-04:00,2022-06-04,2022-06-04,2022-06-06,2022-06-03,129.82000732421875,432,956,0.028470476319902155,103.50520504470101,0.006862811714343956,18.93869885126415,0.02561663382482843,15.53375122069718,0.9081118810071194,0.858593228580238,55.0,60.0
1047,SNOW,1640147,Snowflake Inc.,7372,Services-Prepackaged Software,10-Q,2022-09-01,2022-07-31,2022-09-01 20:08:55+00:00,0001640147-22-000084,https://www.sec.gov/Archives/edgar/data/1640147/000164014722000084/snow-20220731.htm,30767,2723,data/interim/text/000164014722000084.txt.gz,164014722000084,2022Q3,2022-09-01 16:08:55-04:00,2022-09-02,2022-09-02,2022-09-02,2022-09-01,173.14999389648438,494,894,0.027692007670556115,103.37017863656538,0.006662983066272304,18.785716326757917,0.02486430266194299,15.612894100363055,0.8791822008612465,0.7577059792735449,55.0,60.0
1048,SNOW,1640147,Snowflake Inc.,7372,Services-Prepackaged Software,10-Q,2022-12-02,2022-10-31,2022-12-02 21:14:33+00:00,0001640147-22-000100,https://www.sec.gov/Archives/edgar/data/1640147/000164014722000100/snow-20221031.htm,31236,2725,data/interim/text/000164014722000100.txt.gz,164014722000100,2022Q4,2022-12-02 16:14:33-05:00,2022-12-03,2022-12-03,2022-12-05,2022-12-02,149.74000549316406,558,830,0.02782046356767832,102.72269484562084,0.006594954539633756,18.964034433853445,0.0248111153796901,15.996338483162852,0.7592753627520419,0.6511310017700925,55.0,60.0
1049,SNOW,1640147,Snowflake Inc.,7372,Services-Prepackaged Software,10-K,2023-03-29,2023-01-31,2023-03-29 20:15:47+00:00,0001640147-23-000030,https://www.sec.gov/Archives/edgar/data/1640147/000164014723000030/snow-20230131.htm,41345,3372,data/interim/text/000164014723000030.txt.gz,164014723000030,2023Q1,2023-03-29 16:15:47-04:00,2023-03-30,2023-03-30,2023-03-30,2023-03-29,137.4600067138672,637,751,0.022421090821139196,110.5008413488831,0.008586286128915226,36.036236649606664,0.02058289998790664,19.133058620660005,0.6805282335869705,0.6357498267957151,55.0,60.0
1050,SNOW,1640147,Snowflake Inc.,7372,Services-Prepackaged Software,10-Q,2023-06-02,2023-04-30,2023-06-02 20:16:48+00:00,0001640147-23-000102,https://www.sec.gov/Archives/edgar/data/1640147/000164014723000102/snow-20230430.htm,30798,2705,data/interim/text/000164014723000102.txt.gz,164014723000102,2023Q2,2023-06-02 16:16:48-04:00,2023-06-03,2023-06-03,2023-06-05,2023-06-02,175.2100067138672,682,706,0.028151178647964153,98.92917684514957,0.0065588674589259046,19.90578923887941,0.02535878953178778,15.163763812215771,0.6339135904824172,0.46302621089706086,55.0,60.0
1051,SNOW,1640147,Snowflake Inc.,7372,Services-Prepackaged Software,10-Q,2023-08-31,2023-07-31,2023-08-31 20:13:47+00:00,0001640147-23-000199,https://www.sec.gov/Archives/edgar/data/1640147/000164014723000199/snow-20230731.htm,31688,2718,data/interim/text/000164014723000199.txt.gz,164014723000199,2023Q3,2023-08-31 16:13:47-04:00,2023-09-01,2023-09-01,2023-09-01,2023-08-31,156.85000610351562,744,644,0.028338803332491794,103.06188560466958,0.006500883615248675,20.228971511579477,0.025498611461752082,16.655702231191977,0.49584696052898053,0.4511814470708561,55.0,60.0
1052,SNOW,1640147,Snowflake Inc.,7372,Services-Prepackaged Software,10-Q,2023-12-01,2023-10-31,2023-12-01 21:12:48+00:00,0001640147-23-000260,https://www.sec.gov/Archives/edgar/data/1640147/000164014723000260/snow-20231031.htm,32771,2760,data/interim/text/000164014723000260.txt.gz,164014723000260,2023Q4,2023-12-01 16:12:48-05:00,2023-12-02,2023-12-02,2023-12-04,2023-12-01,185.97000122070312,808,580,0.02892801562356962,111.10394424830669,0.006652223002044491,20.706251181534153,0.02581550761343871,16.569702147071418,0.44487505919188974,0.5658354090189814,55.0,60.0
1053,SNOW,1640147,Snowflake Inc.,7372,Services-Prepackaged Software,10-K,2024-03-26,2024-01-31,2024-03-26 20:16:31+00:00,0001640147-24-000101,https://www.sec.gov/Archives/edgar/data/1640147/000164014724000101/snow-20240131.htm,44955,3580,data/interim/text/000164014724000101.txt.gz,164014724000101,2024Q1,2024-03-26 16:16:31-04:00,2024-03-27,2024-03-27,2024-03-27,2024-03-26,158.02000427246094,886,502,0.024179735290846403,130.5359437613811,0.008386163941719498,36.728167838379356,0.021488154821488154,22.357643814638276,0.587296207229566,0.34917489807615937,55.0,60.0
1054,SNOW,1640147,Snowflake Inc.,7372,Services-Prepackaged Software,10-Q,2024-05-31,2024-04-30,2024-05-31 20:13:03+00:00,0001640147-24-000135,https://www.sec.gov/Archives/edgar/data/1640147/000164014724000135/snow-20240430.htm,33730,2865,data/interim/text/000164014724000135.txt.gz,164014724000135,2024Q2,2024-05-31 16:13:03-04:00,2024-06-01,2024-06-01,2024-06-03,2024-05-31,136.17999267578125,932,456,0.030595908686629113,119.31720599336482,0.006729914023124815,20.289803062329355,0.02632671212570412,17.778961212679697,0.30731409423422723,0.49527687889891875,55.0,60.0
1055,SNOW,1640147,Snowflake Inc.,7372,Services-Prepackaged Software,10-Q,2024-08-29,2024-07-31,2024-08-29 20:18:21+00:00,0001640147-24-000207,https://www.sec.gov/Archives/edgar/data/1640147/000164014724000207/snow-20240731.htm,35157,2932,data/interim/text/000164014724000207.txt.gz,164014724000207,2024Q3,2024-08-29 16:18:21-04:00,2024-08-30,2024-08-30,2024-08-30,2024-08-29,114.13999938964844,994,394,0.030918451517478737,126.77303240221448,0.006741189521290212,20.407889071554994,0.025428790852461813,20.470295871993912,0.5040551607557032,0.737949410226223,55.0,60.0
1056,SNOW,1640147,Snowflake Inc.,7372,Services-Prepackaged Software,10-Q,2024-11-27,2024-10-31,2024-11-27 21:22:59+00:00,0001640147-24-000250,https://www.sec.gov/Archives/edgar/data/1640147/000164014724000250/snow-20241031.htm,38989,3085,data/interim/text/000164014724000250.txt.gz,164014724000250,2024Q4,2024-11-27 16:22:59-05:00,2024-11-28,2024-11-28,2024-11-29,2024-11-27,173.6999969482422,1057,331,0.02900818179486522,131.4727455494148,0.006437713201159301,21.29247312311204,0.02451973633588961,20.99333605749388,0.32771834274989947,0.3784777731951638,55.0,60.0
1057,SNOW,1640147,Snowflake Inc.,7372,Services-Prepackaged Software,10-K,2025-03-21,2025-01-31,2025-03-21 20:19:20+00:00,0001640147-25-000052,https://www.sec.gov/Archives/edgar/data/1640147/000164014725000052/snow-20250131.htm,49716,3780,data/interim/text/000164014725000052.txt.gz,164014725000052,2025Q1,2025-03-21 16:19:20-04:00,2025-03-22,2025-03-22,2025-03-24,2025-03-21,158.38999938964844,1133,255,0.025263496661034678,155.79215014165837,0.008206613565049481,40.06333530610892,0.020737790650897096,24.941721958136114,0.4762082284176187,0.5571353119580849,55.0,60.0
1058,SNOW,1640147,Snowflake Inc.,7372,Services-Prepackaged Software,10-Q,2025-05-30,2025-04-30,2025-05-30 20:17:09+00:00,0001640147-25-000110,https://www.sec.gov/Archives/edgar/data/1640147/000164014725000110/snow-20250430.htm,39197,3166,data/interim/text/000164014725000110.txt.gz,164014725000110,2025Q2,2025-05-30 16:17:09-04:00,2025-05-31,2025-05-31,2025-06-02,2025-05-30,205.6699981689453,1181,207,0.03163507411281476,144.06385927662768,0.006760721483787024,22.87143307123574,0.025180498507538843,22.912498891992097,0.6611379033351422,0.5311916706897625,55.0,60.0
1059,SNOW,1640147,Snowflake Inc.,7372,Services-Prepackaged Software,10-Q,2025-09-05,2025-07-31,2025-09-05 20:16:10+00:00,0001640147-25-000187,https://www.sec.gov/Archives/edgar/data/1640147/000164014725000187/snow-20250731.htm,40121,3205,data/interim/text/000164014725000187.txt.gz,164014725000187,2025Q3,2025-09-05 16:16:10-04:00,2025-09-06,2025-09-06,2025-09-08,2025-09-05,225.5800018310547,1248,140,0.031155753844620025,145.279930351099,0.006580095211983749,23.496278529373484,0.02460058323571197,22.84731398110778,0.5511708719724291,0.4497912354691484,55.0,60.0
1060,SNOW,1640147,Snowflake Inc.,7372,Services-Prepackaged Software,10-Q,2025-12-05,2025-10-31,2025-12-05 21:12:07+00:00,0001640147-25-000211,https://www.sec.gov/Archives/edgar/data/1640147/000164014725000211/snow-20251031.htm,41232,3215,data/interim/text/000164014725000211.txt.gz,164014725000211,2025Q4,2025-12-05 16:12:07-05:00,2025-12-06,2025-12-06,2025-12-08,2025-12-05,228.7899932861328,1312,76,0.031092355452076056,148.02203095150125,0.006645324020178502,23.979660420545667,0.024325766395032984,22.891456204053966,0.38690415291842334,0.5347150473652575,55.0,60.0
1061,TOST,1650164,"Toast, Inc.",7374,Services-Computer Processing & Data Preparation,10-K,2022-03-01,2021-12-31,2022-03-01 21:07:09+00:00,0001650164-22-000009,https://www.sec.gov/Archives/edgar/data/1650164/000165016422000009/tost-20211231.htm,55217,4028,data/interim/text/000165016422000009.txt.gz,165016422000009,2022Q1,2022-03-01 16:07:09-05:00,2022-03-02,2022-03-02,2022-03-02,2022-03-01,19.59000015258789,110,1022,0.02702066392596483,162.64868037053103,0.007841787855189524,51.288022611921306,0.023905681221362985,26.030660694960083,0.954505605523446,0.9167609436156761,55.0,60.0
1062,TOST,1650164,"Toast, Inc.",7374,Services-Computer Processing & Data Preparation,10-Q,2022-05-13,2022-03-31,2022-05-13 20:03:29+00:00,0001650164-22-000031,https://www.sec.gov/Archives/edgar/data/1650164/000165016422000031/tost-20220331.htm,42177,3275,data/interim/text/000165016422000031.txt.gz,165016422000031,2022Q2,2022-05-13 16:03:29-04:00,2022-05-14,2022-05-14,2022-05-16,2022-05-13,14.989999771118164,162,970,0.03290893140811343,150.74329905935616,0.007681911942527918,32.417913867085744,0.028475235317827252,19.169776182681804,0.8949204840376415,0.6758061146243901,55.0,60.0
1063,TOST,1650164,"Toast, Inc.",7374,Services-Computer Processing & Data Preparation,10-Q,2022-08-12,2022-06-30,2022-08-12 20:02:25+00:00,0001650164-22-000092,https://www.sec.gov/Archives/edgar/data/1650164/000165016422000092/tost-20220630.htm,42256,3270,data/interim/text/000165016422000092.txt.gz,165016422000092,2022Q3,2022-08-12 16:02:25-04:00,2022-08-13,2022-08-13,2022-08-15,2022-08-12,19.63999938964844,224,908,0.03327338129496403,150.59912986679342,0.007643884892086331,32.25099433050634,0.02844566452101477,18.666526852309804,0.6705486410961176,0.7148010640052249,55.0,60.0
1064,TOST,1650164,"Toast, Inc.",7374,Services-Computer Processing & Data Preparation,10-Q,2022-11-14,2022-09-30,2022-11-10 23:04:37+00:00,0001650164-22-000142,https://www.sec.gov/Archives/edgar/data/1650164/000165016422000142/tost-20220930.htm,42609,3278,data/interim/text/000165016422000142.txt.gz,165016422000142,2022Q4,2022-11-10 18:04:37-05:00,2022-11-11,2022-11-14,2022-11-14,2022-11-11,20.479999542236328,288,844,0.03302119270576639,151.6224163120111,0.007674434978525663,33.643969705396906,0.028139594921260766,18.385189383460297,0.6700440374888534,0.597485777188034,55.0,60.0
1065,TOST,1650164,"Toast, Inc.",7374,Services-Computer Processing & Data Preparation,10-K,2023-03-01,2022-12-31,2023-03-01 21:02:17+00:00,0001650164-23-000069,https://www.sec.gov/Archives/edgar/data/1650164/000165016423000069/tost-20221231.htm,54735,3962,data/interim/text/000165016423000069.txt.gz,165016423000069,2023Q1,2023-03-01 16:02:17-05:00,2023-03-02,2023-03-02,2023-03-02,2023-03-01,18.40999984741211,361,771,0.028190371791358363,165.48504433336174,0.008020462227094181,49.53064384838065,0.02437197405681922,21.055800997672023,0.7764846859367883,0.5177351603736092,55.0,60.0
1066,TOST,1650164,"Toast, Inc.",7374,Services-Computer Processing & Data Preparation,10-Q,2023-05-10,2023-03-31,2023-05-09 22:03:01+00:00,0001650164-23-000168,https://www.sec.gov/Archives/edgar/data/1650164/000165016423000168/tost-20230331.htm,41444,3231,data/interim/text/000165016423000168.txt.gz,165016423000168,2023Q2,2023-05-09 18:03:01-04:00,2023-05-10,2023-05-10,2023-05-10,2023-05-09,19.459999084472656,409,723,0.03339445999420905,148.2263818559748,0.00779364926165428,32.71202040868964,0.02871344464819998,16.007651578230497,0.6656795605300944,0.6458935136087748,55.0,60.0
1067,TOST,1650164,"Toast, Inc.",7374,Services-Computer Processing & Data Preparation,10-Q,2023-08-09,2023-06-30,2023-08-08 21:59:42+00:00,0001650164-23-000305,https://www.sec.gov/Archives/edgar/data/1650164/000165016423000305/tost-20230630.htm,41481,3237,data/interim/text/000165016423000305.txt.gz,165016423000305,2023Q3,2023-08-08 17:59:42-04:00,2023-08-09,2023-08-09,2023-08-09,2023-08-08,20.21999931335449,471,661,0.034015573395048335,150.89076884660705,0.007810804946843133,32.49470211677156,0.029073551746582774,18.049162806387685,0.5909405091668806,0.4104885170947828,55.0,60.0
1068,TOST,1650164,"Toast, Inc.",7374,Services-Computer Processing & Data Preparation,10-Q,2023-11-08,2023-09-30,2023-11-07 22:50:11+00:00,0001650164-23-000369,https://www.sec.gov/Archives/edgar/data/1650164/000165016423000369/tost-20230930.htm,41142,3208,data/interim/text/000165016423000369.txt.gz,165016423000369,2023Q4,2023-11-07 17:50:11-05:00,2023-11-08,2023-11-08,2023-11-08,2023-11-07,17.25,535,597,0.03407709882844782,149.70521126693512,0.008021000437509114,33.49362385017336,0.029094356132419424,17.847095528912995,0.40102872591611916,0.47152203191563496,55.0,60.0
1069,TOST,1650164,"Toast, Inc.",7374,Services-Computer Processing & Data Preparation,10-K,2024-02-27,2023-12-31,2024-02-27 21:04:51+00:00,0001650164-24-000084,https://www.sec.gov/Archives/edgar/data/1650164/000165016424000084/tost-20231231.htm,52674,3998,data/interim/text/000165016424000084.txt.gz,165016424000084,2024Q1,2024-02-27 16:04:51-05:00,2024-02-28,2024-02-28,2024-02-28,2024-02-27,22.1200008392334,610,522,0.028875726164711242,165.92807922768498,0.008030527394919695,49.37208266200763,0.025040817101416257,25.280364053235722,0.5979803378907492,0.484445247699029,55.0,60.0
1070,TOST,1650164,"Toast, Inc.",7374,Services-Computer Processing & Data Preparation,10-Q,2024-05-08,2024-03-31,2024-05-07 21:49:53+00:00,0001650164-24-000177,https://www.sec.gov/Archives/edgar/data/1650164/000165016424000177/tost-20240331.htm,6701,1108,data/interim/text/000165016424000177.txt.gz,165016424000177,2024Q2,2024-05-07 17:49:53-04:00,2024-05-08,2024-05-08,2024-05-08,2024-05-07,23.729999542236328,659,473,0.01566930308909118,14.98165474560748,0.0037307864497836143,5.993266584414044,0.017161617669004627,2.1059276531885716,0.5591197383334232,0.4529505521710817,55.0,60.0
1071,TOST,1650164,"Toast, Inc.",7374,Services-Computer Processing & Data Preparation,10-Q,2024-08-07,2024-06-30,2024-08-06 21:48:21+00:00,0001650164-24-000283,https://www.sec.gov/Archives/edgar/data/1650164/000165016424000283/tost-20240630.htm,6984,1116,data/interim/text/000165016424000283.txt.gz,165016424000283,2024Q3,2024-08-06 17:48:21-04:00,2024-08-07,2024-08-07,2024-08-07,2024-08-06,24.190000534057617,721,411,0.016179839633447882,15.62011334980387,0.003436426116838488,6.119779582037128,0.01575028636884307,2.076447100550708,0.4362564456786742,0.3396909036103152,55.0,60.0
1072,TOST,1650164,"Toast, Inc.",7374,Services-Computer Processing & Data Preparation,10-Q,2024-11-08,2024-09-30,2024-11-07 22:57:39+00:00,0001650164-24-000383,https://www.sec.gov/Archives/edgar/data/1650164/000165016424000383/tost-20240930.htm,7124,1138,data/interim/text/000165016424000383.txt.gz,165016424000383,2024Q4,2024-11-07 17:57:39-05:00,2024-11-08,2024-11-08,2024-11-08,2024-11-07,32.66999816894531,787,345,0.015440763615946098,14.88559078854541,0.004632229084783829,7.019684854411179,0.015861875350926445,2.086457477269084,0.33915155562568344,0.4280764457051098,55.0,60.0
1073,TOST,1650164,"Toast, Inc.",7374,Services-Computer Processing & Data Preparation,10-K,2025-02-26,2024-12-31,2025-02-26 21:52:42+00:00,0001650164-25-000072,https://www.sec.gov/Archives/edgar/data/1650164/000165016425000072/tost-20241231.htm,50266,3847,data/interim/text/000165016425000072.txt.gz,165016425000072,2025Q1,2025-02-26 16:52:42-05:00,2025-02-27,2025-02-27,2025-02-27,2025-02-26,37.63999938964844,860,272,0.02898579556758047,168.64026735969006,0.010185811482910914,42.82600916664247,0.025703258663908008,24.66548522703461,0.4383397468804547,0.6001282094592317,55.0,60.0
1074,TOST,1650164,"Toast, Inc.",7374,Services-Computer Processing & Data Preparation,10-Q,2025-05-09,2025-03-31,2025-05-08 22:10:07+00:00,0001650164-25-000177,https://www.sec.gov/Archives/edgar/data/1650164/000165016425000177/tost-20250331.htm,7547,1227,data/interim/text/000165016425000177.txt.gz,165016425000177,2025Q2,2025-05-08 18:10:07-04:00,2025-05-09,2025-05-09,2025-05-09,2025-05-08,36.650001525878906,910,222,0.01881542334702531,21.041693927682452,0.0034450775142440705,6.177763731716816,0.017225387571220354,2.1962908657023954,0.6105524222347187,0.370853165604316,55.0,60.0
1075,TOST,1650164,"Toast, Inc.",7374,Services-Computer Processing & Data Preparation,10-Q,2025-08-06,2025-06-30,2025-08-05 22:04:37+00:00,0001650164-25-000290,https://www.sec.gov/Archives/edgar/data/1650164/000165016425000290/tost-20250630.htm,7056,1133,data/interim/text/000165016425000290.txt.gz,165016425000290,2025Q3,2025-08-05 18:04:37-04:00,2025-08-06,2025-08-06,2025-08-06,2025-08-05,47.709999084472656,970,162,0.015022675736961451,15.985234883868973,0.0036848072562358277,6.15061710477866,0.017148526077097506,2.1907341508367315,0.4135241084115025,0.3553720812964479,55.0,60.0
1076,TOST,1650164,"Toast, Inc.",7374,Services-Computer Processing & Data Preparation,10-Q,2025-11-05,2025-09-30,2025-11-04 23:14:42+00:00,0001650164-25-000341,https://www.sec.gov/Archives/edgar/data/1650164/000165016425000341/tost-20250930.htm,7133,1131,data/interim/text/000165016425000341.txt.gz,165016425000341,2025Q4,2025-11-04 18:14:42-05:00,2025-11-05,2025-11-05,2025-11-05,2025-11-04,35.63999938964844,1034,98,0.0152810879013038,15.598032615901422,0.004626384410486471,6.911721588389758,0.016542829104163746,2.171673349526429,0.3315989419982959,0.4217790832223294,55.0,60.0
1077,GOOG,1652044,Alphabet Inc.,7370,"Services-Computer Programming, Data Processing, Etc.",10-K,2021-02-03,2020-12-31,2021-02-03 01:12:25+00:00,0001652044-21-000010,https://www.sec.gov/Archives/edgar/data/1652044/000165204421000010/goog-20201231.htm,32524,3284,data/interim/text/000165204421000010.txt.gz,165204421000010,2021Q1,2021-02-02 20:12:25-05:00,2021-02-03,2021-02-03,2021-02-03,2021-02-02,95.47122955322266,105,1293,0.024658713565367113,115.72267811971227,0.007133193949083754,39.29962375951971,0.021430328372893864,24.91509686290745,0.21649227022497736,0.24349198421892038,55.0,60.0
1078,GOOG,1652044,Alphabet Inc.,7370,"Services-Computer Programming, Data Processing, Etc.",10-Q,2021-04-28,2021-03-31,2021-04-27 23:17:57+00:00,0001652044-21-000020,https://www.sec.gov/Archives/edgar/data/1652044/000165204421000020/goog-20210331.htm,9285,1255,data/interim/text/000165204421000020.txt.gz,165204421000020,2021Q2,2021-04-27 19:17:57-04:00,2021-04-28,2021-04-28,2021-04-28,2021-04-27,114.27365112304688,163,1235,0.007969843834141089,8.453709470074187,0.004738826063543349,8.73068740378491,0.012924071082390954,4.708492636065659,0.2892850870979722,0.18810140172557377,55.0,60.0
1079,GOOG,1652044,Alphabet Inc.,7370,"Services-Computer Programming, Data Processing, Etc.",10-Q,2021-07-28,2021-06-30,2021-07-28 00:16:30+00:00,0001652044-21-000047,https://www.sec.gov/Archives/edgar/data/1652044/000165204421000047/goog-20210630.htm,10801,1312,data/interim/text/000165204421000047.txt.gz,165204421000047,2021Q3,2021-07-27 20:16:30-04:00,2021-07-28,2021-07-28,2021-07-28,2021-07-27,135.51296997070312,226,1172,0.0082399777798352,9.64071394666594,0.004629200999907416,9.04027195449942,0.012498842699750023,4.648643894789264,0.17534370892276047,0.1907407649406162,55.0,60.0
1080,GOOG,1652044,Alphabet Inc.,7370,"Services-Computer Programming, Data Processing, Etc.",10-Q,2021-10-27,2021-09-30,2021-10-26 23:47:06+00:00,0001652044-21-000057,https://www.sec.gov/Archives/edgar/data/1652044/000165204421000057/goog-20210930.htm,10806,1317,data/interim/text/000165204421000057.txt.gz,165204421000057,2021Q4,2021-10-26 19:47:06-04:00,2021-10-27,2021-10-27,2021-10-27,2021-10-26,138.3614959716797,290,1108,0.007680918008513789,9.482510311040109,0.004441976679622432,8.190930824027463,0.012678141773089024,4.660425077614152,0.18679094584149836,0.22874105318224872,55.0,60.0
1081,GOOG,1652044,Alphabet Inc.,7370,"Services-Computer Programming, Data Processing, Etc.",10-K,2022-02-02,2021-12-31,2022-02-02 02:08:02+00:00,0001652044-22-000019,https://www.sec.gov/Archives/edgar/data/1652044/000165204422000019/goog-20211231.htm,30847,3240,data/interim/text/000165204422000019.txt.gz,165204422000019,2022Q1,2022-02-01 21:08:02-05:00,2022-02-02,2022-02-02,2022-02-02,2022-02-01,136.58480834960938,357,1041,0.026031704865951306,111.14206598855131,0.0071643919992219664,38.72965931811068,0.020844814730767984,23.09849147085335,0.2284284959495362,0.358654409743353,55.0,60.0
1082,GOOG,1652044,Alphabet Inc.,7370,"Services-Computer Programming, Data Processing, Etc.",10-Q,2022-04-27,2022-03-31,2022-04-27 00:51:20+00:00,0001652044-22-000029,https://www.sec.gov/Archives/edgar/data/1652044/000165204422000029/goog-20220331.htm,8534,1238,data/interim/text/000165204422000029.txt.gz,165204422000029,2022Q2,2022-04-26 20:51:20-04:00,2022-04-27,2022-04-27,2022-04-27,2022-04-26,118.38471221923828,415,983,0.006327630653855168,5.745837274621403,0.004101242090461683,3.680304859086481,0.010546051089758613,4.803492559669895,0.35979144449082273,0.4371086302853998,55.0,60.0
1083,GOOG,1652044,Alphabet Inc.,7370,"Services-Computer Programming, Data Processing, Etc.",10-Q,2022-07-27,2022-06-30,2022-07-26 23:29:36+00:00,0001652044-22-000071,https://www.sec.gov/Archives/edgar/data/1652044/000165204422000071/goog-20220630.htm,9377,1255,data/interim/text/000165204422000071.txt.gz,165204422000071,2022Q3,2022-07-26 19:29:36-04:00,2022-07-27,2022-07-27,2022-07-27,2022-07-26,104.45069885253906,477,921,0.006931854537698625,5.63996139077968,0.00405246880665458,3.6709847203447197,0.009384664604884291,4.674371058255849,0.41197396274522224,0.3041887707001864,55.0,60.0
1084,GOOG,1652044,Alphabet Inc.,7370,"Services-Computer Programming, Data Processing, Etc.",10-Q,2022-10-26,2022-09-30,2022-10-26 01:32:59+00:00,0001652044-22-000090,https://www.sec.gov/Archives/edgar/data/1652044/000165204422000090/goog-20220930.htm,10554,1458,data/interim/text/000165204422000090.txt.gz,165204422000090,2022Q4,2022-10-25 21:32:59-04:00,2022-10-26,2022-10-26,2022-10-26,2022-10-25,103.94546508789062,541,857,0.011275345840439644,16.18380335508848,0.0038847830206556757,5.262804512424769,0.010517339397384877,5.941376531818476,0.31105644039929714,0.388992277195202,55.0,60.0
1085,GOOG,1652044,Alphabet Inc.,7370,"Services-Computer Programming, Data Processing, Etc.",10-K,2023-02-03,2022-12-31,2023-02-03 02:23:45+00:00,0001652044-23-000016,https://www.sec.gov/Archives/edgar/data/1652044/000165204423000016/goog-20221231.htm,29643,3144,data/interim/text/000165204423000016.txt.gz,165204423000016,2023Q1,2023-02-02 21:23:45-05:00,2023-02-03,2023-02-03,2023-02-03,2023-02-02,107.77915954589844,609,789,0.026144452315892453,108.11883048107339,0.00738791620281348,38.56969365139233,0.02175893128225888,22.655860123634497,0.36373757228423986,0.29310975284622326,55.0,60.0
1086,GOOG,1652044,Alphabet Inc.,7370,"Services-Computer Programming, Data Processing, Etc.",10-Q,2023-04-26,2023-03-31,2023-04-26 00:15:00+00:00,0001652044-23-000045,https://www.sec.gov/Archives/edgar/data/1652044/000165204423000045/goog-20230331.htm,9071,1257,data/interim/text/000165204423000045.txt.gz,165204423000045,2023Q2,2023-04-25 20:15:00-04:00,2023-04-26,2023-04-26,2023-04-26,2023-04-25,103.62847900390624,665,733,0.006283761437548231,5.18682232734933,0.003417484290596406,4.190680473319298,0.01047293572924705,5.264600039103251,0.39378536251082435,0.28550532670964074,55.0,60.0
1087,GOOG,1652044,Alphabet Inc.,7370,"Services-Computer Programming, Data Processing, Etc.",10-Q,2023-07-26,2023-06-30,2023-07-25 23:13:26+00:00,0001652044-23-000070,https://www.sec.gov/Archives/edgar/data/1652044/000165204423000070/goog-20230630.htm,10425,1297,data/interim/text/000165204423000070.txt.gz,165204423000070,2023Q3,2023-07-25 19:13:26-04:00,2023-07-26,2023-07-26,2023-07-26,2023-07-25,121.63790130615234,727,671,0.007961630695443644,7.314305419336519,0.003645083932853717,4.959229461213762,0.00920863309352518,4.5614062512814595,0.26607185526724264,0.21637629685205761,55.0,60.0
1088,GOOG,1652044,Alphabet Inc.,7370,"Services-Computer Programming, Data Processing, Etc.",10-Q,2023-10-25,2023-09-30,2023-10-24 22:39:13+00:00,0001652044-23-000094,https://www.sec.gov/Archives/edgar/data/1652044/000165204423000094/goog-20230930.htm,10812,1310,data/interim/text/000165204423000094.txt.gz,165204423000094,2023Q4,2023-10-24 18:39:13-04:00,2023-10-25,2023-10-25,2023-10-25,2023-10-24,138.80528259277344,791,607,0.007121716611172771,7.312780659543876,0.003422123566407695,5.412263106921703,0.00924898261191269,4.591449224834567,0.2181886447488313,0.2060884688950803,55.0,60.0
1089,GOOG,1652044,Alphabet Inc.,7370,"Services-Computer Programming, Data Processing, Etc.",10-K,2024-01-31,2023-12-31,2024-01-31 02:43:43+00:00,0001652044-24-000022,https://www.sec.gov/Archives/edgar/data/1652044/000165204424000022/goog-20231231.htm,32116,3337,data/interim/text/000165204424000022.txt.gz,165204424000022,2024Q1,2024-01-30 21:43:43-05:00,2024-01-31,2024-01-31,2024-01-31,2024-01-30,151.6139678955078,857,541,0.02494083945696849,113.96400018097829,0.007597459210362436,41.81348109074371,0.020861875700585376,22.62505853291314,0.2078176277226715,0.32752152128523293,55.0,60.0
1090,GOOG,1652044,Alphabet Inc.,7370,"Services-Computer Programming, Data Processing, Etc.",10-Q,2024-04-26,2024-03-31,2024-04-26 00:22:11+00:00,0001652044-24-000053,https://www.sec.gov/Archives/edgar/data/1652044/000165204424000053/goog-20240331.htm,9779,1364,data/interim/text/000165204424000053.txt.gz,165204424000053,2024Q2,2024-04-25 20:22:11-04:00,2024-04-26,2024-04-26,2024-04-26,2024-04-25,156.46798706054688,917,481,0.006953676245014828,8.932580719197558,0.003476838122507414,5.0141254979091965,0.013089272931792616,6.62887359856347,0.2949644807620093,0.22076939818554442,55.0,60.0
1091,GOOG,1652044,Alphabet Inc.,7370,"Services-Computer Programming, Data Processing, Etc.",10-Q,2024-07-24,2024-06-30,2024-07-23 23:12:07+00:00,0001652044-24-000079,https://www.sec.gov/Archives/edgar/data/1652044/000165204424000079/goog-20240630.htm,10167,1352,data/interim/text/000165204424000079.txt.gz,165204424000079,2024Q3,2024-07-23 19:12:07-04:00,2024-07-24,2024-07-24,2024-07-24,2024-07-23,182.0842742919922,977,421,0.007081735025081145,7.31447560781311,0.0034425100816366677,4.739729532855692,0.010524245106717813,4.665795061805635,0.28692883448935796,0.22854198185392302,55.0,60.0
1092,GOOG,1652044,Alphabet Inc.,7370,"Services-Computer Programming, Data Processing, Etc.",10-Q,2024-10-30,2024-09-30,2024-10-29 23:33:10+00:00,0001652044-24-000118,https://www.sec.gov/Archives/edgar/data/1652044/000165204424000118/goog-20240930.htm,10866,1455,data/interim/text/000165204424000118.txt.gz,165204424000118,2024Q4,2024-10-29 19:33:10-04:00,2024-10-30,2024-10-30,2024-10-30,2024-10-29,169.95059204101562,1046,352,0.010951592122216088,22.282335903927805,0.0034971470642370696,4.860829941784073,0.01150377323762194,7.344522004354611,0.20981527435131367,0.3108819346044186,55.0,60.0
1093,GOOG,1652044,Alphabet Inc.,7370,"Services-Computer Programming, Data Processing, Etc.",10-K,2025-02-05,2024-12-31,2025-02-05 01:41:40+00:00,0001652044-25-000014,https://www.sec.gov/Archives/edgar/data/1652044/000165204425000014/goog-20241231.htm,32555,3331,data/interim/text/000165204425000014.txt.gz,165204425000014,2025Q1,2025-02-04 20:41:40-05:00,2025-02-05,2025-02-05,2025-02-05,2025-02-04,206.5004119873047,1111,287,0.025648901858393486,124.42780227983926,0.007279987713100906,37.04872087464769,0.02091844570726463,23.28629517558122,0.3172811063952436,0.39926386836447286,55.0,60.0
1094,GOOG,1652044,Alphabet Inc.,7370,"Services-Computer Programming, Data Processing, Etc.",10-Q,2025-04-25,2025-03-31,2025-04-25 01:05:29+00:00,0001652044-25-000043,https://www.sec.gov/Archives/edgar/data/1652044/000165204425000043/goog-20250331.htm,9051,1295,data/interim/text/000165204425000043.txt.gz,165204425000043,2025Q2,2025-04-24 21:05:29-04:00,2025-04-25,2025-04-25,2025-04-25,2025-04-24,160.71258544921875,1166,232,0.0055242514639266375,8.047325030470994,0.003314550878355983,3.38771781930845,0.012153353220638603,4.878034930417763,0.40767487440263195,0.281045661987282,55.0,60.0
1095,GOOG,1652044,Alphabet Inc.,7370,"Services-Computer Programming, Data Processing, Etc.",10-Q,2025-07-24,2025-06-30,2025-07-23 23:44:01+00:00,0001652044-25-000062,https://www.sec.gov/Archives/edgar/data/1652044/000165204425000062/goog-20250630.htm,9597,1307,data/interim/text/000165204425000062.txt.gz,165204425000062,2025Q3,2025-07-23 19:44:01-04:00,2025-07-24,2025-07-24,2025-07-24,2025-07-23,190.8407592773437,1227,171,0.005835156819839533,8.917067786550275,0.0034385745545482964,4.071157552939277,0.011982911326456184,5.693168972957879,0.2896186575945975,0.2812810270724032,55.0,60.0
1096,GOOG,1652044,Alphabet Inc.,7370,"Services-Computer Programming, Data Processing, Etc.",10-Q,2025-10-30,2025-09-30,2025-10-30 01:55:01+00:00,0001652044-25-000091,https://www.sec.gov/Archives/edgar/data/1652044/000165204425000091/goog-20250930.htm,9808,1331,data/interim/text/000165204425000091.txt.gz,165204425000091,2025Q4,2025-10-29 21:55:01-04:00,2025-10-30,2025-10-30,2025-10-30,2025-10-29,274.4535217285156,1296,102,0.005709624796084829,8.98123524429637,0.00316068515497553,3.9676584589384745,0.0116231647634584,4.818375523502558,0.2787022122724633,0.2709749162552943,55.0,60.0
1097,NTLA,1652130,"Intellia Therapeutics, Inc.",2835,In Vitro & In Vivo Diagnostic Substances,10-K,2021-02-26,2020-12-31,2021-02-25 23:10:26+00:00,0001564590-21-009011,https://www.sec.gov/Archives/edgar/data/1652130/000156459021009011/ntla-10k_20201231.htm,68419,4528,data/interim/text/000156459021009011.txt.gz,156459021009011,2021Q1,2021-02-25 18:10:26-05:00,2021-02-26,2021-02-26,2021-02-26,2021-02-25,57.470001220703125,121,1277,0.026542334731580408,230.29923594008443,0.011692658472061855,63.24476209754153,0.02130987006533273,32.76658894930339,0.946904997811089,0.9667457840835896,55.0,60.0
1098,NTLA,1652130,"Intellia Therapeutics, Inc.",2835,In Vitro & In Vivo Diagnostic Substances,10-Q,2021-05-06,2021-03-31,2021-05-06 20:06:36+00:00,0001564590-21-024947,https://www.sec.gov/Archives/edgar/data/1652130/000156459021024947/ntla-10q_20210331.htm,43031,3589,data/interim/text/000156459021024947.txt.gz,156459021024947,2021Q2,2021-05-06 16:06:36-04:00,2021-05-07,2021-05-07,2021-05-07,2021-05-06,66.4800033569336,170,1228,0.0329297483209779,184.32992658812623,0.01187515976853896,47.30797912229928,0.026190420859380448,23.593515158028598,1.0008302076504323,1.2417280359227423,55.0,60.0
1099,NTLA,1652130,"Intellia Therapeutics, Inc.",2835,In Vitro & In Vivo Diagnostic Substances,10-Q,2021-08-05,2021-06-30,2021-08-05 20:47:34+00:00,0001564590-21-041673,https://www.sec.gov/Archives/edgar/data/1652130/000156459021041673/ntla-10q_20210630.htm,46622,3753,data/interim/text/000156459021041673.txt.gz,156459021041673,2021Q3,2021-08-05 16:47:34-04:00,2021-08-06,2021-08-06,2021-08-06,2021-08-05,165.16000366210938,233,1165,0.03180901720217923,192.82909355738377,0.011196430869546565,46.51924552838032,0.02543863412123032,25.255941138567394,1.2727180812391612,0.5408444462677241,55.0,60.0
1100,NTLA,1652130,"Intellia Therapeutics, Inc.",2835,In Vitro & In Vivo Diagnostic Substances,10-Q,2021-11-04,2021-09-30,2021-11-04 20:32:07+00:00,0000950170-21-003088,https://www.sec.gov/Archives/edgar/data/1652130/000095017021003088/ntla-20210930.htm,47292,3837,data/interim/text/000095017021003088.txt.gz,95017021003088,2021Q4,2021-11-04 16:32:07-04:00,2021-11-05,2021-11-05,2021-11-05,2021-11-04,133.94000244140625,297,1101,0.03146409540725704,196.10447817149955,0.011037807663029689,46.912702375739364,0.02537427048972342,26.711542914202486,0.5593575598924566,0.7607858091878125,55.0,60.0
1101,NTLA,1652130,"Intellia Therapeutics, Inc.",2835,In Vitro & In Vivo Diagnostic Substances,10-K,2022-02-24,2021-12-31,2022-02-24 21:22:35+00:00,0000950170-22-001981,https://www.sec.gov/Archives/edgar/data/1652130/000095017022001981/ntla-20211231.htm,76876,4955,data/interim/text/000095017022001981.txt.gz,95017022001981,2022Q1,2022-02-24 16:22:35-05:00,2022-02-25,2022-02-25,2022-02-25,2022-02-24,87.45999908447266,373,1025,0.025326499817888547,253.72939955750294,0.010848639367292783,65.69555242479719,0.020279410999531712,36.130664676972295,0.8101759145260627,0.9277527704018977,55.0,60.0
1102,NTLA,1652130,"Intellia Therapeutics, Inc.",2835,In Vitro & In Vivo Diagnostic Substances,10-Q,2022-05-05,2022-03-31,2022-05-05 20:06:30+00:00,0000950170-22-007805,https://www.sec.gov/Archives/edgar/data/1652130/000095017022007805/ntla-20220331.htm,46487,3710,data/interim/text/000095017022007805.txt.gz,95017022007805,2022Q2,2022-05-05 16:06:30-04:00,2022-05-06,2022-05-06,2022-05-06,2022-05-05,50.02999877929688,422,976,0.03151418676189042,186.53455421389464,0.011401036849011552,45.445708702550775,0.025490997483167337,22.523234451179782,0.9377193316225051,0.9229492893244597,55.0,60.0
1103,NTLA,1652130,"Intellia Therapeutics, Inc.",2835,In Vitro & In Vivo Diagnostic Substances,10-Q,2022-08-04,2022-06-30,2022-08-04 20:04:02+00:00,0000950170-22-014731,https://www.sec.gov/Archives/edgar/data/1652130/000095017022014731/ntla-20220630.htm,46952,3736,data/interim/text/000095017022014731.txt.gz,95017022014731,2022Q3,2022-08-04 16:04:02-04:00,2022-08-05,2022-08-05,2022-08-05,2022-08-04,65.43000030517578,484,914,0.03139376384392571,189.75898248837436,0.011415914125063894,46.13849612137212,0.02523854148918044,22.512592405628816,0.941000269669384,0.6912315772728311,55.0,60.0
1104,NTLA,1652130,"Intellia Therapeutics, Inc.",2835,In Vitro & In Vivo Diagnostic Substances,10-Q,2022-11-03,2022-09-30,2022-11-03 20:03:31+00:00,0000950170-22-021835,https://www.sec.gov/Archives/edgar/data/1652130/000095017022021835/ntla-20220930.htm,47500,3774,data/interim/text/000095017022021835.txt.gz,95017022021835,2022Q4,2022-11-03 16:03:31-04:00,2022-11-04,2022-11-04,2022-11-04,2022-11-03,51.61000061035156,548,850,0.03134736842105263,195.87635207317513,0.01136842105263158,45.332411974646924,0.024778947368421053,22.403539537820805,0.7109473299904783,0.6951208406082795,55.0,60.0
1105,NTLA,1652130,"Intellia Therapeutics, Inc.",2835,In Vitro & In Vivo Diagnostic Substances,10-K,2023-02-23,2022-12-31,2023-02-23 21:07:39+00:00,0000950170-23-004097,https://www.sec.gov/Archives/edgar/data/1652130/000095017023004097/ntla-20221231.htm,74665,4899,data/interim/text/000095017023004097.txt.gz,95017023004097,2023Q1,2023-02-23 16:07:39-05:00,2023-02-24,2023-02-24,2023-02-24,2023-02-23,38.970001220703125,623,775,0.02489787718475859,242.91602073858976,0.010808276970468092,65.21793508645331,0.020504921984865733,36.24861228027814,0.6980694719499625,0.6749554128654235,55.0,60.0
1106,NTLA,1652130,"Intellia Therapeutics, Inc.",2835,In Vitro & In Vivo Diagnostic Substances,10-Q,2023-05-04,2023-03-31,2023-05-04 20:12:48+00:00,0000950170-23-017866,https://www.sec.gov/Archives/edgar/data/1652130/000095017023017866/ntla-20230331.htm,41791,3456,data/interim/text/000095017023017866.txt.gz,95017023017866,2023Q2,2023-05-04 16:12:48-04:00,2023-05-05,2023-05-05,2023-05-05,2023-05-04,43.650001525878906,672,726,0.03249503481610873,171.2571164393945,0.01172501256251346,43.07845088130642,0.027350386446842623,21.23276977156885,0.6334790767852386,0.5049266586597234,55.0,60.0
1107,NTLA,1652130,"Intellia Therapeutics, Inc.",2835,In Vitro & In Vivo Diagnostic Substances,10-Q,2023-08-03,2023-06-30,2023-08-03 20:13:53+00:00,0000950170-23-037996,https://www.sec.gov/Archives/edgar/data/1652130/000095017023037996/ntla-20230630.htm,42877,3446,data/interim/text/000095017023037996.txt.gz,95017023037996,2023Q3,2023-08-03 16:13:53-04:00,2023-08-04,2023-08-04,2023-08-04,2023-08-03,39.09000015258789,734,664,0.03199850735825734,170.3193889342051,0.011567973505609067,42.41360852231454,0.02714742169461483,20.632257412376493,0.5167794435446159,0.4121823609525265,55.0,60.0
1108,NTLA,1652130,"Intellia Therapeutics, Inc.",2835,In Vitro & In Vivo Diagnostic Substances,10-Q,2023-11-09,2023-09-30,2023-11-09 21:05:36+00:00,0000950170-23-062011,https://www.sec.gov/Archives/edgar/data/1652130/000095017023062011/ntla-20230930.htm,43334,3483,data/interim/text/000095017023062011.txt.gz,95017023062011,2023Q4,2023-11-09 16:05:36-05:00,2023-11-10,2023-11-10,2023-11-10,2023-11-09,24.959999084472656,803,595,0.031914893617021274,172.85263449478958,0.011561360594452393,42.76829716948675,0.027068814325933447,22.02961374431036,0.4276580408772634,0.6451796833025042,55.0,60.0
1109,NTLA,1652130,"Intellia Therapeutics, Inc.",2835,In Vitro & In Vivo Diagnostic Substances,10-K,2024-02-22,2023-12-31,2024-02-22 21:02:42+00:00,0000950170-24-018736,https://www.sec.gov/Archives/edgar/data/1652130/000095017024018736/ntla-20231231.htm,73022,4775,data/interim/text/000095017024018736.txt.gz,95017024018736,2024Q1,2024-02-22 16:02:42-05:00,2024-02-23,2024-02-23,2024-02-23,2024-02-22,27.18000030517578,873,525,0.025102024047547314,234.64742263809913,0.011475993536194572,67.54918943146251,0.021212785188025527,31.820351255041363,0.6152266980288946,0.49212278991623076,55.0,60.0
1110,NTLA,1652130,"Intellia Therapeutics, Inc.",2835,In Vitro & In Vivo Diagnostic Substances,10-Q,2024-05-09,2024-03-31,2024-05-09 20:25:24+00:00,0000950170-24-057046,https://www.sec.gov/Archives/edgar/data/1652130/000095017024057046/ntla-20240331.htm,41394,3371,data/interim/text/000095017024057046.txt.gz,95017024057046,2024Q2,2024-05-09 16:25:24-04:00,2024-05-10,2024-05-10,2024-05-10,2024-05-09,24.86000061035156,927,471,0.03326569067980867,168.9445031700068,0.012151519543895251,42.64569176389863,0.027516065130212108,20.800247183040984,0.5891429173288544,0.5741799082492918,55.0,60.0
1111,NTLA,1652130,"Intellia Therapeutics, Inc.",2835,In Vitro & In Vivo Diagnostic Substances,10-Q,2024-08-08,2024-06-30,2024-08-08 20:06:13+00:00,0000950170-24-093907,https://www.sec.gov/Archives/edgar/data/1652130/000095017024093907/ntla-20240630.htm,42530,3445,data/interim/text/000095017024093907.txt.gz,95017024093907,2024Q3,2024-08-08 16:06:13-04:00,2024-08-09,2024-08-09,2024-08-09,2024-08-08,22.3799991607666,989,409,0.03301199153538679,172.75020982405482,0.012085586644721372,43.2392263696989,0.026804608511638843,22.065173693214444,0.5470776109624789,0.6649276918806069,55.0,60.0
1112,NTLA,1652130,"Intellia Therapeutics, Inc.",2835,In Vitro & In Vivo Diagnostic Substances,10-Q,2024-11-07,2024-09-30,2024-11-07 21:05:30+00:00,0000950170-24-123276,https://www.sec.gov/Archives/edgar/data/1652130/000095017024123276/ntla-20240930.htm,42854,3477,data/interim/text/000095017024123276.txt.gz,95017024123276,2024Q4,2024-11-07 16:05:30-05:00,2024-11-08,2024-11-08,2024-11-08,2024-11-07,16.0,1053,345,0.033229103467587624,176.19840314021087,0.012017547953516592,43.258513542660964,0.02667195594343585,22.887206297564948,0.6757505966392756,0.7271378074411978,55.0,60.0
1113,NTLA,1652130,"Intellia Therapeutics, Inc.",2835,In Vitro & In Vivo Diagnostic Substances,10-K,2025-02-27,2024-12-31,2025-02-27 21:03:58+00:00,0000950170-25-029007,https://www.sec.gov/Archives/edgar/data/1652130/000095017025029007/ntla-20241231.htm,67885,4550,data/interim/text/000095017025029007.txt.gz,95017025029007,2025Q1,2025-02-27 16:03:58-05:00,2025-02-28,2025-02-28,2025-02-28,2025-02-27,10.859999656677246,1127,271,0.027281431833247403,230.20766323924758,0.011386904323488252,67.31243836280959,0.0218752301686676,32.869478199626215,0.7738577201909639,1.0304282127806719,55.0,60.0
1114,NTLA,1652130,"Intellia Therapeutics, Inc.",2835,In Vitro & In Vivo Diagnostic Substances,10-Q,2025-05-08,2025-03-31,2025-05-08 20:05:38+00:00,0000950170-25-066914,https://www.sec.gov/Archives/edgar/data/1652130/000095017025066914/ntla-20250331.htm,41741,3391,data/interim/text/000095017025066914.txt.gz,95017025066914,2025Q2,2025-05-08 16:05:38-04:00,2025-05-09,2025-05-09,2025-05-09,2025-05-08,8.279999732971191,1176,222,0.03459428379770489,177.12022568421747,0.012074459164849907,44.44767209545487,0.02771855010660981,22.958695071280417,0.8851950410698016,0.8697864260289606,55.0,60.0
1115,NTLA,1652130,"Intellia Therapeutics, Inc.",2835,In Vitro & In Vivo Diagnostic Substances,10-Q,2025-08-07,2025-06-30,2025-08-07 20:06:00+00:00,0000950170-25-104987,https://www.sec.gov/Archives/edgar/data/1652130/000095017025104987/ntla-20250630.htm,43405,3520,data/interim/text/000095017025104987.txt.gz,95017025104987,2025Q3,2025-08-07 16:06:00-04:00,2025-08-08,2025-08-08,2025-08-08,2025-08-07,11.460000038146973,1238,160,0.03446607533694275,190.47196745239904,0.011934108973620551,47.66251367707401,0.02707061398456399,24.71253378971429,0.8945226648134995,1.3748314827381112,55.0,60.0
1116,NTLA,1652130,"Intellia Therapeutics, Inc.",2835,In Vitro & In Vivo Diagnostic Substances,10-Q,2025-11-06,2025-09-30,2025-11-06 21:26:55+00:00,0001193125-25-269680,https://www.sec.gov/Archives/edgar/data/1652130/000119312525269680/ntla-20250930.htm,44513,3539,data/interim/text/000119312525269680.txt.gz,119312525269680,2025Q4,2025-11-06 16:26:55-05:00,2025-11-07,2025-11-07,2025-11-07,2025-11-06,12.31999969482422,1302,96,0.03439444656617168,192.0750223308172,0.011996495405836497,47.493982956302325,0.027115674072742794,24.786681503351257,1.391537104536316,0.786666493511537,55.0,60.0
1117,GTLB,1653482,Gitlab Inc.,7372,Services-Prepackaged Software,10-K,2022-04-08,2022-01-31,2022-04-08 20:49:23+00:00,0001628280-22-008836,https://www.sec.gov/Archives/edgar/data/1653482/000162828022008836/gtlb-20220131.htm,49525,3822,data/interim/text/000162828022008836.txt.gz,162828022008836,2022Q2,2022-04-08 16:49:23-04:00,2022-04-09,2022-04-09,2022-04-11,2022-04-08,47.720001220703125,122,994,0.026431095406360423,129.09691995245464,0.011408379606259464,50.10484285539977,0.022836951034830893,30.239906739341194,1.248836590531545,1.255364485454995,55.0,60.0
1118,GTLB,1653482,Gitlab Inc.,7372,Services-Prepackaged Software,10-Q,2022-09-07,2022-07-31,2022-09-06 23:10:38+00:00,0001628280-22-024415,https://www.sec.gov/Archives/edgar/data/1653482/000162828022024415/gtlb-20220731.htm,38745,3045,data/interim/text/000162828022024415.txt.gz,162828022024415,2022Q3,2022-09-06 19:10:38-04:00,2022-09-07,2022-09-07,2022-09-07,2022-09-06,47.400001525878906,224,892,0.03272680345851078,115.8775718477704,0.009885146470512324,32.849261863791405,0.026764743837914568,20.988745781636815,0.6535943638424782,0.9781099354904769,55.0,60.0
1119,GTLB,1653482,Gitlab Inc.,7372,Services-Prepackaged Software,10-Q,2022-12-06,2022-10-31,2022-12-06 00:14:44+00:00,0001628280-22-031412,https://www.sec.gov/Archives/edgar/data/1653482/000162828022031412/gtlb-20221031.htm,38947,3049,data/interim/text/000162828022031412.txt.gz,162828022031412,2022Q4,2022-12-05 19:14:44-05:00,2022-12-06,2022-12-06,2022-12-06,2022-12-05,38.33000183105469,287,829,0.03268544432177061,116.57569851493072,0.009731173132718823,32.50531689308517,0.026266464682774025,20.36518475727943,0.9753520306928881,0.8429524010352439,55.0,60.0
1120,GTLB,1653482,Gitlab Inc.,7372,Services-Prepackaged Software,10-K,2023-03-30,2023-01-31,2023-03-30 20:42:40+00:00,0001628280-23-009925,https://www.sec.gov/Archives/edgar/data/1653482/000162828023009925/gtlb-20230131.htm,50017,3846,data/interim/text/000162828023009925.txt.gz,162828023009925,2023Q1,2023-03-30 16:42:40-04:00,2023-03-31,2023-03-31,2023-03-31,2023-03-30,33.0099983215332,366,750,0.027710578403342862,137.24405426993079,0.011156206889657516,52.757412417206034,0.022312413779315032,31.723003446349036,0.9990166339491185,0.8290461776641729,55.0,60.0
1121,GTLB,1653482,Gitlab Inc.,7372,Services-Prepackaged Software,10-Q,2023-06-06,2023-04-30,2023-06-05 21:49:07+00:00,0001628280-23-020942,https://www.sec.gov/Archives/edgar/data/1653482/000162828023020942/gtlb-20230430.htm,38655,3103,data/interim/text/000162828023020942.txt.gz,162828023020942,2023Q2,2023-06-05 17:49:07-04:00,2023-06-06,2023-06-06,2023-06-06,2023-06-05,35.400001525878906,411,705,0.03409649463200103,123.87704692833104,0.010089251067132324,37.3514925858531,0.027111628508601732,23.261744420333958,0.7509692690583549,0.45570890105552453,55.0,60.0
1122,GTLB,1653482,Gitlab Inc.,7372,Services-Prepackaged Software,10-Q,2023-09-06,2023-07-31,2023-09-05 23:16:30+00:00,0001628280-23-031433,https://www.sec.gov/Archives/edgar/data/1653482/000162828023031433/gtlb-20230731.htm,39802,3113,data/interim/text/000162828023031433.txt.gz,162828023031433,2023Q3,2023-09-05 19:16:30-04:00,2023-09-06,2023-09-06,2023-09-06,2023-09-05,49.7400016784668,474,642,0.033691774282699365,126.65845831953331,0.010024621878297573,37.65491336961531,0.02658157881513492,22.71105199317064,0.46716179043492845,0.555715311756839,55.0,60.0
1123,GTLB,1653482,Gitlab Inc.,7372,Services-Prepackaged Software,10-Q,2023-12-05,2023-10-31,2023-12-05 00:13:35+00:00,0001628280-23-040671,https://www.sec.gov/Archives/edgar/data/1653482/000162828023040671/gtlb-20231031.htm,40222,3139,data/interim/text/000162828023040671.txt.gz,162828023040671,2023Q4,2023-12-04 19:13:35-05:00,2023-12-05,2023-12-05,2023-12-05,2023-12-04,52.93000030517578,537,579,0.033513997314902295,127.89155618415319,0.009944806324896823,37.74891978484923,0.026676942966535725,22.597312501434416,0.48798260790431003,0.6120032569562647,55.0,60.0
1124,GTLB,1653482,Gitlab Inc.,7372,Services-Prepackaged Software,10-K,2024-03-26,2024-01-31,2024-03-25 23:16:03+00:00,0001628280-24-012963,https://www.sec.gov/Archives/edgar/data/1653482/000162828024012963/gtlb-20240131.htm,51144,3864,data/interim/text/000162828024012963.txt.gz,162828024012963,2024Q1,2024-03-25 19:16:03-04:00,2024-03-26,2024-03-26,2024-03-26,2024-03-25,58.79999923706055,613,503,0.02889879555764117,145.92161063281273,0.010695291725324574,49.592324427051814,0.022954794306272487,31.977898825422226,0.6251036738851504,0.48264514153918303,55.0,60.0
1125,GTLB,1653482,Gitlab Inc.,7372,Services-Prepackaged Software,10-Q,2024-06-04,2024-04-30,2024-06-03 23:19:06+00:00,0001628280-24-026458,https://www.sec.gov/Archives/edgar/data/1653482/000162828024026458/gtlb-20240430.htm,38431,3105,data/interim/text/000162828024026458.txt.gz,162828024026458,2024Q2,2024-06-03 19:19:06-04:00,2024-06-04,2024-06-04,2024-06-04,2024-06-03,47.06999969482422,661,455,0.03486768494184382,127.70736078353862,0.009939892274465926,36.77623985833114,0.027633941349431448,21.73307068333104,0.39319091122145344,0.7297488325607545,55.0,60.0
1126,GTLB,1653482,Gitlab Inc.,7372,Services-Prepackaged Software,10-Q,2024-09-04,2024-07-31,2024-09-03 23:07:04+00:00,0001628280-24-039196,https://www.sec.gov/Archives/edgar/data/1653482/000162828024039196/gtlb-20240731.htm,39320,3116,data/interim/text/000162828024039196.txt.gz,162828024039196,2024Q3,2024-09-03 19:07:04-04:00,2024-09-04,2024-09-04,2024-09-04,2024-09-03,44.68000030517578,724,392,0.03402848423194303,126.80622933948423,0.009791454730417091,37.10379724849757,0.026983723296032554,21.837673084389838,0.5867465201740799,0.3878479368490126,55.0,60.0
1127,GTLB,1653482,Gitlab Inc.,7372,Services-Prepackaged Software,10-Q,2024-12-06,2024-10-31,2024-12-06 00:07:00+00:00,0001628280-24-050129,https://www.sec.gov/Archives/edgar/data/1653482/000162828024050129/gtlb-20241031.htm,39168,3111,data/interim/text/000162828024050129.txt.gz,162828024050129,2024Q4,2024-12-05 19:07:00-05:00,2024-12-06,2024-12-06,2024-12-06,2024-12-05,66.04000091552734,790,326,0.03444138071895425,133.9792394107894,0.00972732843137255,36.98157486360435,0.027037377450980393,22.262580500749664,0.3879215164658608,0.6262340737380415,55.0,60.0
1128,GTLB,1653482,Gitlab Inc.,7372,Services-Prepackaged Software,10-K,2025-03-21,2025-01-31,2025-03-21 20:40:43+00:00,0001628280-25-014344,https://www.sec.gov/Archives/edgar/data/1653482/000162828025014344/gtlb-20250131.htm,48733,3798,data/interim/text/000162828025014344.txt.gz,162828025014344,2025Q1,2025-03-21 16:40:43-04:00,2025-03-22,2025-03-22,2025-03-24,2025-03-21,50.95000076293945,861,255,0.02938460591385714,153.92318423322084,0.010793507479531323,47.90918789785943,0.023084973221431063,29.14865029527216,0.6382481681211316,0.641385176517075,55.0,60.0
1129,GTLB,1653482,Gitlab Inc.,7372,Services-Prepackaged Software,10-Q,2025-06-11,2025-04-30,2025-06-10 21:38:12+00:00,0001628280-25-030546,https://www.sec.gov/Archives/edgar/data/1653482/000162828025030546/gtlb-20250430.htm,36618,3063,data/interim/text/000162828025030546.txt.gz,162828025030546,2025Q2,2025-06-10 17:38:12-04:00,2025-06-11,2025-06-11,2025-06-11,2025-06-10,48.5099983215332,916,200,0.034818941504178275,133.25763981991523,0.010131629253372658,36.23844281311746,0.028182860888087826,20.2352015546877,0.6188654322442763,0.5175374272103332,55.0,60.0
1130,GTLB,1653482,Gitlab Inc.,7372,Services-Prepackaged Software,10-Q,2025-09-04,2025-07-31,2025-09-03 21:37:41+00:00,0001653482-25-000010,https://www.sec.gov/Archives/edgar/data/1653482/000165348225000010/gtlb-20250731.htm,37828,3101,data/interim/text/000165348225000010.txt.gz,165348225000010,2025Q3,2025-09-03 17:37:41-04:00,2025-09-04,2025-09-04,2025-09-04,2025-09-03,46.90999984741211,974,142,0.03433964259278841,134.75421105950934,0.009886856296922914,37.126341781266525,0.027466426985301894,20.311211768831683,0.5237768046181667,0.5460623339708679,55.0,60.0
1131,GTLB,1653482,Gitlab Inc.,7372,Services-Prepackaged Software,10-Q,2025-12-03,2025-10-31,2025-12-02 22:43:06+00:00,0001628280-25-054840,https://www.sec.gov/Archives/edgar/data/1653482/000162828025054840/gtlb-20251031.htm,38017,3120,data/interim/text/000162828025054840.txt.gz,162828025054840,2025Q4,2025-12-02 17:43:06-05:00,2025-12-03,2025-12-03,2025-12-03,2025-12-02,43.369998931884766,1037,79,0.03440566062550964,136.53522195458456,0.009811400163084936,37.392484079776125,0.02735618276034406,20.322324547665346,0.48606508035910195,0.5802953275041358,55.0,60.0
1132,ABSI,1672688,Absci Corp,8731,Services-Commercial Physical & Biological Research,10-Q,2021-11-09,2021-09-30,2021-11-09 16:09:29+00:00,0001628280-21-022431,https://www.sec.gov/Archives/edgar/data/1672688/000162828021022431/absi-20210930.htm,43332,3292,data/interim/text/000162828021022431.txt.gz,162828021022431,2021Q4,2021-11-09 11:09:29-05:00,2021-11-09,2021-11-09,2021-11-09,2021-11-08,18.030000686645508,76,1099,0.029770146773746883,151.68329996718674,0.011261884981076341,38.7260200139252,0.027070063694267517,22.004981598089564,1.0360998677204656,0.8978975418415632,55.0,60.0
1133,ABSI,1672688,Absci Corp,8731,Services-Commercial Physical & Biological Research,10-K,2022-03-22,2021-12-31,2022-03-22 21:20:17+00:00,0001628280-22-006925,https://www.sec.gov/Archives/edgar/data/1672688/000162828022006925/absi-20211231.htm,63537,4362,data/interim/text/000162828022006925.txt.gz,162828022006925,2022Q1,2022-03-22 17:20:17-04:00,2022-03-23,2022-03-23,2022-03-23,2022-03-22,7.480000019073486,168,1007,0.023010214520672995,185.88290717960604,0.012386483466326707,69.41904910493653,0.02395454616994822,38.866414410040115,1.018295938218286,0.8655954329799811,55.0,60.0
1134,ABSI,1672688,Absci Corp,8731,Services-Commercial Physical & Biological Research,10-Q,2022-05-11,2022-03-31,2022-05-11 12:38:29+00:00,0001628280-22-013760,https://www.sec.gov/Archives/edgar/data/1672688/000162828022013760/absi-20220331.htm,11167,1725,data/interim/text/000162828022013760.txt.gz,162828022013760,2022Q2,2022-05-11 08:38:29-04:00,2022-05-11,2022-05-11,2022-05-11,2022-05-10,4.0,202,973,0.010566848750783559,16.675716102192247,0.007790812214560759,14.6503098062679,0.014775678337960061,9.61757930460338,0.9529063992138104,0.7634031170273905,55.0,60.0
1135,ABSI,1672688,Absci Corp,8731,Services-Commercial Physical & Biological Research,10-Q,2022-08-11,2022-06-30,2022-08-11 12:45:31+00:00,0001628280-22-022331,https://www.sec.gov/Archives/edgar/data/1672688/000162828022022331/absi-20220630.htm,13050,1821,data/interim/text/000162828022022331.txt.gz,162828022022331,2022Q3,2022-08-11 08:45:31-04:00,2022-08-11,2022-08-11,2022-08-11,2022-08-10,4.199999809265137,265,910,0.013026819923371647,23.11266225542725,0.00789272030651341,15.063992924490268,0.016398467432950193,12.035211422522874,0.7244610916905878,0.9583838198901425,55.0,60.0
1136,ABSI,1672688,Absci Corp,8731,Services-Commercial Physical & Biological Research,10-Q,2022-11-09,2022-09-30,2022-11-09 14:21:41+00:00,0001628280-22-029092,https://www.sec.gov/Archives/edgar/data/1672688/000162828022029092/absi-20220930.htm,13341,1824,data/interim/text/000162828022029092.txt.gz,162828022029092,2022Q4,2022-11-09 09:21:41-05:00,2022-11-09,2022-11-09,2022-11-09,2022-11-08,3.069999933242798,328,847,0.012667716063263624,21.214089443215723,0.007945431376958249,15.09148593718716,0.015890862753916497,11.357389647729072,0.9908756993997924,1.0843784880838359,55.0,60.0
1137,ABSI,1672688,Absci Corp,8731,Services-Commercial Physical & Biological Research,10-K,2024-03-21,2023-12-31,2024-03-21 11:33:09+00:00,0001628280-24-012366,https://www.sec.gov/Archives/edgar/data/1672688/000162828024012366/absi-20231231.htm,62964,4325,data/interim/text/000162828024012366.txt.gz,162828024012366,2024Q1,2024-03-21 07:33:09-04:00,2024-03-21,2024-03-21,2024-03-21,2024-03-20,5.090000152587891,669,506,0.027206022489041356,205.59650585997065,0.01194333269804968,60.9217619070362,0.026046629820214724,37.1379437864695,1.1326206293741232,0.8929734963292022,55.0,60.0
1138,ABSI,1672688,Absci Corp,8731,Services-Commercial Physical & Biological Research,10-Q,2024-05-14,2024-03-31,2024-05-14 11:35:39+00:00,0001628280-24-023062,https://www.sec.gov/Archives/edgar/data/1672688/000162828024023062/absi-20240331.htm,9047,1558,data/interim/text/000162828024023062.txt.gz,162828024023062,2024Q2,2024-05-14 07:35:39-04:00,2024-05-14,2024-05-14,2024-05-14,2024-05-13,5.059999942779541,706,469,0.009837515198408312,13.92892530923147,0.008511108654802696,16.791540543964366,0.014811539736929369,10.0465751482788,0.8321851056505389,0.8977639231334027,55.0,60.0
1139,ABSI,1672688,Absci Corp,8731,Services-Commercial Physical & Biological Research,10-Q,2024-08-14,2024-06-30,2024-08-14 20:08:37+00:00,0001628280-24-037193,https://www.sec.gov/Archives/edgar/data/1672688/000162828024037193/absi-20240630.htm,9055,1470,data/interim/text/000162828024037193.txt.gz,162828024037193,2024Q3,2024-08-14 16:08:37-04:00,2024-08-15,2024-08-15,2024-08-15,2024-08-14,3.7300000190734863,770,405,0.011154058531198233,12.505776692924119,0.007620099392600773,13.404810257587668,0.01402540033130867,9.11911263844981,0.920706365337162,0.752706840947416,55.0,60.0
1140,ABSI,1672688,Absci Corp,8731,Services-Commercial Physical & Biological Research,10-Q,2024-11-12,2024-09-30,2024-11-12 12:40:13+00:00,0001628280-24-046862,https://www.sec.gov/Archives/edgar/data/1672688/000162828024046862/absi-20240930.htm,9077,1468,data/interim/text/000162828024046862.txt.gz,162828024046862,2024Q4,2024-11-12 07:40:13-05:00,2024-11-12,2024-11-12,2024-11-12,2024-11-11,4.28000020980835,832,343,0.011677867136719181,12.52051501250742,0.00782196761044398,12.544165289973428,0.013771069736697146,8.633959216953388,0.6478468320018614,1.3056478742563464,55.0,60.0
1141,ABSI,1672688,Absci Corp,8731,Services-Commercial Physical & Biological Research,10-K,2025-03-18,2024-12-31,2025-03-18 20:22:58+00:00,0001628280-25-013464,https://www.sec.gov/Archives/edgar/data/1672688/000162828025013464/absi-20241231.htm,65188,4486,data/interim/text/000162828025013464.txt.gz,162828025013464,2025Q1,2025-03-18 16:22:58-04:00,2025-03-19,2025-03-19,2025-03-19,2025-03-18,3.0799999237060547,917,258,0.028502178315027306,226.95997937039834,0.011535865496717188,58.22933053328378,0.025986377860956006,39.68385832524055,1.2219712343878866,0.7753024444774415,55.0,60.0
1142,ABSI,1672688,Absci Corp,8731,Services-Commercial Physical & Biological Research,10-Q,2025-11-12,2025-09-30,2025-11-12 21:13:54+00:00,0001672688-25-000084,https://www.sec.gov/Archives/edgar/data/1672688/000167268825000084/absi-20250930.htm,49427,3633,data/interim/text/000167268825000084.txt.gz,167268825000084,2025Q4,2025-11-12 16:13:54-05:00,2025-11-13,2025-11-13,2025-11-13,2025-11-12,3.400000095367432,1083,92,0.03287676775851255,194.06669717299607,0.011350071823092642,47.629421412959694,0.0291136423412305,27.025473560432783,1.034946465952591,0.8380690807103941,55.0,60.0
1143,CRSP,1674416,CRISPR Therapeutics AG,2836,"Biological Products, (No Diagnostic Substances)",10-K,2021-02-16,2020-12-31,2021-02-16 21:14:56+00:00,0001564590-21-006074,https://www.sec.gov/Archives/edgar/data/1674416/000156459021006074/crsp-10k_20201231.htm,87771,5210,data/interim/text/000156459021006074.txt.gz,156459021006074,2021Q1,2021-02-16 16:14:56-05:00,2021-02-17,2021-02-17,2021-02-17,2021-02-16,155.32000732421875,114,1284,0.024609495163550602,263.63463573374554,0.011176812386779233,66.24992277023642,0.021180116439370636,42.00702717021825,0.7008937532241344,0.6314336600259293,55.0,60.0
1144,CRSP,1674416,CRISPR Therapeutics AG,2836,"Biological Products, (No Diagnostic Substances)",10-Q,2021-04-27,2021-03-31,2021-04-27 20:19:12+00:00,0001564590-21-020902,https://www.sec.gov/Archives/edgar/data/1674416/000156459021020902/crsp-10q_20210331.htm,8434,1479,data/interim/text/000156459021020902.txt.gz,156459021020902,2021Q2,2021-04-27 16:19:12-04:00,2021-04-28,2021-04-28,2021-04-28,2021-04-27,133.0399932861328,163,1235,0.013635285748162201,20.240331555406627,0.00865544225752905,10.162745346731956,0.015413801280531183,5.384259648933554,0.5980019638495617,0.5014121808794579,55.0,60.0
1145,CRSP,1674416,CRISPR Therapeutics AG,2836,"Biological Products, (No Diagnostic Substances)",10-Q,2021-07-29,2021-06-30,2021-07-29 20:44:35+00:00,0001564590-21-039178,https://www.sec.gov/Archives/edgar/data/1674416/000156459021039178/crsp-10q_20210630.htm,8335,1455,data/interim/text/000156459021039178.txt.gz,156459021039178,2021Q3,2021-07-29 16:44:35-04:00,2021-07-30,2021-07-30,2021-07-30,2021-07-29,119.0,228,1170,0.01187762447510498,18.61792503375531,0.009118176364727055,9.64472254324819,0.013917216556688662,4.905552541579596,0.5006518791211445,0.4701773256852519,55.0,60.0
1146,CRSP,1674416,CRISPR Therapeutics AG,2836,"Biological Products, (No Diagnostic Substances)",10-Q,2021-11-03,2021-09-30,2021-11-03 20:11:47+00:00,0000950170-21-002825,https://www.sec.gov/Archives/edgar/data/1674416/000095017021002825/crsp-20210930.htm,8288,1440,data/interim/text/000095017021002825.txt.gz,95017021002825,2021Q4,2021-11-03 16:11:47-04:00,2021-11-04,2021-11-04,2021-11-04,2021-11-03,96.87999725341795,296,1102,0.012427606177606177,18.089677701145977,0.008928571428571428,9.60608664677975,0.013996138996138996,4.8971548191029175,0.4547008647344708,0.614927407402008,55.0,60.0
1147,CRSP,1674416,CRISPR Therapeutics AG,2836,"Biological Products, (No Diagnostic Substances)",10-K,2022-02-15,2021-12-31,2022-02-15 21:14:44+00:00,0000950170-22-001282,https://www.sec.gov/Archives/edgar/data/1674416/000095017022001282/crsp-20211231.htm,93053,5420,data/interim/text/000095017022001282.txt.gz,95017022001282,2022Q1,2022-02-15 16:14:44-05:00,2022-02-16,2022-02-16,2022-02-16,2022-02-15,60.970001220703125,367,1031,0.02409379600872621,280.6588052380319,0.01128389197554082,70.45744920031085,0.020891320000429862,45.14547515595624,0.6276863827427966,0.796039518592736,55.0,60.0
1148,CRSP,1674416,CRISPR Therapeutics AG,2836,"Biological Products, (No Diagnostic Substances)",10-Q,2022-05-09,2022-03-31,2022-05-09 20:12:04+00:00,0000950170-22-008495,https://www.sec.gov/Archives/edgar/data/1674416/000095017022008495/crsp-20220331.htm,7877,1490,data/interim/text/000095017022008495.txt.gz,95017022008495,2022Q2,2022-05-09 16:12:04-04:00,2022-05-10,2022-05-10,2022-05-10,2022-05-09,43.22999954223633,424,974,0.012441284753078583,21.22760999612721,0.009521391392662181,10.641614254172744,0.015107274343023993,4.960936883797379,0.6695718024045881,0.7920149304846252,55.0,60.0
1149,CRSP,1674416,CRISPR Therapeutics AG,2836,"Biological Products, (No Diagnostic Substances)",10-Q,2022-08-08,2022-06-30,2022-08-08 12:11:21+00:00,0000950170-22-015256,https://www.sec.gov/Archives/edgar/data/1674416/000095017022015256/crsp-20220630.htm,8806,1529,data/interim/text/000095017022015256.txt.gz,95017022015256,2022Q3,2022-08-08 08:11:21-04:00,2022-08-08,2022-08-08,2022-08-08,2022-08-05,81.4000015258789,485,913,0.012037247331364978,21.441392885964934,0.010106745400863048,11.239690459316495,0.014308426073131956,6.274617015323099,0.862013091585738,0.5787112730516388,55.0,60.0
1150,CRSP,1674416,CRISPR Therapeutics AG,2836,"Biological Products, (No Diagnostic Substances)",10-Q,2022-11-01,2022-09-30,2022-11-01 20:12:27+00:00,0000950170-22-020845,https://www.sec.gov/Archives/edgar/data/1674416/000095017022020845/crsp-20220930.htm,8789,1513,data/interim/text/000095017022020845.txt.gz,95017022020845,2022Q4,2022-11-01 16:12:27-04:00,2022-11-02,2022-11-02,2022-11-02,2022-11-01,52.02000045776367,546,852,0.012060530208214813,19.97855371766941,0.009784958470815792,11.180025650332604,0.013539651837524178,5.766439182025684,0.5862433003194221,0.6155690684722692,55.0,60.0
1151,CRSP,1674416,CRISPR Therapeutics AG,2836,"Biological Products, (No Diagnostic Substances)",10-K,2023-02-21,2022-12-31,2023-02-21 21:11:51+00:00,0000950170-23-003441,https://www.sec.gov/Archives/edgar/data/1674416/000095017023003441/crsp-20221231.htm,95901,5505,data/interim/text/000095017023003441.txt.gz,95017023003441,2023Q1,2023-02-21 16:11:51-05:00,2023-02-22,2023-02-22,2023-02-22,2023-02-21,46.630001068115234,621,777,0.023284428733798396,277.41186287463233,0.011605718397097006,73.18335880336292,0.019613976913692245,41.73057432147507,0.5487783077417308,0.6848787594165122,55.0,60.0
1152,CRSP,1674416,CRISPR Therapeutics AG,2836,"Biological Products, (No Diagnostic Substances)",10-Q,2023-05-08,2023-03-31,2023-05-08 20:11:26+00:00,0000950170-23-018811,https://www.sec.gov/Archives/edgar/data/1674416/000095017023018811/crsp-20230331.htm,9317,1636,data/interim/text/000095017023018811.txt.gz,95017023018811,2023Q2,2023-05-08 16:11:26-04:00,2023-05-09,2023-05-09,2023-05-09,2023-05-08,55.959999084472656,674,724,0.014274981217129978,25.188789655196366,0.010733068584308253,16.693950311109493,0.015133626703874638,5.367390718193314,0.6322343120085778,0.46366924317823055,55.0,60.0
1153,CRSP,1674416,CRISPR Therapeutics AG,2836,"Biological Products, (No Diagnostic Substances)",10-Q,2023-08-07,2023-06-30,2023-08-07 20:12:38+00:00,0000950170-23-039075,https://www.sec.gov/Archives/edgar/data/1674416/000095017023039075/crsp-20230630.htm,9245,1564,data/interim/text/000095017023039075.txt.gz,95017023039075,2023Q3,2023-08-07 16:12:38-04:00,2023-08-08,2023-08-08,2023-08-08,2023-08-07,48.34000015258789,736,662,0.011357490535424553,20.318315340167537,0.011681990265008112,16.90301622756011,0.01341265548945376,4.5893368370318735,0.3963454664532749,0.5357184538394946,55.0,60.0
1154,CRSP,1674416,CRISPR Therapeutics AG,2836,"Biological Products, (No Diagnostic Substances)",10-Q,2023-11-06,2023-09-30,2023-11-06 21:42:03+00:00,0000950170-23-059476,https://www.sec.gov/Archives/edgar/data/1674416/000095017023059476/crsp-20230930.htm,8989,1512,data/interim/text/000095017023059476.txt.gz,95017023059476,2023Q4,2023-11-06 16:42:03-05:00,2023-11-07,2023-11-07,2023-11-07,2023-11-06,51.58000183105469,800,598,0.012459672933585493,19.835274526876496,0.011235955056179775,15.138296504874546,0.013683390810991212,5.0945701421739455,0.4153549589052151,0.677009938843343,55.0,60.0
1155,CRSP,1674416,CRISPR Therapeutics AG,2836,"Biological Products, (No Diagnostic Substances)",10-K,2024-02-21,2023-12-31,2024-02-21 12:50:50+00:00,0000950170-24-017571,https://www.sec.gov/Archives/edgar/data/1674416/000095017024017571/crsp-20231231.htm,93425,5382,data/interim/text/000095017024017571.txt.gz,95017024017571,2024Q1,2024-02-21 07:50:50-05:00,2024-02-21,2024-02-21,2024-02-21,2024-02-20,78.7300033569336,871,527,0.02477923468022478,280.2165780834478,0.011271073053251271,71.9390471174674,0.020604763179020606,38.04798836238086,0.6113463820621261,0.3984892025245301,55.0,60.0
1156,CRSP,1674416,CRISPR Therapeutics AG,2836,"Biological Products, (No Diagnostic Substances)",10-Q,2024-05-08,2024-03-31,2024-05-08 20:20:38+00:00,0000950170-24-055719,https://www.sec.gov/Archives/edgar/data/1674416/000095017024055719/crsp-20240331.htm,8227,1509,data/interim/text/000095017024055719.txt.gz,95017024055719,2024Q2,2024-05-08 16:20:38-04:00,2024-05-09,2024-05-09,2024-05-09,2024-05-08,53.290000915527344,926,472,0.01142579312021393,22.72423788133091,0.011182691138932782,16.541190582518592,0.014586118876868847,4.276674918673806,0.4641194244640305,0.489981923788517,55.0,60.0
1157,CRSP,1674416,CRISPR Therapeutics AG,2836,"Biological Products, (No Diagnostic Substances)",10-Q,2024-08-05,2024-06-30,2024-08-05 20:10:26+00:00,0000950170-24-090746,https://www.sec.gov/Archives/edgar/data/1674416/000095017024090746/crsp-20240630.htm,8853,1535,data/interim/text/000095017024090746.txt.gz,95017024090746,2024Q3,2024-08-05 16:10:26-04:00,2024-08-06,2024-08-06,2024-08-06,2024-08-05,49.65999984741211,986,412,0.01163447418954027,22.91521996397218,0.011860386309725517,17.35054044900827,0.014458375691855868,4.338534654984214,0.506152646385764,0.4351067750224891,55.0,60.0
1158,CRSP,1674416,CRISPR Therapeutics AG,2836,"Biological Products, (No Diagnostic Substances)",10-Q,2024-11-05,2024-09-30,2024-11-05 14:10:55+00:00,0000950170-24-121105,https://www.sec.gov/Archives/edgar/data/1674416/000095017024121105/crsp-20240930.htm,9004,1543,data/interim/text/000095017024121105.txt.gz,95017024121105,2024Q4,2024-11-05 09:10:55-05:00,2024-11-05,2024-11-05,2024-11-05,2024-11-04,50.59000015258789,1050,348,0.011772545535317636,23.314403089970323,0.011106175033318524,17.143729064382157,0.013882718791648157,4.450963164207142,0.39713524599460515,0.548906482623944,55.0,60.0
1159,CRSP,1674416,CRISPR Therapeutics AG,2836,"Biological Products, (No Diagnostic Substances)",10-K,2025-02-11,2024-12-31,2025-02-11 21:10:29+00:00,0000950170-25-017899,https://www.sec.gov/Archives/edgar/data/1674416/000095017025017899/crsp-20241231.htm,92397,5312,data/interim/text/000095017025017899.txt.gz,95017025017899,2025Q1,2025-02-11 16:10:29-05:00,2025-02-12,2025-02-12,2025-02-12,2025-02-11,39.619998931884766,1116,282,0.024849291643668083,275.89583634725153,0.011353182462634068,70.72457858784337,0.021212809939716658,36.48097469586088,0.5171870144470939,0.6579225206423899,55.0,60.0
1160,CRSP,1674416,CRISPR Therapeutics AG,2836,"Biological Products, (No Diagnostic Substances)",10-Q,2025-05-06,2025-03-31,2025-05-06 20:10:28+00:00,0000950170-25-064468,https://www.sec.gov/Archives/edgar/data/1674416/000095017025064468/crsp-20250331.htm,9862,1758,data/interim/text/000095017025064468.txt.gz,95017025064468,2025Q2,2025-05-06 16:10:28-04:00,2025-05-07,2025-05-07,2025-05-07,2025-05-06,33.15999984741211,1174,224,0.013891705536402352,29.509902547065508,0.010444128979922937,18.97238912154362,0.015818292435611437,5.545825583011793,0.7142514500218253,0.6620144483100193,55.0,60.0
1161,CRSP,1674416,CRISPR Therapeutics AG,2836,"Biological Products, (No Diagnostic Substances)",10-Q,2025-08-04,2025-06-30,2025-08-04 20:30:24+00:00,0000950170-25-102052,https://www.sec.gov/Archives/edgar/data/1674416/000095017025102052/crsp-20250630.htm,10353,1718,data/interim/text/000095017025102052.txt.gz,95017025102052,2025Q3,2025-08-04 16:30:24-04:00,2025-08-05,2025-08-05,2025-08-05,2025-08-04,59.59000015258789,1235,163,0.010818120351588911,24.76888768465061,0.011107891432435043,18.349365585606776,0.012846517917511832,4.454116581735057,0.6441618346153066,0.5917320454646241,55.0,60.0
1162,CRSP,1674416,CRISPR Therapeutics AG,2836,"Biological Products, (No Diagnostic Substances)",10-Q,2025-11-10,2025-09-30,2025-11-10 13:15:47+00:00,0001193125-25-273337,https://www.sec.gov/Archives/edgar/data/1674416/000119312525273337/crsp-20250930.htm,11261,1854,data/interim/text/000119312525273337.txt.gz,119312525273337,2025Q4,2025-11-10 08:15:47-05:00,2025-11-10,2025-11-10,2025-11-10,2025-11-07,55.119998931884766,1303,95,0.012698694609714945,34.97423827447678,0.011100257525974603,21.7882098106316,0.013053902850546133,5.550505415916452,0.6101387193191139,0.5757627562390797,55.0,60.0
1163,COIN,1679788,"Coinbase Global, Inc.",6199,Finance Services,10-Q,2021-08-11,2021-06-30,2021-08-10 23:28:18+00:00,0001679788-21-000026,https://www.sec.gov/Archives/edgar/data/1679788/000167978821000026/coin-20210630.htm,50492,3893,data/interim/text/000167978821000026.txt.gz,167978821000026,2021Q3,2021-08-10 19:28:18-04:00,2021-08-11,2021-08-11,2021-08-11,2021-08-10,269.6700134277344,82,1162,0.03582745781509942,219.0820443982025,0.006793155351342787,39.06985541491549,0.024716786817713696,26.521721811096796,0.567128339764731,0.4642282266849746,55.0,60.0
1164,COIN,1679788,"Coinbase Global, Inc.",6199,Finance Services,10-Q,2021-11-10,2021-09-30,2021-11-10 01:07:39+00:00,0001679788-21-000071,https://www.sec.gov/Archives/edgar/data/1679788/000167978821000071/coin-20210930.htm,51814,3939,data/interim/text/000167978821000071.txt.gz,167978821000071,2021Q4,2021-11-09 20:07:39-05:00,2021-11-10,2021-11-10,2021-11-10,2021-11-09,357.3900146484375,146,1098,0.03605203226927085,222.15577683618926,0.0067163314934187675,40.6469720816207,0.02460724900606014,26.606902062834976,0.470159960380985,0.6780845963338489,55.0,60.0
1165,COIN,1679788,"Coinbase Global, Inc.",6199,Finance Services,10-K,2022-02-25,2021-12-31,2022-02-25 01:57:05+00:00,0001679788-22-000031,https://www.sec.gov/Archives/edgar/data/1679788/000167978822000031/coin-20211231.htm,63006,4376,data/interim/text/000167978822000031.txt.gz,167978822000031,2022Q1,2022-02-24 20:57:05-05:00,2022-02-25,2022-02-25,2022-02-25,2022-02-24,179.55999755859375,219,1025,0.03285401390343777,243.24521085668385,0.0060629146430498685,42.24408293332771,0.022521664603371107,32.79428269322205,0.6971621079272826,1.199029121130514,55.0,60.0
1166,COIN,1679788,"Coinbase Global, Inc.",6199,Finance Services,10-Q,2022-05-10,2022-03-31,2022-05-10 20:20:44+00:00,0001679788-22-000048,https://www.sec.gov/Archives/edgar/data/1679788/000167978822000048/coin-20220331.htm,50824,3813,data/interim/text/000167978822000048.txt.gz,167978822000048,2022Q2,2022-05-10 16:20:44-04:00,2022-05-11,2022-05-11,2022-05-11,2022-05-10,72.98999786376953,271,973,0.03844640327404376,230.74592975592034,0.006197859279080749,28.252443600557704,0.026424523847001415,26.185255771409366,0.7783004105905152,1.367584533460401,55.0,60.0
1167,COIN,1679788,"Coinbase Global, Inc.",6199,Finance Services,10-Q,2022-08-09,2022-06-30,2022-08-09 20:31:36+00:00,0001679788-22-000085,https://www.sec.gov/Archives/edgar/data/1679788/000167978822000085/coin-20220630.htm,53322,3875,data/interim/text/000167978822000085.txt.gz,167978822000085,2022Q3,2022-08-09 16:31:36-04:00,2022-08-10,2022-08-10,2022-08-10,2022-08-09,87.68000030517578,333,911,0.03812685195604066,234.3796678262822,0.006057537226660665,28.779755446869746,0.02597426953227561,26.61688034171116,1.3497797435937655,0.86968590164025,55.0,60.0
1168,COIN,1679788,"Coinbase Global, Inc.",6199,Finance Services,10-Q,2022-11-03,2022-09-30,2022-11-03 20:15:08+00:00,0001679788-22-000116,https://www.sec.gov/Archives/edgar/data/1679788/000167978822000116/coin-20220930.htm,53981,3883,data/interim/text/000167978822000116.txt.gz,167978822000116,2022Q4,2022-11-03 16:15:08-04:00,2022-11-04,2022-11-04,2022-11-04,2022-11-03,55.79999923706055,394,850,0.03788369982030715,234.40860680096614,0.006224412293214279,30.69882258024225,0.025990626331487004,26.28832019475793,0.8808366719851213,1.2036608260764075,55.0,60.0
1169,COIN,1679788,"Coinbase Global, Inc.",6199,Finance Services,10-K,2023-02-21,2022-12-31,2023-02-21 21:37:42+00:00,0001679788-23-000031,https://www.sec.gov/Archives/edgar/data/1679788/000167978823000031/coin-20221231.htm,68839,4465,data/interim/text/000167978823000031.txt.gz,167978823000031,2023Q1,2023-02-21 16:37:42-05:00,2023-02-22,2023-02-22,2023-02-22,2023-02-21,62.06999969482422,467,777,0.03405046557910487,265.65323104515426,0.0057816063568616625,41.6742314794425,0.023620331498133324,35.09745805268297,1.1815584100169456,0.9293335127206472,55.0,60.0
1170,COIN,1679788,"Coinbase Global, Inc.",6199,Finance Services,10-Q,2023-05-04,2023-03-31,2023-05-04 20:18:08+00:00,0001679788-23-000073,https://www.sec.gov/Archives/edgar/data/1679788/000167978823000073/coin-20230331.htm,56573,3990,data/interim/text/000167978823000073.txt.gz,167978823000073,2023Q2,2023-05-04 16:18:08-04:00,2023-05-05,2023-05-05,2023-05-05,2023-05-04,49.220001220703125,518,726,0.038958513778657666,250.34912230039345,0.0060099340674880245,31.694091011747986,0.027221466070386932,31.091004132415353,0.9640281589864865,0.9032680379027763,55.0,60.0
1171,COIN,1679788,"Coinbase Global, Inc.",6199,Finance Services,10-Q,2023-08-03,2023-06-30,2023-08-03 20:13:52+00:00,0001679788-23-000106,https://www.sec.gov/Archives/edgar/data/1679788/000167978823000106/coin-20230630.htm,56062,3968,data/interim/text/000167978823000106.txt.gz,167978823000106,2023Q3,2023-08-03 16:13:52-04:00,2023-08-04,2023-08-04,2023-08-04,2023-08-03,90.75,580,664,0.03929577967250544,249.74506475113392,0.006153901038136349,32.515025548993584,0.027237701116620883,29.425203424251922,0.9258083689846808,0.5961165935255546,55.0,60.0
1172,COIN,1679788,"Coinbase Global, Inc.",6199,Finance Services,10-Q,2023-11-02,2023-09-30,2023-11-02 20:17:17+00:00,0001679788-23-000113,https://www.sec.gov/Archives/edgar/data/1679788/000167978823000113/coin-20230930.htm,58929,4052,data/interim/text/000167978823000113.txt.gz,167978823000113,2023Q4,2023-11-02 16:17:17-04:00,2023-11-03,2023-11-03,2023-11-03,2023-11-02,84.5999984741211,644,600,0.03867365813097117,253.1718325888337,0.006244803068098899,35.3717432030702,0.026794956642739568,29.306058847600486,0.566960851820068,0.6990420642355731,55.0,60.0
1173,COIN,1679788,"Coinbase Global, Inc.",6199,Finance Services,10-K,2024-02-15,2023-12-31,2024-02-15 21:34:25+00:00,0001679788-24-000022,https://www.sec.gov/Archives/edgar/data/1679788/000167978824000022/coin-20231231.htm,73159,4564,data/interim/text/000167978824000022.txt.gz,167978824000022,2024Q1,2024-02-15 16:34:25-05:00,2024-02-16,2024-02-16,2024-02-16,2024-02-15,165.6699981689453,715,529,0.03411747016771689,265.74557630996696,0.005672576169712544,40.902912975963915,0.023975177353435666,32.13291248644933,0.7308489494197242,0.8821843659042583,55.0,60.0
1174,COIN,1679788,"Coinbase Global, Inc.",6199,Finance Services,10-Q,2024-05-02,2024-03-31,2024-05-02 20:11:54+00:00,0001679788-24-000089,https://www.sec.gov/Archives/edgar/data/1679788/000167978824000089/coin-20240331.htm,55328,3923,data/interim/text/000167978824000089.txt.gz,167978824000089,2024Q2,2024-05-02 16:11:54-04:00,2024-05-03,2024-05-03,2024-05-03,2024-05-02,228.8500061035156,768,476,0.038859167148640836,243.2382421488068,0.0066331694621168304,31.804362389917287,0.027056824754193177,28.22991295810769,0.9205187134405937,0.7177055164961914,55.0,60.0
1175,COIN,1679788,"Coinbase Global, Inc.",6199,Finance Services,10-Q,2024-08-01,2024-06-30,2024-08-01 20:15:55+00:00,0001679788-24-000149,https://www.sec.gov/Archives/edgar/data/1679788/000167978824000149/coin-20240630.htm,55821,3923,data/interim/text/000167978824000149.txt.gz,167978824000149,2024Q3,2024-08-01 16:15:55-04:00,2024-08-02,2024-08-02,2024-08-02,2024-08-01,212.63999938964844,830,414,0.038695114741763854,241.89824466191158,0.006520843410186131,30.59085416440597,0.026656634599881764,28.297523119017953,0.7125707189876154,0.7508360102629843,55.0,60.0
1176,COIN,1679788,"Coinbase Global, Inc.",6199,Finance Services,10-Q,2024-10-30,2024-09-30,2024-10-30 20:15:11+00:00,0001679788-24-000187,https://www.sec.gov/Archives/edgar/data/1679788/000167978824000187/coin-20240930.htm,56897,3944,data/interim/text/000167978824000187.txt.gz,167978824000187,2024Q4,2024-10-30 16:15:11-04:00,2024-10-31,2024-10-31,2024-10-31,2024-10-30,211.7400054931641,893,351,0.03794576163945375,242.28583833647622,0.006590857162943564,31.007613925599085,0.02655676046188727,29.047308991584877,0.7068929571283211,1.0423346931797788,55.0,60.0
1177,COIN,1679788,"Coinbase Global, Inc.",6199,Finance Services,10-K,2025-02-13,2024-12-31,2025-02-13 21:16:43+00:00,0001679788-25-000022,https://www.sec.gov/Archives/edgar/data/1679788/000167978825000022/coin-20241231.htm,71214,4530,data/interim/text/000167978825000022.txt.gz,167978825000022,2025Q1,2025-02-13 16:16:43-05:00,2025-02-14,2025-02-14,2025-02-14,2025-02-13,298.1099853515625,964,280,0.03320976212542478,255.5744159261553,0.00557474653860196,37.470400559328645,0.02440531356194007,35.11361183215748,0.7075444614058183,0.9612764878638071,55.0,60.0
1178,COIN,1679788,"Coinbase Global, Inc.",6199,Finance Services,10-Q,2025-05-08,2025-03-31,2025-05-08 20:17:45+00:00,0001679788-25-000089,https://www.sec.gov/Archives/edgar/data/1679788/000167978825000089/coin-20250331.htm,51576,3803,data/interim/text/000167978825000089.txt.gz,167978825000089,2025Q2,2025-05-08 16:17:45-04:00,2025-05-09,2025-05-09,2025-05-09,2025-05-08,206.5,1022,222,0.03959205832170001,233.77856013254765,0.006165658445788739,28.12306723760509,0.02782301845819761,26.821518620462236,0.8482315805060386,0.7543415625251695,55.0,60.0
1179,COIN,1679788,"Coinbase Global, Inc.",6199,Finance Services,10-Q,2025-07-31,2025-06-30,2025-07-31 20:16:44+00:00,0001679788-25-000154,https://www.sec.gov/Archives/edgar/data/1679788/000167978825000154/coin-20250630.htm,52449,3832,data/interim/text/000167978825000154.txt.gz,167978825000154,2025Q3,2025-07-31 16:16:44-04:00,2025-08-01,2025-08-01,2025-08-01,2025-07-31,377.760009765625,1079,165,0.03971477053899979,236.6461644157928,0.006177429502945719,29.785964269053768,0.027550572937520258,25.973199487254032,0.8415475659539052,0.5362021333383206,55.0,60.0
1180,COIN,1679788,"Coinbase Global, Inc.",6199,Finance Services,10-Q,2025-10-30,2025-09-30,2025-10-30 20:12:04+00:00,0001679788-25-000208,https://www.sec.gov/Archives/edgar/data/1679788/000167978825000208/coin-20250930.htm,52758,3821,data/interim/text/000167978825000208.txt.gz,167978825000208,2025Q4,2025-10-30 16:12:04-04:00,2025-10-31,2025-10-31,2025-10-31,2025-10-30,328.510009765625,1143,101,0.03908411994389476,235.20504455208177,0.00612229424921339,31.08424267989633,0.02731339322946283,25.926188093359357,0.49913180771016913,0.5422302352084074,55.0,60.0
1181,TEM,1717115,"Tempus AI, Inc.",7370,"Services-Computer Programming, Data Processing, Etc.",10-Q,2024-11-04,2024-09-30,2024-11-04 21:05:28+00:00,0000950170-24-120677,https://www.sec.gov/Archives/edgar/data/1717115/000095017024120677/tem-20240930.htm,68269,4385,data/interim/text/000095017024120677.txt.gz,95017024120677,2024Q4,2024-11-04 16:05:28-05:00,2024-11-05,2024-11-05,2024-11-05,2024-11-04,49.5,98,348,0.03370490266445971,257.84531328632295,0.008261436376686344,50.63745833456053,0.027010795529449676,39.33069882995063,1.1256769708682464,1.293982986368901,55.0,60.0
1182,TEM,1717115,"Tempus AI, Inc.",7370,"Services-Computer Programming, Data Processing, Etc.",10-K,2025-02-24,2024-12-31,2025-02-24 21:05:55+00:00,0000950170-25-025603,https://www.sec.gov/Archives/edgar/data/1717115/000095017025025603/tem-20241231.htm,94900,5507,data/interim/text/000095017025025603.txt.gz,95017025025603,2025Q1,2025-02-24 16:05:55-05:00,2025-02-25,2025-02-25,2025-02-25,2025-02-24,69.56999969482422,172,274,0.028577449947312962,308.01687928735157,0.008113804004214964,71.87996378344637,0.023119072708113805,45.994450332215955,1.2408343204894465,1.0904578629515906,55.0,60.0
1183,TEM,1717115,"Tempus AI, Inc.",7370,"Services-Computer Programming, Data Processing, Etc.",10-Q,2025-05-06,2025-03-31,2025-05-06 20:07:27+00:00,0000950170-25-064447,https://www.sec.gov/Archives/edgar/data/1717115/000095017025064447/tem-20250331.htm,13815,1849,data/interim/text/000095017025064447.txt.gz,95017025064447,2025Q2,2025-05-06 16:07:27-04:00,2025-05-07,2025-05-07,2025-05-07,2025-05-06,52.18999862670898,222,224,0.013463626492942454,24.255509043851898,0.004415490408975751,12.407018008295232,0.013680781758957655,10.06829876087924,1.1827900337350599,0.8174653132126699,55.0,60.0
1184,TEM,1717115,"Tempus AI, Inc.",7370,"Services-Computer Programming, Data Processing, Etc.",10-Q,2025-08-08,2025-06-30,2025-08-08 10:06:45+00:00,0000950170-25-105449,https://www.sec.gov/Archives/edgar/data/1717115/000095017025105449/tem-20250630.htm,19478,2083,data/interim/text/000095017025105449.txt.gz,95017025105449,2025Q3,2025-08-08 06:06:45-04:00,2025-08-08,2025-08-08,2025-08-08,2025-08-07,58.7400016784668,286,160,0.012218913646164904,32.46933067239699,0.004004517917650683,13.706295614219323,0.012989013245713112,9.461952491215461,0.832260064353324,0.6913451386149821,55.0,60.0
1185,TEM,1717115,"Tempus AI, Inc.",7370,"Services-Computer Programming, Data Processing, Etc.",10-Q,2025-11-04,2025-09-30,2025-11-04 21:06:30+00:00,0001193125-25-264652,https://www.sec.gov/Archives/edgar/data/1717115/000119312525264652/tem-20250930.htm,18969,2022,data/interim/text/000119312525264652.txt.gz,119312525264652,2025Q4,2025-11-04 16:06:30-05:00,2025-11-05,2025-11-05,2025-11-05,2025-11-04,84.48999786376953,348,98,0.012599504454636512,28.585071623322204,0.004059254573251094,13.269638744354914,0.014391902577890242,15.03544666768417,0.6767896836903771,0.5395883350720779,55.0,60.0
1186,AVGO,1730168,Broadcom Inc.,3674,Semiconductors & Related Devices,10-Q,2021-03-12,2021-01-31,2021-03-12 21:37:52+00:00,0001730168-21-000045,https://www.sec.gov/Archives/edgar/data/1730168/000173016821000045/avgo-20210131.htm,23744,2469,data/interim/text/000173016821000045.txt.gz,173016821000045,2021Q1,2021-03-12 16:37:52-05:00,2021-03-13,2021-03-13,2021-03-15,2021-03-12,40.43864059448242,132,1266,0.032387129380053906,100.41054898669161,0.004422169811320755,17.728586223563955,0.02834400269541779,12.884291395361236,0.32004063983701253,0.2870294440840319,55.0,60.0
1187,AVGO,1730168,Broadcom Inc.,3674,Semiconductors & Related Devices,10-Q,2021-06-11,2021-05-02,2021-06-11 19:22:26+00:00,0001730168-21-000116,https://www.sec.gov/Archives/edgar/data/1730168/000173016821000116/avgo-20210502.htm,23783,2445,data/interim/text/000173016821000116.txt.gz,173016821000116,2021Q2,2021-06-11 15:22:26-04:00,2021-06-11,2021-06-11,2021-06-11,2021-06-10,42.33552551269531,194,1204,0.032039692217129885,97.0033428891867,0.004541058739435731,18.73019938591482,0.032165832737669764,12.461887692193724,0.3038049278334832,0.16228299549226932,55.0,60.0
1188,AVGO,1730168,Broadcom Inc.,3674,Semiconductors & Related Devices,10-Q,2021-09-09,2021-08-01,2021-09-09 20:19:53+00:00,0001730168-21-000123,https://www.sec.gov/Archives/edgar/data/1730168/000173016821000123/avgo-20210801.htm,24152,2453,data/interim/text/000173016821000123.txt.gz,173016821000123,2021Q3,2021-09-09 16:19:53-04:00,2021-09-10,2021-09-10,2021-09-10,2021-09-09,44.92647933959961,257,1141,0.03200563100364359,99.80314190097126,0.004347466048360385,18.435263565885197,0.02823782709506459,13.646251141139551,0.16814817576244723,0.22601453408862757,55.0,60.0
1189,AVGO,1730168,Broadcom Inc.,3674,Semiconductors & Related Devices,10-K,2021-12-17,2021-10-31,2021-12-17 21:42:51+00:00,0001730168-21-000153,https://www.sec.gov/Archives/edgar/data/1730168/000173016821000153/avgo-20211031.htm,37463,3559,data/interim/text/000173016821000153.txt.gz,173016821000153,2021Q4,2021-12-17 16:42:51-05:00,2021-12-18,2021-12-18,2021-12-20,2021-12-17,58.22930908203125,327,1071,0.02471772148519873,125.14282977498628,0.006593171929637242,42.064440366537035,0.022555588180337934,21.332389497494855,0.28346474316586884,0.3749085625854982,55.0,60.0
1190,AVGO,1730168,Broadcom Inc.,3674,Semiconductors & Related Devices,10-Q,2022-03-10,2022-01-30,2022-03-10 21:31:23+00:00,0001730168-22-000029,https://www.sec.gov/Archives/edgar/data/1730168/000173016822000029/avgo-20220130.htm,20443,2316,data/interim/text/000173016822000029.txt.gz,173016822000029,2022Q1,2022-03-10 16:31:23-05:00,2022-03-11,2022-03-11,2022-03-11,2022-03-10,54.24285125732422,383,1015,0.03673629115100523,101.7150727549425,0.005234065450276378,19.35885409493787,0.03160005869979944,14.266400020159931,0.36661407622029324,0.3997622735971103,55.0,60.0
1191,AVGO,1730168,Broadcom Inc.,3674,Semiconductors & Related Devices,10-Q,2022-06-09,2022-05-01,2022-06-09 20:12:03+00:00,0001730168-22-000081,https://www.sec.gov/Archives/edgar/data/1730168/000173016822000081/avgo-20220501.htm,24079,2491,data/interim/text/000173016822000081.txt.gz,173016822000081,2022Q2,2022-06-09 16:12:03-04:00,2022-06-10,2022-06-10,2022-06-10,2022-06-09,51.681861877441406,446,952,0.0328917313841937,101.56414578934687,0.005232775447485361,20.798397762270657,0.032850201420324764,15.594555309384349,0.40976376598030484,0.32153680057848844,55.0,60.0
1192,AVGO,1730168,Broadcom Inc.,3674,Semiconductors & Related Devices,10-Q,2022-09-08,2022-07-31,2022-09-08 20:16:55+00:00,0001730168-22-000094,https://www.sec.gov/Archives/edgar/data/1730168/000173016822000094/avgo-20220731.htm,24273,2484,data/interim/text/000173016822000094.txt.gz,173016822000094,2022Q3,2022-09-08 16:16:55-04:00,2022-09-09,2022-09-09,2022-09-09,2022-09-08,47.96095275878906,508,890,0.03262884686688913,102.730461082008,0.005026160754748074,20.337775653817328,0.029415399826968235,15.810960412055392,0.32719301150822494,0.38558093724254705,55.0,60.0
1193,AVGO,1730168,Broadcom Inc.,3674,Semiconductors & Related Devices,10-K,2022-12-16,2022-10-30,2022-12-16 21:21:52+00:00,0001730168-22-000118,https://www.sec.gov/Archives/edgar/data/1730168/000173016822000118/avgo-20221030.htm,36757,3532,data/interim/text/000173016822000118.txt.gz,173016822000118,2022Q4,2022-12-16 16:21:52-05:00,2022-12-17,2022-12-17,2022-12-19,2022-12-16,52.51797866821289,578,820,0.025165274641564872,120.32909277211158,0.007100688304268575,41.176070092310326,0.02287999564708763,20.425609924216197,0.3988697357803377,0.26548894477763324,55.0,60.0
1194,AVGO,1730168,Broadcom Inc.,3674,Semiconductors & Related Devices,10-Q,2023-03-08,2023-01-29,2023-03-08 21:10:18+00:00,0001730168-23-000008,https://www.sec.gov/Archives/edgar/data/1730168/000173016823000008/avgo-20230129.htm,22649,2448,data/interim/text/000173016823000008.txt.gz,173016823000008,2023Q1,2023-03-08 16:10:18-05:00,2023-03-09,2023-03-09,2023-03-09,2023-03-08,60.22931289672852,632,766,0.033997085964060224,99.4647948313786,0.005209943043842995,19.298631565018724,0.030994745904896464,16.750182188943157,0.264027100602214,0.3483693647818053,55.0,60.0
1195,AVGO,1730168,Broadcom Inc.,3674,Semiconductors & Related Devices,10-Q,2023-06-07,2023-04-30,2023-06-07 20:22:00+00:00,0001730168-23-000064,https://www.sec.gov/Archives/edgar/data/1730168/000173016823000064/avgo-20230430.htm,23043,2429,data/interim/text/000173016823000064.txt.gz,173016823000064,2023Q2,2023-06-07 16:22:00-04:00,2023-06-08,2023-06-08,2023-06-08,2023-06-07,76.0496597290039,695,703,0.03345918500195287,96.11138716792225,0.005120860999001866,19.149949233014134,0.031289328646443605,15.739794263679084,0.3536937019871052,0.3125218979756582,55.0,60.0
1196,AVGO,1730168,Broadcom Inc.,3674,Semiconductors & Related Devices,10-Q,2023-09-06,2023-07-30,2023-09-06 20:16:18+00:00,0001730168-23-000077,https://www.sec.gov/Archives/edgar/data/1730168/000173016823000077/avgo-20230730.htm,23198,2432,data/interim/text/000173016823000077.txt.gz,173016823000077,2023Q3,2023-09-06 16:16:18-04:00,2023-09-07,2023-09-07,2023-09-07,2023-09-06,84.13667297363281,757,641,0.032890766445383225,95.26650008268962,0.005086645400465557,19.03425095085833,0.030261229416328993,15.7176770564444,0.3215814920608375,0.2874831388740635,55.0,60.0
1197,AVGO,1730168,Broadcom Inc.,3674,Semiconductors & Related Devices,10-K,2023-12-14,2023-10-29,2023-12-14 21:54:05+00:00,0001730168-23-000096,https://www.sec.gov/Archives/edgar/data/1730168/000173016823000096/avgo-20231029.htm,35666,3506,data/interim/text/000173016823000096.txt.gz,173016823000096,2023Q4,2023-12-14 16:54:05-05:00,2023-12-15,2023-12-15,2023-12-15,2023-12-14,107.3101577758789,827,571,0.026832277238826894,132.93113458686793,0.007458083328660349,39.60863578842396,0.024617282566029273,19.992353410944766,0.2919704369670637,0.37325021629373994,55.0,60.0
1198,AVGO,1730168,Broadcom Inc.,3674,Semiconductors & Related Devices,10-Q,2024-03-14,2024-02-04,2024-03-14 20:59:58+00:00,0001730168-24-000023,https://www.sec.gov/Archives/edgar/data/1730168/000173016824000023/avgo-20240204.htm,21664,2369,data/interim/text/000173016824000023.txt.gz,173016824000023,2024Q1,2024-03-14 16:59:58-04:00,2024-03-15,2024-03-15,2024-03-15,2024-03-14,122.9809799194336,888,510,0.03701994091580502,107.6741119901871,0.0051698670605613,18.91159228309814,0.03286558345642541,14.9720284072865,0.35209501607645044,0.44249014789766755,55.0,60.0
1199,AVGO,1730168,Broadcom Inc.,3674,Semiconductors & Related Devices,10-Q,2024-06-13,2024-05-05,2024-06-13 00:14:25+00:00,0001730168-24-000080,https://www.sec.gov/Archives/edgar/data/1730168/000173016824000080/avgo-20240505.htm,22106,2395,data/interim/text/000173016824000080.txt.gz,173016824000080,2024Q2,2024-06-12 20:14:25-04:00,2024-06-13,2024-06-13,2024-06-13,2024-06-12,146.32571411132812,950,448,0.03691305527910974,108.40390166929502,0.00511173437075907,19.50325257519592,0.03505835519768389,14.957654434568454,0.3795997703386802,0.6239687182946768,55.0,60.0
1200,AVGO,1730168,Broadcom Inc.,3674,Semiconductors & Related Devices,10-Q,2024-09-11,2024-08-04,2024-09-11 20:37:29+00:00,0001730168-24-000099,https://www.sec.gov/Archives/edgar/data/1730168/000173016824000099/avgo-20240804.htm,22291,2411,data/interim/text/000173016824000099.txt.gz,173016824000099,2024Q3,2024-09-11 16:37:29-04:00,2024-09-12,2024-09-12,2024-09-12,2024-09-11,155.34840393066406,1012,386,0.03745906419631241,109.01827811114629,0.005383338567134718,20.634515960838968,0.031986003319725446,15.061789571470564,0.5849263597425569,0.36336241332137487,55.0,60.0
1201,AVGO,1730168,Broadcom Inc.,3674,Semiconductors & Related Devices,10-K,2024-12-20,2024-11-03,2024-12-20 22:26:46+00:00,0001730168-24-000139,https://www.sec.gov/Archives/edgar/data/1730168/000173016824000139/avgo-20241103.htm,33925,3484,data/interim/text/000173016824000139.txt.gz,173016824000139,2024Q4,2024-12-20 17:26:46-05:00,2024-12-21,2024-12-21,2024-12-23,2024-12-20,217.4270782470703,1083,315,0.02552689756816507,124.24176306881874,0.008047162859248343,42.32161932513592,0.022137067059690495,16.346465059635012,0.6381837269602645,0.5945379031864537,55.0,60.0
1202,AVGO,1730168,Broadcom Inc.,3674,Semiconductors & Related Devices,10-Q,2025-03-12,2025-02-02,2025-03-12 20:38:04+00:00,0001730168-25-000021,https://www.sec.gov/Archives/edgar/data/1730168/000173016825000021/avgo-20250202.htm,18317,2183,data/interim/text/000173016825000021.txt.gz,173016825000021,2025Q1,2025-03-12 16:38:04-04:00,2025-03-13,2025-03-13,2025-03-13,2025-03-12,191.7841033935547,1136,262,0.03827045913632145,98.69678190911367,0.005841567942348638,21.093394530575672,0.030791068406398427,11.49929636310327,0.82181197371943,0.6212294554365106,55.0,60.0
1203,AVGO,1730168,Broadcom Inc.,3674,Semiconductors & Related Devices,10-Q,2025-06-11,2025-05-04,2025-06-11 20:08:32+00:00,0001730168-25-000064,https://www.sec.gov/Archives/edgar/data/1730168/000173016825000064/avgo-20250504.htm,19049,2203,data/interim/text/000173016825000064.txt.gz,173016825000064,2025Q2,2025-06-11 16:08:32-04:00,2025-06-12,2025-06-12,2025-06-12,2025-06-11,250.4808349609375,1199,199,0.03779725969867185,97.10288423857892,0.00587957373090451,20.938715325567244,0.03580240432568639,12.400389082310662,0.6382220852793055,0.3967400325284182,55.0,60.0
1204,AVGO,1730168,Broadcom Inc.,3674,Semiconductors & Related Devices,10-Q,2025-09-10,2025-08-03,2025-09-10 20:00:41+00:00,0001730168-25-000098,https://www.sec.gov/Archives/edgar/data/1730168/000173016825000098/avgo-20250803.htm,19375,2228,data/interim/text/000173016825000098.txt.gz,173016825000098,2025Q3,2025-09-10 16:00:41-04:00,2025-09-11,2025-09-11,2025-09-11,2025-09-10,366.8818359375,1261,137,0.03845161290322581,99.16195661999086,0.005987096774193549,22.463093142193703,0.031019354838709677,11.946644791083063,0.2891135574352802,0.4537000791216014,55.0,60.0
1205,AVGO,1730168,Broadcom Inc.,3674,Semiconductors & Related Devices,10-K,2025-12-18,2025-11-02,2025-12-18 21:04:47+00:00,0001730168-25-000121,https://www.sec.gov/Archives/edgar/data/1730168/000173016825000121/avgo-20251102.htm,31776,3248,data/interim/text/000173016825000121.txt.gz,173016825000121,2025Q4,2025-12-18 16:04:47-05:00,2025-12-19,2025-12-19,2025-12-19,2025-12-18,328.0415954589844,1331,67,0.026781218529707957,118.02043366145634,0.007426988922457201,36.07384987601855,0.022721550855991944,19.513901806357747,0.46530038879147245,0.37583007131944796,55.0,60.0
1206,BEAM,1745999,Beam Therapeutics Inc.,2836,"Biological Products, (No Diagnostic Substances)",10-K,2021-03-15,2020-12-31,2021-03-15 21:01:37+00:00,0001564590-21-013190,https://www.sec.gov/Archives/edgar/data/1745999/000156459021013190/beam-10k_20201231.htm,105323,5301,data/interim/text/000156459021013190.txt.gz,156459021013190,2021Q1,2021-03-15 17:01:37-04:00,2021-03-16,2021-03-16,2021-03-16,2021-03-15,94.81999969482422,133,1265,0.02329025948748137,257.6507154759676,0.010928287268687751,75.09606972432721,0.021875563742012667,43.98878761900312,1.09698714255076,0.6495388012187302,55.0,60.0
1207,BEAM,1745999,Beam Therapeutics Inc.,2836,"Biological Products, (No Diagnostic Substances)",10-Q,2021-05-11,2021-03-31,2021-05-11 20:16:05+00:00,0001564590-21-026555,https://www.sec.gov/Archives/edgar/data/1745999/000156459021026555/beam-10q_20210331.htm,15152,2152,data/interim/text/000156459021026555.txt.gz,156459021026555,2021Q2,2021-05-11 16:16:05-04:00,2021-05-12,2021-05-12,2021-05-12,2021-05-11,66.19999694824219,173,1225,0.019469376979936642,61.19018594687099,0.009899683210137275,23.57837879866408,0.018809398099260823,15.87929553607016,0.9156046333050314,0.8453167413805497,55.0,60.0
1208,BEAM,1745999,Beam Therapeutics Inc.,2836,"Biological Products, (No Diagnostic Substances)",10-Q,2021-08-10,2021-06-30,2021-08-10 11:46:47+00:00,0000950170-21-001110,https://www.sec.gov/Archives/edgar/data/1745999/000095017021001110/beam-20210630.htm,16100,2198,data/interim/text/000095017021001110.txt.gz,95017021001110,2021Q3,2021-08-10 07:46:47-04:00,2021-08-10,2021-08-10,2021-08-10,2021-08-09,106.95999908447266,235,1163,0.0168944099378882,51.42496177649224,0.009565217391304347,22.62590051597363,0.016956521739130436,15.166273181872487,0.83472204262713,0.551999077028178,55.0,60.0
1209,BEAM,1745999,Beam Therapeutics Inc.,2836,"Biological Products, (No Diagnostic Substances)",10-Q,2021-11-08,2021-09-30,2021-11-08 13:31:03+00:00,0000950170-21-003317,https://www.sec.gov/Archives/edgar/data/1745999/000095017021003317/beam-20210930.htm,17348,2292,data/interim/text/000095017021003317.txt.gz,95017021003317,2021Q4,2021-11-08 08:31:03-05:00,2021-11-08,2021-11-08,2021-11-08,2021-11-05,89.52999877929688,298,1100,0.01637076320036892,54.43993290984844,0.010433479363615402,26.440582775244494,0.016082545538390593,15.88301739085959,0.5042741040588168,0.8407648675916224,55.0,60.0
1210,BEAM,1745999,Beam Therapeutics Inc.,2836,"Biological Products, (No Diagnostic Substances)",10-K,2022-02-28,2021-12-31,2022-02-28 12:31:52+00:00,0000950170-22-002166,https://www.sec.gov/Archives/edgar/data/1745999/000095017022002166/beam-20211231.htm,105441,5494,data/interim/text/000095017022002166.txt.gz,95017022002166,2022Q1,2022-02-28 07:31:52-05:00,2022-02-28,2022-02-28,2022-02-28,2022-02-25,74.75,374,1024,0.024326400546277063,284.4180258591317,0.011181608672148406,86.51908542494233,0.02319780730455895,54.25625788664311,0.912888647470324,0.9865298511172191,55.0,60.0
1211,BEAM,1745999,Beam Therapeutics Inc.,2836,"Biological Products, (No Diagnostic Substances)",10-Q,2022-05-09,2022-03-31,2022-05-09 11:33:18+00:00,0000950170-22-008238,https://www.sec.gov/Archives/edgar/data/1745999/000095017022008238/beam-20220331.htm,16811,2349,data/interim/text/000095017022008238.txt.gz,95017022008238,2022Q2,2022-05-09 07:33:18-04:00,2022-05-09,2022-05-09,2022-05-09,2022-05-06,35.68000030517578,423,975,0.0176075188864434,64.97426328112842,0.010885729581821426,28.566160687764597,0.017012670275414907,15.97955444596324,0.8309408997741581,0.9588582322878295,55.0,60.0
1212,BEAM,1745999,Beam Therapeutics Inc.,2836,"Biological Products, (No Diagnostic Substances)",10-Q,2022-08-09,2022-06-30,2022-08-09 11:31:25+00:00,0000950170-22-015755,https://www.sec.gov/Archives/edgar/data/1745999/000095017022015755/beam-20220630.htm,18786,2423,data/interim/text/000095017022015755.txt.gz,95017022015755,2022Q3,2022-08-09 07:31:25-04:00,2022-08-09,2022-08-09,2022-08-09,2022-08-08,63.68999862670898,486,912,0.018897050995422122,72.18864051812548,0.010752688172043012,29.024915005057032,0.016182263387629084,17.45242036753839,0.9905225894068385,0.7888624977649628,55.0,60.0
1213,BEAM,1745999,Beam Therapeutics Inc.,2836,"Biological Products, (No Diagnostic Substances)",10-Q,2022-11-07,2022-09-30,2022-11-07 12:31:12+00:00,0000950170-22-022322,https://www.sec.gov/Archives/edgar/data/1745999/000095017022022322/beam-20220930.htm,19621,2479,data/interim/text/000095017022022322.txt.gz,95017022022322,2022Q4,2022-11-07 07:31:12-05:00,2022-11-07,2022-11-07,2022-11-07,2022-11-04,42.79999923706055,549,849,0.019417970541766475,75.88707328357194,0.011110544824422813,29.52548530433203,0.015187808980174303,17.325462273762945,0.7722987640644502,0.6824601086307395,55.0,60.0
1214,BEAM,1745999,Beam Therapeutics Inc.,2836,"Biological Products, (No Diagnostic Substances)",10-K,2023-02-28,2022-12-31,2023-02-28 12:31:07+00:00,0000950170-23-004866,https://www.sec.gov/Archives/edgar/data/1745999/000095017023004866/beam-20221231.htm,108766,5575,data/interim/text/000095017023004866.txt.gz,95017023004866,2023Q1,2023-02-28 07:31:07-05:00,2023-02-28,2023-02-28,2023-02-28,2023-02-27,38.9900016784668,625,773,0.0245940827096703,292.46740998737886,0.011088023830976592,83.77785092546594,0.02222201791000864,50.456762016259155,0.6434147388710569,0.5227592659567667,55.0,60.0
1215,BEAM,1745999,Beam Therapeutics Inc.,2836,"Biological Products, (No Diagnostic Substances)",10-Q,2023-05-10,2023-03-31,2023-05-10 11:31:14+00:00,0000950170-23-020090,https://www.sec.gov/Archives/edgar/data/1745999/000095017023020090/beam-20230331.htm,15931,2227,data/interim/text/000095017023020090.txt.gz,95017023020090,2023Q2,2023-05-10 07:31:14-04:00,2023-05-10,2023-05-10,2023-05-10,2023-05-09,34.5099983215332,675,723,0.01782687841315674,60.341118905882674,0.009729458288870755,20.096675645344618,0.017387483522691607,13.014685709666779,0.5169042500314532,0.4414128354036609,55.0,60.0
1216,BEAM,1745999,Beam Therapeutics Inc.,2836,"Biological Products, (No Diagnostic Substances)",10-Q,2023-08-08,2023-06-30,2023-08-08 11:30:55+00:00,0000950170-23-039364,https://www.sec.gov/Archives/edgar/data/1745999/000095017023039364/beam-20230630.htm,16473,2209,data/interim/text/000095017023039364.txt.gz,95017023039364,2023Q3,2023-08-08 07:30:55-04:00,2023-08-08,2023-08-08,2023-08-08,2023-08-07,25.540000915527344,736,662,0.0171796272688642,60.233593067439124,0.0097128634735628,19.4019184173949,0.01675468949189583,12.806240149705616,0.45472844039219856,0.6650186514532042,55.0,60.0
1217,BEAM,1745999,Beam Therapeutics Inc.,2836,"Biological Products, (No Diagnostic Substances)",10-Q,2023-11-08,2023-09-30,2023-11-08 12:30:30+00:00,0000950170-23-060683,https://www.sec.gov/Archives/edgar/data/1745999/000095017023060683/beam-20230930.htm,18600,2274,data/interim/text/000095017023060683.txt.gz,95017023060683,2023Q4,2023-11-08 07:30:30-05:00,2023-11-08,2023-11-08,2023-11-08,2023-11-07,24.989999771118164,801,597,0.01967741935483871,65.88735216832013,0.011344086021505377,23.648138941966057,0.017741935483870968,12.126211060850858,0.6113424207269116,0.8431618338142998,55.0,60.0
1218,BEAM,1745999,Beam Therapeutics Inc.,2836,"Biological Products, (No Diagnostic Substances)",10-K,2024-02-27,2023-12-31,2024-02-27 12:22:28+00:00,0000950170-24-020622,https://www.sec.gov/Archives/edgar/data/1745999/000095017024020622/beam-20231231.htm,104507,5367,data/interim/text/000095017024020622.txt.gz,95017024020622,2024Q1,2024-02-27 07:22:28-05:00,2024-02-27,2024-02-27,2024-02-27,2024-02-26,35.79999923706055,875,523,0.025787746275369113,286.19475891686403,0.011138009894074081,80.79715556748005,0.02287885022055939,45.354591225923656,0.8447117849314112,0.5304648084492802,55.0,60.0
1219,BEAM,1745999,Beam Therapeutics Inc.,2836,"Biological Products, (No Diagnostic Substances)",10-Q,2024-05-07,2024-03-31,2024-05-07 11:19:17+00:00,0000950170-24-053939,https://www.sec.gov/Archives/edgar/data/1745999/000095017024053939/beam-20240331.htm,10819,1701,data/interim/text/000095017024053939.txt.gz,95017024053939,2024Q2,2024-05-07 07:19:17-04:00,2024-05-07,2024-05-07,2024-05-07,2024-05-06,22.780000686645508,924,474,0.00831869858582124,17.373363550221832,0.010906738145854515,14.450005869539659,0.013864497643035401,8.447590154723645,0.8750007746164814,0.669202930585191,55.0,60.0
1220,BEAM,1745999,Beam Therapeutics Inc.,2836,"Biological Products, (No Diagnostic Substances)",10-Q,2024-08-06,2024-06-30,2024-08-06 12:55:36+00:00,0000950170-24-091242,https://www.sec.gov/Archives/edgar/data/1745999/000095017024091242/beam-20240630.htm,11369,1680,data/interim/text/000095017024091242.txt.gz,95017024091242,2024Q3,2024-08-06 08:55:36-04:00,2024-08-06,2024-08-06,2024-08-06,2024-08-05,25.61000061035156,986,412,0.008356055941595567,17.698546199155796,0.01099481044946785,14.129861733040329,0.013017855572169936,8.125980315836886,0.643367998400471,0.5680434602882365,55.0,60.0
1221,BEAM,1745999,Beam Therapeutics Inc.,2836,"Biological Products, (No Diagnostic Substances)",10-Q,2024-11-05,2024-09-30,2024-11-05 14:06:00+00:00,0000950170-24-121104,https://www.sec.gov/Archives/edgar/data/1745999/000095017024121104/beam-20240930.htm,15104,2006,data/interim/text/000095017024121104.txt.gz,95017024121104,2024Q4,2024-11-05 09:06:00-05:00,2024-11-05,2024-11-05,2024-11-05,2024-11-04,24.36000061035156,1050,348,0.018471927966101694,49.30018402497901,0.009864936440677966,19.47102775305622,0.017015360169491525,11.631343619076514,0.5652971874055464,0.7371469881809231,55.0,60.0
1222,BEAM,1745999,Beam Therapeutics Inc.,2836,"Biological Products, (No Diagnostic Substances)",10-K,2025-02-25,2024-12-31,2025-02-25 12:30:30+00:00,0000950170-25-026076,https://www.sec.gov/Archives/edgar/data/1745999/000095017025026076/beam-20241231.htm,104915,5193,data/interim/text/000095017025026076.txt.gz,95017025026076,2025Q1,2025-02-25 07:30:30-05:00,2025-02-25,2025-02-25,2025-02-25,2025-02-24,30.790000915527344,1124,274,0.025630272125053616,279.439565621164,0.010684840108659392,74.69853247919431,0.022942381928227614,43.20467953615009,0.7133388256912534,0.9060671780459726,55.0,60.0
1223,BEAM,1745999,Beam Therapeutics Inc.,2836,"Biological Products, (No Diagnostic Substances)",10-Q,2025-05-06,2025-03-31,2025-05-06 11:30:14+00:00,0000950170-25-063966,https://www.sec.gov/Archives/edgar/data/1745999/000095017025063966/beam-20250331.htm,13053,2064,data/interim/text/000095017025063966.txt.gz,95017025063966,2025Q2,2025-05-06 07:30:14-04:00,2025-05-06,2025-05-06,2025-05-06,2025-05-05,19.81999969482422,1173,225,0.013023825940396843,49.3682160218979,0.009882785566536429,17.57750111010416,0.013866544089481346,10.210446489365376,0.9201390565079846,0.5686186751176352,55.0,60.0
1224,BEAM,1745999,Beam Therapeutics Inc.,2836,"Biological Products, (No Diagnostic Substances)",10-Q,2025-08-05,2025-06-30,2025-08-05 11:14:07+00:00,0000950170-25-102393,https://www.sec.gov/Archives/edgar/data/1745999/000095017025102393/beam-20250630.htm,15746,2250,data/interim/text/000095017025102393.txt.gz,95017025102393,2025Q3,2025-08-05 07:14:07-04:00,2025-08-05,2025-08-05,2025-08-05,2025-08-04,19.1200008392334,1235,163,0.01600406452432364,57.10539045490261,0.009843769846310173,23.5313662516742,0.014479867902959482,10.968538895277316,0.5827829379092132,0.8148959847307934,55.0,60.0
1225,BEAM,1745999,Beam Therapeutics Inc.,2836,"Biological Products, (No Diagnostic Substances)",10-Q,2025-11-04,2025-09-30,2025-11-04 12:11:45+00:00,0001193125-25-263542,https://www.sec.gov/Archives/edgar/data/1745999/000119312525263542/beam-20250930.htm,16360,2296,data/interim/text/000119312525263542.txt.gz,119312525263542,2025Q4,2025-11-04 07:11:45-05:00,2025-11-04,2025-11-04,2025-11-04,2025-11-03,24.25,1299,99,0.016381418092909536,58.25588670379326,0.008924205378973106,23.30027830632108,0.014547677261613693,12.008113984374813,0.8215719750460361,0.8187071186235318,55.0,60.0
1226,ARCT,1768224,Arcturus Therapeutics Holdings Inc.,2834,Pharmaceutical Preparations,10-K,2021-03-01,2020-12-31,2021-03-01 21:18:46+00:00,0001564590-21-009872,https://www.sec.gov/Archives/edgar/data/1768224/000156459021009872/arct-10k_20201231.htm,51441,4264,data/interim/text/000156459021009872.txt.gz,156459021009872,2021Q1,2021-03-01 16:18:46-05:00,2021-03-02,2021-03-02,2021-03-02,2021-03-01,54.63999938964844,123,1275,0.0244552011041776,198.16164638790144,0.012149841566065979,62.282885039782286,0.020120137633405262,27.249203944277877,1.8867570456663612,0.7466601144467074,55.0,60.0
1227,ARCT,1768224,Arcturus Therapeutics Holdings Inc.,2834,Pharmaceutical Preparations,10-Q,2021-05-10,2021-03-31,2021-05-10 20:58:20+00:00,0001564590-21-026113,https://www.sec.gov/Archives/edgar/data/1768224/000156459021026113/arct-10q_20210331.htm,8321,1350,data/interim/text/000156459021026113.txt.gz,156459021026113,2021Q2,2021-05-10 16:58:20-04:00,2021-05-11,2021-05-11,2021-05-11,2021-05-10,28.90999984741211,172,1226,0.011416897007571205,19.871624011845807,0.010094940511957697,14.6037737037954,0.013820454272323038,4.679160678538678,0.7688007102781039,1.6577725027750332,55.0,60.0
1228,ARCT,1768224,Arcturus Therapeutics Holdings Inc.,2834,Pharmaceutical Preparations,10-Q,2021-08-10,2021-06-30,2021-08-09 21:39:09+00:00,0001564590-21-042750,https://www.sec.gov/Archives/edgar/data/1768224/000156459021042750/arct-10q_20210630.htm,9540,1471,data/interim/text/000156459021042750.txt.gz,156459021042750,2021Q3,2021-08-09 17:39:09-04:00,2021-08-10,2021-08-10,2021-08-10,2021-08-09,48.2400016784668,235,1163,0.01289308176100629,24.14968884670434,0.009958071278825996,15.59905274828035,0.013626834381551363,8.027412058593374,0.6750036460080578,0.6469629528676718,55.0,60.0
1229,ARCT,1768224,Arcturus Therapeutics Holdings Inc.,2834,Pharmaceutical Preparations,10-Q,2021-11-09,2021-09-30,2021-11-09 00:10:35+00:00,0001564590-21-055372,https://www.sec.gov/Archives/edgar/data/1768224/000156459021055372/arct-10q_20210930.htm,10605,1605,data/interim/text/000156459021055372.txt.gz,156459021055372,2021Q4,2021-11-08 19:10:35-05:00,2021-11-09,2021-11-09,2021-11-09,2021-11-08,38.650001525878906,299,1099,0.013955681282413956,25.8210539206059,0.008863743517208865,16.173449304587262,0.016595945308816595,10.616062776036332,0.5696040747325284,1.0351049434249957,55.0,60.0
1230,ARCT,1768224,Arcturus Therapeutics Holdings Inc.,2834,Pharmaceutical Preparations,10-K,2022-03-01,2021-12-31,2022-03-01 02:10:45+00:00,0001564590-22-007832,https://www.sec.gov/Archives/edgar/data/1768224/000156459022007832/arct-10k_20211231.htm,49340,4262,data/interim/text/000156459022007832.txt.gz,156459022007832,2022Q1,2022-02-28 21:10:45-05:00,2022-03-01,2022-03-01,2022-03-01,2022-02-28,23.96999931335449,375,1023,0.02387515200648561,193.75556150681302,0.012038913660316173,67.90662021750423,0.01976084312930685,28.86964116537045,1.0580248079280963,1.303345862084669,55.0,60.0
1231,ARCT,1768224,Arcturus Therapeutics Holdings Inc.,2834,Pharmaceutical Preparations,10-Q,2022-05-09,2022-03-31,2022-05-09 20:31:22+00:00,0000950170-22-008524,https://www.sec.gov/Archives/edgar/data/1768224/000095017022008524/arct-20220331.htm,9477,1564,data/interim/text/000095017022008524.txt.gz,95017022008524,2022Q2,2022-05-09 16:31:22-04:00,2022-05-10,2022-05-10,2022-05-10,2022-05-09,16.610000610351562,424,974,0.011712567268122824,19.447167956376955,0.00823045267489712,14.734639715666981,0.015089163237311385,9.67785123230441,1.022565847237882,1.1624261354946073,55.0,60.0
1232,ARCT,1768224,Arcturus Therapeutics Holdings Inc.,2834,Pharmaceutical Preparations,10-Q,2022-08-09,2022-06-30,2022-08-09 20:08:26+00:00,0000950170-22-016043,https://www.sec.gov/Archives/edgar/data/1768224/000095017022016043/arct-20220630.htm,9016,1521,data/interim/text/000095017022016043.txt.gz,95017022016043,2022Q3,2022-08-09 16:08:26-04:00,2022-08-10,2022-08-10,2022-08-10,2022-08-09,18.229999542236328,487,911,0.011756876663708962,20.533266759817977,0.00942768411712511,18.47365537016646,0.01419698314108252,8.321105774040952,1.1728351497749983,0.9536968399241811,55.0,60.0
1233,ARCT,1768224,Arcturus Therapeutics Holdings Inc.,2834,Pharmaceutical Preparations,10-Q,2022-11-09,2022-09-30,2022-11-09 21:55:13+00:00,0000950170-22-023969,https://www.sec.gov/Archives/edgar/data/1768224/000095017022023969/arct-20220930.htm,9140,1496,data/interim/text/000095017022023969.txt.gz,95017022023969,2022Q4,2022-11-09 16:55:13-05:00,2022-11-10,2022-11-10,2022-11-10,2022-11-09,21.09000015258789,552,846,0.015098468271334792,28.21515715152362,0.009299781181619256,14.32878377134157,0.012582056892778994,4.934298633384607,0.9786066822216597,0.6624509121134583,55.0,60.0
1234,ARCT,1768224,Arcturus Therapeutics Holdings Inc.,2834,Pharmaceutical Preparations,10-K,2023-03-29,2022-12-31,2023-03-28 22:33:36+00:00,0000950170-23-010380,https://www.sec.gov/Archives/edgar/data/1768224/000095017023010380/arct-20221231.htm,50020,4451,data/interim/text/000095017023010380.txt.gz,95017023010380,2023Q1,2023-03-28 18:33:36-04:00,2023-03-29,2023-03-29,2023-03-29,2023-03-28,15.5,646,752,0.0242702918832467,198.6065027685222,0.013514594162335067,71.40518252093354,0.01945221911235506,28.593478745004457,0.5399640383159489,0.5737962760101281,55.0,60.0
1235,ARCT,1768224,Arcturus Therapeutics Holdings Inc.,2834,Pharmaceutical Preparations,10-Q,2023-05-09,2023-03-31,2023-05-09 20:36:16+00:00,0000950170-23-019773,https://www.sec.gov/Archives/edgar/data/1768224/000095017023019773/arct-20230331.htm,9172,1571,data/interim/text/000095017023019773.txt.gz,95017023019773,2023Q2,2023-05-09 16:36:16-04:00,2023-05-10,2023-05-10,2023-05-10,2023-05-09,28.950000762939453,675,723,0.011229829917139118,16.286797712683597,0.0113388573920628,17.64410231291706,0.013410379415612735,5.934797640500577,0.9115204416690005,0.7430241823443318,55.0,60.0
1236,ARCT,1768224,Arcturus Therapeutics Holdings Inc.,2834,Pharmaceutical Preparations,10-Q,2023-08-07,2023-06-30,2023-08-07 21:02:20+00:00,0000950170-23-039149,https://www.sec.gov/Archives/edgar/data/1768224/000095017023039149/arct-20230630.htm,8716,1483,data/interim/text/000095017023039149.txt.gz,95017023039149,2023Q3,2023-08-07 17:02:20-04:00,2023-08-08,2023-08-08,2023-08-08,2023-08-07,31.850000381469727,736,662,0.011243689765947683,13.681457701819468,0.010440569068379991,17.005237872217062,0.01101422670949977,4.7780046698428675,0.6485529338458851,0.5209877254984744,55.0,60.0
1237,ARCT,1768224,Arcturus Therapeutics Holdings Inc.,2834,Pharmaceutical Preparations,10-Q,2023-11-14,2023-09-30,2023-11-14 21:34:02+00:00,0000950170-23-063778,https://www.sec.gov/Archives/edgar/data/1768224/000095017023063778/arct-20230930.htm,10276,1658,data/interim/text/000095017023063778.txt.gz,95017023063778,2023Q4,2023-11-14 16:34:02-05:00,2023-11-15,2023-11-15,2023-11-15,2023-11-14,19.39999961853028,806,592,0.011093810821331257,16.840705967453186,0.010704554301284546,18.369075669050588,0.01060724017127287,6.927417776222112,0.49670121378562837,0.6746215948483189,55.0,60.0
1238,ARCT,1768224,Arcturus Therapeutics Holdings Inc.,2834,Pharmaceutical Preparations,10-K,2024-03-14,2023-12-31,2024-03-14 13:09:33+00:00,0000950170-24-031156,https://www.sec.gov/Archives/edgar/data/1768224/000095017024031156/arct-20231231.htm,54179,4594,data/interim/text/000095017024031156.txt.gz,95017024031156,2024Q1,2024-03-14 09:09:33-04:00,2024-03-14,2024-03-14,2024-03-14,2024-03-13,37.900001525878906,887,511,0.025286550139352885,198.63728758729667,0.01304933645877554,68.05203464203893,0.018715738570294762,26.94208516116608,0.6645615395017103,0.9698760017989546,55.0,60.0
1239,ARCT,1768224,Arcturus Therapeutics Holdings Inc.,2834,Pharmaceutical Preparations,10-Q,2024-05-08,2024-03-31,2024-05-08 20:17:45+00:00,0000950170-24-055702,https://www.sec.gov/Archives/edgar/data/1768224/000095017024055702/arct-20240331.htm,9966,1720,data/interim/text/000095017024055702.txt.gz,95017024055702,2024Q2,2024-05-08 16:17:45-04:00,2024-05-09,2024-05-09,2024-05-09,2024-05-08,27.209999084472656,926,472,0.014148103552077062,28.233638785258048,0.011639574553481838,20.20750226472093,0.012642986152919929,10.966803379303824,0.64590197170601,1.007706739211649,55.0,60.0
1240,ARCT,1768224,Arcturus Therapeutics Holdings Inc.,2834,Pharmaceutical Preparations,10-Q,2024-08-05,2024-06-30,2024-08-05 20:50:11+00:00,0000950170-24-090905,https://www.sec.gov/Archives/edgar/data/1768224/000095017024090905/arct-20240630.htm,10720,1751,data/interim/text/000095017024090905.txt.gz,95017024090905,2024Q3,2024-08-05 16:50:11-04:00,2024-08-06,2024-08-06,2024-08-06,2024-08-05,19.790000915527344,986,412,0.013712686567164178,26.71002230877587,0.011380597014925373,20.38444305858448,0.011567164179104477,11.419960187386327,1.035021022080957,0.547601989747461,55.0,60.0
1241,ARCT,1768224,Arcturus Therapeutics Holdings Inc.,2834,Pharmaceutical Preparations,10-Q,2024-11-07,2024-09-30,2024-11-07 21:58:19+00:00,0000950170-24-123469,https://www.sec.gov/Archives/edgar/data/1768224/000095017024123469/arct-20240930.htm,11079,1829,data/interim/text/000095017024123469.txt.gz,95017024123469,2024Q4,2024-11-07 16:58:19-05:00,2024-11-08,2024-11-08,2024-11-08,2024-11-07,18.739999771118164,1053,345,0.01380991064175467,30.783781917919484,0.011282606733459698,23.136552914425806,0.011011824171856666,11.962239116616809,0.5530211447341326,0.7690719122753309,55.0,60.0
1242,ARCT,1768224,Arcturus Therapeutics Holdings Inc.,2834,Pharmaceutical Preparations,10-K,2025-03-06,2024-12-31,2025-03-06 21:39:12+00:00,0000950170-25-034787,https://www.sec.gov/Archives/edgar/data/1768224/000095017025034787/arct-20241231.htm,52301,4398,data/interim/text/000095017025034787.txt.gz,95017025034787,2025Q1,2025-03-06 16:39:12-05:00,2025-03-07,2025-03-07,2025-03-07,2025-03-06,15.970000267028809,1132,266,0.02573564558995048,202.00838994448358,0.01380470736697195,69.95440804718899,0.01843176994703734,28.990269342483046,0.7017269762432861,0.7642147810976835,55.0,60.0
1243,ARCT,1768224,Arcturus Therapeutics Holdings Inc.,2834,Pharmaceutical Preparations,10-Q,2025-05-12,2025-03-31,2025-05-12 20:11:34+00:00,0000950170-25-069210,https://www.sec.gov/Archives/edgar/data/1768224/000095017025069210/arct-20250331.htm,9624,1655,data/interim/text/000095017025069210.txt.gz,95017025069210,2025Q2,2025-05-12 16:11:34-04:00,2025-05-13,2025-05-13,2025-05-13,2025-05-12,11.59000015258789,1178,220,0.012572734829592685,27.727860917734414,0.009767248545303408,16.575219258124182,0.011325852036575228,6.3640930114675776,0.7891338879351587,1.0611208664511704,55.0,60.0
1244,ARCT,1768224,Arcturus Therapeutics Holdings Inc.,2834,Pharmaceutical Preparations,10-Q,2025-08-11,2025-06-30,2025-08-11 20:14:38+00:00,0000950170-25-106560,https://www.sec.gov/Archives/edgar/data/1768224/000095017025106560/arct-20250630.htm,10535,1780,data/interim/text/000095017025106560.txt.gz,95017025106560,2025Q3,2025-08-11 16:14:38-04:00,2025-08-12,2025-08-12,2025-08-12,2025-08-11,11.390000343322754,1240,158,0.013099193165638349,35.73185347004448,0.010061699098243948,16.554963753509757,0.011105837683910774,9.97800329936112,0.6557614822170362,1.3005288151649712,55.0,60.0
1245,ARCT,1768224,Arcturus Therapeutics Holdings Inc.,2834,Pharmaceutical Preparations,10-Q,2025-11-12,2025-09-30,2025-11-12 11:25:07+00:00,0001193125-25-275758,https://www.sec.gov/Archives/edgar/data/1768224/000119312525275758/arct-20250930.htm,11670,1948,data/interim/text/000119312525275758.txt.gz,119312525275758,2025Q4,2025-11-12 06:25:07-05:00,2025-11-12,2025-11-12,2025-11-12,2025-11-11,8.670000076293945,1305,93,0.01842330762639246,44.825930589325125,0.009254498714652956,18.218334150429268,0.012939160239931448,10.889703340180047,1.3409206456062077,0.5867176676718986,55.0,60.0
1246,CRWV,1769628,"CoreWeave, Inc.",7372,Services-Prepackaged Software,10-Q,2025-08-13,2025-06-30,2025-08-12 22:18:48+00:00,0001769628-25-000041,https://www.sec.gov/Archives/edgar/data/1769628/000176962825000041/crwv-20250630.htm,49182,3359,data/interim/text/000176962825000041.txt.gz,176962825000041,2025Q3,2025-08-12 18:18:48-04:00,2025-08-13,2025-08-13,2025-08-13,2025-08-12,148.75,93,157,0.03430116709365215,159.15227331237907,0.00856004229189541,30.16820016775796,0.027876052214224716,18.24927555379283,1.3570735835366483,0.850263054836624,55.0,60.0
1247,CRWV,1769628,"CoreWeave, Inc.",7372,Services-Prepackaged Software,10-Q,2025-11-13,2025-09-30,2025-11-13 21:19:11+00:00,0001769628-25-000062,https://www.sec.gov/Archives/edgar/data/1769628/000176962825000062/crwv-20250930.htm,48671,3398,data/interim/text/000176962825000062.txt.gz,176962825000062,2025Q4,2025-11-13 16:19:11-05:00,2025-11-14,2025-11-14,2025-11-14,2025-11-13,78.33999633789062,159,91,0.034538020587207986,164.47000405183843,0.008259538534240102,30.967647022017132,0.027305787840808695,19.5651900169219,0.8052066851052005,1.0241921621173298,55.0,60.0
1248,TXG,1770787,"10x Genomics, Inc.",3826,Laboratory Analytical Instruments,10-K,2021-02-26,2020-12-31,2021-02-26 21:10:27+00:00,0001770787-21-000009,https://www.sec.gov/Archives/edgar/data/1770787/000177078721000009/txg-20201231.htm,68114,4614,data/interim/text/000177078721000009.txt.gz,177078721000009,2021Q1,2021-02-26 16:10:27-05:00,2021-02-27,2021-02-27,2021-03-01,2021-02-26,177.99000549316406,122,1276,0.02554540916698476,224.53667708423288,0.008573861467539712,56.98444561224045,0.018733300055788826,36.362812653202575,0.5042521698939919,0.7325229958151075,55.0,60.0
1249,TXG,1770787,"10x Genomics, Inc.",3826,Laboratory Analytical Instruments,10-Q,2021-05-07,2021-03-31,2021-05-07 20:07:16+00:00,0001770787-21-000031,https://www.sec.gov/Archives/edgar/data/1770787/000177078721000031/txg-20210331.htm,42068,3299,data/interim/text/000177078721000031.txt.gz,177078721000031,2021Q2,2021-05-07 16:07:16-04:00,2021-05-08,2021-05-08,2021-05-10,2021-05-07,146.36000061035156,171,1227,0.036631168584197016,195.62192736019836,0.007511647808310355,28.651708799617687,0.023414471807549683,20.446925822504056,0.683780598257085,0.4404040503544658,55.0,60.0
1250,TXG,1770787,"10x Genomics, Inc.",3826,Laboratory Analytical Instruments,10-Q,2021-08-06,2021-06-30,2021-08-06 20:05:41+00:00,0001770787-21-000044,https://www.sec.gov/Archives/edgar/data/1770787/000177078721000044/txg-20210630.htm,36791,3149,data/interim/text/000177078721000044.txt.gz,177078721000044,2021Q3,2021-08-06 16:05:41-04:00,2021-08-07,2021-08-07,2021-08-09,2021-08-06,170.97000122070312,234,1164,0.0316109918186513,145.65420090547593,0.00793672365524177,27.016359438206027,0.02617487972601995,20.85013173263786,0.42920672422207073,0.49811041937172823,55.0,60.0
1251,TXG,1770787,"10x Genomics, Inc.",3826,Laboratory Analytical Instruments,10-Q,2021-11-05,2021-09-30,2021-11-05 20:06:24+00:00,0001770787-21-000054,https://www.sec.gov/Archives/edgar/data/1770787/000177078721000054/txg-20210930.htm,37516,3160,data/interim/text/000177078721000054.txt.gz,177078721000054,2021Q4,2021-11-05 16:06:24-04:00,2021-11-06,2021-11-06,2021-11-08,2021-11-05,177.97999572753906,298,1100,0.03302590894551658,144.59621041389502,0.007703379891246401,26.83014215922963,0.02665529374133703,20.37808980962799,0.45621205506331364,0.6678809307849987,55.0,60.0
1252,TXG,1770787,"10x Genomics, Inc.",3826,Laboratory Analytical Instruments,10-K,2022-02-18,2021-12-31,2022-02-18 21:06:49+00:00,0001770787-22-000015,https://www.sec.gov/Archives/edgar/data/1770787/000177078722000015/txg-20211231.htm,71901,4856,data/interim/text/000177078722000015.txt.gz,177078722000015,2022Q1,2022-02-18 16:06:49-05:00,2022-02-19,2022-02-19,2022-02-22,2022-02-18,81.55999755859375,370,1028,0.027941196923547656,245.37237027947145,0.009248828249954799,61.1477230554087,0.022405807985980724,41.103018687186385,0.6949477234375041,0.8489594834773112,55.0,60.0
1253,TXG,1770787,"10x Genomics, Inc.",3826,Laboratory Analytical Instruments,10-Q,2022-05-05,2022-03-31,2022-05-05 20:06:22+00:00,0001770787-22-000029,https://www.sec.gov/Archives/edgar/data/1770787/000177078722000029/txg-20220331.htm,7481,1290,data/interim/text/000177078722000029.txt.gz,177078722000029,2022Q2,2022-05-05 16:06:22-04:00,2022-05-06,2022-05-06,2022-05-06,2022-05-05,50.40999984741211,422,976,0.01791204384440583,14.771839554435124,0.0034754711936906832,5.013901678684338,0.020318139286191684,4.089238496764664,0.8443233369144463,0.9456465130043533,55.0,60.0
1254,TXG,1770787,"10x Genomics, Inc.",3826,Laboratory Analytical Instruments,10-Q,2022-08-09,2022-06-30,2022-08-08 23:30:32+00:00,0001770787-22-000049,https://www.sec.gov/Archives/edgar/data/1770787/000177078722000049/txg-20220630.htm,7240,1175,data/interim/text/000177078722000049.txt.gz,177078722000049,2022Q3,2022-08-08 19:30:32-04:00,2022-08-09,2022-08-09,2022-08-09,2022-08-08,43.4900016784668,486,912,0.016712707182320444,14.088957727736764,0.0022099447513812156,2.673645475568729,0.019613259668508288,3.1615717198908366,0.9834529252420966,0.8631762430117169,55.0,60.0
1255,TXG,1770787,"10x Genomics, Inc.",3826,Laboratory Analytical Instruments,10-Q,2022-11-03,2022-09-30,2022-11-03 00:43:58+00:00,0001770787-22-000057,https://www.sec.gov/Archives/edgar/data/1770787/000177078722000057/txg-20220930.htm,7795,1272,data/interim/text/000177078722000057.txt.gz,177078722000057,2022Q4,2022-11-02 20:43:58-04:00,2022-11-03,2022-11-03,2022-11-03,2022-11-02,26.920000076293945,547,851,0.020397690827453494,24.627712362248058,0.0024374599101988454,2.7275947612133224,0.018473380372033353,3.740533593647921,0.7954632300537207,0.8582033191358629,55.0,60.0
1256,TXG,1770787,"10x Genomics, Inc.",3826,Laboratory Analytical Instruments,10-K,2023-02-16,2022-12-31,2023-02-16 21:48:47+00:00,0001770787-23-000012,https://www.sec.gov/Archives/edgar/data/1770787/000177078723000012/txg-20221231.htm,69348,4862,data/interim/text/000177078723000012.txt.gz,177078723000012,2023Q1,2023-02-16 16:48:47-05:00,2023-02-17,2023-02-17,2023-02-17,2023-02-16,51.43000030517578,619,779,0.03045509603737671,260.84282631114706,0.009084616715694757,55.06873966026499,0.02359116340774067,42.465982812152305,0.6681162887336879,0.4599188644362256,55.0,60.0
1257,TXG,1770787,"10x Genomics, Inc.",3826,Laboratory Analytical Instruments,10-Q,2023-05-04,2023-03-31,2023-05-04 21:04:05+00:00,0001770787-23-000029,https://www.sec.gov/Archives/edgar/data/1770787/000177078723000029/txg-20230331.htm,6010,1045,data/interim/text/000177078723000029.txt.gz,177078723000029,2023Q2,2023-05-04 17:04:05-04:00,2023-05-05,2023-05-05,2023-05-05,2023-05-04,54.70000076293945,672,726,0.01264559068219634,9.124022483852864,0.002995008319467554,2.0789051794647224,0.018302828618968387,2.759974831306718,0.5512039594610031,0.4266836902752561,55.0,60.0
1258,TXG,1770787,"10x Genomics, Inc.",3826,Laboratory Analytical Instruments,10-Q,2023-08-04,2023-06-30,2023-08-03 22:47:02+00:00,0001770787-23-000047,https://www.sec.gov/Archives/edgar/data/1770787/000177078723000047/txg-20230630.htm,6359,1008,data/interim/text/000177078723000047.txt.gz,177078723000047,2023Q3,2023-08-03 18:47:02-04:00,2023-08-04,2023-08-04,2023-08-04,2023-08-03,58.4900016784668,734,664,0.012266079572259789,7.719665639194751,0.002987891177858154,2.1822972288820903,0.015883000471772293,2.235612457352206,0.4147165498011307,0.48904128249892714,55.0,60.0
1259,TXG,1770787,"10x Genomics, Inc.",3826,Laboratory Analytical Instruments,10-Q,2023-11-03,2023-09-30,2023-11-02 23:27:55+00:00,0001770787-23-000053,https://www.sec.gov/Archives/edgar/data/1770787/000177078723000053/txg-20230930.htm,6480,1008,data/interim/text/000177078723000053.txt.gz,177078723000053,2023Q4,2023-11-02 19:27:55-04:00,2023-11-03,2023-11-03,2023-11-03,2023-11-02,36.52999877929688,798,600,0.012037037037037037,7.513272767878073,0.002777777777777778,1.9629960362362868,0.01574074074074074,2.232825719893471,0.4834813708439916,0.550968645050526,55.0,60.0
1260,TXG,1770787,"10x Genomics, Inc.",3826,Laboratory Analytical Instruments,10-K,2024-02-15,2023-12-31,2024-02-15 22:16:21+00:00,0001770787-24-000017,https://www.sec.gov/Archives/edgar/data/1770787/000177078724000017/txg-20231231.htm,67809,4810,data/interim/text/000177078724000017.txt.gz,177078724000017,2024Q1,2024-02-15 17:16:21-05:00,2024-02-16,2024-02-16,2024-02-16,2024-02-15,48.06999969482422,869,529,0.03067439425445,258.01091155303715,0.008848382958014423,54.54059804387171,0.023669424412688583,47.28122558258767,0.5221478354410258,0.448553621848491,55.0,60.0
1261,TXG,1770787,"10x Genomics, Inc.",3826,Laboratory Analytical Instruments,10-Q,2024-04-30,2024-03-31,2024-04-30 20:11:02+00:00,0001770787-24-000036,https://www.sec.gov/Archives/edgar/data/1770787/000177078724000036/txg-20240331.htm,5381,984,data/interim/text/000177078724000036.txt.gz,177078724000036,2024Q2,2024-04-30 16:11:02-04:00,2024-05-01,2024-05-01,2024-05-01,2024-04-30,29.280000686645508,920,478,0.014123768816205166,8.25158625616872,0.00297342501393793,2.040260512447853,0.01598215944991637,2.0452016715299357,0.43951874384044365,0.7130945240178158,55.0,60.0
1262,TXG,1770787,"10x Genomics, Inc.",3826,Laboratory Analytical Instruments,10-Q,2024-08-08,2024-06-30,2024-08-08 20:12:32+00:00,0001770787-24-000060,https://www.sec.gov/Archives/edgar/data/1770787/000177078724000060/txg-20240630.htm,5885,997,data/interim/text/000177078724000060.txt.gz,177078724000060,2024Q3,2024-08-08 16:12:32-04:00,2024-08-09,2024-08-09,2024-08-09,2024-08-08,19.549999237060547,989,409,0.013763806287170773,8.108293770613985,0.0023789294817332203,1.885501461085324,0.014783347493627868,2.1531698571464637,0.7267177428619287,0.7721582843781527,55.0,60.0
1263,TXG,1770787,"10x Genomics, Inc.",3826,Laboratory Analytical Instruments,10-Q,2024-10-29,2024-09-30,2024-10-29 20:10:00+00:00,0001770787-24-000073,https://www.sec.gov/Archives/edgar/data/1770787/000177078724000073/txg-20240930.htm,5933,1016,data/interim/text/000177078724000073.txt.gz,177078724000073,2024Q4,2024-10-29 16:10:00-04:00,2024-10-30,2024-10-30,2024-10-30,2024-10-29,15.789999961853027,1046,352,0.01348390359008933,8.08192545647693,0.0025282319231417494,2.030461835333788,0.014663745154222148,2.161545763662187,0.8611948846655647,0.6008316772769973,55.0,60.0
1264,TXG,1770787,"10x Genomics, Inc.",3826,Laboratory Analytical Instruments,10-K,2025-02-13,2024-12-31,2025-02-12 23:23:56+00:00,0001770787-25-000013,https://www.sec.gov/Archives/edgar/data/1770787/000177078725000013/txg-20241231.htm,56666,4136,data/interim/text/000177078725000013.txt.gz,177078725000013,2025Q1,2025-02-12 18:23:56-05:00,2025-02-13,2025-02-13,2025-02-13,2025-02-12,12.0,1117,281,0.03335333356863022,233.4694040712442,0.00808244802880034,39.675123471811105,0.026700314121342605,34.30523908995305,0.6015913592296892,0.8477065588526523,55.0,60.0
1265,TXG,1770787,"10x Genomics, Inc.",3826,Laboratory Analytical Instruments,10-Q,2025-05-09,2025-03-31,2025-05-08 21:35:37+00:00,0001770787-25-000032,https://www.sec.gov/Archives/edgar/data/1770787/000177078725000032/txg-20250331.htm,44783,3529,data/interim/text/000177078725000032.txt.gz,177078725000032,2025Q2,2025-05-08 17:35:37-04:00,2025-05-09,2025-05-09,2025-05-09,2025-05-08,8.630000114440918,1176,222,0.04023848335305808,223.88881583741752,0.008597012259116183,32.5242707377788,0.030725945113100953,28.08058794668265,0.8385254320220806,0.6363956977354271,55.0,60.0
1266,TXG,1770787,"10x Genomics, Inc.",3826,Laboratory Analytical Instruments,10-Q,2025-08-08,2025-06-30,2025-08-07 21:40:53+00:00,0001770787-25-000051,https://www.sec.gov/Archives/edgar/data/1770787/000177078725000051/txg-20250630.htm,5962,986,data/interim/text/000177078725000051.txt.gz,177078725000051,2025Q3,2025-08-07 17:40:53-04:00,2025-08-08,2025-08-08,2025-08-08,2025-08-07,12.800000190734863,1238,160,0.013586044951358605,8.414674788914722,0.0036900369003690036,3.4689394028768716,0.015095605501509561,2.049421523896066,0.6467049758811795,0.6224646827269704,55.0,60.0
1267,TXG,1770787,"10x Genomics, Inc.",3826,Laboratory Analytical Instruments,10-Q,2025-11-07,2025-09-30,2025-11-06 22:36:08+00:00,0001628280-25-050332,https://www.sec.gov/Archives/edgar/data/1770787/000162828025050332/txg-20250930.htm,7049,1064,data/interim/text/000162828025050332.txt.gz,162828025050332,2025Q4,2025-11-06 17:36:08-05:00,2025-11-07,2025-11-07,2025-11-07,2025-11-06,13.0,1302,96,0.012058448006809476,7.80494883330881,0.003121010072350688,3.3172385597630254,0.016881827209533268,2.986627783387398,0.6084054320315673,0.6218489217919536,55.0,60.0
1268,SRTA,1779128,"Strata Critical Medical, Inc.",8000,Services-Health Services,10-K,2021-03-10,2020-12-31,2021-03-10 11:04:00+00:00,0001104659-21-034054,https://www.sec.gov/Archives/edgar/data/1779128/000110465921034054/tm211147d1_10k.htm,51409,2991,data/interim/text/000110465921034054.txt.gz,110465921034054,2021Q1,2021-03-10 06:04:00-05:00,2021-03-10,2021-03-10,2021-03-10,2021-03-09,11.789999961853027,129,1269,0.015931062654399034,110.89366152034,0.005018576513839989,20.11488175270301,0.017623373339298566,19.512371121598143,0.5853135839896456,0.6347994044910736,55.0,60.0
1269,SRTA,1779128,"Strata Critical Medical, Inc.",8000,Services-Health Services,10-Q,2021-05-24,2021-03-31,2021-05-24 21:01:07+00:00,0001104659-21-071301,https://www.sec.gov/Archives/edgar/data/1779128/000110465921071301/tm2111697d1_10q.htm,10679,1254,data/interim/text/000110465921071301.txt.gz,110465921071301,2021Q2,2021-05-24 17:01:07-04:00,2021-05-25,2021-05-25,2021-05-25,2021-05-24,8.399999618530273,182,1216,0.00561850360520648,15.465516399955995,0.0010300589942878547,2.5209244140288996,0.013484408652495552,8.898031430481208,0.6519563953456049,0.6638463987427002,55.0,60.0
1270,SRTA,1779128,"Strata Critical Medical, Inc.",8000,Services-Health Services,10-Q,2021-08-16,2021-06-30,2021-08-16 11:04:05+00:00,0001104659-21-105544,https://www.sec.gov/Archives/edgar/data/1779128/000110465921105544/blde-20210630x10q.htm,27485,2807,data/interim/text/000110465921105544.txt.gz,110465921105544,2021Q3,2021-08-16 07:04:05-04:00,2021-08-16,2021-08-16,2021-08-16,2021-08-13,7.079999923706055,239,1159,0.033509186829179555,128.51958559654574,0.007240312897944333,22.404426803772004,0.024013098053483718,16.006408376794116,0.6647526443396584,0.7053469639537268,55.0,60.0
1271,SRTA,1779128,"Strata Critical Medical, Inc.",8000,Services-Health Services,10-K,2021-12-20,2021-09-30,2021-12-20 21:44:31+00:00,0001779128-21-000025,https://www.sec.gov/Archives/edgar/data/1779128/000177912821000025/blde-20210930.htm,42228,3536,data/interim/text/000177912821000025.txt.gz,177912821000025,2021Q4,2021-12-20 16:44:31-05:00,2021-12-21,2021-12-21,2021-12-21,2021-12-20,8.949999809265137,328,1070,0.024272994221843328,143.99650792427758,0.006109690252912759,28.075544400131754,0.01870796627829876,16.516344358701527,0.5840239759267226,0.7447692155884972,55.0,60.0
1272,SRTA,1779128,"Strata Critical Medical, Inc.",8000,Services-Health Services,10-Q,2022-05-10,2022-03-31,2022-05-10 11:58:48+00:00,0001779128-22-000047,https://www.sec.gov/Archives/edgar/data/1779128/000177912822000047/blde-20220331.htm,8665,1547,data/interim/text/000177912822000047.txt.gz,177912822000047,2022Q2,2022-05-10 07:58:48-04:00,2022-05-10,2022-05-10,2022-05-10,2022-05-09,6.590000152587891,424,974,0.01465666474321985,30.365828919955334,0.005654933641084824,8.340891313478675,0.011656087709174841,8.687960285925238,0.5900326669662239,0.7209124870051687,55.0,60.0
1273,SRTA,1779128,"Strata Critical Medical, Inc.",8000,Services-Health Services,10-Q,2022-08-09,2022-06-30,2022-08-09 12:04:10+00:00,0001779128-22-000083,https://www.sec.gov/Archives/edgar/data/1779128/000177912822000083/blde-20220630.htm,10147,1599,data/interim/text/000177912822000083.txt.gz,177912822000083,2022Q3,2022-08-09 08:04:10-04:00,2022-08-09,2022-08-09,2022-08-09,2022-08-08,6.21999979019165,486,912,0.0136986301369863,31.956880681136724,0.0046319109096284615,8.214076354632816,0.010643539962550507,9.043009311471335,0.787997473530222,0.532038421394795,55.0,60.0
1274,SRTA,1779128,"Strata Critical Medical, Inc.",8000,Services-Health Services,10-Q,2022-11-10,2022-09-30,2022-11-10 21:08:52+00:00,0001779128-22-000112,https://www.sec.gov/Archives/edgar/data/1779128/000177912822000112/blde-20220930.htm,10749,1666,data/interim/text/000177912822000112.txt.gz,177912822000112,2022Q4,2022-11-10 16:08:52-05:00,2022-11-11,2022-11-11,2022-11-11,2022-11-10,4.610000133514404,553,845,0.014233882221602009,33.86680785451765,0.004744627407200669,12.633849027902112,0.009861382454181784,8.764915895026185,0.5209535276400451,0.6884430700712222,55.0,60.0
1275,SRTA,1779128,"Strata Critical Medical, Inc.",8000,Services-Health Services,10-K,2023-03-16,2022-12-31,2023-03-15 22:06:03+00:00,0001779128-23-000029,https://www.sec.gov/Archives/edgar/data/1779128/000177912823000029/blde-20221231.htm,40660,3507,data/interim/text/000177912823000029.txt.gz,177912823000029,2023Q1,2023-03-15 18:06:03-04:00,2023-03-16,2023-03-16,2023-03-16,2023-03-15,3.640000104904175,637,761,0.026143630103295623,139.09977320040127,0.0070831283817019185,34.27019109795104,0.01984751598622725,19.66564007939094,0.7087232478683266,0.5715548389815854,55.0,60.0
1276,SRTA,1779128,"Strata Critical Medical, Inc.",8000,Services-Health Services,10-Q,2023-08-09,2023-06-30,2023-08-09 12:29:20+00:00,0001779128-23-000077,https://www.sec.gov/Archives/edgar/data/1779128/000177912823000077/blde-20230630.htm,10896,1486,data/interim/text/000177912823000077.txt.gz,177912823000077,2023Q3,2023-08-09 08:29:20-04:00,2023-08-09,2023-08-09,2023-08-09,2023-08-08,4.0,737,661,0.010370778267254039,18.397505859810497,0.0047723935389133625,10.372999989590413,0.011104992657856094,10.47611332156898,0.6292045411713226,0.5398682720052632,55.0,60.0
1277,SRTA,1779128,"Strata Critical Medical, Inc.",8000,Services-Health Services,10-Q,2024-05-07,2024-03-31,2024-05-07 17:54:48+00:00,0001779128-24-000068,https://www.sec.gov/Archives/edgar/data/1779128/000177912824000068/blde-20240331.htm,10420,1557,data/interim/text/000177912824000068.txt.gz,177912824000068,2024Q2,2024-05-07 13:54:48-04:00,2024-05-07,2024-05-07,2024-05-07,2024-05-06,3.619999885559082,924,474,0.011708253358925143,22.97746121529782,0.005758157389635317,10.12650816762118,0.012476007677543186,9.006857629689515,1.0473825212709025,0.5424495322882182,55.0,60.0
1278,SRTA,1779128,"Strata Critical Medical, Inc.",8000,Services-Health Services,10-Q,2024-11-12,2024-09-30,2024-11-12 17:20:34+00:00,0001779128-24-000126,https://www.sec.gov/Archives/edgar/data/1779128/000177912824000126/blde-20240930.htm,12052,1588,data/interim/text/000177912824000126.txt.gz,177912824000126,2024Q4,2024-11-12 12:20:34-05:00,2024-11-12,2024-11-12,2024-11-12,2024-11-11,3.829999923706055,1055,343,0.011367407899103883,21.339563939051377,0.007384666445403252,10.633677960440448,0.011284434118818453,9.980037724818569,0.5225543793567067,0.7822076473461579,55.0,60.0
1279,SRTA,1779128,"Strata Critical Medical, Inc.",8000,Services-Health Services,10-Q,2025-08-05,2025-06-30,2025-08-05 16:43:35+00:00,0001779128-25-000060,https://www.sec.gov/Archives/edgar/data/1779128/000177912825000060/blde-20250630.htm,12128,1604,data/interim/text/000177912825000060.txt.gz,177912825000060,2025Q3,2025-08-05 12:43:35-04:00,2025-08-05,2025-08-05,2025-08-05,2025-08-04,4.429999828338623,1235,163,0.011131266490765172,22.526678416514546,0.006926121372031662,12.30148665426826,0.012120712401055408,10.945487034061788,0.6931428111944535,0.6650752057751408,55.0,60.0
1280,SRTA,1779128,"Strata Critical Medical, Inc.",8000,Services-Health Services,10-Q,2025-11-10,2025-09-30,2025-11-10 16:51:14+00:00,0001628280-25-050870,https://www.sec.gov/Archives/edgar/data/1779128/000162828025050870/blde-20250930.htm,12172,1567,data/interim/text/000162828025050870.txt.gz,162828025050870,2025Q4,2025-11-10 11:51:14-05:00,2025-11-10,2025-11-10,2025-11-10,2025-11-07,4.429999828338623,1303,95,0.01437725928360171,22.641819074810638,0.0060795267827801515,10.665093951467325,0.0116661189615511,8.665355156669525,0.6625276822166285,0.6690522016785064,55.0,60.0
1281,HOOD,1783879,"Robinhood Markets, Inc.",6211,"Security Brokers, Dealers & Flotation Companies",10-Q,2021-10-29,2021-09-30,2021-10-29 20:02:11+00:00,0001783879-21-000054,https://www.sec.gov/Archives/edgar/data/1783879/000178387921000054/hood-20210930.htm,62545,3926,data/interim/text/000178387921000054.txt.gz,178387921000054,2021Q4,2021-10-29 16:02:11-04:00,2021-10-30,2021-10-30,2021-11-01,2021-10-29,34.970001220703125,65,1105,0.03726916620033576,237.18403506130613,0.006283475897353905,36.84248248654328,0.02534175393716524,31.804664973861883,0.6459824543074361,0.7237536051670983,55.0,60.0
1282,HOOD,1783879,"Robinhood Markets, Inc.",6211,"Security Brokers, Dealers & Flotation Companies",10-K,2022-02-24,2021-12-31,2022-02-24 21:06:16+00:00,0001783879-22-000044,https://www.sec.gov/Archives/edgar/data/1783879/000178387922000044/hood-20211231.htm,52183,4164,data/interim/text/000178387922000044.txt.gz,178387922000044,2022Q1,2022-02-24 16:06:16-05:00,2022-02-25,2022-02-25,2022-02-25,2022-02-24,11.510000228881836,145,1025,0.030297223233620146,193.52785862381378,0.007339555027499377,58.39990699637349,0.02261272828315735,33.67699476900901,0.773215502848815,1.072901938574687,55.0,60.0
1283,HOOD,1783879,"Robinhood Markets, Inc.",6211,"Security Brokers, Dealers & Flotation Companies",10-Q,2022-05-06,2022-03-31,2022-05-06 20:02:40+00:00,0001783879-22-000104,https://www.sec.gov/Archives/edgar/data/1783879/000178387922000104/hood-20220331.htm,40575,3489,data/interim/text/000178387922000104.txt.gz,178387922000104,2022Q2,2022-05-06 16:02:40-04:00,2022-05-07,2022-05-07,2022-05-09,2022-05-06,10.119999885559082,195,975,0.03800369685767098,182.33990608162114,0.006136783733826248,33.39263572663157,0.026715958102279728,24.799949325857348,0.9035081456768557,0.9013318757848555,55.0,60.0
1284,HOOD,1783879,"Robinhood Markets, Inc.",6211,"Security Brokers, Dealers & Flotation Companies",10-Q,2022-08-03,2022-06-30,2022-08-03 20:02:35+00:00,0001783879-22-000165,https://www.sec.gov/Archives/edgar/data/1783879/000178387922000165/hood-20220630.htm,42016,3483,data/interim/text/000178387922000165.txt.gz,178387922000165,2022Q3,2022-08-03 16:02:35-04:00,2022-08-04,2022-08-04,2022-08-04,2022-08-03,10.3100004196167,255,915,0.038485338918507236,191.77853553809715,0.006092916984006093,33.58081489803744,0.02675171363290175,26.15021853442723,0.9399514908292793,0.560756891544392,55.0,60.0
1285,HOOD,1783879,"Robinhood Markets, Inc.",6211,"Security Brokers, Dealers & Flotation Companies",10-Q,2022-11-03,2022-09-30,2022-11-02 21:33:43+00:00,0001783879-22-000230,https://www.sec.gov/Archives/edgar/data/1783879/000178387922000230/hood-20220930.htm,42939,3518,data/interim/text/000178387922000230.txt.gz,178387922000230,2022Q4,2022-11-02 17:33:43-04:00,2022-11-03,2022-11-03,2022-11-03,2022-11-02,11.399999618530272,319,851,0.03824029437108456,193.4616026799148,0.00589207946156175,33.8526411771637,0.026316402338200703,26.481576184627333,0.5723223410660037,0.6808298430282478,55.0,60.0
1286,HOOD,1783879,"Robinhood Markets, Inc.",6211,"Security Brokers, Dealers & Flotation Companies",10-K,2023-02-27,2022-12-31,2023-02-27 21:33:25+00:00,0001783879-23-000045,https://www.sec.gov/Archives/edgar/data/1783879/000178387923000045/hood-20221231.htm,56773,4321,data/interim/text/000178387923000045.txt.gz,178387923000045,2023Q1,2023-02-27 16:33:25-05:00,2023-02-28,2023-02-28,2023-02-28,2023-02-27,9.720000267028809,397,773,0.03237454423757772,220.367371216023,0.006693322530075916,58.76682237084159,0.022176034382540996,31.312679115237938,0.4550457568735376,0.4357384638397772,55.0,60.0
1287,HOOD,1783879,"Robinhood Markets, Inc.",6211,"Security Brokers, Dealers & Flotation Companies",10-Q,2023-05-10,2023-03-31,2023-05-10 20:10:50+00:00,0001783879-23-000117,https://www.sec.gov/Archives/edgar/data/1783879/000178387923000117/hood-20230331.htm,40888,3496,data/interim/text/000178387923000117.txt.gz,178387923000117,2023Q2,2023-05-10 16:10:50-04:00,2023-05-11,2023-05-11,2023-05-11,2023-05-10,9.06999969482422,448,722,0.03984054001173939,199.2815425677907,0.005698493445509685,30.203059018815534,0.027122872236352964,26.075942762052183,0.41333916445001384,0.409370479530046,55.0,60.0
1288,HOOD,1783879,"Robinhood Markets, Inc.",6211,"Security Brokers, Dealers & Flotation Companies",10-Q,2023-08-03,2023-06-30,2023-08-03 20:06:13+00:00,0001783879-23-000175,https://www.sec.gov/Archives/edgar/data/1783879/000178387923000175/hood-20230630.htm,42313,3539,data/interim/text/000178387923000175.txt.gz,178387923000175,2023Q3,2023-08-03 16:06:13-04:00,2023-08-04,2023-08-04,2023-08-04,2023-08-03,11.539999961853027,506,664,0.03901874128518422,199.22043238507393,0.005861082882329308,30.869930291453223,0.02684754094486328,25.798869071521928,0.44944735601315977,0.30473563925101493,55.0,60.0
1289,HOOD,1783879,"Robinhood Markets, Inc.",6211,"Security Brokers, Dealers & Flotation Companies",10-Q,2023-11-07,2023-09-30,2023-11-07 21:10:57+00:00,0001783879-23-000268,https://www.sec.gov/Archives/edgar/data/1783879/000178387923000268/hood-20230930.htm,43526,3591,data/interim/text/000178387923000268.txt.gz,178387923000268,2023Q4,2023-11-07 16:10:57-05:00,2023-11-08,2023-11-08,2023-11-08,2023-11-07,9.760000228881836,573,597,0.03855167026604788,198.19542561090486,0.005766668198318246,31.533327538951127,0.026306115884758535,25.733982680005557,0.30196233362904445,0.5145612801146215,55.0,60.0
1290,HOOD,1783879,"Robinhood Markets, Inc.",6211,"Security Brokers, Dealers & Flotation Companies",10-K,2024-02-27,2023-12-31,2024-02-27 21:29:14+00:00,0001783879-24-000054,https://www.sec.gov/Archives/edgar/data/1783879/000178387924000054/hood-20231231.htm,61260,4537,data/interim/text/000178387924000054.txt.gz,178387924000054,2024Q1,2024-02-27 16:29:14-05:00,2024-02-28,2024-02-28,2024-02-28,2024-02-27,16.25,648,522,0.03285994123408423,240.68651198456394,0.006447926869082599,59.223991598218,0.02296767874632713,28.00652871981008,0.5852464393491684,0.5985682583360284,55.0,60.0
1291,HOOD,1783879,"Robinhood Markets, Inc.",6211,"Security Brokers, Dealers & Flotation Companies",10-Q,2024-05-08,2024-03-31,2024-05-08 20:11:31+00:00,0001783879-24-000145,https://www.sec.gov/Archives/edgar/data/1783879/000178387924000145/hood-20240331.htm,44622,3651,data/interim/text/000178387924000145.txt.gz,178387924000145,2024Q2,2024-05-08 16:11:31-04:00,2024-05-09,2024-05-09,2024-05-09,2024-05-08,17.850000381469727,698,472,0.038523598225090765,205.55336410144156,0.005356102371027744,29.31236983740712,0.028147550535610237,25.995931017476064,0.5739677473809873,0.6253438583819365,55.0,60.0
1292,HOOD,1783879,"Robinhood Markets, Inc.",6211,"Security Brokers, Dealers & Flotation Companies",10-Q,2024-08-08,2024-06-30,2024-08-07 21:36:17+00:00,0001783879-24-000233,https://www.sec.gov/Archives/edgar/data/1783879/000178387924000233/hood-20240630.htm,45820,3672,data/interim/text/000178387924000233.txt.gz,178387924000233,2024Q3,2024-08-07 17:36:17-04:00,2024-08-08,2024-08-08,2024-08-08,2024-08-07,17.1200008392334,760,410,0.03821475338280227,205.68829168286854,0.005499781754692274,29.756070943106504,0.027957223919685727,26.113203835075485,0.5801046579614851,0.6780816972018299,55.0,60.0
1293,HOOD,1783879,"Robinhood Markets, Inc.",6211,"Security Brokers, Dealers & Flotation Companies",10-Q,2024-10-31,2024-09-30,2024-10-30 21:36:08+00:00,0001783879-24-000296,https://www.sec.gov/Archives/edgar/data/1783879/000178387924000296/hood-20240930.htm,46729,3711,data/interim/text/000178387924000296.txt.gz,178387924000296,2024Q4,2024-10-30 17:36:08-04:00,2024-10-31,2024-10-31,2024-10-31,2024-10-30,28.209999084472656,819,351,0.03755697746581352,206.6779706891766,0.0053285968028419185,29.099796783767992,0.0274989835006099,26.263017192458445,0.442801208237115,0.7330181351957341,55.0,60.0
1294,HOOD,1783879,"Robinhood Markets, Inc.",6211,"Security Brokers, Dealers & Flotation Companies",10-K,2025-02-18,2024-12-31,2025-02-18 21:07:19+00:00,0001783879-25-000049,https://www.sec.gov/Archives/edgar/data/1783879/000178387925000049/hood-20241231.htm,64109,4604,data/interim/text/000178387925000049.txt.gz,178387925000049,2025Q1,2025-02-18 16:07:19-05:00,2025-02-19,2025-02-19,2025-02-19,2025-02-18,60.43999862670898,892,278,0.031711616153738166,239.36059339552727,0.0064889485095696395,60.8345550446561,0.023210469668845247,31.227461429699016,0.6177832316424082,1.00807530777512,55.0,60.0
1295,HOOD,1783879,"Robinhood Markets, Inc.",6211,"Security Brokers, Dealers & Flotation Companies",10-Q,2025-05-01,2025-03-31,2025-04-30 21:37:21+00:00,0001783879-25-000145,https://www.sec.gov/Archives/edgar/data/1783879/000178387925000145/hood-20250331.htm,48074,3816,data/interim/text/000178387925000145.txt.gz,178387925000145,2025Q2,2025-04-30 17:37:21-04:00,2025-05-01,2025-05-01,2025-05-01,2025-04-30,49.11000061035156,942,228,0.03723426384324167,222.9601184814996,0.007634064151100387,29.856624496505518,0.02729125930856596,25.619786209876,1.0881011123727367,0.5575143826924019,55.0,60.0
1296,HOOD,1783879,"Robinhood Markets, Inc.",6211,"Security Brokers, Dealers & Flotation Companies",10-Q,2025-07-31,2025-06-30,2025-07-30 21:38:16+00:00,0001783879-25-000251,https://www.sec.gov/Archives/edgar/data/1783879/000178387925000251/hood-20250630.htm,52393,3958,data/interim/text/000178387925000251.txt.gz,178387925000251,2025Q3,2025-07-30 17:38:16-04:00,2025-07-31,2025-07-31,2025-07-31,2025-07-30,106.0999984741211,1004,166,0.03664611684767049,237.17567523366188,0.007157444696810643,30.175233189116696,0.026835645983242035,26.847855572318757,0.5588109049318288,0.6176247679028938,55.0,60.0
1297,HOOD,1783879,"Robinhood Markets, Inc.",6211,"Security Brokers, Dealers & Flotation Companies",10-Q,2025-11-06,2025-09-30,2025-11-05 22:36:15+00:00,0001783879-25-000310,https://www.sec.gov/Archives/edgar/data/1783879/000178387925000310/hood-20250930.htm,54234,4062,data/interim/text/000178387925000310.txt.gz,178387925000310,2025Q4,2025-11-05 17:36:15-05:00,2025-11-06,2025-11-06,2025-11-06,2025-11-05,142.47999572753906,1073,97,0.03604749787955895,243.34841305598164,0.004996865434966995,30.721383778592784,0.026828188958955636,27.975597876143,0.6343563803918987,0.7307202909443921,55.0,60.0
1298,DASH,1792789,"DoorDash, Inc.",7389,"Services-Business Services, NEC",10-Q,2021-05-14,2021-03-31,2021-05-14 20:10:58+00:00,0001628280-21-010313,https://www.sec.gov/Archives/edgar/data/1792789/000162828021010313/dash-20210331.htm,49557,3437,data/interim/text/000162828021010313.txt.gz,162828021010313,2021Q2,2021-05-14 16:10:58-04:00,2021-05-15,2021-05-15,2021-05-17,2021-05-14,141.07000732421875,107,1222,0.03464697217345683,175.43846488362533,0.008071513610589826,33.867637612570896,0.024517222592166595,23.74008559227724,0.6979910550212767,0.4584258655166247,55.0,60.0
1299,DASH,1792789,"DoorDash, Inc.",7389,"Services-Business Services, NEC",10-Q,2021-08-13,2021-06-30,2021-08-13 20:11:14+00:00,0001628280-21-016985,https://www.sec.gov/Archives/edgar/data/1792789/000162828021016985/dash-20210630.htm,50092,3449,data/interim/text/000162828021016985.txt.gz,162828021016985,2021Q3,2021-08-13 16:11:14-04:00,2021-08-14,2021-08-14,2021-08-16,2021-08-13,194.7899932861328,170,1159,0.03417711411003753,175.61436584178693,0.00812504990816897,34.35738893918699,0.024375149724506908,24.795598023883407,0.4630617739631751,0.4663267560683354,55.0,60.0
1300,DASH,1792789,"DoorDash, Inc.",7389,"Services-Business Services, NEC",10-Q,2021-11-10,2021-09-30,2021-11-10 22:26:04+00:00,0001628280-21-022884,https://www.sec.gov/Archives/edgar/data/1792789/000162828021022884/dash-20210930.htm,52784,3580,data/interim/text/000162828021022884.txt.gz,162828021022884,2021Q4,2021-11-10 17:26:04-05:00,2021-11-11,2021-11-11,2021-11-11,2021-11-10,214.2400054931641,232,1097,0.03463170657775083,185.82092172434616,0.007900121248863292,34.943504127443845,0.025178084267959987,27.175042149352674,0.3704524518867358,0.7635130166832028,55.0,60.0
1301,DASH,1792789,"DoorDash, Inc.",7389,"Services-Business Services, NEC",10-K,2022-03-01,2021-12-31,2022-03-01 11:37:38+00:00,0001628280-22-004350,https://www.sec.gov/Archives/edgar/data/1792789/000162828022004350/dash-20211231.htm,59913,3921,data/interim/text/000162828022004350.txt.gz,162828022004350,2022Q1,2022-03-01 06:37:38-05:00,2022-03-01,2022-03-01,2022-03-01,2022-02-28,104.9499969482422,306,1023,0.03319813729908367,194.92529552448258,0.008078380318127952,42.48891995742959,0.024435431375494466,29.93762216701366,0.8203384015706404,1.079995369125988,55.0,60.0
1302,DASH,1792789,"DoorDash, Inc.",7389,"Services-Business Services, NEC",10-Q,2022-05-06,2022-03-31,2022-05-06 20:10:44+00:00,0001628280-22-013038,https://www.sec.gov/Archives/edgar/data/1792789/000162828022013038/dash-20220331.htm,52247,3580,data/interim/text/000162828022013038.txt.gz,162828022013038,2022Q2,2022-05-06 16:10:44-04:00,2022-05-07,2022-05-07,2022-05-09,2022-05-06,72.11000061035156,354,975,0.03611690623385075,181.2095091343795,0.00790476008191858,35.81703637618878,0.0262790208050223,24.845170628923054,1.0056256118839921,0.885554899202094,55.0,60.0
1303,DASH,1792789,"DoorDash, Inc.",7389,"Services-Business Services, NEC",10-Q,2022-08-05,2022-06-30,2022-08-05 20:22:28+00:00,0001628280-22-021372,https://www.sec.gov/Archives/edgar/data/1792789/000162828022021372/dash-20220630.htm,52196,3614,data/interim/text/000162828022021372.txt.gz,162828022021372,2022Q3,2022-08-05 16:22:28-04:00,2022-08-06,2022-08-06,2022-08-08,2022-08-05,80.29000091552734,416,913,0.037129281937313206,190.02173659571537,0.007835849490382405,35.10065507101461,0.02626638056556058,24.037533425867178,0.9667298684981914,0.6209482519061659,55.0,60.0
1304,DASH,1792789,"DoorDash, Inc.",7389,"Services-Business Services, NEC",10-Q,2022-11-04,2022-09-30,2022-11-04 20:09:29+00:00,0001628280-22-028457,https://www.sec.gov/Archives/edgar/data/1792789/000162828022028457/dash-20220930.htm,50585,3501,data/interim/text/000162828022028457.txt.gz,162828022028457,2022Q4,2022-11-04 16:09:29-04:00,2022-11-05,2022-11-05,2022-11-07,2022-11-04,51.56999969482422,480,849,0.03702678659681724,182.63716813312217,0.007828407630720569,33.62434825111407,0.02629237916378373,22.99639086131717,0.5783259113357907,0.5790323667147351,55.0,60.0
1305,DASH,1792789,"DoorDash, Inc.",7389,"Services-Business Services, NEC",10-K,2023-02-27,2022-12-31,2023-02-25 02:46:28+00:00,0001628280-23-005131,https://www.sec.gov/Archives/edgar/data/1792789/000162828023005131/dash-20221231.htm,57981,3878,data/interim/text/000162828023005131.txt.gz,162828023005131,2023Q1,2023-02-24 21:46:28-05:00,2023-02-25,2023-02-27,2023-02-27,2023-02-24,55.09000015258789,555,774,0.03347648367568686,187.6772463229985,0.008019868577637502,40.92528904494637,0.024801227988478985,26.636736407311236,0.6212334404341989,0.4073594955288509,55.0,60.0
1306,DASH,1792789,"DoorDash, Inc.",7389,"Services-Business Services, NEC",10-Q,2023-05-05,2023-03-31,2023-05-05 20:12:03+00:00,0001628280-23-016140,https://www.sec.gov/Archives/edgar/data/1792789/000162828023016140/dash-20230331.htm,49416,3477,data/interim/text/000162828023016140.txt.gz,162828023016140,2023Q2,2023-05-05 16:12:03-04:00,2023-05-06,2023-05-06,2023-05-08,2023-05-05,62.900001525878906,604,725,0.036992067346608384,179.72682138693835,0.00805407155577141,34.07977713534259,0.026631050671847175,23.69024824091786,0.5360495002721867,0.2833624153770309,55.0,60.0
1307,DASH,1792789,"DoorDash, Inc.",7389,"Services-Business Services, NEC",10-Q,2023-08-02,2023-06-30,2023-08-02 20:09:22+00:00,0001628280-23-026756,https://www.sec.gov/Archives/edgar/data/1792789/000162828023026756/dash-20230630.htm,48649,3460,data/interim/text/000162828023026756.txt.gz,162828023026756,2023Q3,2023-08-02 16:09:22-04:00,2023-08-03,2023-08-03,2023-08-03,2023-08-02,85.9800033569336,664,665,0.036218627309913876,178.4290265448846,0.00801660876893667,33.68825949764777,0.026660363008489382,23.112183607671415,0.2894896483810442,0.37601794258423693,55.0,60.0
1308,DASH,1792789,"DoorDash, Inc.",7389,"Services-Business Services, NEC",10-Q,2023-11-01,2023-09-30,2023-11-01 20:11:56+00:00,0001628280-23-035973,https://www.sec.gov/Archives/edgar/data/1792789/000162828023035973/dash-20230930.htm,46377,3397,data/interim/text/000162828023035973.txt.gz,162828023035973,2023Q4,2023-11-01 16:11:56-04:00,2023-11-02,2023-11-02,2023-11-02,2023-11-01,75.9000015258789,728,601,0.03596610388770296,172.95366493522332,0.007784030877374561,30.992678555635823,0.026564892080125923,23.665867100452346,0.3773372179759283,0.29929774472993714,55.0,60.0
1309,DASH,1792789,"DoorDash, Inc.",7389,"Services-Business Services, NEC",10-K,2024-02-20,2023-12-31,2024-02-20 21:36:05+00:00,0001628280-24-005600,https://www.sec.gov/Archives/edgar/data/1792789/000162828024005600/dash-20231231.htm,53922,3795,data/interim/text/000162828024005600.txt.gz,162828024005600,2024Q1,2024-02-20 16:36:05-05:00,2024-02-21,2024-02-21,2024-02-21,2024-02-20,115.4800033569336,802,527,0.033233188679945104,182.79366314733988,0.007789028596862134,36.81074304089786,0.024980527428507846,27.260976997764672,0.29211289450624356,0.3734027673983798,55.0,60.0
1310,DASH,1792789,"DoorDash, Inc.",7389,"Services-Business Services, NEC",10-Q,2024-05-01,2024-03-31,2024-05-01 20:08:12+00:00,0001628280-24-019605,https://www.sec.gov/Archives/edgar/data/1792789/000162828024019605/dash-20240331.htm,45686,3361,data/interim/text/000162828024019605.txt.gz,162828024019605,2024Q2,2024-05-01 16:08:12-04:00,2024-05-02,2024-05-02,2024-05-02,2024-05-01,127.45999908447266,852,477,0.03618176246552554,169.94499670664953,0.007945541303681653,30.67003655938847,0.0267478002013746,23.924774206027497,0.39044397534832415,0.36275710270088235,55.0,60.0
1311,DASH,1792789,"DoorDash, Inc.",7389,"Services-Business Services, NEC",10-Q,2024-08-01,2024-06-30,2024-08-01 20:08:27+00:00,0001628280-24-034131,https://www.sec.gov/Archives/edgar/data/1792789/000162828024034131/dash-20240630.htm,45021,3326,data/interim/text/000162828024034131.txt.gz,162828024034131,2024Q3,2024-08-01 16:08:27-04:00,2024-08-02,2024-08-02,2024-08-02,2024-08-01,108.1999969482422,915,414,0.03627196197330135,170.6383544587174,0.007885209124630728,30.682831873106007,0.026787499167055376,24.267139694425957,0.3083306752760955,0.21842966383538703,55.0,60.0
1312,DASH,1792789,"DoorDash, Inc.",7389,"Services-Business Services, NEC",10-Q,2024-10-30,2024-09-30,2024-10-30 20:07:20+00:00,0001628280-24-044312,https://www.sec.gov/Archives/edgar/data/1792789/000162828024044312/dash-20240930.htm,45155,3315,data/interim/text/000162828024044312.txt.gz,162828024044312,2024Q4,2024-10-30 16:07:20-04:00,2024-10-31,2024-10-31,2024-10-31,2024-10-30,155.25,978,351,0.036385782305392536,167.905348673955,0.007972539032222345,31.1593235659028,0.026552984165651643,24.266642304808766,0.22734127730561132,0.29201708625413786,55.0,60.0
1313,DASH,1792789,"DoorDash, Inc.",7389,"Services-Business Services, NEC",10-K,2025-02-14,2024-12-31,2025-02-14 21:13:32+00:00,0001628280-25-005715,https://www.sec.gov/Archives/edgar/data/1792789/000162828025005715/dash-20241231.htm,50128,3607,data/interim/text/000162828025005715.txt.gz,162828025005715,2025Q1,2025-02-14 16:13:32-05:00,2025-02-15,2025-02-15,2025-02-18,2025-02-14,213.3800048828125,1050,279,0.03387328439195659,177.6644105299358,0.007839929779763805,38.1869115550131,0.025155601659751038,29.93255199567369,0.2641416508395797,0.5899293016182023,55.0,60.0
1314,DASH,1792789,"DoorDash, Inc.",7389,"Services-Business Services, NEC",10-Q,2025-05-07,2025-03-31,2025-05-07 20:11:41+00:00,0001628280-25-023171,https://www.sec.gov/Archives/edgar/data/1792789/000162828025023171/dash-20250331.htm,44314,3316,data/interim/text/000162828025023171.txt.gz,162828025023171,2025Q2,2025-05-07 16:11:41-04:00,2025-05-08,2025-05-08,2025-05-08,2025-05-07,176.99000549316406,1106,223,0.03637676580764544,168.91270136237466,0.007830482466037821,31.524312412719496,0.02662815363090671,26.712062126198273,0.5734586033755852,0.3022508658266684,55.0,60.0
1315,DASH,1792789,"DoorDash, Inc.",7389,"Services-Business Services, NEC",10-Q,2025-08-06,2025-06-30,2025-08-06 20:16:10+00:00,0001792789-25-000012,https://www.sec.gov/Archives/edgar/data/1792789/000179278925000012/dash-20250630.htm,47116,3385,data/interim/text/000179278925000012.txt.gz,179278925000012,2025Q3,2025-08-06 16:16:10-04:00,2025-08-07,2025-08-07,2025-08-07,2025-08-06,258.0799865722656,1168,161,0.03508362339757195,169.3601258214171,0.007661940741998472,32.22311160280747,0.027082095254266067,27.22236286994289,0.28767105184228575,0.3067048733571178,55.0,60.0
1316,DASH,1792789,"DoorDash, Inc.",7389,"Services-Business Services, NEC",10-Q,2025-11-06,2025-09-30,2025-11-06 21:08:32+00:00,0001792789-25-000020,https://www.sec.gov/Archives/edgar/data/1792789/000179278925000020/dash-20250930.htm,47170,3365,data/interim/text/000179278925000020.txt.gz,179278925000020,2025Q4,2025-11-06 16:08:32-05:00,2025-11-07,2025-11-07,2025-11-07,2025-11-06,196.4600067138672,1233,96,0.035022259910960356,168.69629026783906,0.007589569641721433,32.40509311999282,0.026669493322026713,27.043229663405892,0.2915487381434636,0.397343217249063,55.0,60.0
1317,BFLY,1804176,"Butterfly Network, Inc.",3844,X-Ray Apparatus & Tubes & Related Irradiation Apparatus,10-K,2021-03-29,2020-12-31,2021-03-29 20:52:46+00:00,0001104659-21-043278,https://www.sec.gov/Archives/edgar/data/1804176/000110465921043278/tm214074d1_10k.htm,78409,4969,data/interim/text/000110465921043278.txt.gz,110465921043278,2021Q1,2021-03-29 16:52:46-04:00,2021-03-30,2021-03-30,2021-03-30,2021-03-29,18.100000381469727,143,1255,0.023543215702279074,229.39974789320186,0.007588414595263299,70.11909744885277,0.01870958690966598,29.003592561857445,1.009428355053703,0.675634903961385,55.0,60.0
1318,BFLY,1804176,"Butterfly Network, Inc.",3844,X-Ray Apparatus & Tubes & Related Irradiation Apparatus,10-Q,2021-05-17,2021-03-31,2021-05-17 20:14:00+00:00,0001558370-21-007403,https://www.sec.gov/Archives/edgar/data/1804176/000155837021007403/tmb-20210331x10q.htm,9705,1549,data/interim/text/000155837021007403.txt.gz,155837021007403,2021Q2,2021-05-17 16:14:00-04:00,2021-05-18,2021-05-18,2021-05-18,2021-05-17,9.6899995803833,177,1221,0.015971148892323546,33.15512261538748,0.005255023183925811,10.097982267843248,0.012776919113858835,7.576124352632074,0.7826830770842205,0.6336193611189417,55.0,60.0
1319,BFLY,1804176,"Butterfly Network, Inc.",3844,X-Ray Apparatus & Tubes & Related Irradiation Apparatus,10-Q,2021-08-09,2021-06-30,2021-08-09 20:29:51+00:00,0001558370-21-010985,https://www.sec.gov/Archives/edgar/data/1804176/000155837021010985/tmb-20210630x10q.htm,9681,1462,data/interim/text/000155837021010985.txt.gz,155837021010985,2021Q3,2021-08-09 16:29:51-04:00,2021-08-10,2021-08-10,2021-08-10,2021-08-09,11.699999809265137,235,1163,0.014977791550459663,24.779468758326455,0.0054746410494783595,9.538246468606319,0.012292118582791034,6.201142255862456,0.570511926594619,0.5753500611901027,55.0,60.0
1320,BFLY,1804176,"Butterfly Network, Inc.",3844,X-Ray Apparatus & Tubes & Related Irradiation Apparatus,10-Q,2021-11-15,2021-09-30,2021-11-15 21:07:17+00:00,0001558370-21-015970,https://www.sec.gov/Archives/edgar/data/1804176/000155837021015970/tmb-20210930x10q.htm,10074,1442,data/interim/text/000155837021015970.txt.gz,155837021015970,2021Q4,2021-11-15 16:07:17-05:00,2021-11-16,2021-11-16,2021-11-16,2021-11-15,7.519999980926514,304,1094,0.015485407980941036,17.69038425739092,0.005261068096088942,10.881771839027282,0.012606710343458408,7.516713327592393,0.5754011152191431,0.8138969757914039,55.0,60.0
1321,BFLY,1804176,"Butterfly Network, Inc.",3844,X-Ray Apparatus & Tubes & Related Irradiation Apparatus,10-K,2022-02-28,2021-12-31,2022-02-28 22:19:35+00:00,0001558370-22-002397,https://www.sec.gov/Archives/edgar/data/1804176/000155837022002397/tmb-20211231x10k.htm,82217,5160,data/interim/text/000155837022002397.txt.gz,155837022002397,2022Q1,2022-02-28 17:19:35-05:00,2022-03-01,2022-03-01,2022-03-01,2022-02-28,5.150000095367432,375,1023,0.025457022270333387,264.1307453032792,0.007468041889147014,67.77285491631429,0.01767274407969155,31.96852730796363,0.8562694022308884,0.9663072971396207,55.0,60.0
1322,BFLY,1804176,"Butterfly Network, Inc.",3844,X-Ray Apparatus & Tubes & Related Irradiation Apparatus,10-Q,2022-08-03,2022-06-30,2022-08-03 21:26:32+00:00,0001558370-22-011955,https://www.sec.gov/Archives/edgar/data/1804176/000155837022011955/tmb-20220630x10q.htm,7644,1303,data/interim/text/000155837022011955.txt.gz,155837022011955,2022Q3,2022-08-03 17:26:32-04:00,2022-08-04,2022-08-04,2022-08-04,2022-08-03,5.659999847412109,483,915,0.0141287284144427,21.853137587641044,0.004055468341182627,6.667263239867509,0.014652014652014652,7.943653257196311,0.9200067667630514,1.0720741717183548,55.0,60.0
1323,BFLY,1804176,"Butterfly Network, Inc.",3844,X-Ray Apparatus & Tubes & Related Irradiation Apparatus,10-Q,2022-11-03,2022-09-30,2022-11-03 21:09:50+00:00,0001558370-22-016291,https://www.sec.gov/Archives/edgar/data/1804176/000155837022016291/tmb-20220930x10q.htm,8395,1351,data/interim/text/000155837022016291.txt.gz,155837022016291,2022Q4,2022-11-03 17:09:50-04:00,2022-11-04,2022-11-04,2022-11-04,2022-11-03,3.940000057220459,548,850,0.017986896962477666,28.038522435899278,0.00357355568790947,6.449297172945103,0.01346039309112567,8.575019924662794,1.0650265342626926,0.7884029767445829,55.0,60.0
1324,BFLY,1804176,"Butterfly Network, Inc.",3844,X-Ray Apparatus & Tubes & Related Irradiation Apparatus,10-K,2025-02-28,2024-12-31,2025-02-28 21:16:44+00:00,0001628280-25-009036,https://www.sec.gov/Archives/edgar/data/1804176/000162828025009036/bfly-20241231.htm,36200,3672,data/interim/text/000162828025009036.txt.gz,162828025009036,2025Q1,2025-02-28 16:16:44-05:00,2025-03-01,2025-03-01,2025-03-03,2025-02-28,3.619999885559082,1128,270,0.028093922651933702,141.43973128393583,0.009171270718232044,49.85494565558966,0.021519337016574585,25.36666020421076,1.1107496029334814,0.7710731659559223,55.0,60.0
1325,QSI,1816431,Quantum-Si Inc,3829,"Measuring & Controlling Devices, NEC",10-K,2021-03-30,2020-12-31,2021-03-30 21:20:26+00:00,0001104659-21-044037,https://www.sec.gov/Archives/edgar/data/1816431/000110465921044037/tm212056d1_10k.htm,47082,2932,data/interim/text/000110465921044037.txt.gz,110465921044037,2021Q1,2021-03-30 17:20:26-04:00,2021-03-31,2021-03-31,2021-03-31,2021-03-30,11.890000343322754,92,1254,0.014527845036319613,88.83815084131915,0.004821375472579754,20.50362563802084,0.015398666156917718,18.43090031155211,2.630156683329189,0.552393176184986,55.0,60.0
1326,QSI,1816431,Quantum-Si Inc,3829,"Measuring & Controlling Devices, NEC",10-Q,2021-05-24,2021-03-31,2021-05-24 21:10:29+00:00,0001104659-21-071318,https://www.sec.gov/Archives/edgar/data/1816431/000110465921071318/tm2116874d2_10q.htm,11844,1355,data/interim/text/000110465921071318.txt.gz,110465921071318,2021Q2,2021-05-24 17:10:29-04:00,2021-05-25,2021-05-25,2021-05-25,2021-05-24,9.960000038146973,130,1216,0.008443093549476529,19.138799039511614,0.0012664640324214793,2.391728753667045,0.011313745356298548,8.069982007104638,0.6349109847449185,0.8615412070391889,55.0,60.0
1327,QSI,1816431,Quantum-Si Inc,3829,"Measuring & Controlling Devices, NEC",10-Q,2021-08-16,2021-06-30,2021-08-16 20:35:30+00:00,0001140361-21-028466,https://www.sec.gov/Archives/edgar/data/1816431/000114036121028466/brhc10028064_10-q.htm,34546,3143,data/interim/text/000114036121028466.txt.gz,114036121028466,2021Q3,2021-08-16 16:35:30-04:00,2021-08-17,2021-08-17,2021-08-17,2021-08-16,8.130000114440918,188,1158,0.033838939385167605,162.3948387526978,0.009291958548022925,36.61066135684125,0.027412725062235858,21.448248885243434,0.8480274857651714,0.557667009503391,55.0,60.0
1328,QSI,1816431,Quantum-Si Inc,3829,"Measuring & Controlling Devices, NEC",10-Q,2021-11-15,2021-09-30,2021-11-12 22:46:11+00:00,0001140361-21-037702,https://www.sec.gov/Archives/edgar/data/1816431/000114036121037702/brhc10030506_10q.htm,8393,1358,data/interim/text/000114036121037702.txt.gz,114036121037702,2021Q4,2021-11-12 17:46:11-05:00,2021-11-13,2021-11-15,2021-11-15,2021-11-12,8.170000076293945,251,1095,0.014655069700941261,17.0912123777673,0.0050041701417848205,6.480317805342342,0.014655069700941261,5.942804618061499,0.5645877499739914,0.9616524233637835,55.0,60.0
1329,QSI,1816431,Quantum-Si Inc,3829,"Measuring & Controlling Devices, NEC",10-K,2022-03-01,2021-12-31,2022-03-01 21:07:25+00:00,0001140361-22-007334,https://www.sec.gov/Archives/edgar/data/1816431/000114036122007334/brhc10034564_10k.htm,76810,5044,data/interim/text/000114036122007334.txt.gz,114036122007334,2022Q1,2022-03-01 16:07:25-05:00,2022-03-02,2022-03-02,2022-03-02,2022-03-01,4.71999979019165,324,1022,0.02109100377555006,220.65379204741282,0.00868376513474808,72.73114414133452,0.017627913032157272,29.965269284043274,1.0304347595495953,0.9800410777896239,55.0,60.0
1330,QSI,1816431,Quantum-Si Inc,3829,"Measuring & Controlling Devices, NEC",10-Q,2022-05-10,2022-03-31,2022-05-10 00:52:12+00:00,0001140361-22-018360,https://www.sec.gov/Archives/edgar/data/1816431/000114036122018360/brhc10037350_10q.htm,7406,1307,data/interim/text/000114036122018360.txt.gz,114036122018360,2022Q2,2022-05-09 20:52:12-04:00,2022-05-10,2022-05-10,2022-05-10,2022-05-09,3.490000009536743,372,974,0.013502565487442613,13.81923122637578,0.004590872265730489,5.729422997815289,0.016338104239805563,6.280985226616981,1.0271277488449349,1.0044607796664256,55.0,60.0
1331,QSI,1816431,Quantum-Si Inc,3829,"Measuring & Controlling Devices, NEC",10-Q,2022-08-08,2022-06-30,2022-08-08 21:01:08+00:00,0001140361-22-028744,https://www.sec.gov/Archives/edgar/data/1816431/000114036122028744/brhc10040520_10q.htm,7776,1295,data/interim/text/000114036122028744.txt.gz,114036122028744,2022Q3,2022-08-08 17:01:08-04:00,2022-08-09,2022-08-09,2022-08-09,2022-08-08,3.9600000381469727,434,912,0.013374485596707819,13.99037758686646,0.0045010288065843625,5.711744878548692,0.015046296296296295,6.130649442136199,1.0058017020026646,0.8174795452345683,55.0,60.0
1332,CMPS,1816590,COMPASS Pathways plc,2834,Pharmaceutical Preparations,10-K,2022-02-24,2021-12-31,2022-02-24 12:43:02+00:00,0001628280-22-003651,https://www.sec.gov/Archives/edgar/data/1816590/000162828022003651/cmps-20211231.htm,110933,5957,data/interim/text/000162828022003651.txt.gz,162828022003651,2022Q1,2022-02-24 07:43:02-05:00,2022-02-24,2022-02-24,2022-02-24,2022-02-23,12.65999984741211,360,1026,0.025474836162368276,321.5806065698744,0.008834161160340024,74.51778979282268,0.020598018623854037,57.84563692015217,0.6464482395131478,0.9101265268199531,55.0,60.0
1333,CMPS,1816590,COMPASS Pathways plc,2834,Pharmaceutical Preparations,10-Q,2022-05-10,2022-03-31,2022-05-10 10:37:41+00:00,0001628280-22-013443,https://www.sec.gov/Archives/edgar/data/1816590/000162828022013443/cmps-20220331.htm,67050,4107,data/interim/text/000162828022013443.txt.gz,162828022013443,2022Q2,2022-05-10 06:37:41-04:00,2022-05-10,2022-05-10,2022-05-10,2022-05-09,7.360000133514404,412,974,0.03379567486950037,255.7692126624965,0.009992542878448918,47.46636936293557,0.02744220730797912,36.64643144831415,0.737778096214781,0.8318356881836201,55.0,60.0
1334,CMPS,1816590,COMPASS Pathways plc,2834,Pharmaceutical Preparations,10-Q,2022-08-04,2022-06-30,2022-08-04 11:01:56+00:00,0001628280-22-020847,https://www.sec.gov/Archives/edgar/data/1816590/000162828022020847/cmps-20220630.htm,67640,4114,data/interim/text/000162828022020847.txt.gz,162828022020847,2022Q3,2022-08-04 07:01:56-04:00,2022-08-04,2022-08-04,2022-08-04,2022-08-03,16.040000915527344,471,915,0.03301301005322294,255.31748426815813,0.009861028976936723,47.003922117287104,0.026581904198698995,34.0569996777419,0.9510312730765845,0.7615223294907106,55.0,60.0
1335,CMPS,1816590,COMPASS Pathways plc,2834,Pharmaceutical Preparations,10-Q,2022-11-03,2022-09-30,2022-11-03 11:05:39+00:00,0001816590-22-000115,https://www.sec.gov/Archives/edgar/data/1816590/000181659022000115/cmps-20220930.htm,67473,4105,data/interim/text/000181659022000115.txt.gz,181659022000115,2022Q4,2022-11-03 07:05:39-04:00,2022-11-03,2022-11-03,2022-11-03,2022-11-02,9.800000190734863,535,851,0.03276866302076386,253.88878442830432,0.009915077141967899,47.58340331971549,0.026588413143034992,32.902250312305355,0.7626949808775643,0.7064699729725133,55.0,60.0
1336,CMPS,1816590,COMPASS Pathways plc,2834,Pharmaceutical Preparations,10-K,2023-02-28,2022-12-31,2023-02-28 12:02:14+00:00,0001628280-23-005356,https://www.sec.gov/Archives/edgar/data/1816590/000162828023005356/cmps-20221231.htm,104508,5838,data/interim/text/000162828023005356.txt.gz,162828023005356,2023Q1,2023-02-28 07:02:14-05:00,2023-02-28,2023-02-28,2023-02-28,2023-02-27,8.420000076293945,613,773,0.027165384468174684,329.59031850844485,0.00934856661690971,71.34662122561414,0.02122325563593218,53.49482672213194,0.6219255079705942,0.5553166896776199,55.0,60.0
1337,CMPS,1816590,COMPASS Pathways plc,2834,Pharmaceutical Preparations,10-Q,2023-05-11,2023-03-31,2023-05-11 11:01:32+00:00,0001628280-23-017390,https://www.sec.gov/Archives/edgar/data/1816590/000162828023017390/cmps-20230331.htm,67792,4134,data/interim/text/000162828023017390.txt.gz,162828023017390,2023Q2,2023-05-11 07:01:32-04:00,2023-05-11,2023-05-11,2023-05-11,2023-05-10,8.59000015258789,664,722,0.03420757611517583,265.80405309394985,0.009868421052631578,47.20063785996468,0.027363110691527023,35.732726207963154,0.547017928909034,0.6509937213959649,55.0,60.0
1338,CMPS,1816590,COMPASS Pathways plc,2834,Pharmaceutical Preparations,10-Q,2023-08-03,2023-06-30,2023-08-03 10:59:44+00:00,0001628280-23-026985,https://www.sec.gov/Archives/edgar/data/1816590/000162828023026985/cmps-20230630.htm,70492,4189,data/interim/text/000162828023026985.txt.gz,162828023026985,2023Q3,2023-08-03 06:59:44-04:00,2023-08-03,2023-08-03,2023-08-03,2023-08-02,8.949999809265137,721,665,0.03359246439312263,270.38194679623894,0.009816716790557794,48.027389989856054,0.026783181070192362,34.98262636060321,0.6596727513032851,0.6982580525656437,55.0,60.0
1339,CMPS,1816590,COMPASS Pathways plc,2834,Pharmaceutical Preparations,10-Q,2023-11-02,2023-09-30,2023-11-02 11:00:54+00:00,0001628280-23-036170,https://www.sec.gov/Archives/edgar/data/1816590/000162828023036170/cmps-20230930.htm,70878,4204,data/interim/text/000162828023036170.txt.gz,162828023036170,2023Q4,2023-11-02 07:00:54-04:00,2023-11-02,2023-11-02,2023-11-02,2023-11-01,5.78000020980835,785,601,0.03324021558170377,270.20950212176064,0.009749146420610063,47.69200742529828,0.026764299218375236,35.03282411795894,0.7035431601008252,0.8408996472574408,55.0,60.0
1340,CMPS,1816590,COMPASS Pathways plc,2834,Pharmaceutical Preparations,10-K,2024-02-29,2023-12-31,2024-02-29 11:59:52+00:00,0001628280-24-007787,https://www.sec.gov/Archives/edgar/data/1816590/000162828024007787/cmps-20231231.htm,109142,5844,data/interim/text/000162828024007787.txt.gz,162828024007787,2024Q1,2024-02-29 06:59:52-05:00,2024-02-29,2024-02-29,2024-02-29,2024-02-28,12.369999885559082,865,521,0.027203093218009566,340.8051431233587,0.009199025123233952,73.06478646181667,0.02151325795752323,49.55959558078379,0.8523741199111238,0.6150035790511501,55.0,60.0
1341,CMPS,1816590,COMPASS Pathways plc,2834,Pharmaceutical Preparations,10-Q,2024-05-08,2024-03-31,2024-05-08 10:45:59+00:00,0001628280-24-021351,https://www.sec.gov/Archives/edgar/data/1816590/000162828024021351/cmps-20240331.htm,69491,4190,data/interim/text/000162828024021351.txt.gz,162828024021351,2024Q2,2024-05-08 06:45:59-04:00,2024-05-08,2024-05-08,2024-05-08,2024-05-07,8.539999961853027,913,473,0.034148306975003956,277.59456175315313,0.009814220546545595,47.501940836006256,0.027327279791627693,34.571984137755656,0.8465725880470388,0.5902704703319102,55.0,60.0
1342,CMPS,1816590,COMPASS Pathways plc,2834,Pharmaceutical Preparations,10-Q,2024-08-01,2024-06-30,2024-08-01 10:30:44+00:00,0001628280-24-033853,https://www.sec.gov/Archives/edgar/data/1816590/000162828024033853/cmps-20240630.htm,69048,4173,data/interim/text/000162828024033853.txt.gz,162828024033853,2024Q3,2024-08-01 06:30:44-04:00,2024-08-01,2024-08-01,2024-08-01,2024-07-31,7.630000114440918,971,415,0.03462808481056656,279.66571506300073,0.009746842776039856,47.268133681754065,0.027386745452438882,34.451019413523305,0.5417509227708287,0.49032959825142597,55.0,60.0
1343,CMPS,1816590,COMPASS Pathways plc,2834,Pharmaceutical Preparations,10-Q,2024-10-31,2024-09-30,2024-10-31 10:30:31+00:00,0001628280-24-044398,https://www.sec.gov/Archives/edgar/data/1816590/000162828024044398/cmps-20240930.htm,69604,4195,data/interim/text/000162828024044398.txt.gz,162828024044398,2024Q4,2024-10-31 06:30:31-04:00,2024-10-31,2024-10-31,2024-10-31,2024-10-30,6.190000057220459,1035,351,0.03449514395724384,281.7963891293515,0.00976955347393828,47.41844556299645,0.02758462157347279,34.674212403307386,0.5074026134326491,0.8247584104734513,55.0,60.0
1344,CMPS,1816590,COMPASS Pathways plc,2834,Pharmaceutical Preparations,10-K,2025-02-27,2024-12-31,2025-02-27 11:28:33+00:00,0001628280-25-008412,https://www.sec.gov/Archives/edgar/data/1816590/000162828025008412/cmps-20241231.htm,107764,5671,data/interim/text/000162828025008412.txt.gz,162828025008412,2025Q1,2025-02-27 06:28:33-05:00,2025-02-27,2025-02-27,2025-02-27,2025-02-26,3.700000047683716,1114,272,0.027643740024497977,342.85878584729994,0.009084666493448646,72.4034396416427,0.021751234178389815,43.711366204427,0.8359609572990185,0.7543019865479402,55.0,60.0
1345,CMPS,1816590,COMPASS Pathways plc,2834,Pharmaceutical Preparations,10-Q,2025-05-08,2025-03-31,2025-05-08 10:38:40+00:00,0001628280-25-023426,https://www.sec.gov/Archives/edgar/data/1816590/000162828025023426/cmps-20250331.htm,71000,4207,data/interim/text/000162828025023426.txt.gz,162828025023426,2025Q2,2025-05-08 06:38:40-04:00,2025-05-08,2025-05-08,2025-05-08,2025-05-07,3.740000009536743,1163,223,0.03392957746478873,275.1266744660368,0.009549295774647887,46.757744981348196,0.02723943661971831,33.41304469338128,0.8111288049941684,1.2806012268631697,55.0,60.0
1346,CMPS,1816590,COMPASS Pathways plc,2834,Pharmaceutical Preparations,10-Q,2025-07-31,2025-06-30,2025-07-31 10:30:58+00:00,0001816590-25-000102,https://www.sec.gov/Archives/edgar/data/1816590/000181659025000102/cmps-20250630.htm,72266,4247,data/interim/text/000181659025000102.txt.gz,181659025000102,2025Q3,2025-07-31 06:30:58-04:00,2025-07-31,2025-07-31,2025-07-31,2025-07-30,3.940000057220459,1220,166,0.03351506932720782,276.58323341265066,0.009395843135084273,49.75493996376608,0.026900617164364985,33.63556615770745,1.3151159545999787,0.5735804645774762,55.0,60.0
1347,CMPS,1816590,COMPASS Pathways plc,2834,Pharmaceutical Preparations,10-Q,2025-11-04,2025-09-30,2025-11-04 11:30:56+00:00,0001816590-25-000150,https://www.sec.gov/Archives/edgar/data/1816590/000181659025000150/cmps-20250930.htm,72768,4258,data/interim/text/000181659025000150.txt.gz,181659025000150,2025Q4,2025-11-04 06:30:56-05:00,2025-11-04,2025-11-04,2025-11-04,2025-11-03,5.949999809265137,1287,99,0.03336631486367634,276.39315652252577,0.009276055408970977,48.952187158982,0.026770008795074757,33.57435982408771,0.5864815234715316,0.6783536058989482,55.0,60.0
1348,WGS,1818331,GeneDx Holdings Corp.,8000,Services-Health Services,10-K,2021-03-30,2020-12-31,2021-03-30 20:48:09+00:00,0001213900-21-018697,https://www.sec.gov/Archives/edgar/data/1818331/000121390021018697/f10k2020_cmlifesciences.htm,49525,2804,data/interim/text/000121390021018697.txt.gz,121390021018697,2021Q1,2021-03-30 16:48:09-04:00,2021-03-31,2021-03-31,2021-03-31,2021-03-30,449.7900085449219,99,1254,0.013932357395254922,93.78546480780018,0.00524987380111055,18.821961191907167,0.016274608783442706,14.90171591187059,1.1898424942408923,0.5655289100199549,55.0,60.0
1349,WGS,1818331,GeneDx Holdings Corp.,8000,Services-Health Services,10-Q,2021-05-24,2021-03-31,2021-05-24 13:14:58+00:00,0001213900-21-028608,https://www.sec.gov/Archives/edgar/data/1818331/000121390021028608/f10q0321_cmlifesciences.htm,14136,1439,data/interim/text/000121390021028608.txt.gz,121390021028608,2021Q2,2021-05-24 09:14:58-04:00,2021-05-24,2021-05-24,2021-05-24,2021-05-21,389.7300109863281,136,1217,0.00700339558573854,21.60217659458439,0.0018392756083757782,4.525284067304877,0.010045274476513865,8.727252958604373,0.7718777868028873,0.7724182793512147,55.0,60.0
1350,WGS,1818331,GeneDx Holdings Corp.,8000,Services-Health Services,10-Q,2021-07-21,2021-06-30,2021-07-21 20:31:38+00:00,0001213900-21-037929,https://www.sec.gov/Archives/edgar/data/1818331/000121390021037929/f10q0621_cmlifesciences.htm,5530,925,data/interim/text/000121390021037929.txt.gz,121390021037929,2021Q3,2021-07-21 16:31:38-04:00,2021-07-22,2021-07-22,2021-07-22,2021-07-21,411.8399963378906,177,1176,0.007956600361663653,11.517188546264308,0.0016274864376130199,1.7318366979048345,0.012658227848101266,3.3720014101333975,0.5860565896946909,0.7524647974827743,55.0,60.0
1351,WGS,1818331,GeneDx Holdings Corp.,8000,Services-Health Services,10-Q,2021-11-15,2021-09-30,2021-11-15 21:42:21+00:00,0001818331-21-000012,https://www.sec.gov/Archives/edgar/data/1818331/000181833121000012/cmlf-20210930.htm,46275,3704,data/interim/text/000181833121000012.txt.gz,181833121000012,2021Q4,2021-11-15 16:42:21-05:00,2021-11-16,2021-11-16,2021-11-16,2021-11-15,258.0599975585937,259,1094,0.03137763371150729,197.50376170035676,0.009638033495407887,42.75188061770106,0.026277687736358725,30.806455941247872,0.6301532888799798,0.7745579362820497,55.0,60.0
1352,WGS,1818331,GeneDx Holdings Corp.,8000,Services-Health Services,10-K,2022-03-14,2021-12-31,2022-03-14 20:32:49+00:00,0001818331-22-000037,https://www.sec.gov/Archives/edgar/data/1818331/000181833122000037/cmlf-20211231.htm,85322,5325,data/interim/text/000181833122000037.txt.gz,181833122000037,2022Q1,2022-03-14 16:32:49-04:00,2022-03-15,2022-03-15,2022-03-15,2022-03-14,87.44999694824219,340,1013,0.022022456107451772,246.16467481315786,0.008954314244860645,65.29688461206587,0.01885797332458217,44.155481780188786,0.7687912206379061,1.1557040188295078,55.0,60.0
1353,WGS,1818331,GeneDx Holdings Corp.,8000,Services-Health Services,10-Q,2022-05-12,2022-03-31,2022-05-12 20:27:45+00:00,0001818331-22-000046,https://www.sec.gov/Archives/edgar/data/1818331/000181833122000046/cmlf-20220331.htm,46697,3703,data/interim/text/000181833122000046.txt.gz,181833122000046,2022Q2,2022-05-12 16:27:45-04:00,2022-05-13,2022-05-13,2022-05-13,2022-05-12,56.7599983215332,382,971,0.031222562477246932,196.97857773636235,0.010279032914319978,41.89973359864703,0.026789729532946442,31.314138507258676,0.754943994450843,1.171828501641082,55.0,60.0
1354,WGS,1818331,GeneDx Holdings Corp.,8000,Services-Health Services,10-Q,2022-08-15,2022-06-30,2022-08-15 20:40:15+00:00,0001818331-22-000069,https://www.sec.gov/Archives/edgar/data/1818331/000181833122000069/cmlf-20220630.htm,49813,3795,data/interim/text/000181833122000069.txt.gz,181833122000069,2022Q3,2022-08-15 16:40:15-04:00,2022-08-16,2022-08-16,2022-08-16,2022-08-15,79.19999694824219,446,907,0.03065464838495975,213.29928047890627,0.010198141047517716,44.37280666527473,0.026157830285266897,31.84383193656632,1.0946408505716074,0.875859822536162,55.0,60.0
1355,WGS,1818331,GeneDx Holdings Corp.,8000,Services-Health Services,10-Q,2022-11-14,2022-09-30,2022-11-14 14:02:05+00:00,0001818331-22-000078,https://www.sec.gov/Archives/edgar/data/1818331/000181833122000078/cmlf-20220930.htm,50286,3800,data/interim/text/000181833122000078.txt.gz,181833122000078,2022Q4,2022-11-14 09:02:05-05:00,2022-11-14,2022-11-14,2022-11-14,2022-11-11,33.65999984741211,509,844,0.03138050351986636,214.09358889431718,0.01024141908284612,44.966477209400104,0.02609076084794973,31.949846908500163,0.8349070246397505,1.4497130907648517,55.0,60.0
1356,WGS,1818331,GeneDx Holdings Corp.,8000,Services-Health Services,10-K,2023-03-16,2022-12-31,2023-03-16 20:41:00+00:00,0001818331-23-000024,https://www.sec.gov/Archives/edgar/data/1818331/000181833123000024/wgs-20221231.htm,60761,4419,data/interim/text/000181833123000024.txt.gz,181833123000024,2023Q1,2023-03-16 16:41:00-04:00,2023-03-17,2023-03-17,2023-03-17,2023-03-16,11.682000160217283,593,760,0.02919635950692056,248.05043617959157,0.009002485146722404,54.736034702419275,0.022300488800381824,37.180169732887116,1.360564402674256,0.9782458187120031,55.0,60.0
1357,WGS,1818331,GeneDx Holdings Corp.,8000,Services-Health Services,10-Q,2023-05-09,2023-03-31,2023-05-09 21:10:55+00:00,0001818331-23-000043,https://www.sec.gov/Archives/edgar/data/1818331/000181833123000043/wgs-20230331.htm,42575,3556,data/interim/text/000181833123000043.txt.gz,181833123000043,2023Q2,2023-05-09 17:10:55-04:00,2023-05-10,2023-05-10,2023-05-10,2023-05-09,8.350000381469727,630,723,0.03342337052260717,192.6644568868564,0.010076335877862596,41.21801955626765,0.026306517909571343,25.686117896971805,1.387506509378628,0.9188886768791372,55.0,60.0
1358,WGS,1818331,GeneDx Holdings Corp.,8000,Services-Health Services,10-Q,2023-08-08,2023-06-30,2023-08-08 20:27:33+00:00,0001818331-23-000064,https://www.sec.gov/Archives/edgar/data/1818331/000181833123000064/wgs-20230630.htm,44704,3579,data/interim/text/000181833123000064.txt.gz,181833123000064,2023Q3,2023-08-08 16:27:33-04:00,2023-08-09,2023-08-09,2023-08-09,2023-08-08,6.650000095367432,692,661,0.03297244094488189,197.23348041655916,0.00973067287043665,41.85375485265592,0.02518790264853257,25.581823656406193,0.9076614099193925,0.8530805596781694,55.0,60.0
1359,WGS,1818331,GeneDx Holdings Corp.,8000,Services-Health Services,10-K,2024-02-23,2023-12-31,2024-02-23 21:56:22+00:00,0001818331-24-000008,https://www.sec.gov/Archives/edgar/data/1818331/000181833124000008/wgs-20231231.htm,56369,4298,data/interim/text/000181833124000008.txt.gz,181833124000008,2024Q1,2024-02-23 16:56:22-05:00,2024-02-24,2024-02-24,2024-02-26,2024-02-23,7.880000114440918,829,524,0.03125831574092143,246.133314219315,0.009331370079298906,52.40635861331733,0.02327520445635012,34.297199994676625,1.584053451334301,1.5941538814003346,55.0,60.0
1360,WGS,1818331,GeneDx Holdings Corp.,8000,Services-Health Services,10-Q,2024-04-29,2024-03-31,2024-04-29 20:13:44+00:00,0001818331-24-000023,https://www.sec.gov/Archives/edgar/data/1818331/000181833124000023/wgs-20240331.htm,10601,1749,data/interim/text/000181833124000023.txt.gz,181833124000023,2024Q2,2024-04-29 16:13:44-04:00,2024-04-30,2024-04-30,2024-04-30,2024-04-29,11.0,874,479,0.019054806150363174,41.675747711668855,0.00603716630506556,11.82849635130705,0.01697953023299689,7.691438221671979,1.252945631766372,0.8562069344729847,55.0,60.0
1361,WGS,1818331,GeneDx Holdings Corp.,8000,Services-Health Services,10-Q,2024-07-30,2024-06-30,2024-07-30 20:19:55+00:00,0001818331-24-000042,https://www.sec.gov/Archives/edgar/data/1818331/000181833124000042/wgs-20240630.htm,9818,1513,data/interim/text/000181833124000042.txt.gz,181833124000042,2024Q3,2024-07-30 16:19:55-04:00,2024-07-31,2024-07-31,2024-07-31,2024-07-30,30.1299991607666,937,416,0.014768792014666939,28.644914603976122,0.007027907924220819,11.118963340155712,0.01711142798940721,7.83178890128478,0.8374295193082466,1.2138811298344518,55.0,60.0
1362,WGS,1818331,GeneDx Holdings Corp.,8000,Services-Health Services,10-Q,2024-10-29,2024-09-30,2024-10-29 12:18:29+00:00,0001818331-24-000059,https://www.sec.gov/Archives/edgar/data/1818331/000181833124000059/wgs-20240930.htm,11198,1707,data/interim/text/000181833124000059.txt.gz,181833124000059,2024Q4,2024-10-29 08:18:29-04:00,2024-10-29,2024-10-29,2024-10-29,2024-10-28,56.060001373291016,1000,353,0.014556170744775852,32.262898436984415,0.0058046079657081626,10.67125145461005,0.01652080728701554,9.00807214147705,0.7184766866704612,0.7436049606108504,55.0,60.0
1363,WGS,1818331,GeneDx Holdings Corp.,8000,Services-Health Services,10-K,2025-02-20,2024-12-31,2025-02-20 12:59:24+00:00,0001818331-25-000021,https://www.sec.gov/Archives/edgar/data/1818331/000181833125000021/wgs-20241231.htm,51345,4133,data/interim/text/000181833125000021.txt.gz,181833125000021,2025Q1,2025-02-20 07:59:24-05:00,2025-02-20,2025-02-20,2025-02-20,2025-02-19,111.30999755859376,1076,277,0.03168760346674457,239.2137742240759,0.0094264290583309,48.962167805936865,0.02475411432466647,34.378677509312894,0.8322121122545912,1.2076789009989466,55.0,60.0
1364,WGS,1818331,GeneDx Holdings Corp.,8000,Services-Health Services,10-Q,2025-04-30,2025-03-31,2025-04-30 11:04:19+00:00,0001818331-25-000071,https://www.sec.gov/Archives/edgar/data/1818331/000181833125000071/wgs-20250331.htm,9354,1612,data/interim/text/000181833125000071.txt.gz,181833125000071,2025Q2,2025-04-30 07:04:19-04:00,2025-04-30,2025-04-30,2025-04-30,2025-04-29,116.97000122070312,1124,229,0.01667735728030789,44.26329400496205,0.005772931366260423,10.898015486704116,0.019456916827025873,8.150537266994624,1.3498113837019932,0.8052418815250922,55.0,60.0
1365,WGS,1818331,GeneDx Holdings Corp.,8000,Services-Health Services,10-Q,2025-07-29,2025-06-30,2025-07-29 12:18:49+00:00,0001818331-25-000108,https://www.sec.gov/Archives/edgar/data/1818331/000181833125000108/wgs-20250630.htm,9484,1525,data/interim/text/000181833125000108.txt.gz,181833125000108,2025Q3,2025-07-29 08:18:49-04:00,2025-07-29,2025-07-29,2025-07-29,2025-07-28,84.91000366210938,1185,168,0.012547448334036272,31.429721590753314,0.005693800084352594,9.76066479836556,0.018663011387600167,9.04242311287791,0.7985387600489575,0.5079592752618809,55.0,60.0
1366,WGS,1818331,GeneDx Holdings Corp.,8000,Services-Health Services,10-Q,2025-10-28,2025-09-30,2025-10-28 10:52:11+00:00,0001818331-25-000130,https://www.sec.gov/Archives/edgar/data/1818331/000181833125000130/wgs-20250930.htm,10264,1664,data/interim/text/000181833125000130.txt.gz,181833125000130,2025Q4,2025-10-28 06:52:11-04:00,2025-10-28,2025-10-28,2025-10-28,2025-10-27,130.66000366210938,1249,104,0.013055339049103663,35.65229891384655,0.006625097427903352,13.224212740235831,0.017731878409976618,9.908947811496974,0.5138811108798793,0.5866055808802798,55.0,60.0
1367,SOFI,1818874,"SoFi Technologies, Inc.",6199,Finance Services,10-Q,2021-05-24,2021-03-31,2021-05-24 12:51:56+00:00,0001104659-21-070841,https://www.sec.gov/Archives/edgar/data/1818874/000110465921070841/tm2111831d1_10q.htm,14508,1516,data/interim/text/000110465921070841.txt.gz,110465921070841,2021Q2,2021-05-24 08:51:56-04:00,2021-05-24,2021-05-24,2021-05-24,2021-05-21,18.780000686645508,96,1217,0.01371657016818307,44.10370691648644,0.0015164047422111938,3.686706341917124,0.01054590570719603,8.841874442131388,0.7086415836204022,0.7505903198215813,55.0,60.0
1368,SOFI,1818874,"SoFi Technologies, Inc.",6199,Finance Services,10-Q,2021-08-16,2021-06-30,2021-08-16 20:07:16+00:00,0001818874-21-000037,https://www.sec.gov/Archives/edgar/data/1818874/000181887421000037/sofi-20210630.htm,71539,4130,data/interim/text/000181887421000037.txt.gz,181887421000037,2021Q3,2021-08-16 16:07:16-04:00,2021-08-17,2021-08-17,2021-08-17,2021-08-16,14.289999961853027,155,1158,0.027579362305875117,219.74430772951615,0.0066956485273766755,41.91731637050991,0.021820265868966578,37.45709979177797,0.71340516273051,0.6752944878974663,55.0,60.0
1369,SOFI,1818874,"SoFi Technologies, Inc.",6199,Finance Services,10-Q,2021-11-15,2021-09-30,2021-11-15 12:18:20+00:00,0001818874-21-000081,https://www.sec.gov/Archives/edgar/data/1818874/000181887421000081/sofi-20210930.htm,72381,4172,data/interim/text/000181887421000081.txt.gz,181887421000081,2021Q4,2021-11-15 07:18:20-05:00,2021-11-15,2021-11-15,2021-11-15,2021-11-12,22.76000022888184,218,1095,0.02652629833796162,214.05316102474356,0.006217101172959754,36.16091894998987,0.021690775203437367,37.84075462132979,0.6270637254811047,0.8213969950105363,55.0,60.0
1370,SOFI,1818874,"SoFi Technologies, Inc.",6199,Finance Services,10-K,2022-03-01,2021-12-31,2022-03-01 22:03:20+00:00,0001818874-22-000031,https://www.sec.gov/Archives/edgar/data/1818874/000181887422000031/sofi-20211231.htm,93140,4867,data/interim/text/000181887422000031.txt.gz,181887422000031,2022Q1,2022-03-01 17:03:20-05:00,2022-03-02,2022-03-02,2022-03-02,2022-03-01,11.199999809265137,291,1022,0.023019111015675327,231.54124893470205,0.006173502254670389,47.742752565244864,0.020195404767017394,50.61654661937832,0.8688177630363076,0.8950110138040623,55.0,60.0
1371,SOFI,1818874,"SoFi Technologies, Inc.",6199,Finance Services,10-Q,2022-05-10,2022-03-31,2022-05-10 21:02:28+00:00,0001818874-22-000071,https://www.sec.gov/Archives/edgar/data/1818874/000181887422000071/sofi-20220331.htm,66228,4035,data/interim/text/000181887422000071.txt.gz,181887422000071,2022Q2,2022-05-10 17:02:28-04:00,2022-05-11,2022-05-11,2022-05-11,2022-05-10,5.25,340,973,0.029519236576674518,212.313839159714,0.005979344084073202,31.54945547732836,0.02453644983994685,36.71827067293617,0.7724529791252954,0.8954223030945888,55.0,60.0
1372,SOFI,1818874,"SoFi Technologies, Inc.",6199,Finance Services,10-Q,2022-08-09,2022-06-30,2022-08-09 21:00:51+00:00,0001818874-22-000185,https://www.sec.gov/Archives/edgar/data/1818874/000181887422000185/sofi-20220630.htm,71761,4070,data/interim/text/000181887422000185.txt.gz,181887422000185,2022Q3,2022-08-09 17:00:51-04:00,2022-08-10,2022-08-10,2022-08-10,2022-08-09,7.389999866485596,402,911,0.02824654060004738,215.24270549464876,0.0058109558116525685,31.661378365112558,0.023466785579911095,38.535720906012195,0.7856034458883651,0.6762000815610522,55.0,60.0
1373,SOFI,1818874,"SoFi Technologies, Inc.",6199,Finance Services,10-Q,2022-11-09,2022-09-30,2022-11-09 21:04:51+00:00,0001818874-22-000241,https://www.sec.gov/Archives/edgar/data/1818874/000181887422000241/sofi-20220930.htm,67204,3999,data/interim/text/000181887422000241.txt.gz,181887422000241,2022Q4,2022-11-09 16:04:51-05:00,2022-11-10,2022-11-10,2022-11-10,2022-11-09,4.980000019073486,467,846,0.02916493065888935,212.9933985931218,0.005654425331825487,30.44439912666752,0.024269388726861497,37.10567995892441,0.6945567614342444,0.5878972522741635,55.0,60.0
1374,SOFI,1818874,"SoFi Technologies, Inc.",6199,Finance Services,10-K,2023-03-01,2022-12-31,2023-03-01 22:06:13+00:00,0001818874-23-000018,https://www.sec.gov/Archives/edgar/data/1818874/000181887423000018/sofi-20221231.htm,91074,4849,data/interim/text/000181887423000018.txt.gz,181887423000018,2023Q1,2023-03-01 17:06:13-05:00,2023-03-02,2023-03-02,2023-03-02,2023-03-01,6.440000057220459,542,771,0.025748292597228627,252.629615486782,0.007191953795814393,43.73853849625329,0.02172958253727738,46.67116303293246,0.5858841382475659,0.7163226472222283,55.0,60.0
1375,SOFI,1818874,"SoFi Technologies, Inc.",6199,Finance Services,10-Q,2023-05-10,2023-03-31,2023-05-10 20:05:32+00:00,0001818874-23-000095,https://www.sec.gov/Archives/edgar/data/1818874/000181887423000095/sofi-20230331.htm,69747,4251,data/interim/text/000181887423000095.txt.gz,181887423000095,2023Q2,2023-05-10 16:05:32-04:00,2023-05-11,2023-05-11,2023-05-11,2023-05-10,5.480000019073486,591,722,0.032116076677133065,244.81901167283067,0.006251164924656258,33.289992435181325,0.025836236684015083,40.771104920941276,0.5914462799483418,0.8101041874789802,55.0,60.0
1376,SOFI,1818874,"SoFi Technologies, Inc.",6199,Finance Services,10-Q,2023-08-08,2023-06-30,2023-08-08 20:03:05+00:00,0001818874-23-000144,https://www.sec.gov/Archives/edgar/data/1818874/000181887423000144/sofi-20230630.htm,71814,4281,data/interim/text/000181887423000144.txt.gz,181887423000144,2023Q3,2023-08-08 16:03:05-04:00,2023-08-09,2023-08-09,2023-08-09,2023-08-08,9.3100004196167,652,661,0.03173475923914557,251.35814510234064,0.006196563344194725,33.70414135518403,0.025454646726265073,39.87514048648002,0.8290686489276315,0.5048738012197319,55.0,60.0
1377,SOFI,1818874,"SoFi Technologies, Inc.",6199,Finance Services,10-Q,2023-11-08,2023-09-30,2023-11-08 21:02:56+00:00,0001818874-23-000173,https://www.sec.gov/Archives/edgar/data/1818874/000181887423000173/sofi-20230930.htm,73315,4285,data/interim/text/000181887423000173.txt.gz,181887423000173,2023Q4,2023-11-08 16:02:56-05:00,2023-11-09,2023-11-09,2023-11-09,2023-11-08,7.309999942779541,717,596,0.03161699515788038,251.96493683738424,0.006124258337311601,33.52292720880161,0.025110823160335537,39.59506905389512,0.4724208623455116,0.7727238410734115,55.0,60.0
1378,SOFI,1818874,"SoFi Technologies, Inc.",6199,Finance Services,10-K,2024-02-27,2023-12-31,2024-02-27 22:14:38+00:00,0001818874-24-000026,https://www.sec.gov/Archives/edgar/data/1818874/000181887424000026/sofi-20231231.htm,96440,4917,data/interim/text/000181887424000026.txt.gz,181887424000026,2024Q1,2024-02-27 17:14:38-05:00,2024-02-28,2024-02-28,2024-02-28,2024-02-27,9.149999618530272,791,522,0.026856076316880962,266.3778402505057,0.00628369970966404,44.13716345385262,0.021246370800497717,45.35580292770623,0.7823564727658799,0.5434430290779642,55.0,60.0
1379,SOFI,1818874,"SoFi Technologies, Inc.",6199,Finance Services,10-Q,2024-05-07,2024-03-31,2024-05-07 20:26:04+00:00,0001818874-24-000121,https://www.sec.gov/Archives/edgar/data/1818874/000181887424000121/sofi-20240331.htm,72522,4315,data/interim/text/000181887424000121.txt.gz,181887424000121,2024Q2,2024-05-07 16:26:04-04:00,2024-05-08,2024-05-08,2024-05-08,2024-05-07,7.059999942779541,840,473,0.031976503681641434,250.15220593757536,0.006618681227765368,36.85112232426081,0.02459943189652795,35.664165872149844,0.6084457513512804,0.414225110331898,55.0,60.0
1380,SOFI,1818874,"SoFi Technologies, Inc.",6199,Finance Services,10-Q,2024-08-06,2024-06-30,2024-08-06 20:06:46+00:00,0001818874-24-000175,https://www.sec.gov/Archives/edgar/data/1818874/000181887424000175/sofi-20240630.htm,74105,4323,data/interim/text/000181887424000175.txt.gz,181887424000175,2024Q3,2024-08-06 16:06:46-04:00,2024-08-07,2024-08-07,2024-08-07,2024-08-06,6.429999828338623,902,411,0.031495850482423586,247.24654883144152,0.006612239390054652,36.64719611547086,0.024411308278793602,36.30769347215603,0.37251594240204505,0.5170024740702712,55.0,60.0
1381,SOFI,1818874,"SoFi Technologies, Inc.",6199,Finance Services,10-Q,2024-11-07,2024-09-30,2024-11-07 21:29:22+00:00,0001818874-24-000233,https://www.sec.gov/Archives/edgar/data/1818874/000181887424000233/sofi-20240930.htm,78194,4381,data/interim/text/000181887424000233.txt.gz,181887424000233,2024Q4,2024-11-07 16:29:22-05:00,2024-11-08,2024-11-08,2024-11-08,2024-11-07,11.899999618530272,968,345,0.030501061462516306,247.47606616212528,0.006598971788116735,38.35370029643733,0.02411949765966698,38.657365981852955,0.528533133226078,0.5590483217626504,55.0,60.0
1382,SOFI,1818874,"SoFi Technologies, Inc.",6199,Finance Services,10-K,2025-02-24,2024-12-31,2025-02-24 21:09:10+00:00,0001818874-25-000016,https://www.sec.gov/Archives/edgar/data/1818874/000181887425000016/sofi-20241231.htm,100254,4974,data/interim/text/000181887425000016.txt.gz,181887425000016,2025Q1,2025-02-24 16:09:10-05:00,2025-02-25,2025-02-25,2025-02-25,2025-02-24,14.359999656677246,1039,274,0.02669220180740918,273.1748940412493,0.006333911863865781,46.02336468975197,0.02143555369361821,48.03493297461303,0.5884474468544416,0.8167512666020593,55.0,60.0
1383,SOFI,1818874,"SoFi Technologies, Inc.",6199,Finance Services,10-Q,2025-05-06,2025-03-31,2025-05-06 20:57:32+00:00,0001818874-25-000072,https://www.sec.gov/Archives/edgar/data/1818874/000181887425000072/sofi-20250331.htm,27386,2581,data/interim/text/000181887425000072.txt.gz,181887425000072,2025Q2,2025-05-06 16:57:32-04:00,2025-05-07,2025-05-07,2025-05-07,2025-05-06,12.729999542236328,1089,224,0.011064047323449937,55.63611693612739,0.006828306433944351,20.365760348006962,0.014606003067260644,16.90849179045732,0.86121399582988,0.4597025122803645,55.0,60.0
1384,SOFI,1818874,"SoFi Technologies, Inc.",6199,Finance Services,10-Q,2025-08-07,2025-06-30,2025-08-07 20:08:49+00:00,0001818874-25-000180,https://www.sec.gov/Archives/edgar/data/1818874/000181887425000180/sofi-20250630.htm,30399,2656,data/interim/text/000181887425000180.txt.gz,181887425000180,2025Q3,2025-08-07 16:08:49-04:00,2025-08-08,2025-08-08,2025-08-08,2025-08-07,22.07999992370605,1153,160,0.011447744991611566,63.864188020199705,0.006776538701930984,22.71119343480597,0.013980723050100332,19.391328273409172,0.45033290222187383,0.5902823718264562,55.0,60.0
1385,SOFI,1818874,"SoFi Technologies, Inc.",6199,Finance Services,10-Q,2025-11-06,2025-09-30,2025-11-06 21:03:23+00:00,0001818874-25-000210,https://www.sec.gov/Archives/edgar/data/1818874/000181887425000210/sofi-20250930.htm,31304,2719,data/interim/text/000181887425000210.txt.gz,181887425000210,2025Q4,2025-11-06 16:03:23-05:00,2025-11-07,2025-11-07,2025-11-07,2025-11-06,27.15999984741211,1217,96,0.012107078967544083,69.9499204031724,0.006900076667518528,22.681594966103734,0.014630718119090213,20.58782355175635,0.5630801460076151,0.5869853433281688,55.0,60.0
1386,JOBY,1819848,"Joby Aviation, Inc.",3721,Aircraft,10-K,2021-03-03,2020-12-31,2021-03-03 02:48:07+00:00,0001193125-21-066191,https://www.sec.gov/Archives/edgar/data/1819848/000119312521066191/d132582d10k.htm,52206,3036,data/interim/text/000119312521066191.txt.gz,119312521066191,2021Q1,2021-03-02 21:48:07-05:00,2021-03-03,2021-03-03,2021-03-03,2021-03-02,11.289999961853027,76,1274,0.014519403899934873,112.13115517669803,0.005076044899053749,27.157587902207478,0.017354327088840365,17.52085575510505,0.5383606600280231,0.14737951124910162,55.0,60.0
1387,JOBY,1819848,"Joby Aviation, Inc.",3721,Aircraft,10-Q,2021-05-17,2021-03-31,2021-05-15 01:30:54+00:00,0001193125-21-162336,https://www.sec.gov/Archives/edgar/data/1819848/000119312521162336/d924178d10q.htm,14196,1472,data/interim/text/000119312521162336.txt.gz,119312521162336,2021Q2,2021-05-14 21:30:54-04:00,2021-05-15,2021-05-17,2021-05-17,2021-05-14,9.880000114440918,128,1222,0.009509721048182587,27.815074881889235,0.001267962806424345,3.181663901358523,0.01232741617357002,9.578896559455961,0.4229608834649583,0.9191935231493371,55.0,60.0
1388,JOBY,1819848,"Joby Aviation, Inc.",3721,Aircraft,10-Q,2021-08-13,2021-06-30,2021-08-13 20:46:11+00:00,0001193125-21-246181,https://www.sec.gov/Archives/edgar/data/1819848/000119312521246181/d387191d10q.htm,6440,1003,data/interim/text/000119312521246181.txt.gz,119312521246181,2021Q3,2021-08-13 16:46:11-04:00,2021-08-14,2021-08-14,2021-08-16,2021-08-13,9.5,191,1159,0.011956521739130435,18.16187458254259,0.0013975155279503106,1.9454717008947153,0.012267080745341614,3.498530234554338,0.3173498900724484,0.7920384983998542,55.0,60.0
1389,JOBY,1819848,"Joby Aviation, Inc.",3721,Aircraft,10-Q,2021-11-15,2021-09-30,2021-11-13 01:06:25+00:00,0000950170-21-004418,https://www.sec.gov/Archives/edgar/data/1819848/000095017021004418/joby-20210930.htm,13040,1742,data/interim/text/000095017021004418.txt.gz,95017021004418,2021Q4,2021-11-12 20:06:25-05:00,2021-11-13,2021-11-15,2021-11-15,2021-11-12,9.100000381469728,255,1095,0.013113496932515338,16.601936682786487,0.004524539877300613,6.914876898544621,0.015797546012269938,11.645951159453642,0.8158385269803536,1.018167054738756,55.0,60.0
1390,JOBY,1819848,"Joby Aviation, Inc.",3721,Aircraft,10-K,2022-03-28,2021-12-31,2022-03-26 01:27:16+00:00,0000950170-22-004706,https://www.sec.gov/Archives/edgar/data/1819848/000095017022004706/joby-20211231.htm,33400,3437,data/interim/text/000095017022004706.txt.gz,95017022004706,2022Q1,2022-03-25 21:27:16-04:00,2022-03-26,2022-03-28,2022-03-28,2022-03-25,5.980000019073486,346,1004,0.02215568862275449,103.23413199371493,0.008802395209580838,33.63250106904586,0.022005988023952094,22.50616854593342,1.145318707687407,0.833184494463945,55.0,60.0
1391,JOBY,1819848,"Joby Aviation, Inc.",3721,Aircraft,10-Q,2022-05-13,2022-03-31,2022-05-13 20:14:51+00:00,0000950170-22-009870,https://www.sec.gov/Archives/edgar/data/1819848/000095017022009870/joby-20220331.htm,8311,1478,data/interim/text/000095017022009870.txt.gz,95017022009870,2022Q2,2022-05-13 16:14:51-04:00,2022-05-14,2022-05-14,2022-05-16,2022-05-13,5.329999923706055,380,970,0.012272891348814824,14.888703757694627,0.005775478281795211,7.399260689371301,0.017928047166405968,6.7588070791787365,0.8727409095518277,0.7245732462078255,55.0,60.0
1392,JOBY,1819848,"Joby Aviation, Inc.",3721,Aircraft,10-Q,2022-08-12,2022-06-30,2022-08-12 21:04:46+00:00,0001819848-22-000085,https://www.sec.gov/Archives/edgar/data/1819848/000181984822000085/joby-20220630.htm,9443,1523,data/interim/text/000181984822000085.txt.gz,181984822000085,2022Q3,2022-08-12 17:04:46-04:00,2022-08-13,2022-08-13,2022-08-15,2022-08-12,6.550000190734863,442,908,0.01217833315683575,14.462886897777222,0.005612623107063433,7.740935913390127,0.016626072222810546,7.602481431331739,0.7172505107961178,0.6863410647235503,55.0,60.0
1393,JOBY,1819848,"Joby Aviation, Inc.",3721,Aircraft,10-Q,2022-11-04,2022-09-30,2022-11-04 20:06:39+00:00,0001819848-22-000187,https://www.sec.gov/Archives/edgar/data/1819848/000181984822000187/joby-20220930.htm,10147,1579,data/interim/text/000181984822000187.txt.gz,181984822000187,2022Q4,2022-11-04 16:06:39-04:00,2022-11-05,2022-11-05,2022-11-07,2022-11-04,4.579999923706055,501,849,0.013895732728885385,15.73861531119359,0.005715975165073421,9.49969086301634,0.016655169015472555,7.530010214535408,0.6587695278531127,0.5722621431846855,55.0,60.0
1394,JOBY,1819848,"Joby Aviation, Inc.",3721,Aircraft,10-K,2023-03-01,2022-12-31,2023-03-01 02:10:55+00:00,0001819848-23-000059,https://www.sec.gov/Archives/edgar/data/1819848/000181984823000059/joby-20221231.htm,33293,3439,data/interim/text/000181984823000059.txt.gz,181984823000059,2023Q1,2023-02-28 21:10:55-05:00,2023-03-01,2023-03-01,2023-03-01,2023-02-28,4.699999809265137,578,772,0.021686240350824497,100.60591185584127,0.009791848136244856,37.07376287885874,0.02150602228696723,22.919234445992302,0.581921675356544,0.6076050562109895,55.0,60.0
1395,JOBY,1819848,"Joby Aviation, Inc.",3721,Aircraft,10-Q,2023-05-05,2023-03-31,2023-05-05 20:22:41+00:00,0001819848-23-000169,https://www.sec.gov/Archives/edgar/data/1819848/000181984823000169/joby-20230331.htm,8413,1499,data/interim/text/000181984823000169.txt.gz,181984823000169,2023Q2,2023-05-05 16:22:41-04:00,2023-05-06,2023-05-06,2023-05-08,2023-05-05,4.489999771118164,625,725,0.013788184951860216,14.843393496902973,0.006180910495661477,8.801131227070012,0.019137049803874956,7.47560256578824,0.6077323632895831,1.1587297590549408,55.0,60.0
1396,JOBY,1819848,"Joby Aviation, Inc.",3721,Aircraft,10-Q,2023-08-04,2023-06-30,2023-08-04 21:18:08+00:00,0001819848-23-000321,https://www.sec.gov/Archives/edgar/data/1819848/000181984823000321/joby-20230630.htm,8650,1479,data/interim/text/000181984823000321.txt.gz,181984823000321,2023Q3,2023-08-04 17:18:08-04:00,2023-08-05,2023-08-05,2023-08-07,2023-08-04,8.15999984741211,687,663,0.012947976878612717,12.893113445860303,0.005780346820809248,7.593241149949028,0.017919075144508672,7.047675037022504,1.187997948842611,0.5423609632258726,55.0,60.0
1397,JOBY,1819848,"Joby Aviation, Inc.",3721,Aircraft,10-Q,2023-11-06,2023-09-30,2023-11-03 23:36:41+00:00,0001819848-23-000425,https://www.sec.gov/Archives/edgar/data/1819848/000181984823000425/joby-20230930.htm,8735,1474,data/interim/text/000181984823000425.txt.gz,181984823000425,2023Q4,2023-11-03 19:36:41-04:00,2023-11-04,2023-11-06,2023-11-06,2023-11-03,6.239999771118164,751,599,0.013050944476244991,12.832042510821802,0.005724098454493417,7.557274171224497,0.017744705208929592,7.014292246576597,0.47227249448792025,0.6178396109634069,55.0,60.0
1398,JOBY,1819848,"Joby Aviation, Inc.",3721,Aircraft,10-K,2024-02-27,2023-12-31,2024-02-27 02:20:05+00:00,0001819848-24-000125,https://www.sec.gov/Archives/edgar/data/1819848/000181984824000125/joby-20231231.htm,30689,3363,data/interim/text/000181984824000125.txt.gz,181984824000125,2024Q1,2024-02-26 21:20:05-05:00,2024-02-27,2024-02-27,2024-02-27,2024-02-26,5.46999979019165,827,523,0.022679135846720322,98.9257052539355,0.0089934504219753,32.38129452823957,0.02264655088142331,20.585998526876715,0.6011909151847195,0.4593656246223445,55.0,60.0
1399,JOBY,1819848,"Joby Aviation, Inc.",3721,Aircraft,10-Q,2024-05-08,2024-03-31,2024-05-08 00:02:57+00:00,0001819848-24-000270,https://www.sec.gov/Archives/edgar/data/1819848/000181984824000270/joby-20240331.htm,6960,1253,data/interim/text/000181984824000270.txt.gz,181984824000270,2024Q2,2024-05-07 20:02:57-04:00,2024-05-08,2024-05-08,2024-05-08,2024-05-07,5.369999885559082,877,473,0.012787356321839081,9.479549722796992,0.005603448275862069,6.286833677403887,0.01882183908045977,4.760392484537157,0.47860210774971046,0.7125944330906309,55.0,60.0
1400,JOBY,1819848,"Joby Aviation, Inc.",3721,Aircraft,10-Q,2024-08-08,2024-06-30,2024-08-07 22:42:58+00:00,0001819848-24-000372,https://www.sec.gov/Archives/edgar/data/1819848/000181984824000372/joby-20240630.htm,7784,1317,data/interim/text/000181984824000372.txt.gz,181984824000372,2024Q3,2024-08-07 18:42:58-04:00,2024-08-08,2024-08-08,2024-08-08,2024-08-07,4.909999847412109,940,410,0.011562178828365879,8.917341071446577,0.0052672147995889,6.009962903423928,0.01734326824254882,6.515155551172304,0.6802443714015771,0.8353682503117403,55.0,60.0
1401,JOBY,1819848,"Joby Aviation, Inc.",3721,Aircraft,10-Q,2024-11-06,2024-09-30,2024-11-06 21:12:23+00:00,0001819848-24-000474,https://www.sec.gov/Archives/edgar/data/1819848/000181984824000474/joby-20240930.htm,8714,1439,data/interim/text/000181984824000474.txt.gz,181984824000474,2024Q4,2024-11-06 16:12:23-05:00,2024-11-07,2024-11-07,2024-11-07,2024-11-06,5.070000171661377,1004,346,0.011246270369520313,10.59166064694722,0.006655955932981409,9.815755875700749,0.01686940555428047,6.524312449881646,0.8650703220326864,0.9909570870279606,55.0,60.0
1402,JOBY,1819848,"Joby Aviation, Inc.",3721,Aircraft,10-K,2025-02-27,2024-12-31,2025-02-27 22:07:25+00:00,0001819848-25-000196,https://www.sec.gov/Archives/edgar/data/1819848/000181984825000196/joby-20241231.htm,32074,3341,data/interim/text/000181984825000196.txt.gz,181984825000196,2025Q1,2025-02-27 17:07:25-05:00,2025-02-28,2025-02-28,2025-02-28,2025-02-27,6.75,1079,271,0.021481573860447713,99.85315943979678,0.009135125023383426,34.42447535223909,0.022261021388040158,20.26500474356262,0.9058766999581088,0.883676319333478,55.0,60.0
1403,JOBY,1819848,"Joby Aviation, Inc.",3721,Aircraft,10-Q,2025-05-08,2025-03-31,2025-05-07 22:53:15+00:00,0001819848-25-000338,https://www.sec.gov/Archives/edgar/data/1819848/000181984825000338/joby-20250331.htm,7836,1363,data/interim/text/000181984825000338.txt.gz,181984825000338,2025Q2,2025-05-07 18:53:15-04:00,2025-05-08,2025-05-08,2025-05-08,2025-05-07,6.420000076293945,1127,223,0.01110260336906585,9.435181477677874,0.005487493619193466,7.124634746880893,0.019014803471158755,5.278554569016064,0.6844137065811035,1.101498057763511,55.0,60.0
1404,JOBY,1819848,"Joby Aviation, Inc.",3721,Aircraft,10-Q,2025-08-07,2025-06-30,2025-08-07 00:32:06+00:00,0001819848-25-000499,https://www.sec.gov/Archives/edgar/data/1819848/000181984825000499/joby-20250630.htm,9393,1489,data/interim/text/000181984825000499.txt.gz,181984825000499,2025Q3,2025-08-06 20:32:06-04:00,2025-08-07,2025-08-07,2025-08-07,2025-08-06,18.93000030517578,1189,161,0.012030235281592675,9.888011830763748,0.008091131693814542,12.619752280254675,0.01926966890237411,5.446618223893404,1.045802081430797,0.763406780661722,55.0,60.0
1405,JOBY,1819848,"Joby Aviation, Inc.",3721,Aircraft,10-Q,2025-11-06,2025-09-30,2025-11-05 23:45:09+00:00,0001819848-25-000596,https://www.sec.gov/Archives/edgar/data/1819848/000181984825000596/joby-20250930.htm,8578,1404,data/interim/text/000181984825000596.txt.gz,181984825000596,2025Q4,2025-11-05 18:45:09-05:00,2025-11-06,2025-11-06,2025-11-06,2025-11-05,15.0,1253,97,0.011424574492888785,7.581085206019985,0.005479132664956867,6.876963438395729,0.015854511541151785,4.80648761143914,0.750614261318257,0.7606045331463722,55.0,60.0
1406,RKLB,1819994,Rocket Lab Corp,3760,Guided Missiles & Space Vehicles & Parts,10-K,2021-03-31,2020-12-31,2021-03-31 01:11:13+00:00,0001193125-21-100852,https://www.sec.gov/Archives/edgar/data/1819994/000119312521100852/d157321d10k.htm,63663,3113,data/interim/text/000119312521100852.txt.gz,119312521100852,2021Q1,2021-03-30 21:11:13-04:00,2021-03-31,2021-03-31,2021-03-31,2021-03-30,11.399999618530272,85,1254,0.014623878862133422,121.30224909084436,0.005858976171402542,29.688918013057826,0.016760127546612633,20.143946656766264,0.8974642120792943,0.2139475639040333,55.0,60.0
1407,RKLB,1819994,Rocket Lab Corp,3760,Guided Missiles & Space Vehicles & Parts,10-Q,2021-05-24,2021-03-31,2021-05-24 20:13:47+00:00,0001213900-21-028778,https://www.sec.gov/Archives/edgar/data/1819994/000121390021028778/f10q0321_vectoracquisition.htm,15209,1487,data/interim/text/000121390021028778.txt.gz,121390021028778,2021Q2,2021-05-24 16:13:47-04:00,2021-05-25,2021-05-25,2021-05-25,2021-05-24,9.9399995803833,123,1216,0.009665329738970347,28.07819307373632,0.0019067657308172792,7.091106344717095,0.012163850351765402,10.91587776549576,0.9329839679841322,0.3855409201753474,55.0,60.0
1408,RKLB,1819994,Rocket Lab Corp,3760,Guided Missiles & Space Vehicles & Parts,10-Q,2021-08-03,2021-06-30,2021-08-03 20:18:34+00:00,0001193125-21-234954,https://www.sec.gov/Archives/edgar/data/1819994/000119312521234954/d119425d10q.htm,6217,990,data/interim/text/000119312521234954.txt.gz,119312521234954,2021Q3,2021-08-03 16:18:34-04:00,2021-08-04,2021-08-04,2021-08-04,2021-08-03,10.0,172,1167,0.0077207656425928905,11.518094194478019,0.001447643557986167,3.3189500405610834,0.013993887727199615,4.353233582555572,0.2851045107100625,1.1794668945477045,55.0,60.0
1409,RKLB,1819994,Rocket Lab Corp,3760,Guided Missiles & Space Vehicles & Parts,10-Q,2021-11-15,2021-09-30,2021-11-15 22:26:27+00:00,0001193125-21-330184,https://www.sec.gov/Archives/edgar/data/1819994/000119312521330184/d164324d10q.htm,10972,1651,data/interim/text/000119312521330184.txt.gz,119312521330184,2021Q4,2021-11-15 17:26:27-05:00,2021-11-16,2021-11-16,2021-11-16,2021-11-15,14.289999961853027,245,1094,0.014947138169886985,22.92194662378864,0.006015311702515494,10.787313613962672,0.016496536638716735,7.266094493839906,1.2228780760318754,0.7143630041834403,55.0,60.0
1410,RKLB,1819994,Rocket Lab Corp,3760,Guided Missiles & Space Vehicles & Parts,10-K,2022-03-24,2021-12-31,2022-03-24 01:47:25+00:00,0000950170-22-004458,https://www.sec.gov/Archives/edgar/data/1819994/000095017022004458/rklb-20211231.htm,41522,3705,data/interim/text/000095017022004458.txt.gz,95017022004458,2022Q1,2022-03-23 21:47:25-04:00,2022-03-24,2022-03-24,2022-03-24,2022-03-23,8.760000228881836,333,1006,0.028490920475892297,165.24930933428695,0.008525600886277154,48.48502434786628,0.02338519339145513,29.38738403985749,0.7604028533902468,0.7619398741936735,55.0,60.0
1411,RKLB,1819994,Rocket Lab Corp,3760,Guided Missiles & Space Vehicles & Parts,10-Q,2022-05-16,2022-03-31,2022-05-16 20:39:29+00:00,0000950170-22-010114,https://www.sec.gov/Archives/edgar/data/1819994/000095017022010114/rklb-20220331.htm,8944,1592,data/interim/text/000095017022010114.txt.gz,95017022010114,2022Q2,2022-05-16 16:39:29-04:00,2022-05-17,2022-05-17,2022-05-17,2022-05-16,5.409999847412109,370,969,0.013864042933810376,19.739338044687354,0.006820214669051878,12.630976092697747,0.01677101967799642,7.7230952591239435,0.7183233100099298,0.7807521313638955,55.0,60.0
1412,RKLB,1819994,Rocket Lab Corp,3760,Guided Missiles & Space Vehicles & Parts,10-Q,2022-08-11,2022-06-30,2022-08-11 20:37:26+00:00,0000950170-22-016921,https://www.sec.gov/Archives/edgar/data/1819994/000095017022016921/rklb-20220630.htm,10120,1624,data/interim/text/000095017022016921.txt.gz,95017022016921,2022Q3,2022-08-11 16:37:26-04:00,2022-08-12,2022-08-12,2022-08-12,2022-08-11,5.860000133514404,430,909,0.013735177865612649,19.182106415449244,0.006422924901185771,12.39922448731038,0.015316205533596838,9.225312077002064,0.7250696830898824,0.7143508249296285,55.0,60.0
1413,RKLB,1819994,Rocket Lab Corp,3760,Guided Missiles & Space Vehicles & Parts,10-Q,2022-11-09,2022-09-30,2022-11-09 21:31:34+00:00,0000950170-22-023923,https://www.sec.gov/Archives/edgar/data/1819994/000095017022023923/rklb-20220930.htm,10428,1647,data/interim/text/000095017022023923.txt.gz,95017022023923,2022Q4,2022-11-09 16:31:34-05:00,2022-11-10,2022-11-10,2022-11-10,2022-11-09,4.739999771118164,493,846,0.014288454161871883,19.10506012749239,0.007000383582662063,14.123839825792825,0.015439202148062908,9.661579088717351,0.6963547006102773,0.5971758818674378,55.0,60.0
1414,RKLB,1819994,Rocket Lab Corp,3760,Guided Missiles & Space Vehicles & Parts,10-K,2023-03-07,2022-12-31,2023-03-07 22:21:38+00:00,0000950170-23-006499,https://www.sec.gov/Archives/edgar/data/1819994/000095017023006499/rklb-20221231.htm,42276,3689,data/interim/text/000095017023006499.txt.gz,95017023006499,2023Q1,2023-03-07 17:21:38-05:00,2023-03-08,2023-03-08,2023-03-08,2023-03-07,4.400000095367432,572,767,0.02776989308354622,157.0207922569501,0.008799318762418393,49.8938675171646,0.023133692875390292,28.09189306468062,0.570995221304465,0.46037191682862155,55.0,60.0
1415,RKLB,1819994,Rocket Lab Corp,3760,Guided Missiles & Space Vehicles & Parts,10-Q,2023-05-09,2023-03-31,2023-05-09 20:31:48+00:00,0000950170-23-019756,https://www.sec.gov/Archives/edgar/data/1819994/000095017023019756/rklb-20230331.htm,9408,1586,data/interim/text/000095017023019756.txt.gz,95017023019756,2023Q2,2023-05-09 16:31:48-04:00,2023-05-10,2023-05-10,2023-05-10,2023-05-09,3.940000057220459,616,723,0.020939625850340135,28.728449860235084,0.007121598639455782,12.659076773851986,0.01838860544217687,7.5530322070117295,0.46440194019580955,0.6940005902366384,55.0,60.0
1416,RKLB,1819994,Rocket Lab Corp,3760,Guided Missiles & Space Vehicles & Parts,10-Q,2023-08-08,2023-06-30,2023-08-08 20:32:12+00:00,0000950170-23-039896,https://www.sec.gov/Archives/edgar/data/1819994/000095017023039896/rklb-20230630.htm,9168,1496,data/interim/text/000095017023039896.txt.gz,95017023039896,2023Q3,2023-08-08 16:32:12-04:00,2023-08-09,2023-08-09,2023-08-09,2023-08-08,6.659999847412109,678,661,0.015270506108202443,16.91274859594229,0.006980802792321117,12.288897782044147,0.01494328097731239,7.086137463541382,0.7018932337908356,0.5795898476270329,55.0,60.0
1417,RKLB,1819994,Rocket Lab Corp,3760,Guided Missiles & Space Vehicles & Parts,10-Q,2023-11-08,2023-09-30,2023-11-08 21:30:46+00:00,0000950170-23-061189,https://www.sec.gov/Archives/edgar/data/1819994/000095017023061189/rklb-20230930.htm,9612,1564,data/interim/text/000095017023061189.txt.gz,95017023061189,2023Q4,2023-11-08 16:30:46-05:00,2023-11-09,2023-11-09,2023-11-09,2023-11-08,4.360000133514404,743,596,0.017478152309612985,30.212416316625053,0.006762380357885976,12.838328203215616,0.015085310029130253,13.627362148874438,0.5539460843170665,0.8076785173595912,55.0,60.0
1418,RKLB,1819994,Rocket Lab Corp,3760,Guided Missiles & Space Vehicles & Parts,10-K,2024-02-28,2023-12-31,2024-02-28 21:33:32+00:00,0000950170-24-022160,https://www.sec.gov/Archives/edgar/data/1819994/000095017024022160/rklb-20231231.htm,42791,3726,data/interim/text/000095017024022160.txt.gz,95017024022160,2024Q1,2024-02-28 16:33:32-05:00,2024-02-29,2024-02-29,2024-02-29,2024-02-28,4.590000152587891,818,521,0.028206865929751582,156.98535010303883,0.008786894440419715,51.255299480005846,0.02369657170900423,26.53943539865461,0.8623621077076783,0.43145929679261735,55.0,60.0
1419,RKLB,1819994,Rocket Lab Corp,3760,Guided Missiles & Space Vehicles & Parts,10-Q,2024-05-06,2024-03-31,2024-05-06 20:55:43+00:00,0000950170-24-053646,https://www.sec.gov/Archives/edgar/data/1819994/000095017024053646/rklb-20240331.htm,7717,1378,data/interim/text/000095017024053646.txt.gz,95017024053646,2024Q2,2024-05-06 16:55:43-04:00,2024-05-07,2024-05-07,2024-05-07,2024-05-06,4.059999942779541,865,474,0.01555008422962291,14.007512639983027,0.007904626150058313,11.468190469864398,0.0171050926525852,6.0976150820661825,0.4567285794086659,0.551726680935983,55.0,60.0
1420,RKLB,1819994,Rocket Lab Corp,3760,Guided Missiles & Space Vehicles & Parts,10-Q,2024-08-08,2024-06-30,2024-08-08 20:43:19+00:00,0000950170-24-094122,https://www.sec.gov/Archives/edgar/data/1819994/000095017024094122/rklb-20240630.htm,8495,1390,data/interim/text/000095017024094122.txt.gz,95017024094122,2024Q3,2024-08-08 16:43:19-04:00,2024-08-09,2024-08-09,2024-08-09,2024-08-08,4.769999980926514,930,409,0.015303119482048263,13.88554641354959,0.007651559741024131,11.248731350736673,0.015656268393172454,6.827389692022753,0.562577862174052,0.8311445247899178,55.0,60.0
1421,RKLB,1819994,Rocket Lab Corp,3760,Guided Missiles & Space Vehicles & Parts,10-Q,2024-11-12,2024-09-30,2024-11-12 21:30:56+00:00,0000950170-24-125529,https://www.sec.gov/Archives/edgar/data/1819994/000095017024125529/rklb-20240930.htm,8445,1384,data/interim/text/000095017024125529.txt.gz,95017024125529,2024Q4,2024-11-12 16:30:56-05:00,2024-11-13,2024-11-13,2024-11-13,2024-11-12,14.65999984741211,997,342,0.015748963883955004,13.69095938318862,0.0076968620485494375,11.387736926562095,0.015748963883955004,6.367415646852153,0.7529223350298311,1.0398420508320294,55.0,60.0
1422,RKLB,1819994,Rocket Lab Corp,3760,Guided Missiles & Space Vehicles & Parts,10-K,2025-02-27,2024-12-31,2025-02-27 21:44:00+00:00,0001628280-25-008724,https://www.sec.gov/Archives/edgar/data/1819994/000162828025008724/rklb-20241231.htm,40058,3510,data/interim/text/000162828025008724.txt.gz,162828025008724,2025Q1,2025-02-27 16:44:00-05:00,2025-02-28,2025-02-28,2025-02-28,2025-02-27,19.82999992370605,1068,271,0.028433771032003594,152.27738903704773,0.009311498327425234,46.270304789632675,0.023990214189425332,23.66143501751523,1.05704070924178,0.8959735137737641,55.0,60.0
1423,RKLB,1819994,Rocket Lab Corp,3760,Guided Missiles & Space Vehicles & Parts,10-Q,2025-05-08,2025-03-31,2025-05-08 20:30:52+00:00,0001628280-25-023857,https://www.sec.gov/Archives/edgar/data/1819994/000162828025023857/rklb-20250331.htm,8271,1421,data/interim/text/000162828025023857.txt.gz,162828025023857,2025Q2,2025-05-08 16:30:52-04:00,2025-05-09,2025-05-09,2025-05-09,2025-05-08,23.100000381469727,1117,222,0.017410228509249184,19.386220883947452,0.00797968806673921,11.633368885780015,0.018740176520372385,5.877748209800463,0.9157120777704235,0.7282136139495661,55.0,60.0
1424,RKLB,1819994,Rocket Lab Corp,3760,Guided Missiles & Space Vehicles & Parts,10-Q,2025-08-07,2025-06-30,2025-08-07 20:34:22+00:00,0001628280-25-038936,https://www.sec.gov/Archives/edgar/data/1819994/000162828025038936/rklb-20250630.htm,9654,1487,data/interim/text/000162828025038936.txt.gz,162828025038936,2025Q3,2025-08-07 16:34:22-04:00,2025-08-08,2025-08-08,2025-08-08,2025-08-07,44.209999084472656,1179,160,0.014812512948000829,16.90620044770956,0.007043712450797597,11.240980578736686,0.01678060907395898,6.113674914860515,0.778964489258833,0.809340957275304,55.0,60.0
1425,RKLB,1819994,Rocket Lab Corp,3760,Guided Missiles & Space Vehicles & Parts,10-Q,2025-11-10,2025-09-30,2025-11-10 21:26:20+00:00,0001819994-25-000021,https://www.sec.gov/Archives/edgar/data/1819994/000181999425000021/rklb-20250930.htm,10442,1586,data/interim/text/000181999425000021.txt.gz,181999425000021,2025Q4,2025-11-10 16:26:20-05:00,2025-11-11,2025-11-11,2025-11-11,2025-11-10,51.900001525878906,1245,94,0.01647194024133308,23.621477165255296,0.006990997893123923,11.30188249751241,0.016663474430185787,7.887720660822178,0.7775825697649905,0.9903465654695948,55.0,60.0
1426,ACHR,1824502,Archer Aviation Inc.,3721,Aircraft,10-Q,2021-05-24,2021-03-31,2021-05-24 21:11:07+00:00,0001104659-21-071319,https://www.sec.gov/Archives/edgar/data/1824502/000110465921071319/acic-20210331x10q.htm,5233,908,data/interim/text/000110465921071319.txt.gz,110465921071319,2021Q2,2021-05-24 17:11:07-04:00,2021-05-25,2021-05-25,2021-05-25,2021-05-24,9.90999984741211,106,1216,0.011656793426332888,12.160298856455618,0.0028664246130326774,2.1553310133602523,0.01146569845213071,3.3521913995199304,0.36279854545917917,0.05454933183556882,55.0,60.0
1427,ACHR,1824502,Archer Aviation Inc.,3721,Aircraft,10-Q,2021-08-16,2021-06-30,2021-08-16 21:06:14+00:00,0001104659-21-106449,https://www.sec.gov/Archives/edgar/data/1824502/000110465921106449/acic-20210630x10q.htm,17711,2254,data/interim/text/000110465921106449.txt.gz,110465921106449,2021Q3,2021-08-16 17:06:14-04:00,2021-08-17,2021-08-17,2021-08-17,2021-08-16,9.970000267028809,164,1158,0.036813279882558864,111.70430613328018,0.007340071142227994,15.276956520447033,0.02410931059793349,16.032958054260984,0.057649649587610256,0.6231267361246908,55.0,60.0
1428,ACHR,1824502,Archer Aviation Inc.,3721,Aircraft,10-Q,2021-11-12,2021-09-30,2021-11-12 22:02:57+00:00,0001628280-21-023204,https://www.sec.gov/Archives/edgar/data/1824502/000162828021023204/achr-20210930.htm,24478,2568,data/interim/text/000162828021023204.txt.gz,162828021023204,2021Q4,2021-11-12 17:02:57-05:00,2021-11-13,2021-11-13,2021-11-15,2021-11-12,5.739999771118164,227,1095,0.03076231718277637,103.56711039655781,0.006781599803905548,17.93538602358045,0.024062423400604625,11.59651110774921,0.6355362769169648,0.8645263325024364,55.0,60.0
1429,ACHR,1824502,Archer Aviation Inc.,3721,Aircraft,10-Q,2022-05-12,2022-03-31,2022-05-12 20:44:06+00:00,0001628280-22-014106,https://www.sec.gov/Archives/edgar/data/1824502/000162828022014106/achr-20220331.htm,8501,1393,data/interim/text/000162828022014106.txt.gz,162828022014106,2022Q2,2022-05-12 16:44:06-04:00,2022-05-13,2022-05-13,2022-05-13,2022-05-12,3.490000009536743,351,971,0.012351488060228209,16.50469695806662,0.004117162686742736,5.120572348724146,0.016821550405834607,4.256447879164219,1.035998065333889,1.0355653693211302,55.0,60.0
1430,ACHR,1824502,Archer Aviation Inc.,3721,Aircraft,10-Q,2022-08-10,2022-06-30,2022-08-10 21:04:31+00:00,0001628280-22-022259,https://www.sec.gov/Archives/edgar/data/1824502/000162828022022259/achr-20220630.htm,8449,1316,data/interim/text/000162828022022259.txt.gz,162828022022259,2022Q3,2022-08-10 17:04:31-04:00,2022-08-11,2022-08-11,2022-08-11,2022-08-10,4.230000019073486,412,910,0.010652148183216949,12.350192050004866,0.0039057876671795477,4.641256261262609,0.014321221446325009,3.7740447735414753,1.0378184913169193,0.6046804956581409,55.0,60.0
1431,ACHR,1824502,Archer Aviation Inc.,3721,Aircraft,10-Q,2023-08-14,2023-06-30,2023-08-14 20:25:29+00:00,0001628280-23-029397,https://www.sec.gov/Archives/edgar/data/1824502/000162828023029397/achr-20230630.htm,11593,1653,data/interim/text/000162828023029397.txt.gz,162828023029397,2023Q3,2023-08-14 16:25:29-04:00,2023-08-15,2023-08-15,2023-08-15,2023-08-14,6.559999942779541,665,657,0.015699128784611403,25.1816582108098,0.004744242215129819,7.929613539352703,0.018631933063055293,6.156451816580138,1.3186500050161996,0.7681641308492185,55.0,60.0
1432,ACHR,1824502,Archer Aviation Inc.,3721,Aircraft,10-Q,2023-11-09,2023-09-30,2023-11-09 21:26:19+00:00,0001628280-23-038275,https://www.sec.gov/Archives/edgar/data/1824502/000162828023038275/achr-20230930.htm,9328,1438,data/interim/text/000162828023038275.txt.gz,162828023038275,2023Q4,2023-11-09 16:26:19-05:00,2023-11-10,2023-11-10,2023-11-10,2023-11-09,5.260000228881836,727,595,0.011685248713550601,14.555694657531701,0.0037521440823327615,4.78656865160781,0.014150943396226415,4.302047656618243,0.7732933945315171,0.5880562190383936,55.0,60.0
1433,ACHR,1824502,Archer Aviation Inc.,3721,Aircraft,10-K,2024-02-29,2023-12-31,2024-02-29 21:06:37+00:00,0001628280-24-007963,https://www.sec.gov/Archives/edgar/data/1824502/000162828024007963/achr-20231231.htm,36580,3255,data/interim/text/000162828024007963.txt.gz,162828024007963,2024Q1,2024-02-29 16:06:37-05:00,2024-03-01,2024-03-01,2024-03-01,2024-02-29,4.829999923706055,802,520,0.024193548387096774,115.510719056227,0.006205576817933297,26.712424726027876,0.02285401858939311,16.27081781872533,0.6000551855275535,0.521205270306899,55.0,60.0
1434,ACHR,1824502,Archer Aviation Inc.,3721,Aircraft,10-Q,2024-05-09,2024-03-31,2024-05-09 20:14:55+00:00,0001628280-24-022240,https://www.sec.gov/Archives/edgar/data/1824502/000162828024022240/achr-20240331.htm,7231,1242,data/interim/text/000162828024022240.txt.gz,162828024022240,2024Q2,2024-05-09 16:14:55-04:00,2024-05-10,2024-05-10,2024-05-10,2024-05-09,3.7699999809265137,851,471,0.008574194440602959,7.2405470388324105,0.0024892822569492464,2.5734344904490123,0.01562716083529249,3.9289089960321415,0.5106587531331447,0.7594478478915764,55.0,60.0
1435,ACHR,1824502,Archer Aviation Inc.,3721,Aircraft,10-Q,2024-08-09,2024-06-30,2024-08-08 22:19:11+00:00,0001628280-24-036279,https://www.sec.gov/Archives/edgar/data/1824502/000162828024036279/achr-20240630.htm,8643,1324,data/interim/text/000162828024036279.txt.gz,162828024036279,2024Q3,2024-08-08 18:19:11-04:00,2024-08-09,2024-08-09,2024-08-09,2024-08-08,3.990000009536743,913,409,0.009024644220756682,8.811737923733094,0.0026611130394538934,3.1058639390750336,0.015619576535925026,4.072278032402208,0.7756931473258024,0.6242340889328746,55.0,60.0
1436,ACHR,1824502,Archer Aviation Inc.,3721,Aircraft,10-Q,2024-11-08,2024-09-30,2024-11-07 23:08:40+00:00,0001628280-24-046438,https://www.sec.gov/Archives/edgar/data/1824502/000162828024046438/achr-20240930.htm,8852,1330,data/interim/text/000162828024046438.txt.gz,162828024046438,2024Q4,2024-11-07 18:08:40-05:00,2024-11-08,2024-11-08,2024-11-08,2024-11-07,3.5,977,345,0.009828287392679621,10.076717874969546,0.0025982828739267963,3.097921444827893,0.014685946678716675,3.90882638899486,0.6147013245568864,1.3783234165036613,55.0,60.0
1437,ACHR,1824502,Archer Aviation Inc.,3721,Aircraft,10-K,2025-02-28,2024-12-31,2025-02-27 23:14:21+00:00,0001628280-25-008823,https://www.sec.gov/Archives/edgar/data/1824502/000162828025008823/achr-20241231.htm,33253,2950,data/interim/text/000162828025008823.txt.gz,162828025008823,2025Q1,2025-02-27 18:14:21-05:00,2025-02-28,2025-02-28,2025-02-28,2025-02-27,7.920000076293945,1051,271,0.02493008149640634,105.45343942351364,0.006104712356779839,21.307148611032318,0.023697110035184796,14.941978130132298,1.2642385057134593,1.001694125763605,55.0,60.0
1438,ACHR,1824502,Archer Aviation Inc.,3721,Aircraft,10-Q,2025-05-12,2025-03-31,2025-05-12 21:02:23+00:00,0001628280-25-024755,https://www.sec.gov/Archives/edgar/data/1824502/000162828025024755/achr-20250331.htm,6581,1081,data/interim/text/000162828025024755.txt.gz,162828025024755,2025Q2,2025-05-12 17:02:23-04:00,2025-05-13,2025-05-13,2025-05-13,2025-05-12,9.079999923706056,1102,220,0.008813250265917033,5.503569139246707,0.002127336271083422,1.8034582320720378,0.01671478498708403,2.633497967168752,0.9862644919729233,0.8505450232223754,55.0,60.0
1439,ACHR,1824502,Archer Aviation Inc.,3721,Aircraft,10-Q,2025-08-11,2025-06-30,2025-08-11 20:46:47+00:00,0001628280-25-039622,https://www.sec.gov/Archives/edgar/data/1824502/000162828025039622/achr-20250630.htm,6992,1092,data/interim/text/000162828025039622.txt.gz,162828025039622,2025Q3,2025-08-11 16:46:47-04:00,2025-08-12,2025-08-12,2025-08-12,2025-08-11,9.539999961853027,1164,158,0.009153318077803204,5.619263780880952,0.0014302059496567505,1.1697878555173071,0.015446224256292907,2.6577290166814587,0.8927682531479979,0.7727577722811216,55.0,60.0
1440,ACHR,1824502,Archer Aviation Inc.,3721,Aircraft,10-Q,2025-11-06,2025-09-30,2025-11-06 22:19:34+00:00,0001824502-25-000010,https://www.sec.gov/Archives/edgar/data/1824502/000182450225000010/achr-20250930.htm,11634,1661,data/interim/text/000182450225000010.txt.gz,182450225000010,2025Q4,2025-11-06 17:19:34-05:00,2025-11-07,2025-11-07,2025-11-07,2025-11-06,8.880000114440918,1226,96,0.01263537906137184,17.882992652640425,0.005329207495272477,7.805748359089137,0.01787863159704315,6.144722035599005,0.7337759164412179,0.6905632294412088,55.0,60.0
1441,AUR,1828108,"Aurora Innovation, Inc.",7373,Services-Computer Integrated Systems Design,10-Q,2021-08-11,2021-06-30,2021-08-11 13:29:21+00:00,0001193125-21-242866,https://www.sec.gov/Archives/edgar/data/1828108/000119312521242866/d171238d10q.htm,7062,1095,data/interim/text/000119312521242866.txt.gz,119312521242866,2021Q3,2021-08-11 09:29:21-04:00,2021-08-11,2021-08-11,2021-08-11,2021-08-10,9.829999923706056,64,1162,0.009770603228547154,15.783775555501313,0.005239308977626735,2.265694552772513,0.015293118096856415,4.022135616488478,0.06182967306814734,0.11428141204876943,55.0,60.0
1442,AUR,1828108,"Aurora Innovation, Inc.",7373,Services-Computer Integrated Systems Design,10-Q,2021-11-15,2021-09-30,2021-11-15 21:18:19+00:00,0001193125-21-329900,https://www.sec.gov/Archives/edgar/data/1828108/000119312521329900/d245283d10q.htm,7039,1048,data/interim/text/000119312521329900.txt.gz,119312521329900,2021Q4,2021-11-15 16:18:19-05:00,2021-11-16,2021-11-16,2021-11-16,2021-11-15,9.779999732971191,132,1094,0.011649382014490695,22.919606735430165,0.009518397499644836,2.8801227487912184,0.011933513283136809,4.0406169721823595,0.11881642871245504,1.1572602136852979,55.0,60.0
1443,AUR,1828108,"Aurora Innovation, Inc.",7373,Services-Computer Integrated Systems Design,10-K,2022-03-11,2021-12-31,2022-03-11 21:08:26+00:00,0001628280-22-005886,https://www.sec.gov/Archives/edgar/data/1828108/000162828022005886/aur-20211231.htm,40859,3823,data/interim/text/000162828022005886.txt.gz,162828022005886,2022Q1,2022-03-11 16:08:26-05:00,2022-03-12,2022-03-12,2022-03-14,2022-03-11,3.9700000286102295,212,1014,0.025844979074377737,162.52764394463898,0.01130717834504026,53.86801690424363,0.025012849066301183,29.306936794057805,1.0773617758646243,1.0153114909767655,55.0,60.0
1444,AUR,1828108,"Aurora Innovation, Inc.",7373,Services-Computer Integrated Systems Design,10-Q,2022-05-12,2022-03-31,2022-05-12 20:39:59+00:00,0001828108-22-000046,https://www.sec.gov/Archives/edgar/data/1828108/000182810822000046/aur-20220331.htm,26579,2751,data/interim/text/000182810822000046.txt.gz,182810822000046,2022Q2,2022-05-12 16:39:59-04:00,2022-05-13,2022-05-13,2022-05-13,2022-05-12,3.630000114440918,255,971,0.035592008728695584,141.70499283189883,0.008691071898867527,24.85001706753823,0.03261973738665864,20.758982155569385,1.0043070685547542,0.9962079950642573,55.0,60.0
1445,AUR,1828108,"Aurora Innovation, Inc.",7373,Services-Computer Integrated Systems Design,10-Q,2022-08-12,2022-06-30,2022-08-12 20:23:01+00:00,0001828108-22-000103,https://www.sec.gov/Archives/edgar/data/1828108/000182810822000103/aur-20220630.htm,26885,2758,data/interim/text/000182810822000103.txt.gz,182810822000103,2022Q3,2022-08-12 16:23:01-04:00,2022-08-13,2022-08-13,2022-08-15,2022-08-12,3.069999933242798,318,908,0.03600520736470151,143.54611482825163,0.008889715454714524,25.800277910186537,0.032099683838571695,21.67557656658677,0.9451080445951126,0.9010040837514747,55.0,60.0
1446,AUR,1828108,"Aurora Innovation, Inc.",7373,Services-Computer Integrated Systems Design,10-Q,2023-08-03,2023-06-30,2023-08-02 22:27:16+00:00,0001828108-23-000168,https://www.sec.gov/Archives/edgar/data/1828108/000182810823000168/aur-20230630.htm,29222,2839,data/interim/text/000182810823000168.txt.gz,182810823000168,2023Q3,2023-08-02 18:27:16-04:00,2023-08-03,2023-08-03,2023-08-03,2023-08-02,3.0799999237060547,561,665,0.03692423516528643,154.09539023916057,0.008726302101156663,26.675553085119464,0.03138046677161043,21.17272651087803,1.034083972087588,0.7631424629327742,55.0,60.0
1447,AUR,1828108,"Aurora Innovation, Inc.",7373,Services-Computer Integrated Systems Design,10-K,2024-02-15,2023-12-31,2024-02-14 23:13:46+00:00,0001828108-24-000028,https://www.sec.gov/Archives/edgar/data/1828108/000182810824000028/aur-20231231.htm,41624,3804,data/interim/text/000182810824000028.txt.gz,182810824000028,2024Q1,2024-02-14 18:13:46-05:00,2024-02-15,2024-02-15,2024-02-15,2024-02-14,3.289999961853028,696,530,0.028925619834710745,171.71825431818795,0.010642898327887756,55.86028256776759,0.02500960984047665,25.70736316469221,0.8182515418093032,0.74501319342288,55.0,60.0
1448,AUR,1828108,"Aurora Innovation, Inc.",7373,Services-Computer Integrated Systems Design,10-Q,2024-05-09,2024-03-31,2024-05-08 22:30:36+00:00,0001828108-24-000088,https://www.sec.gov/Archives/edgar/data/1828108/000182810824000088/aur-20240331.htm,4198,934,data/interim/text/000182810824000088.txt.gz,182810824000088,2024Q2,2024-05-08 18:30:36-04:00,2024-05-09,2024-05-09,2024-05-09,2024-05-08,3.359999895095825,754,472,0.014530728918532635,8.121753757462002,0.006908051453072892,3.635122748205004,0.020724154359218677,4.002873620566501,0.6937320868839197,0.9231854465522896,55.0,60.0
1449,AUR,1828108,"Aurora Innovation, Inc.",7373,Services-Computer Integrated Systems Design,10-Q,2024-07-31,2024-06-30,2024-07-31 20:16:29+00:00,0001828108-24-000127,https://www.sec.gov/Archives/edgar/data/1828108/000182810824000127/aur-20240630.htm,4591,946,data/interim/text/000182810824000127.txt.gz,182810824000127,2024Q3,2024-07-31 16:16:29-04:00,2024-08-01,2024-08-01,2024-08-01,2024-07-31,4.0,811,415,0.014593770420387715,8.062383450342955,0.00653452406883032,3.5422518319032443,0.018296667392724897,3.8838190123243392,0.9646987027066254,0.9540076050311754,55.0,60.0
1450,AUR,1828108,"Aurora Innovation, Inc.",7373,Services-Computer Integrated Systems Design,10-Q,2024-10-31,2024-09-30,2024-10-30 22:09:27+00:00,0001828108-24-000140,https://www.sec.gov/Archives/edgar/data/1828108/000182810824000140/aur-20240930.htm,4759,966,data/interim/text/000182810824000140.txt.gz,182810824000140,2024Q4,2024-10-30 18:09:27-04:00,2024-10-31,2024-10-31,2024-10-31,2024-10-30,6.639999866485596,875,351,0.013027947047699096,8.00187275457577,0.006303845345660853,3.52174829667727,0.01807102332422778,3.985121039781238,0.9774037131164943,1.1935120067332776,55.0,60.0
1451,AUR,1828108,"Aurora Innovation, Inc.",7373,Services-Computer Integrated Systems Design,10-K,2025-02-14,2024-12-31,2025-02-14 21:30:18+00:00,0001828108-25-000028,https://www.sec.gov/Archives/edgar/data/1828108/000182810825000028/aur-20241231.htm,41329,3816,data/interim/text/000182810825000028.txt.gz,182810825000028,2025Q1,2025-02-14 16:30:18-05:00,2025-02-15,2025-02-15,2025-02-18,2025-02-14,10.1899995803833,947,279,0.028962713832901835,173.11657168270327,0.010501100921870841,55.687578113124424,0.0252849089017397,25.875416224272076,1.2122846848412494,0.9719690493378825,55.0,60.0
1452,AUR,1828108,"Aurora Innovation, Inc.",7373,Services-Computer Integrated Systems Design,10-Q,2025-05-08,2025-03-31,2025-05-08 21:14:52+00:00,0001828108-25-000087,https://www.sec.gov/Archives/edgar/data/1828108/000182810825000087/aur-20250331.htm,4257,942,data/interim/text/000182810825000087.txt.gz,182810825000087,2025Q2,2025-05-08 17:14:52-04:00,2025-05-09,2025-05-09,2025-05-09,2025-05-08,7.75,1004,222,0.01432933991073526,8.467537008036336,0.005402865867982147,3.4404149948660216,0.020906741836974396,3.966355092352832,1.364823888885768,0.4778116421909091,55.0,60.0
1453,AUR,1828108,"Aurora Innovation, Inc.",7373,Services-Computer Integrated Systems Design,10-Q,2025-07-30,2025-06-30,2025-07-30 20:45:58+00:00,0001828108-25-000139,https://www.sec.gov/Archives/edgar/data/1828108/000182810825000139/aur-20250630.htm,5627,1075,data/interim/text/000182810825000139.txt.gz,182810825000139,2025Q3,2025-07-30 16:45:58-04:00,2025-07-31,2025-07-31,2025-07-31,2025-07-30,5.789999961853027,1060,166,0.014217167229429535,10.657003920541115,0.005509152301403945,4.2239312255237405,0.019370890350097744,3.9940004124519994,0.5942586080285214,0.4433196305695846,55.0,60.0
1454,AUR,1828108,"Aurora Innovation, Inc.",7373,Services-Computer Integrated Systems Design,10-Q,2025-10-28,2025-09-30,2025-10-28 21:24:38+00:00,0001828108-25-000157,https://www.sec.gov/Archives/edgar/data/1828108/000182810825000157/aur-20250930.htm,5366,1025,data/interim/text/000182810825000157.txt.gz,182810825000157,2025Q4,2025-10-28 17:24:38-04:00,2025-10-29,2025-10-29,2025-10-29,2025-10-28,5.199999809265137,1123,103,0.013976891539321655,9.390320566281245,0.005590756615728662,4.204669278252162,0.01994036526276556,3.993798319339434,0.4402443441242714,0.6146988967958087,55.0,60.0
1455,BMNR,1829311,"BITMINE IMMERSION TECHNOLOGIES, INC.",6199,Finance Services,10-K,2025-11-21,2025-08-31,2025-11-21 22:03:30+00:00,0001493152-25-024679,https://www.sec.gov/Archives/edgar/data/1829311/000149315225024679/form10-k.htm,17774,2438,data/interim/text/000149315225024679.txt.gz,149315225024679,2025Q4,2025-11-21 17:03:30-05:00,2025-11-22,2025-11-22,2025-11-24,2025-11-21,25.992366790771484,118,85,0.026218071340159785,91.31658822795018,0.004613480364577473,15.12038789186284,0.025824237650500733,11.631007422364876,0.9571878596770047,1.0564547364740537,55.0,60.0
1456,SYM,1837240,Symbotic Inc.,3569,"General Industrial Machinery & Equipment, NEC",10-Q,2021-08-11,2021-06-30,2021-08-10 23:30:59+00:00,0001193125-21-242175,https://www.sec.gov/Archives/edgar/data/1837240/000119312521242175/d67123d10q.htm,5733,940,data/interim/text/000119312521242175.txt.gz,119312521242175,2021Q3,2021-08-10 19:30:59-04:00,2021-08-11,2021-08-11,2021-08-11,2021-08-10,9.789999961853027,107,1162,0.00959358102215245,8.903131712530412,0.0017442874585731729,2.7433159731662977,0.015000872143729287,4.949902227781598,0.03945129912869047,0.05492096888578621,55.0,60.0
1457,SYM,1837240,Symbotic Inc.,3569,"General Industrial Machinery & Equipment, NEC",10-Q,2021-11-09,2021-09-30,2021-11-09 21:47:31+00:00,0001193125-21-324570,https://www.sec.gov/Archives/edgar/data/1837240/000119312521324570/d182466d10q.htm,5649,944,data/interim/text/000119312521324570.txt.gz,119312521324570,2021Q4,2021-11-09 16:47:31-05:00,2021-11-10,2021-11-10,2021-11-10,2021-11-09,10.050000190734863,171,1098,0.009028146574614976,8.985052530581184,0.0017702248185519562,2.7620106267840914,0.014338821030270845,5.717630290234261,0.05704070628149075,0.06439111204035287,55.0,60.0
1458,SYM,1837240,Symbotic Inc.,3569,"General Industrial Machinery & Equipment, NEC",10-K,2022-03-23,2021-12-31,2022-03-23 20:13:19+00:00,0001193125-22-082751,https://www.sec.gov/Archives/edgar/data/1837240/000119312522082751/d315600d10k.htm,65674,3624,data/interim/text/000119312522082751.txt.gz,119312522082751,2022Q1,2022-03-23 16:13:19-04:00,2022-03-24,2022-03-24,2022-03-24,2022-03-23,9.899999618530272,263,1006,0.024682522763955293,173.6331831721364,0.005923196394311295,34.11308479511171,0.019703383378505954,24.676653941897523,0.03834394453196201,2.842116693778081,55.0,60.0
1459,SYM,1837240,Symbotic Inc.,3569,"General Industrial Machinery & Equipment, NEC",10-Q,2022-05-13,2022-03-31,2022-05-13 19:30:41+00:00,0001193125-22-150005,https://www.sec.gov/Archives/edgar/data/1837240/000119312522150005/d317211d10q.htm,5115,899,data/interim/text/000119312522150005.txt.gz,119312522150005,2022Q2,2022-05-13 15:30:41-04:00,2022-05-13,2022-05-13,2022-05-13,2022-05-12,9.93000030517578,298,971,0.013098729227761487,11.987694104536919,0.0013685239491691105,2.4367248434730424,0.014271749755620724,4.331932408305718,0.025606717321222303,2.988035292214602,55.0,60.0
1460,SYM,1837240,Symbotic Inc.,3569,"General Industrial Machinery & Equipment, NEC",10-Q,2022-08-05,2022-06-25,2022-08-05 20:07:22+00:00,0001837240-22-000008,https://www.sec.gov/Archives/edgar/data/1837240/000183724022000008/sym-20220625.htm,9634,1379,data/interim/text/000183724022000008.txt.gz,183724022000008,2022Q3,2022-08-05 16:07:22-04:00,2022-08-06,2022-08-06,2022-08-08,2022-08-05,16.219999313354492,356,913,0.014116670126634834,12.850034694946796,0.0038405646668050655,5.686451899996699,0.010172306414780985,7.054120795010885,3.102988345565684,0.7453573154219668,55.0,60.0
1461,SYM,1837240,Symbotic Inc.,3569,"General Industrial Machinery & Equipment, NEC",10-K,2022-12-09,2022-09-24,2022-12-09 21:05:37+00:00,0001837240-22-000049,https://www.sec.gov/Archives/edgar/data/1837240/000183724022000049/sym-20220924.htm,43919,3761,data/interim/text/000183724022000049.txt.gz,183724022000049,2022Q4,2022-12-09 16:05:37-05:00,2022-12-10,2022-12-10,2022-12-12,2022-12-09,11.350000381469728,444,825,0.025137184362121177,154.71735895373763,0.00824244632163756,42.4631284267068,0.021926728750654614,35.57232345555075,0.8304905623908145,0.771085620041189,55.0,60.0
1462,SYM,1837240,Symbotic Inc.,3569,"General Industrial Machinery & Equipment, NEC",10-Q,2023-02-03,2022-12-24,2023-02-03 21:02:08+00:00,0001837240-23-000056,https://www.sec.gov/Archives/edgar/data/1837240/000183724023000056/sym-20221224.htm,7159,1218,data/interim/text/000183724023000056.txt.gz,183724023000056,2023Q1,2023-02-03 16:02:08-05:00,2023-02-04,2023-02-04,2023-02-06,2023-02-03,15.199999809265137,481,788,0.01340969409135354,11.068131032057043,0.004469898030451181,5.067482991587921,0.012152535270289146,7.033648770420644,0.78302958172886,0.752069524387628,55.0,60.0
1463,SYM,1837240,Symbotic Inc.,3569,"General Industrial Machinery & Equipment, NEC",10-Q,2023-05-05,2023-03-25,2023-05-05 20:11:15+00:00,0001837240-23-000116,https://www.sec.gov/Archives/edgar/data/1837240/000183724023000116/sym-20230325.htm,8636,1261,data/interim/text/000183724023000116.txt.gz,183724023000116,2023Q2,2023-05-05 16:11:15-04:00,2023-05-06,2023-05-06,2023-05-08,2023-05-05,27.040000915527344,544,725,0.014358499305233904,15.292903801688894,0.004631773969430292,5.134485303730644,0.010537285780453914,6.738846189975551,0.7279787096655098,1.476140284861362,55.0,60.0
1464,SYM,1837240,Symbotic Inc.,3569,"General Industrial Machinery & Equipment, NEC",10-Q,2023-08-02,2023-06-24,2023-08-02 20:02:10+00:00,0001837240-23-000140,https://www.sec.gov/Archives/edgar/data/1837240/000183724023000140/sym-20230624.htm,9755,1391,data/interim/text/000183724023000140.txt.gz,183724023000140,2023Q3,2023-08-02 16:02:10-04:00,2023-08-03,2023-08-03,2023-08-03,2023-08-02,58.97999954223633,604,665,0.014659149154279856,17.607823514943487,0.004715530497180933,6.310336584145179,0.010866222450025628,6.515585880397777,1.0686027342169373,0.775300966924771,55.0,60.0
1465,SYM,1837240,Symbotic Inc.,3569,"General Industrial Machinery & Equipment, NEC",10-K,2023-12-11,2023-09-30,2023-12-11 20:12:54+00:00,0001837240-23-000189,https://www.sec.gov/Archives/edgar/data/1837240/000183724023000189/sym-20230930.htm,45685,3855,data/interim/text/000183724023000189.txt.gz,183724023000189,2023Q4,2023-12-11 15:12:54-05:00,2023-12-11,2023-12-11,2023-12-11,2023-12-08,50.33000183105469,694,575,0.02484404071358214,158.3939424832731,0.008405384699573163,45.27248864651138,0.021954689723103864,33.79626241907361,1.2142972157210707,0.8421905493666758,55.0,60.0
1466,SYM,1837240,Symbotic Inc.,3569,"General Industrial Machinery & Equipment, NEC",10-Q,2024-02-08,2023-12-30,2024-02-08 15:44:43+00:00,0001837240-24-000039,https://www.sec.gov/Archives/edgar/data/1837240/000183724024000039/sym-20231230.htm,7935,1306,data/interim/text/000183724024000039.txt.gz,183724024000039,2024Q1,2024-02-08 10:44:43-05:00,2024-02-08,2024-02-08,2024-02-08,2024-02-07,39.27999877929688,734,535,0.011720226843100189,10.038651109932747,0.005293005671077505,7.9644355741538915,0.012728418399495903,6.770065980117576,1.1366204668984548,0.5383008999583243,55.0,60.0
1467,SYM,1837240,Symbotic Inc.,3569,"General Industrial Machinery & Equipment, NEC",10-Q,2024-05-07,2024-03-30,2024-05-07 18:37:14+00:00,0001837240-24-000111,https://www.sec.gov/Archives/edgar/data/1837240/000183724024000111/sym-20240330.htm,9211,1308,data/interim/text/000183724024000111.txt.gz,183724024000111,2024Q2,2024-05-07 14:37:14-04:00,2024-05-07,2024-05-07,2024-05-07,2024-05-06,41.93999862670898,795,474,0.012159374660731734,11.556134831266668,0.0048854630333297145,6.23076607500399,0.010422321137770058,6.470331284158671,0.5103904296306552,0.736751814771352,55.0,60.0
1468,SYM,1837240,Symbotic Inc.,3569,"General Industrial Machinery & Equipment, NEC",10-Q,2024-07-31,2024-06-29,2024-07-31 20:03:06+00:00,0001837240-24-000168,https://www.sec.gov/Archives/edgar/data/1837240/000183724024000168/sym-20240629.htm,9147,1301,data/interim/text/000183724024000168.txt.gz,183724024000168,2024Q3,2024-07-31 16:03:06-04:00,2024-08-01,2024-08-01,2024-08-01,2024-07-31,26.809999465942383,854,415,0.012025800809008417,11.162817237106117,0.004373018476003061,5.7239859259632775,0.01038591888050727,6.666294614837904,0.6099916286420174,0.8083422831183094,55.0,60.0
1469,SYM,1837240,Symbotic Inc.,3569,"General Industrial Machinery & Equipment, NEC",10-K,2024-12-04,2024-09-28,2024-12-04 21:33:03+00:00,0001837240-24-000232,https://www.sec.gov/Archives/edgar/data/1837240/000183724024000232/sym-20240928.htm,48639,3990,data/interim/text/000183724024000232.txt.gz,183724024000232,2024Q4,2024-12-04 16:33:03-05:00,2024-12-05,2024-12-05,2024-12-05,2024-12-04,26.1299991607666,942,327,0.026994798412796315,173.61094360932026,0.008470568885051091,48.87242640994175,0.021443697444437592,29.403915998814323,0.966397048787307,0.8684205205641703,55.0,60.0
1470,SYM,1837240,Symbotic Inc.,3569,"General Industrial Machinery & Equipment, NEC",10-Q,2025-02-05,2024-12-28,2025-02-05 21:06:17+00:00,0001837240-25-000044,https://www.sec.gov/Archives/edgar/data/1837240/000183724025000044/sym-20241228.htm,9301,1431,data/interim/text/000183724025000044.txt.gz,183724025000044,2025Q1,2025-02-05 16:06:17-05:00,2025-02-06,2025-02-06,2025-02-06,2025-02-05,30.920000076293945,983,286,0.021395548865713362,31.98291517321318,0.004193097516396086,6.350134583765619,0.013546930437587356,9.189690218175787,1.308540586985492,0.8056839507353236,55.0,60.0
1471,SYM,1837240,Symbotic Inc.,3569,"General Industrial Machinery & Equipment, NEC",10-Q,2025-05-07,2025-03-29,2025-05-07 20:40:11+00:00,0001837240-25-000152,https://www.sec.gov/Archives/edgar/data/1837240/000183724025000152/sym-20250329.htm,10708,1453,data/interim/text/000183724025000152.txt.gz,183724025000152,2025Q2,2025-05-07 16:40:11-04:00,2025-05-08,2025-05-08,2025-05-08,2025-05-07,22.459999084472656,1046,223,0.01942472917444901,34.43706142828995,0.004015689204333209,6.237960404153012,0.012047067612999627,8.739435428098092,0.8232350073748795,0.9032173394694496,55.0,60.0
1472,SYM,1837240,Symbotic Inc.,3569,"General Industrial Machinery & Equipment, NEC",10-Q,2025-08-06,2025-06-28,2025-08-06 20:14:19+00:00,0001837240-25-000263,https://www.sec.gov/Archives/edgar/data/1837240/000183724025000263/sym-20250628.htm,10905,1460,data/interim/text/000183724025000263.txt.gz,183724025000263,2025Q3,2025-08-06 16:14:19-04:00,2025-08-07,2025-08-07,2025-08-07,2025-08-06,62.900001525878906,1108,161,0.021182943603851444,36.01686168352441,0.004218248509857863,6.475487873383148,0.011737734983952315,9.018844511726162,0.8175222604502738,0.8080841528068132,55.0,60.0
1473,SYM,1837240,Symbotic Inc.,3569,"General Industrial Machinery & Equipment, NEC",10-K,2025-11-24,2025-09-27,2025-11-24 21:07:35+00:00,0001837240-25-000278,https://www.sec.gov/Archives/edgar/data/1837240/000183724025000278/sym-20250927.htm,47691,3858,data/interim/text/000183724025000278.txt.gz,183724025000278,2025Q4,2025-11-24 16:07:35-05:00,2025-11-25,2025-11-25,2025-11-25,2025-11-24,55.459999084472656,1185,84,0.027489463420771215,168.89807609188443,0.008051833679310562,45.701068158212564,0.02157639806252752,28.760441128243713,0.8541658709723622,0.8531097069219548,55.0,60.0
1474,LUNR,1844452,"Intuitive Machines, Inc.",3812,"Search, Detection, Navigation, Guidance, Aeronautical Sys",10-K,2022-04-14,2021-12-31,2022-04-14 21:15:25+00:00,0001213900-22-019878,https://www.sec.gov/Archives/edgar/data/1844452/000121390022019878/f10k2021_inflection.htm,52966,3133,data/interim/text/000121390022019878.txt.gz,121390022019878,2022Q2,2022-04-14 17:15:25-04:00,2022-04-15,2022-04-15,2022-04-18,2022-04-14,9.649999618530272,102,990,0.016727712117207263,128.3304613134098,0.005512970584903523,20.246769097789667,0.018728995959672243,21.58035766934713,0.031864423603187905,0.03730018992138191,55.0,60.0
1475,LUNR,1844452,"Intuitive Machines, Inc.",3812,"Search, Detection, Navigation, Guidance, Aeronautical Sys",10-Q,2022-08-12,2022-06-30,2022-08-12 20:16:24+00:00,0001213900-22-047411,https://www.sec.gov/Archives/edgar/data/1844452/000121390022047411/f10q0622_inflectionpoint.htm,7392,1044,data/interim/text/000121390022047411.txt.gz,121390022047411,2022Q3,2022-08-12 16:16:24-04:00,2022-08-13,2022-08-13,2022-08-15,2022-08-12,9.739999771118164,184,908,0.011228354978354978,16.401631930127536,0.0006764069264069264,0.5094636747096799,0.012175324675324676,6.430872786816468,0.03749766504769628,0.03837344720124104,55.0,60.0
1476,LUNR,1844452,"Intuitive Machines, Inc.",3812,"Search, Detection, Navigation, Guidance, Aeronautical Sys",10-Q,2022-11-10,2022-09-30,2022-11-10 22:01:26+00:00,0001213900-22-071287,https://www.sec.gov/Archives/edgar/data/1844452/000121390022071287/f10q0922_inflection.htm,12571,1321,data/interim/text/000121390022071287.txt.gz,121390022071287,2022Q4,2022-11-10 17:01:26-05:00,2022-11-11,2022-11-11,2022-11-11,2022-11-10,9.869999885559082,247,845,0.01113674329806698,24.53259829907392,0.0012727706626362262,2.911795504690407,0.009704876302601225,6.299723994216085,0.04034838055694332,0.4742559860359456,55.0,60.0
1477,LUNR,1844452,"Intuitive Machines, Inc.",3812,"Search, Detection, Navigation, Guidance, Aeronautical Sys",10-K,2023-03-31,2022-12-31,2023-03-31 00:25:05+00:00,0001213900-23-024857,https://www.sec.gov/Archives/edgar/data/1844452/000121390023024857/f10k2022_intuitivemac.htm,45047,3794,data/interim/text/000121390023024857.txt.gz,121390023024857,2023Q1,2023-03-30 20:25:05-04:00,2023-03-31,2023-03-31,2023-03-31,2023-03-30,10.720000267028809,342,750,0.018735986858170354,133.99332335796836,0.005127977445778853,31.96421491868819,0.01718205429884343,23.491797115637453,6.395498860144994,1.1563891323623672,55.0,60.0
1478,LUNR,1844452,"Intuitive Machines, Inc.",3812,"Search, Detection, Navigation, Guidance, Aeronautical Sys",10-Q,2023-05-15,2023-03-31,2023-05-15 12:43:52+00:00,0001844452-23-000025,https://www.sec.gov/Archives/edgar/data/1844452/000184445223000025/lunr-20230331.htm,12500,1868,data/interim/text/000184445223000025.txt.gz,184445223000025,2023Q2,2023-05-15 08:43:52-04:00,2023-05-15,2023-05-15,2023-05-15,2023-05-12,8.149999618530273,372,720,0.01232,21.01335948328614,0.00592,10.519978133148712,0.01408,11.373208209660985,6.4451573169755445,0.8728307872591144,55.0,60.0
1479,LUNR,1844452,"Intuitive Machines, Inc.",3812,"Search, Detection, Navigation, Guidance, Aeronautical Sys",10-Q,2023-08-14,2023-06-30,2023-08-14 20:08:41+00:00,0001844452-23-000043,https://www.sec.gov/Archives/edgar/data/1844452/000184445223000043/lunr-20230630.htm,13181,1885,data/interim/text/000184445223000043.txt.gz,184445223000043,2023Q3,2023-08-14 16:08:41-04:00,2023-08-15,2023-08-15,2023-08-15,2023-08-14,8.329999923706055,435,657,0.01244215158182232,21.331786532958183,0.006296942568849101,10.559611475444113,0.013807753584705257,11.209011884232682,0.7659348843246462,0.7509022823745535,55.0,60.0
1480,LUNR,1844452,"Intuitive Machines, Inc.",3812,"Search, Detection, Navigation, Guidance, Aeronautical Sys",10-K,2024-03-25,2023-12-31,2024-03-25 21:09:31+00:00,0001844452-24-000036,https://www.sec.gov/Archives/edgar/data/1844452/000184445224000036/lunr-20231231.htm,54874,4231,data/interim/text/000184445224000036.txt.gz,184445224000036,2024Q1,2024-03-25 17:09:31-04:00,2024-03-26,2024-03-26,2024-03-26,2024-03-25,6.150000095367432,589,503,0.019134745052301637,152.54436737327342,0.005849764915989358,39.36530824813866,0.01669278711229362,24.91854201728523,2.044029111479231,0.5535239131853058,55.0,60.0
1481,LUNR,1844452,"Intuitive Machines, Inc.",3812,"Search, Detection, Navigation, Guidance, Aeronautical Sys",10-Q,2024-05-14,2024-03-31,2024-05-14 11:48:44+00:00,0001844452-24-000070,https://www.sec.gov/Archives/edgar/data/1844452/000184445224000070/lunr-20240331.htm,12982,1886,data/interim/text/000184445224000070.txt.gz,184445224000070,2024Q2,2024-05-14 07:48:44-04:00,2024-05-14,2024-05-14,2024-05-14,2024-05-13,6.070000171661377,623,469,0.013711292558927746,26.622104461520543,0.005931289477738407,10.463660270503778,0.015791095362810044,10.708786065201355,1.6813855281787007,0.5909912986136949,55.0,60.0
1482,LUNR,1844452,"Intuitive Machines, Inc.",3812,"Search, Detection, Navigation, Guidance, Aeronautical Sys",10-Q,2024-08-13,2024-06-30,2024-08-13 11:57:12+00:00,0001844452-24-000094,https://www.sec.gov/Archives/edgar/data/1844452/000184445224000094/lunr-20240630.htm,13870,1935,data/interim/text/000184445224000094.txt.gz,184445224000094,2024Q3,2024-08-13 07:57:12-04:00,2024-08-13,2024-08-13,2024-08-13,2024-08-12,3.7200000286102295,685,407,0.01377072819033886,24.272414151231384,0.005912040374909878,12.115715061225782,0.014275414563806777,10.459968856095212,0.5882508185684453,1.4007632339566574,55.0,60.0
1483,LUNR,1844452,"Intuitive Machines, Inc.",3812,"Search, Detection, Navigation, Guidance, Aeronautical Sys",10-Q,2024-11-15,2024-09-30,2024-11-15 02:13:16+00:00,0001844452-24-000132,https://www.sec.gov/Archives/edgar/data/1844452/000184445224000132/lunr-20240930.htm,14177,1935,data/interim/text/000184445224000132.txt.gz,184445224000132,2024Q4,2024-11-14 21:13:16-05:00,2024-11-15,2024-11-15,2024-11-15,2024-11-14,10.229999542236328,752,340,0.012767158072935035,21.405355405279597,0.005572406009734077,12.502103597277326,0.013331452352401777,10.108569443699507,1.2560470348147073,1.1683727590654656,55.0,60.0
1484,LUNR,1844452,"Intuitive Machines, Inc.",3812,"Search, Detection, Navigation, Guidance, Aeronautical Sys",10-K,2025-03-25,2024-12-31,2025-03-25 20:25:30+00:00,0001844452-25-000023,https://www.sec.gov/Archives/edgar/data/1844452/000184445225000023/lunr-20241231.htm,41402,3549,data/interim/text/000184445225000023.txt.gz,184445225000023,2025Q1,2025-03-25 16:25:30-04:00,2025-03-26,2025-03-26,2025-03-26,2025-03-25,9.199999809265137,839,253,0.024588184145693446,133.19714788752532,0.006811265156272644,30.337760690801083,0.02091686391961741,24.501713394425867,1.4190006476431407,0.9140332072196854,55.0,60.0
1485,LUNR,1844452,"Intuitive Machines, Inc.",3812,"Search, Detection, Navigation, Guidance, Aeronautical Sys",10-Q,2025-05-13,2025-03-31,2025-05-13 20:36:50+00:00,0001844452-25-000043,https://www.sec.gov/Archives/edgar/data/1844452/000184445225000043/lunr-20250331.htm,11776,1839,data/interim/text/000184445225000043.txt.gz,184445225000043,2025Q2,2025-05-13 16:36:50-04:00,2025-05-14,2025-05-14,2025-05-14,2025-05-13,11.630000114440918,873,219,0.013247282608695652,24.336761991545355,0.007302989130434783,12.395261583714897,0.01554008152173913,9.149914021757331,1.4292985636440496,0.8346141166198767,55.0,60.0
1486,LUNR,1844452,"Intuitive Machines, Inc.",3812,"Search, Detection, Navigation, Guidance, Aeronautical Sys",10-Q,2025-08-07,2025-06-30,2025-08-07 20:27:14+00:00,0001844452-25-000054,https://www.sec.gov/Archives/edgar/data/1844452/000184445225000054/lunr-20250630.htm,13787,1950,data/interim/text/000184445225000054.txt.gz,184445225000054,2025Q3,2025-08-07 16:27:14-04:00,2025-08-08,2025-08-08,2025-08-08,2025-08-07,10.050000190734863,932,160,0.01370856604047291,23.864179050513762,0.007108145354319286,13.680176546347816,0.013490969754116197,8.840694142686658,0.9101129236413098,0.7281650870560694,55.0,60.0
1487,LUNR,1844452,"Intuitive Machines, Inc.",3812,"Search, Detection, Navigation, Guidance, Aeronautical Sys",10-Q,2025-11-13,2025-09-30,2025-11-13 21:14:19+00:00,0001628280-25-052039,https://www.sec.gov/Archives/edgar/data/1844452/000162828025052039/lunr-20250930.htm,15296,2051,data/interim/text/000162828025052039.txt.gz,162828025052039,2025Q4,2025-11-13 16:14:19-05:00,2025-11-14,2025-11-14,2025-11-14,2025-11-13,8.65999984741211,1001,91,0.014448221757322176,29.730075462041427,0.006799163179916318,13.556161068303611,0.014971234309623431,9.328679385542053,0.6876032885320976,1.3645764086427934,55.0,60.0
1488,OKLO,1849056,Oklo Inc.,4911,Electric Services,10-Q,2021-11-15,2021-09-30,2021-11-15 21:08:46+00:00,0001410578-21-000267,https://www.sec.gov/Archives/edgar/data/1849056/000141057821000267/alcc-20210930x10q.htm,5189,970,data/interim/text/000141057821000267.txt.gz,141057821000267,2021Q4,2021-11-15 16:08:46-05:00,2021-11-16,2021-11-16,2021-11-16,2021-11-15,9.90999984741211,91,1094,0.01194835228367701,10.313770304295565,0.0017344382347273077,1.6426055450662536,0.012333783002505299,3.9946876807983336,0.10677605544074699,0.08243651517402162,55.0,60.0
1489,OKLO,1849056,Oklo Inc.,4911,Electric Services,10-K,2022-03-31,2021-12-31,2022-03-31 19:39:59+00:00,0001410578-22-000756,https://www.sec.gov/Archives/edgar/data/1849056/000141057822000756/alcc-20211231x10k.htm,51005,2868,data/interim/text/000141057822000756.txt.gz,141057822000756,2022Q1,2022-03-31 15:39:59-04:00,2022-03-31,2022-03-31,2022-03-31,2022-03-30,9.744999885559082,184,1001,0.017959023625134792,112.47829265921737,0.006293500637192432,21.489286290167833,0.018782472306636603,14.72758032784963,0.06784689259763799,0.024661359162042217,55.0,60.0
1490,OKLO,1849056,Oklo Inc.,4911,Electric Services,10-Q,2022-05-16,2022-03-31,2022-05-13 21:49:09+00:00,0001410578-22-001505,https://www.sec.gov/Archives/edgar/data/1849056/000141057822001505/alcc-20220331x10q.htm,5576,954,data/interim/text/000141057822001505.txt.gz,141057822001505,2022Q2,2022-05-13 17:49:09-04:00,2022-05-14,2022-05-16,2022-05-16,2022-05-13,9.68000030517578,215,970,0.011836441893830704,8.855880583823465,0.0034074605451936872,2.476857856409672,0.015602582496413199,3.6935949767767875,0.025794775344795438,0.03302249331591785,55.0,60.0
1491,OKLO,1849056,Oklo Inc.,4911,Electric Services,10-Q,2022-08-12,2022-06-30,2022-08-12 20:06:07+00:00,0001410578-22-002391,https://www.sec.gov/Archives/edgar/data/1849056/000141057822002391/alcc-20220630x10q.htm,5434,910,data/interim/text/000141057822002391.txt.gz,141057822002391,2022Q3,2022-08-12 16:06:07-04:00,2022-08-13,2022-08-13,2022-08-15,2022-08-12,9.760000228881836,277,908,0.012513801987486198,8.169549753191516,0.0016562384983437614,1.4961161570300205,0.0152741994847258,3.664807198683663,0.02653218871726034,0.029885646504081674,55.0,60.0
1492,OKLO,1849056,Oklo Inc.,4911,Electric Services,10-Q,2022-11-10,2022-09-30,2022-11-10 21:12:35+00:00,0001410578-22-003138,https://www.sec.gov/Archives/edgar/data/1849056/000141057822003138/alcc-20220930x10q.htm,6456,1017,data/interim/text/000141057822003138.txt.gz,141057822003138,2022Q4,2022-11-10 16:12:35-05:00,2022-11-11,2022-11-11,2022-11-11,2022-11-10,9.869999885559082,340,845,0.01486988847583643,16.15432220143724,0.0021685254027261464,1.6195825245382907,0.0161090458488228,5.625430339407516,0.029601886930062618,0.03021791505281086,55.0,60.0
1493,OKLO,1849056,Oklo Inc.,4911,Electric Services,10-K,2023-03-31,2022-12-31,2023-03-31 19:44:13+00:00,0001410578-23-000545,https://www.sec.gov/Archives/edgar/data/1849056/000141057823000545/alcc-20221231x10k.htm,52697,2918,data/interim/text/000141057823000545.txt.gz,141057823000545,2023Q1,2023-03-31 15:44:13-04:00,2023-03-31,2023-03-31,2023-03-31,2023-03-30,10.145000457763672,435,750,0.01853995483613868,122.9106355567888,0.006167334003833235,21.130264175102173,0.018767671783972522,18.44292646437095,0.020859966981757933,0.08169578033865148,55.0,60.0
1494,OKLO,1849056,Oklo Inc.,4911,Electric Services,10-Q,2023-05-15,2023-03-31,2023-05-15 20:37:42+00:00,0001410578-23-001236,https://www.sec.gov/Archives/edgar/data/1849056/000141057823001236/alcc-20230331x10q.htm,4181,765,data/interim/text/000141057823001236.txt.gz,141057823001236,2023Q2,2023-05-15 16:37:42-04:00,2023-05-16,2023-05-16,2023-05-16,2023-05-15,10.44499969482422,466,719,0.012676393207366658,9.284587510521234,0.0021525950729490554,0.8808477482016627,0.013393924898349677,4.6806686682836425,0.033037545519452274,0.08122943642282335,55.0,60.0
1495,OKLO,1849056,Oklo Inc.,4911,Electric Services,10-Q,2023-08-11,2023-06-30,2023-08-11 21:04:18+00:00,0001410578-23-001790,https://www.sec.gov/Archives/edgar/data/1849056/000141057823001790/alcc-20230630x10q.htm,4504,788,data/interim/text/000141057823001790.txt.gz,141057823001790,2023Q3,2023-08-11 17:04:18-04:00,2023-08-12,2023-08-12,2023-08-14,2023-08-11,10.350000381469728,527,658,0.011767317939609237,9.221668996925528,0.0015541740674955595,0.845660573821201,0.012433392539964476,4.591123696937068,0.08578737749180201,0.023523393780863513,55.0,60.0
1496,OKLO,1849056,Oklo Inc.,4911,Electric Services,10-Q,2023-11-16,2023-09-30,2023-11-15 23:21:46+00:00,0001410578-23-002506,https://www.sec.gov/Archives/edgar/data/1849056/000141057823002506/alcc-20230930x10q.htm,6055,925,data/interim/text/000141057823002506.txt.gz,141057823002506,2023Q4,2023-11-15 18:21:46-05:00,2023-11-16,2023-11-16,2023-11-16,2023-11-15,10.329999923706056,594,591,0.00990916597853014,13.589600976103142,0.0021469859620148637,1.7301620949705954,0.009744013212221304,5.631040224080814,0.024307062600709466,0.1613166775936189,55.0,60.0
1497,OKLO,1849056,Oklo Inc.,4911,Electric Services,10-K,2024-03-29,2023-12-31,2024-03-29 20:53:36+00:00,0001410578-24-000365,https://www.sec.gov/Archives/edgar/data/1849056/000141057824000365/alcc-20231231x10k.htm,51067,2913,data/interim/text/000141057824000365.txt.gz,141057824000365,2024Q1,2024-03-29 16:53:36-04:00,2024-03-30,2024-03-30,2024-04-01,2024-03-28,11.420000076293944,685,500,0.018328862083145672,117.34510102802756,0.005502575048465741,19.3182017802883,0.016370650322125833,17.82473504295195,0.15520591844427606,1.7624533721107611,55.0,60.0
1498,OKLO,1849056,Oklo Inc.,4911,Electric Services,10-Q,2024-05-08,2024-03-31,2024-05-08 20:56:22+00:00,0001410578-24-000635,https://www.sec.gov/Archives/edgar/data/1849056/000141057824000635/alcc-20240331x10q.htm,5973,947,data/interim/text/000141057824000635.txt.gz,141057824000635,2024Q2,2024-05-08 16:56:22-04:00,2024-05-09,2024-05-09,2024-05-09,2024-05-08,15.170000076293944,713,472,0.010045203415369162,13.952384587549338,0.001841620626151013,1.8226694773675123,0.011049723756906077,5.7299592591584405,0.6847148660595498,1.1145581111808798,55.0,60.0
1499,OKLO,1849056,Oklo Inc.,4911,Electric Services,10-Q,2024-08-14,2024-06-30,2024-08-13 22:40:09+00:00,0001410578-24-001386,https://www.sec.gov/Archives/edgar/data/1849056/000141057824001386/oklo-20240630x10q.htm,8919,1485,data/interim/text/000141057824001386.txt.gz,141057824001386,2024Q3,2024-08-13 18:40:09-04:00,2024-08-14,2024-08-14,2024-08-14,2024-08-13,7.420000076293945,779,406,0.011436259670366633,17.135179203506475,0.004709048099562731,9.552713821650453,0.016705908734163024,9.354637580355568,1.137752050704536,1.6199536548274829,55.0,60.0
1500,OKLO,1849056,Oklo Inc.,4911,Electric Services,10-Q,2024-11-14,2024-09-30,2024-11-14 21:02:06+00:00,0001628280-24-047875,https://www.sec.gov/Archives/edgar/data/1849056/000162828024047875/oklo-20240930.htm,9216,1525,data/interim/text/000162828024047875.txt.gz,162828024047875,2024Q4,2024-11-14 16:02:06-05:00,2024-11-15,2024-11-15,2024-11-15,2024-11-14,23.8799991607666,845,340,0.010850694444444444,15.583909986414358,0.004448784722222222,10.560824899193133,0.016384548611111112,9.061818246776937,1.657014799388555,1.4457910564024066,55.0,60.0
1501,OKLO,1849056,Oklo Inc.,4911,Electric Services,10-K,2025-03-24,2024-12-31,2025-03-24 20:16:36+00:00,0001628280-25-014490,https://www.sec.gov/Archives/edgar/data/1849056/000162828025014490/oklo-20241231.htm,35959,3226,data/interim/text/000162828025014490.txt.gz,162828025014490,2025Q1,2025-03-24 16:16:36-04:00,2025-03-25,2025-03-25,2025-03-25,2025-03-24,30.90999984741211,931,254,0.0284768764426152,137.90426975769336,0.007007981312049835,33.59581154886005,0.027948496899246365,27.472353290199326,1.5438338688916682,1.23424831799027,55.0,60.0
1502,OKLO,1849056,Oklo Inc.,4911,Electric Services,10-Q,2025-05-13,2025-03-31,2025-05-13 20:54:38+00:00,0001628280-25-025166,https://www.sec.gov/Archives/edgar/data/1849056/000162828025025166/oklo-20250331.htm,8313,1500,data/interim/text/000162828025025166.txt.gz,162828025025166,2025Q2,2025-05-13 16:54:38-04:00,2025-05-14,2025-05-14,2025-05-14,2025-05-13,32.029998779296875,966,219,0.012029351617947793,18.04625562840902,0.005052327679538073,9.273112012608438,0.018404907975460124,8.306495285309685,1.2219224502052353,1.143778007755621,55.0,60.0
1503,OKLO,1849056,Oklo Inc.,4911,Electric Services,10-Q,2025-08-11,2025-06-30,2025-08-11 20:16:28+00:00,0001628280-25-039571,https://www.sec.gov/Archives/edgar/data/1849056/000162828025039571/oklo-20250630.htm,9316,1581,data/interim/text/000162828025039571.txt.gz,162828025039571,2025Q3,2025-08-11 16:16:28-04:00,2025-08-12,2025-08-12,2025-08-12,2025-08-11,71.86000061035156,1027,158,0.011378273937312151,18.318604924587724,0.0056891369686560755,11.398998047142339,0.015993988836410476,5.9886104503142255,1.1383028282585193,1.1673022324185125,55.0,60.0
1504,OKLO,1849056,Oklo Inc.,4911,Electric Services,10-Q,2025-11-12,2025-09-30,2025-11-12 13:27:56+00:00,0001628280-25-051349,https://www.sec.gov/Archives/edgar/data/1849056/000162828025051349/oklo-20250930.htm,11637,1780,data/interim/text/000162828025051349.txt.gz,162828025051349,2025Q4,2025-11-12 08:27:56-05:00,2025-11-12,2025-11-12,2025-11-12,2025-11-11,104.22000122070312,1092,93,0.013147718484145398,24.660129059412313,0.0069605568445475635,13.742254509600754,0.017444358511643894,8.376192565728735,1.1698155814168727,1.053684291648423,55.0,60.0
1505,CRCL,1876042,"Circle Internet Group, Inc.",6199,Finance Services,10-Q,2025-11-12,2025-09-30,2025-11-12 14:21:02+00:00,0001876042-25-000047,https://www.sec.gov/Archives/edgar/data/1876042/000187604225000047/crcl-20250930.htm,48750,3776,data/interim/text/000187604225000047.txt.gz,187604225000047,2025Q4,2025-11-12 09:21:02-05:00,2025-11-12,2025-11-12,2025-11-12,2025-11-11,98.3000030517578,110,93,0.028492307692307692,203.40503892955584,0.006543589743589743,37.19685267713741,0.022994871794871793,22.92358533559198,0.8571841167384956,0.8117458298637078,55.0,60.0
1506,DKNG,1883685,DraftKings Inc.,7990,Services-Miscellaneous Amusement & Recreation,10-Q,2022-05-06,2022-03-31,2022-05-06 11:05:46+00:00,0001883685-22-000016,https://www.sec.gov/Archives/edgar/data/1883685/000188368522000016/dkng-20220331.htm,10754,1595,data/interim/text/000188368522000016.txt.gz,188368522000016,2022Q2,2022-05-06 07:05:46-04:00,2022-05-06,2022-05-06,2022-05-06,2022-05-05,14.4399995803833,422,976,0.04193788357820346,72.23969080295734,0.004463455458434071,10.139568473055215,0.0176678445229682,11.04762090663636,0.9899340792925078,1.01494654971311,55.0,60.0
1507,DKNG,1883685,DraftKings Inc.,7990,Services-Miscellaneous Amusement & Recreation,10-Q,2022-08-05,2022-06-30,2022-08-05 11:04:23+00:00,0001883685-22-000026,https://www.sec.gov/Archives/edgar/data/1883685/000188368522000026/dkng-20220630.htm,12420,1656,data/interim/text/000188368522000026.txt.gz,188368522000026,2022Q3,2022-08-05 07:04:23-04:00,2022-08-05,2022-08-05,2022-08-05,2022-08-04,16.360000610351562,484,914,0.03808373590982286,70.99978651897003,0.00466988727858293,10.193367163667858,0.015942028985507246,10.236780758849559,1.0341413489764484,0.7084993097111321,55.0,60.0
1508,DKNG,1883685,DraftKings Inc.,7990,Services-Miscellaneous Amusement & Recreation,10-Q,2022-11-04,2022-09-30,2022-11-04 11:07:23+00:00,0001883685-22-000036,https://www.sec.gov/Archives/edgar/data/1883685/000188368522000036/dkng-20220930.htm,12675,1649,data/interim/text/000188368522000036.txt.gz,188368522000036,2022Q4,2022-11-04 07:07:23-04:00,2022-11-04,2022-11-04,2022-11-04,2022-11-03,15.670000076293944,548,850,0.04189349112426036,75.5116861689524,0.004891518737672584,10.902352394798417,0.01641025641025641,10.099441463934243,0.7191603666770076,0.6752506171529067,55.0,60.0
1509,DKNG,1883685,DraftKings Inc.,7990,Services-Miscellaneous Amusement & Recreation,10-K,2023-02-17,2022-12-31,2023-02-17 12:06:48+00:00,0001883685-23-000013,https://www.sec.gov/Archives/edgar/data/1883685/000188368523000013/dkng-20221231.htm,52773,4053,data/interim/text/000188368523000013.txt.gz,188368523000013,2023Q1,2023-02-17 07:06:48-05:00,2023-02-17,2023-02-17,2023-02-17,2023-02-16,17.809999465942383,619,779,0.03306615125158698,218.8231579572428,0.00733329543516571,45.02053363293244,0.025183332385879144,30.88582840278185,0.5855232731230767,0.5375887771615995,55.0,60.0
1510,DKNG,1883685,DraftKings Inc.,7990,Services-Miscellaneous Amusement & Recreation,10-Q,2023-05-05,2023-03-31,2023-05-05 11:01:47+00:00,0001883685-23-000025,https://www.sec.gov/Archives/edgar/data/1883685/000188368523000025/dkng-20230331.htm,10834,1515,data/interim/text/000188368523000025.txt.gz,188368523000025,2023Q2,2023-05-05 07:01:47-04:00,2023-05-05,2023-05-05,2023-05-05,2023-05-04,21.309999465942383,672,726,0.046520214140668266,80.69040144859665,0.005076610670112608,11.435194976652832,0.018460402436773122,7.740784773172755,0.5823464324564461,0.4266704382492574,55.0,60.0
1511,DKNG,1883685,DraftKings Inc.,7990,Services-Miscellaneous Amusement & Recreation,10-Q,2023-08-04,2023-06-30,2023-08-04 11:07:13+00:00,0001883685-23-000037,https://www.sec.gov/Archives/edgar/data/1883685/000188368523000037/dkng-20230630.htm,12409,1575,data/interim/text/000188368523000037.txt.gz,188368523000037,2023Q3,2023-08-04 07:07:13-04:00,2023-08-04,2023-08-04,2023-08-04,2023-08-03,29.989999771118164,734,664,0.04448384237247159,90.01248788174055,0.00491578692884197,11.294939942322554,0.017648480941252317,9.589299996963849,0.4044527322899489,0.4683884942749386,55.0,60.0
1512,DKNG,1883685,DraftKings Inc.,7990,Services-Miscellaneous Amusement & Recreation,10-Q,2023-11-03,2023-09-30,2023-11-03 11:01:09+00:00,0001883685-23-000050,https://www.sec.gov/Archives/edgar/data/1883685/000188368523000050/dkng-20230930.htm,12534,1575,data/interim/text/000188368523000050.txt.gz,188368523000050,2023Q4,2023-11-03 07:01:09-04:00,2023-11-03,2023-11-03,2023-11-03,2023-11-02,28.979999542236328,798,600,0.04515717249082496,91.76380584807856,0.005265677357587362,11.54525477160469,0.01779160682942397,9.57333408643554,0.4632514567316239,0.36574433290534647,55.0,60.0
1513,DKNG,1883685,DraftKings Inc.,7990,Services-Miscellaneous Amusement & Recreation,10-K,2024-02-16,2023-12-31,2024-02-16 12:16:00+00:00,0001883685-24-000010,https://www.sec.gov/Archives/edgar/data/1883685/000188368524000010/dkng-20231231.htm,53762,4099,data/interim/text/000188368524000010.txt.gz,188368524000010,2024Q1,2024-02-16 07:16:00-05:00,2024-02-16,2024-02-16,2024-02-16,2024-02-15,44.459999084472656,869,529,0.034541125702168815,233.11088846165237,0.0074587998958372086,45.75387511533811,0.025854692905769874,36.3845517132234,0.3584651824938396,0.4258005412680145,55.0,60.0
1514,DKNG,1883685,DraftKings Inc.,7990,Services-Miscellaneous Amusement & Recreation,10-Q,2024-05-03,2024-03-31,2024-05-03 11:01:20+00:00,0001883685-24-000018,https://www.sec.gov/Archives/edgar/data/1883685/000188368524000018/dkng-20240331.htm,12094,1634,data/interim/text/000188368524000018.txt.gz,188368524000018,2024Q2,2024-05-03 07:01:20-04:00,2024-05-03,2024-05-03,2024-05-03,2024-05-02,43.02999877929688,922,476,0.048205721845543247,91.00524164173716,0.00496113775425831,12.150969732759062,0.018438895319993386,10.91315564182383,0.41692027275008886,0.4993852680175878,55.0,60.0
1515,DKNG,1883685,DraftKings Inc.,7990,Services-Miscellaneous Amusement & Recreation,10-Q,2024-08-02,2024-06-30,2024-08-02 11:19:18+00:00,0001883685-24-000032,https://www.sec.gov/Archives/edgar/data/1883685/000188368524000032/dkng-20240630.htm,13877,1699,data/interim/text/000188368524000032.txt.gz,188368524000032,2024Q3,2024-08-02 07:19:18-04:00,2024-08-02,2024-08-02,2024-08-02,2024-08-01,35.4900016784668,984,414,0.04662391006701737,95.32337836554481,0.005476688044966491,16.361096268451448,0.017294804352525762,10.904511504556236,0.4654024558986604,0.3858364594381258,55.0,60.0
1516,DKNG,1883685,DraftKings Inc.,7990,Services-Miscellaneous Amusement & Recreation,10-Q,2024-11-08,2024-09-30,2024-11-08 12:03:00+00:00,0001883685-24-000036,https://www.sec.gov/Archives/edgar/data/1883685/000188368524000036/dkng-20240930.htm,14156,1705,data/interim/text/000188368524000036.txt.gz,188368524000036,2024Q4,2024-11-08 07:03:00-05:00,2024-11-08,2024-11-08,2024-11-08,2024-11-07,38.97999954223633,1053,345,0.05015541113308844,106.40963854990521,0.0051568239615710654,14.503986732317983,0.016388810398417632,10.986542098325351,0.383009772393316,0.36334758582434107,55.0,60.0
1517,DKNG,1883685,DraftKings Inc.,7990,Services-Miscellaneous Amusement & Recreation,10-K,2025-02-14,2024-12-31,2025-02-14 12:20:54+00:00,0001883685-25-000010,https://www.sec.gov/Archives/edgar/data/1883685/000188368525000010/dkng-20241231.htm,48559,3822,data/interim/text/000188368525000010.txt.gz,188368525000010,2025Q1,2025-02-14 07:20:54-05:00,2025-02-14,2025-02-14,2025-02-14,2025-02-13,46.45000076293945,1118,280,0.028913280751251054,173.1178886283618,0.008237401923433349,46.60783667713844,0.025638913486686298,32.51296428068988,0.36284348818814244,0.5730258429695104,55.0,60.0
1518,DKNG,1883685,DraftKings Inc.,7990,Services-Miscellaneous Amusement & Recreation,10-Q,2025-05-09,2025-03-31,2025-05-09 11:05:25+00:00,0001883685-25-000020,https://www.sec.gov/Archives/edgar/data/1883685/000188368525000020/dkng-20250331.htm,6809,1140,data/interim/text/000188368525000020.txt.gz,188368525000020,2025Q2,2025-05-09 07:05:25-04:00,2025-05-09,2025-05-09,2025-05-09,2025-05-08,35.349998474121094,1176,222,0.010721104420619769,4.4469025934329505,0.008371273314730504,10.784364329696455,0.013070935526509031,2.469158718847146,0.6740375744528161,0.3953953704095841,55.0,60.0
1519,DKNG,1883685,DraftKings Inc.,7990,Services-Miscellaneous Amusement & Recreation,10-Q,2025-08-07,2025-06-30,2025-08-07 11:01:48+00:00,0001883685-25-000029,https://www.sec.gov/Archives/edgar/data/1883685/000188368525000029/dkng-20250630.htm,7839,1142,data/interim/text/000188368525000029.txt.gz,188368525000029,2025Q3,2025-08-07 07:01:48-04:00,2025-08-07,2025-08-07,2025-08-07,2025-08-06,45.36000061035156,1237,161,0.009822681464472509,4.332318656802677,0.008547008547008548,10.436796907341735,0.012629161882893225,2.7426734976879303,0.39517519388137035,0.44960648556227,55.0,60.0
1520,DKNG,1883685,DraftKings Inc.,7990,Services-Miscellaneous Amusement & Recreation,10-Q,2025-11-07,2025-09-30,2025-11-07 12:07:18+00:00,0001883685-25-000038,https://www.sec.gov/Archives/edgar/data/1883685/000188368525000038/dkng-20250930.htm,8215,1215,data/interim/text/000188368525000038.txt.gz,188368525000038,2025Q4,2025-11-07 07:07:18-05:00,2025-11-07,2025-11-07,2025-11-07,2025-11-06,27.979999542236328,1302,96,0.011199026171637249,8.229556143330234,0.007912355447352405,10.651285451407702,0.011442483262325016,3.1617038058230453,0.44868151839693593,0.46762104147743383,55.0,60.0
1521,PRME,1894562,"Prime Medicine, Inc.",2836,"Biological Products, (No Diagnostic Substances)",10-K,2023-03-09,2022-12-31,2023-03-09 20:02:21+00:00,0001628280-23-007266,https://www.sec.gov/Archives/edgar/data/1894562/000162828023007266/prme-20221231.htm,118811,6153,data/interim/text/000162828023007266.txt.gz,162828023007266,2023Q1,2023-03-09 15:02:21-05:00,2023-03-09,2023-03-09,2023-03-09,2023-03-08,15.329999923706056,94,766,0.022077080405013005,309.9891999677694,0.012700844197927802,97.21215991121596,0.02092398851958152,56.89543396998064,0.6164247426974542,0.6523375238343644,55.0,60.0
1522,PRME,1894562,"Prime Medicine, Inc.",2836,"Biological Products, (No Diagnostic Substances)",10-Q,2023-05-11,2023-03-31,2023-05-11 12:22:50+00:00,0001628280-23-017423,https://www.sec.gov/Archives/edgar/data/1894562/000162828023017423/prme-20230331.htm,56135,3823,data/interim/text/000162828023017423.txt.gz,162828023017423,2023Q2,2023-05-11 08:22:50-04:00,2023-05-11,2023-05-11,2023-05-11,2023-05-10,14.039999961853027,138,722,0.03229714082123453,213.78490212690053,0.01186425581188207,58.11751651499438,0.031513316112942016,29.865684628612982,0.5495124686649678,0.5587157774957757,55.0,60.0
1523,PRME,1894562,"Prime Medicine, Inc.",2836,"Biological Products, (No Diagnostic Substances)",10-Q,2023-08-07,2023-06-30,2023-08-07 20:09:28+00:00,0001628280-23-027772,https://www.sec.gov/Archives/edgar/data/1894562/000162828023027772/prme-20230630.htm,6741,1140,data/interim/text/000162828023027772.txt.gz,162828023027772,2023Q3,2023-08-07 16:09:28-04:00,2023-08-08,2023-08-08,2023-08-08,2023-08-07,12.550000190734863,198,662,0.010087524106215695,7.149815625464228,0.0045987242248924495,7.9134064047727595,0.016466399643969738,2.843284425000413,0.5735757188192551,0.840604604497997,55.0,60.0
1524,PRME,1894562,"Prime Medicine, Inc.",2836,"Biological Products, (No Diagnostic Substances)",10-Q,2023-11-03,2023-09-30,2023-11-03 21:09:29+00:00,0001628280-23-036777,https://www.sec.gov/Archives/edgar/data/1894562/000162828023036777/prme-20230930.htm,6944,1169,data/interim/text/000162828023036777.txt.gz,162828023036777,2023Q4,2023-11-03 17:09:29-04:00,2023-11-04,2023-11-04,2023-11-06,2023-11-03,7.800000190734863,261,599,0.011952764976958526,9.724650437034798,0.004896313364055299,10.116001255624438,0.015697004608294932,2.305140163654019,0.7229528187028665,0.8568603945070391,55.0,60.0
1525,PRME,1894562,"Prime Medicine, Inc.",2836,"Biological Products, (No Diagnostic Substances)",10-K,2024-03-01,2023-12-31,2024-03-01 13:04:30+00:00,0001628280-24-008116,https://www.sec.gov/Archives/edgar/data/1894562/000162828024008116/prme-20231231.htm,94720,5504,data/interim/text/000162828024008116.txt.gz,162828024008116,2024Q1,2024-03-01 08:04:30-05:00,2024-03-01,2024-03-01,2024-03-01,2024-02-29,8.630000114440918,340,520,0.024704391891891893,271.5903117273895,0.012035472972972973,81.2873588140659,0.023722550675675677,40.82785148109139,0.9229205520138724,0.7923398599400029,55.0,60.0
1526,PRME,1894562,"Prime Medicine, Inc.",2836,"Biological Products, (No Diagnostic Substances)",10-Q,2024-05-10,2024-03-31,2024-05-10 12:22:59+00:00,0001628280-24-022473,https://www.sec.gov/Archives/edgar/data/1894562/000162828024022473/prme-20240331.htm,6375,1147,data/interim/text/000162828024022473.txt.gz,162828024022473,2024Q2,2024-05-10 08:22:59-04:00,2024-05-10,2024-05-10,2024-05-10,2024-05-09,5.71999979019165,389,471,0.008941176470588235,4.923614016888279,0.005019607843137255,9.418309459015616,0.01819607843137255,3.459954294874561,0.8287471781903468,0.9249351909019495,55.0,60.0
1527,PRME,1894562,"Prime Medicine, Inc.",2836,"Biological Products, (No Diagnostic Substances)",10-Q,2024-08-08,2024-06-30,2024-08-08 12:26:47+00:00,0001628280-24-035893,https://www.sec.gov/Archives/edgar/data/1894562/000162828024035893/prme-20240630.htm,7466,1187,data/interim/text/000162828024035893.txt.gz,162828024035893,2024Q3,2024-08-08 08:26:47-04:00,2024-08-08,2024-08-08,2024-08-08,2024-08-07,4.400000095367432,450,410,0.012724350388427539,9.306902976183869,0.005089740155371015,9.969089108288241,0.017680150013394052,7.378880922979766,0.9823097975798393,0.8168763853652256,55.0,60.0
1528,PRME,1894562,"Prime Medicine, Inc.",2836,"Biological Products, (No Diagnostic Substances)",10-Q,2024-11-12,2024-09-30,2024-11-12 21:10:08+00:00,0001628280-24-047130,https://www.sec.gov/Archives/edgar/data/1894562/000162828024047130/prme-20240930.htm,7493,1218,data/interim/text/000162828024047130.txt.gz,162828024047130,2024Q4,2024-11-12 16:10:08-05:00,2024-11-13,2024-11-13,2024-11-13,2024-11-12,4.320000171661377,518,342,0.009475510476444682,5.989460174114392,0.0066728947017216066,9.97021203340156,0.015347657813959695,2.8902436193042838,0.8187086821757762,0.810053260837073,55.0,60.0
1529,PRME,1894562,"Prime Medicine, Inc.",2836,"Biological Products, (No Diagnostic Substances)",10-Q,2025-08-07,2025-06-30,2025-08-07 12:36:25+00:00,0001628280-25-038619,https://www.sec.gov/Archives/edgar/data/1894562/000162828025038619/prme-20250630.htm,11324,1765,data/interim/text/000162828025038619.txt.gz,162828025038619,2025Q3,2025-08-07 08:36:25-04:00,2025-08-07,2025-08-07,2025-08-07,2025-08-06,4.070000171661377,699,161,0.016336983398092548,32.63598733683283,0.008742493818438715,25.216002007276142,0.021193924408336277,5.351705530418745,1.383150625384517,1.0782016436310764,55.0,60.0
1530,PRME,1894562,"Prime Medicine, Inc.",2836,"Biological Products, (No Diagnostic Substances)",10-Q,2025-11-07,2025-09-30,2025-11-07 12:35:53+00:00,0001628280-25-050422,https://www.sec.gov/Archives/edgar/data/1894562/000162828025050422/prme-20250930.htm,9404,1477,data/interim/text/000162828025050422.txt.gz,162828025050422,2025Q4,2025-11-07 07:35:53-05:00,2025-11-07,2025-11-07,2025-11-07,2025-11-06,4.179999828338623,764,96,0.018928115695448746,30.0493300654652,0.006592939174819226,12.266869596006584,0.019247128881327093,4.897946440141789,1.0473265781500702,0.8803007083629927,55.0,60.0
1531,RBRK,1943896,"Rubrik, Inc.",7372,Services-Prepackaged Software,10-Q,2024-09-12,2024-07-31,2024-09-12 20:12:22+00:00,0001943896-24-000018,https://www.sec.gov/Archives/edgar/data/1943896/000194389624000018/rbrk-20240731.htm,45980,3335,data/interim/text/000194389624000018.txt.gz,194389624000018,2024Q3,2024-09-12 16:12:22-04:00,2024-09-13,2024-09-13,2024-09-13,2024-09-12,30.75,96,385,0.03464549804262723,163.63270046897358,0.008003479773814702,33.93913224099155,0.02612005219660722,22.77294310991659,0.5422009649037585,0.5879796018873269,55.0,60.0
1532,RBRK,1943896,"Rubrik, Inc.",7372,Services-Prepackaged Software,10-Q,2024-12-12,2024-10-31,2024-12-12 21:10:56+00:00,0001943896-24-000030,https://www.sec.gov/Archives/edgar/data/1943896/000194389624000030/rbrk-20241031.htm,46172,3342,data/interim/text/000194389624000030.txt.gz,194389624000030,2024Q4,2024-12-12 16:10:56-05:00,2024-12-13,2024-12-13,2024-12-13,2024-12-12,74.19000244140625,160,321,0.03456640388114009,165.4021758445152,0.008013514684224204,34.246826601821994,0.025946461058650266,22.751424341763734,0.4182296795729962,0.7756113763083151,55.0,60.0
1533,RBRK,1943896,"Rubrik, Inc.",7372,Services-Prepackaged Software,10-K,2025-03-20,2025-01-31,2025-03-20 20:04:49+00:00,0001943896-25-000012,https://www.sec.gov/Archives/edgar/data/1943896/000194389625000012/rbrk-20250131.htm,54709,3889,data/interim/text/000194389625000012.txt.gz,194389625000012,2025Q1,2025-03-20 16:04:49-04:00,2025-03-21,2025-03-21,2025-03-21,2025-03-20,70.19000244140625,225,256,0.032426109049699316,191.40250437229108,0.008316730336873275,48.046336804734196,0.02339651611252262,30.153957304047026,0.5413060890920814,0.6149358652124871,55.0,60.0
1534,RBRK,1943896,"Rubrik, Inc.",7372,Services-Prepackaged Software,10-Q,2025-06-09,2025-04-30,2025-06-06 23:07:45+00:00,0001943896-25-000030,https://www.sec.gov/Archives/edgar/data/1943896/000194389625000030/rbrk-20250430.htm,45895,3343,data/interim/text/000194389625000030.txt.gz,194389625000030,2025Q2,2025-06-06 19:07:45-04:00,2025-06-07,2025-06-09,2025-06-09,2025-06-06,97.91000366210938,279,202,0.03564658459527181,176.49000904877713,0.007909358317899554,33.27416734476788,0.02625558339688419,24.026342577103435,0.8686402568189904,0.521600521249488,55.0,60.0
1535,RBRK,1943896,"Rubrik, Inc.",7372,Services-Prepackaged Software,10-Q,2025-09-10,2025-07-31,2025-09-10 20:46:17+00:00,0001943896-25-000042,https://www.sec.gov/Archives/edgar/data/1943896/000194389625000042/rbrk-20250731.htm,48467,3401,data/interim/text/000194389625000042.txt.gz,194389625000042,2025Q3,2025-09-10 16:46:17-04:00,2025-09-11,2025-09-11,2025-09-11,2025-09-10,80.72000122070312,344,137,0.03499288175459591,178.42531896316476,0.007613427693069511,34.74290075893699,0.026162130934450245,23.511910833459332,0.5175459294654997,0.6256761560384289,55.0,60.0
1536,RBRK,1943896,"Rubrik, Inc.",7372,Services-Prepackaged Software,10-Q,2025-12-08,2025-10-31,2025-12-08 21:06:05+00:00,0001943896-25-000054,https://www.sec.gov/Archives/edgar/data/1943896/000194389625000054/rbrk-20251031.htm,49046,3423,data/interim/text/000194389625000054.txt.gz,194389625000054,2025Q4,2025-12-08 16:06:05-05:00,2025-12-09,2025-12-09,2025-12-09,2025-12-08,89.0999984741211,406,75,0.03490600660604331,180.09602039311125,0.0076458834563471025,36.091350434109685,0.025873669616278596,23.48702999152087,0.4267796845410066,0.5777746597251678,55.0,60.0
1537,FRNM,2017526,"Freenome, Inc.",8071,Services-Medical Laboratories,10-Q,2024-11-13,2024-09-30,2024-11-13 21:05:44+00:00,0001140361-24-046457,https://www.sec.gov/Archives/edgar/data/2017526/000114036124046457/ef20034550_10q.htm,5068,906,data/interim/text/000114036124046457.txt.gz,114036124046457,2024Q4,2024-11-13 16:05:44-05:00,2024-11-14,2024-11-14,2024-11-14,2024-11-13,10.079999923706056,107,341,0.009471191791633781,7.571391076491834,0.002565114443567482,1.025944001715421,0.01499605367008682,4.155074735528636,0.011418397132862865,0.0334506913984127,55.0,60.0
1538,FRNM,2017526,"Freenome, Inc.",8071,Services-Medical Laboratories,10-K,2025-03-19,2024-12-31,2025-03-19 20:50:44+00:00,0001140361-25-009447,https://www.sec.gov/Archives/edgar/data/2017526/000114036125009447/ef20039024_10k.htm,61724,3251,data/interim/text/000114036125009447.txt.gz,114036125009447,2025Q1,2025-03-19 16:50:44-04:00,2025-03-20,2025-03-20,2025-03-20,2025-03-19,10.279999732971191,191,257,0.01796707925604303,135.94314587350192,0.00583241526796708,23.573322123432867,0.02062406843367248,19.26178246905719,0.032654157657311556,0.07563112967297923,55.0,60.0
1539,FRNM,2017526,"Freenome, Inc.",8071,Services-Medical Laboratories,10-Q,2025-05-12,2025-03-31,2025-05-12 20:21:11+00:00,0001140361-25-018389,https://www.sec.gov/Archives/edgar/data/2017526/000114036125018389/ef20047569_10q.htm,5498,960,data/interim/text/000114036125018389.txt.gz,114036125018389,2025Q2,2025-05-12 16:21:11-04:00,2025-05-13,2025-05-13,2025-05-13,2025-05-12,10.31999969482422,228,220,0.014732630047289924,12.9927330792565,0.0018188432157148053,1.8567095832101959,0.019643506729719897,5.213924509272642,0.05776645424195117,0.0777259111477538,55.0,60.0
1540,FRNM,2017526,"Freenome, Inc.",8071,Services-Medical Laboratories,10-Q,2025-08-13,2025-06-30,2025-08-12 21:40:44+00:00,0001140361-25-030622,https://www.sec.gov/Archives/edgar/data/2017526/000114036125030622/ef20050391_10q.htm,5943,974,data/interim/text/000114036125030622.txt.gz,114036125030622,2025Q3,2025-08-12 17:40:44-04:00,2025-08-13,2025-08-13,2025-08-13,2025-08-12,10.56999969482422,291,157,0.014470805990240618,18.141930401556845,0.002523977788995457,1.9619600939103032,0.01834090526670032,6.901825628369525,0.08123646588078906,0.023152103512627493,55.0,60.0
1541,FRNM,2017526,"Freenome, Inc.",8071,Services-Medical Laboratories,10-Q,2025-11-13,2025-09-30,2025-11-12 23:27:23+00:00,0001140361-25-041736,https://www.sec.gov/Archives/edgar/data/2017526/000114036125041736/ef20054968_10q.htm,5995,966,data/interim/text/000114036125041736.txt.gz,114036125041736,2025Q4,2025-11-12 18:27:23-05:00,2025-11-13,2025-11-13,2025-11-13,2025-11-12,10.770999908447266,356,92,0.01451209341117598,17.52195246674787,0.0026688907422852378,1.9742114306903282,0.0176814011676397,6.231407386837727,0.02327254948144709,0.4261213311208411,55.0,60.0
